result_schema_version,study_id,run_id,trial_id,family,family_role,family_trial_index,optuna_study_name,optuna_trial_number,status,failure_code,failure_message,global_seed,trial_seed,input_signal_seed,mask_seed,morphology_seed,beta_prime,theta,gamma,m0,Nvirt,geometry_mode,morphology_scheme,morphology_n_instances,morphology_beta_spread,morphology_weights_mode,MC,KR,GR,CQ,CQ_formula,runtime_seconds,started_at_utc,finished_at_utc,resolved_config_path,trial_log_path
1.0,uniform_vs_heterogeneous_fixed_geometry_beta20_v2_seed_04,uniform_vs_heterogeneous_fixed_geometry_beta20_v2_seed_sweep_seed_04_1618033988,uniform_trial_0001,uniform,baseline,1,uniform_fixed_repeated_eval_study,0,completed,,,1234,557384437,4284584593,1099293797,,20.0,0.2,0.05,0.01,100,uniform,,,,,3.695236080817649,81.0,1.0,80.0,KR_minus_GR,94.66256049997173,2026-03-14T05:37:04Z,2026-03-14T05:38:39Z,results/raw/uniform_vs_heterogeneous_fixed_geometry_beta20_v2_seed_04/uniform_vs_heterogeneous_fixed_geometry_beta20_v2_seed_sweep_seed_04_1618033988/resolved_config.yaml,
1.0,uniform_vs_heterogeneous_fixed_geometry_beta20_v2_seed_04,uniform_vs_heterogeneous_fixed_geometry_beta20_v2_seed_sweep_seed_04_1618033988,uniform_trial_0002,uniform,baseline,2,uniform_fixed_repeated_eval_study,1,completed,,,1234,1420838081,3315515159,3245661404,,20.0,0.2,0.05,0.01,100,uniform,,,,,3.212799602839156,83.0,1.0,82.0,KR_minus_GR,94.36113419989124,2026-03-14T05:38:39Z,2026-03-14T05:40:13Z,results/raw/uniform_vs_heterogeneous_fixed_geometry_beta20_v2_seed_04/uniform_vs_heterogeneous_fixed_geometry_beta20_v2_seed_sweep_seed_04_1618033988/resolved_config.yaml,
1.0,uniform_vs_heterogeneous_fixed_geometry_beta20_v2_seed_04,uniform_vs_heterogeneous_fixed_geometry_beta20_v2_seed_sweep_seed_04_1618033988,uniform_trial_0003,uniform,baseline,3,uniform_fixed_repeated_eval_study,2,completed,,,1234,2877095840,2219982920,2590698115,,20.0,0.2,0.05,0.01,100,uniform,,,,,3.578931478247708,81.0,1.0,80.0,KR_minus_GR,94.23466380010359,2026-03-14T05:40:13Z,2026-03-14T05:41:47Z,results/raw/uniform_vs_heterogeneous_fixed_geometry_beta20_v2_seed_04/uniform_vs_heterogeneous_fixed_geometry_beta20_v2_seed_sweep_seed_04_1618033988/resolved_config.yaml,
1.0,uniform_vs_heterogeneous_fixed_geometry_beta20_v2_seed_04,uniform_vs_heterogeneous_fixed_geometry_beta20_v2_seed_sweep_seed_04_1618033988,uniform_trial_0004,uniform,baseline,4,uniform_fixed_repeated_eval_study,3,completed,,,1234,3324148202,3070274865,3406246820,,20.0,0.2,0.05,0.01,100,uniform,,,,,3.796476061549033,87.0,1.0,86.0,KR_minus_GR,94.7860882000532,2026-03-14T05:41:47Z,2026-03-14T05:43:22Z,results/raw/uniform_vs_heterogeneous_fixed_geometry_beta20_v2_seed_04/uniform_vs_heterogeneous_fixed_geometry_beta20_v2_seed_sweep_seed_04_1618033988/resolved_config.yaml,
1.0,uniform_vs_heterogeneous_fixed_geometry_beta20_v2_seed_04,uniform_vs_heterogeneous_fixed_geometry_beta20_v2_seed_sweep_seed_04_1618033988,uniform_trial_0005,uniform,baseline,5,uniform_fixed_repeated_eval_study,4,completed,,,1234,2730107343,836280899,272808745,,20.0,0.2,0.05,0.01,100,uniform,,,,,3.6630340974853466,79.0,1.0,78.0,KR_minus_GR,94.21277440013364,2026-03-14T05:43:22Z,2026-03-14T05:44:56Z,results/raw/uniform_vs_heterogeneous_fixed_geometry_beta20_v2_seed_04/uniform_vs_heterogeneous_fixed_geometry_beta20_v2_seed_sweep_seed_04_1618033988/resolved_config.yaml,
1.0,uniform_vs_heterogeneous_fixed_geometry_beta20_v2_seed_04,uniform_vs_heterogeneous_fixed_geometry_beta20_v2_seed_sweep_seed_04_1618033988,uniform_trial_0006,uniform,baseline,6,uniform_fixed_repeated_eval_study,5,completed,,,1234,845667455,3180735762,2366377893,,20.0,0.2,0.05,0.01,100,uniform,,,,,2.9859338722333906,77.0,1.0,76.0,KR_minus_GR,94.61369180004112,2026-03-14T05:44:56Z,2026-03-14T05:46:31Z,results/raw/uniform_vs_heterogeneous_fixed_geometry_beta20_v2_seed_04/uniform_vs_heterogeneous_fixed_geometry_beta20_v2_seed_sweep_seed_04_1618033988/resolved_config.yaml,
1.0,uniform_vs_heterogeneous_fixed_geometry_beta20_v2_seed_04,uniform_vs_heterogeneous_fixed_geometry_beta20_v2_seed_sweep_seed_04_1618033988,uniform_trial_0007,uniform,baseline,7,uniform_fixed_repeated_eval_study,6,completed,,,1234,2553641544,1534643511,559736296,,20.0,0.2,0.05,0.01,100,uniform,,,,,3.1671458285134264,82.0,1.0,81.0,KR_minus_GR,94.15404359996319,2026-03-14T05:46:31Z,2026-03-14T05:48:05Z,results/raw/uniform_vs_heterogeneous_fixed_geometry_beta20_v2_seed_04/uniform_vs_heterogeneous_fixed_geometry_beta20_v2_seed_sweep_seed_04_1618033988/resolved_config.yaml,
1.0,uniform_vs_heterogeneous_fixed_geometry_beta20_v2_seed_04,uniform_vs_heterogeneous_fixed_geometry_beta20_v2_seed_sweep_seed_04_1618033988,uniform_trial_0008,uniform,baseline,8,uniform_fixed_repeated_eval_study,7,completed,,,1234,820649975,3784784527,2505475035,,20.0,0.2,0.05,0.01,100,uniform,,,,,2.936453998051178,80.0,1.0,79.0,KR_minus_GR,94.48943180008791,2026-03-14T05:48:05Z,2026-03-14T05:49:40Z,results/raw/uniform_vs_heterogeneous_fixed_geometry_beta20_v2_seed_04/uniform_vs_heterogeneous_fixed_geometry_beta20_v2_seed_sweep_seed_04_1618033988/resolved_config.yaml,
1.0,uniform_vs_heterogeneous_fixed_geometry_beta20_v2_seed_04,uniform_vs_heterogeneous_fixed_geometry_beta20_v2_seed_sweep_seed_04_1618033988,uniform_trial_0009,uniform,baseline,9,uniform_fixed_repeated_eval_study,8,completed,,,1234,2861565625,3653215253,3702444616,,20.0,0.2,0.05,0.01,100,uniform,,,,,3.7794708191952955,79.0,1.0,78.0,KR_minus_GR,94.39305139984936,2026-03-14T05:49:40Z,2026-03-14T05:51:14Z,results/raw/uniform_vs_heterogeneous_fixed_geometry_beta20_v2_seed_04/uniform_vs_heterogeneous_fixed_geometry_beta20_v2_seed_sweep_seed_04_1618033988/resolved_config.yaml,
1.0,uniform_vs_heterogeneous_fixed_geometry_beta20_v2_seed_04,uniform_vs_heterogeneous_fixed_geometry_beta20_v2_seed_sweep_seed_04_1618033988,uniform_trial_0010,uniform,baseline,10,uniform_fixed_repeated_eval_study,9,completed,,,1234,173019452,3335379282,3227370497,,20.0,0.2,0.05,0.01,100,uniform,,,,,3.1291329777378287,86.0,1.0,85.0,KR_minus_GR,94.089163800003,2026-03-14T05:51:14Z,2026-03-14T05:52:48Z,results/raw/uniform_vs_heterogeneous_fixed_geometry_beta20_v2_seed_04/uniform_vs_heterogeneous_fixed_geometry_beta20_v2_seed_sweep_seed_04_1618033988/resolved_config.yaml,
1.0,uniform_vs_heterogeneous_fixed_geometry_beta20_v2_seed_04,uniform_vs_heterogeneous_fixed_geometry_beta20_v2_seed_sweep_seed_04_1618033988,uniform_trial_0011,uniform,baseline,11,uniform_fixed_repeated_eval_study,10,completed,,,1234,3051747814,2938311673,3927796037,,20.0,0.2,0.05,0.01,100,uniform,,,,,3.3304097415525096,83.0,1.0,82.0,KR_minus_GR,94.10291470005177,2026-03-14T05:52:48Z,2026-03-14T05:54:22Z,results/raw/uniform_vs_heterogeneous_fixed_geometry_beta20_v2_seed_04/uniform_vs_heterogeneous_fixed_geometry_beta20_v2_seed_sweep_seed_04_1618033988/resolved_config.yaml,
1.0,uniform_vs_heterogeneous_fixed_geometry_beta20_v2_seed_04,uniform_vs_heterogeneous_fixed_geometry_beta20_v2_seed_sweep_seed_04_1618033988,uniform_trial_0012,uniform,baseline,12,uniform_fixed_repeated_eval_study,11,completed,,,1234,349346877,1491040069,1209011973,,20.0,0.2,0.05,0.01,100,uniform,,,,,3.89654633430366,85.0,1.0,84.0,KR_minus_GR,94.6487652999349,2026-03-14T05:54:22Z,2026-03-14T05:55:57Z,results/raw/uniform_vs_heterogeneous_fixed_geometry_beta20_v2_seed_04/uniform_vs_heterogeneous_fixed_geometry_beta20_v2_seed_sweep_seed_04_1618033988/resolved_config.yaml,
1.0,uniform_vs_heterogeneous_fixed_geometry_beta20_v2_seed_04,uniform_vs_heterogeneous_fixed_geometry_beta20_v2_seed_sweep_seed_04_1618033988,uniform_trial_0013,uniform,baseline,13,uniform_fixed_repeated_eval_study,12,completed,,,1234,3283383610,2237597193,1484433474,,20.0,0.2,0.05,0.01,100,uniform,,,,,3.789121622739425,82.0,1.0,81.0,KR_minus_GR,94.20011480012909,2026-03-14T05:55:57Z,2026-03-14T05:57:31Z,results/raw/uniform_vs_heterogeneous_fixed_geometry_beta20_v2_seed_04/uniform_vs_heterogeneous_fixed_geometry_beta20_v2_seed_sweep_seed_04_1618033988/resolved_config.yaml,
1.0,uniform_vs_heterogeneous_fixed_geometry_beta20_v2_seed_04,uniform_vs_heterogeneous_fixed_geometry_beta20_v2_seed_sweep_seed_04_1618033988,uniform_trial_0014,uniform,baseline,14,uniform_fixed_repeated_eval_study,13,completed,,,1234,1498703894,3051669214,2246098719,,20.0,0.2,0.05,0.01,100,uniform,,,,,4.22311331769861,83.0,1.0,82.0,KR_minus_GR,94.46966780000366,2026-03-14T05:57:31Z,2026-03-14T05:59:05Z,results/raw/uniform_vs_heterogeneous_fixed_geometry_beta20_v2_seed_04/uniform_vs_heterogeneous_fixed_geometry_beta20_v2_seed_sweep_seed_04_1618033988/resolved_config.yaml,
1.0,uniform_vs_heterogeneous_fixed_geometry_beta20_v2_seed_04,uniform_vs_heterogeneous_fixed_geometry_beta20_v2_seed_sweep_seed_04_1618033988,uniform_trial_0015,uniform,baseline,15,uniform_fixed_repeated_eval_study,14,completed,,,1234,561358417,1089557608,3730222718,,20.0,0.2,0.05,0.01,100,uniform,,,,,3.6453888502828793,81.0,1.0,80.0,KR_minus_GR,94.17616839986295,2026-03-14T05:59:05Z,2026-03-14T06:00:40Z,results/raw/uniform_vs_heterogeneous_fixed_geometry_beta20_v2_seed_04/uniform_vs_heterogeneous_fixed_geometry_beta20_v2_seed_sweep_seed_04_1618033988/resolved_config.yaml,
1.0,uniform_vs_heterogeneous_fixed_geometry_beta20_v2_seed_04,uniform_vs_heterogeneous_fixed_geometry_beta20_v2_seed_sweep_seed_04_1618033988,uniform_trial_0016,uniform,baseline,16,uniform_fixed_repeated_eval_study,15,completed,,,1234,3831752978,140309103,777858740,,20.0,0.2,0.05,0.01,100,uniform,,,,,4.163162599754343,87.0,2.0,85.0,KR_minus_GR,94.24764459999278,2026-03-14T06:00:40Z,2026-03-14T06:02:14Z,results/raw/uniform_vs_heterogeneous_fixed_geometry_beta20_v2_seed_04/uniform_vs_heterogeneous_fixed_geometry_beta20_v2_seed_sweep_seed_04_1618033988/resolved_config.yaml,
1.0,uniform_vs_heterogeneous_fixed_geometry_beta20_v2_seed_04,uniform_vs_heterogeneous_fixed_geometry_beta20_v2_seed_sweep_seed_04_1618033988,uniform_trial_0017,uniform,baseline,17,uniform_fixed_repeated_eval_study,16,completed,,,1234,2310362745,1172260544,2315437138,,20.0,0.2,0.05,0.01,100,uniform,,,,,4.1853265380426565,82.0,1.0,81.0,KR_minus_GR,94.40834590001032,2026-03-14T06:02:14Z,2026-03-14T06:03:48Z,results/raw/uniform_vs_heterogeneous_fixed_geometry_beta20_v2_seed_04/uniform_vs_heterogeneous_fixed_geometry_beta20_v2_seed_sweep_seed_04_1618033988/resolved_config.yaml,
1.0,uniform_vs_heterogeneous_fixed_geometry_beta20_v2_seed_04,uniform_vs_heterogeneous_fixed_geometry_beta20_v2_seed_sweep_seed_04_1618033988,uniform_trial_0018,uniform,baseline,18,uniform_fixed_repeated_eval_study,17,completed,,,1234,3334406920,2891657080,2180530600,,20.0,0.2,0.05,0.01,100,uniform,,,,,4.3809382563099835,83.0,1.0,82.0,KR_minus_GR,94.12214889982715,2026-03-14T06:03:48Z,2026-03-14T06:05:22Z,results/raw/uniform_vs_heterogeneous_fixed_geometry_beta20_v2_seed_04/uniform_vs_heterogeneous_fixed_geometry_beta20_v2_seed_sweep_seed_04_1618033988/resolved_config.yaml,
1.0,uniform_vs_heterogeneous_fixed_geometry_beta20_v2_seed_04,uniform_vs_heterogeneous_fixed_geometry_beta20_v2_seed_sweep_seed_04_1618033988,uniform_trial_0019,uniform,baseline,19,uniform_fixed_repeated_eval_study,18,completed,,,1234,1949921660,2190979501,2296498402,,20.0,0.2,0.05,0.01,100,uniform,,,,,3.1335849396878075,83.0,1.0,82.0,KR_minus_GR,94.216488200007,2026-03-14T06:05:22Z,2026-03-14T06:06:57Z,results/raw/uniform_vs_heterogeneous_fixed_geometry_beta20_v2_seed_04/uniform_vs_heterogeneous_fixed_geometry_beta20_v2_seed_sweep_seed_04_1618033988/resolved_config.yaml,
1.0,uniform_vs_heterogeneous_fixed_geometry_beta20_v2_seed_04,uniform_vs_heterogeneous_fixed_geometry_beta20_v2_seed_sweep_seed_04_1618033988,uniform_trial_0020,uniform,baseline,20,uniform_fixed_repeated_eval_study,19,completed,,,1234,1240878390,2757162680,1024490212,,20.0,0.2,0.05,0.01,100,uniform,,,,,3.5818187724199815,85.0,1.0,84.0,KR_minus_GR,94.76464639999904,2026-03-14T06:06:57Z,2026-03-14T06:08:31Z,results/raw/uniform_vs_heterogeneous_fixed_geometry_beta20_v2_seed_04/uniform_vs_heterogeneous_fixed_geometry_beta20_v2_seed_sweep_seed_04_1618033988/resolved_config.yaml,
1.0,uniform_vs_heterogeneous_fixed_geometry_beta20_v2_seed_04,uniform_vs_heterogeneous_fixed_geometry_beta20_v2_seed_sweep_seed_04_1618033988,uniform_trial_0021,uniform,baseline,21,uniform_fixed_repeated_eval_study,20,completed,,,1234,1443379480,235820628,1331743193,,20.0,0.2,0.05,0.01,100,uniform,,,,,3.2754027483886365,84.0,1.0,83.0,KR_minus_GR,94.22744279983453,2026-03-14T06:08:31Z,2026-03-14T06:10:06Z,results/raw/uniform_vs_heterogeneous_fixed_geometry_beta20_v2_seed_04/uniform_vs_heterogeneous_fixed_geometry_beta20_v2_seed_sweep_seed_04_1618033988/resolved_config.yaml,
1.0,uniform_vs_heterogeneous_fixed_geometry_beta20_v2_seed_04,uniform_vs_heterogeneous_fixed_geometry_beta20_v2_seed_sweep_seed_04_1618033988,uniform_trial_0022,uniform,baseline,22,uniform_fixed_repeated_eval_study,21,completed,,,1234,2612121780,1195119090,3369815799,,20.0,0.2,0.05,0.01,100,uniform,,,,,3.5456756962403277,80.0,1.0,79.0,KR_minus_GR,94.52105029998347,2026-03-14T06:10:06Z,2026-03-14T06:11:40Z,results/raw/uniform_vs_heterogeneous_fixed_geometry_beta20_v2_seed_04/uniform_vs_heterogeneous_fixed_geometry_beta20_v2_seed_sweep_seed_04_1618033988/resolved_config.yaml,
1.0,uniform_vs_heterogeneous_fixed_geometry_beta20_v2_seed_04,uniform_vs_heterogeneous_fixed_geometry_beta20_v2_seed_sweep_seed_04_1618033988,uniform_trial_0023,uniform,baseline,23,uniform_fixed_repeated_eval_study,22,completed,,,1234,491212468,639730780,2426936498,,20.0,0.2,0.05,0.01,100,uniform,,,,,3.0634336754727363,81.0,1.0,80.0,KR_minus_GR,94.2701830000151,2026-03-14T06:11:40Z,2026-03-14T06:13:14Z,results/raw/uniform_vs_heterogeneous_fixed_geometry_beta20_v2_seed_04/uniform_vs_heterogeneous_fixed_geometry_beta20_v2_seed_sweep_seed_04_1618033988/resolved_config.yaml,
1.0,uniform_vs_heterogeneous_fixed_geometry_beta20_v2_seed_04,uniform_vs_heterogeneous_fixed_geometry_beta20_v2_seed_sweep_seed_04_1618033988,uniform_trial_0024,uniform,baseline,24,uniform_fixed_repeated_eval_study,23,completed,,,1234,2936744238,1954826618,216515674,,20.0,0.2,0.05,0.01,100,uniform,,,,,3.476781770386676,83.0,1.0,82.0,KR_minus_GR,94.50519050005823,2026-03-14T06:13:14Z,2026-03-14T06:14:49Z,results/raw/uniform_vs_heterogeneous_fixed_geometry_beta20_v2_seed_04/uniform_vs_heterogeneous_fixed_geometry_beta20_v2_seed_sweep_seed_04_1618033988/resolved_config.yaml,
1.0,uniform_vs_heterogeneous_fixed_geometry_beta20_v2_seed_04,uniform_vs_heterogeneous_fixed_geometry_beta20_v2_seed_sweep_seed_04_1618033988,uniform_trial_0025,uniform,baseline,25,uniform_fixed_repeated_eval_study,24,completed,,,1234,998925781,858011228,1665825923,,20.0,0.2,0.05,0.01,100,uniform,,,,,3.6473367909352095,80.0,1.0,79.0,KR_minus_GR,94.1305555999279,2026-03-14T06:14:49Z,2026-03-14T06:16:23Z,results/raw/uniform_vs_heterogeneous_fixed_geometry_beta20_v2_seed_04/uniform_vs_heterogeneous_fixed_geometry_beta20_v2_seed_sweep_seed_04_1618033988/resolved_config.yaml,
1.0,uniform_vs_heterogeneous_fixed_geometry_beta20_v2_seed_04,uniform_vs_heterogeneous_fixed_geometry_beta20_v2_seed_sweep_seed_04_1618033988,uniform_trial_0026,uniform,baseline,26,uniform_fixed_repeated_eval_study,25,completed,,,1234,3341645679,457886829,3538871409,,20.0,0.2,0.05,0.01,100,uniform,,,,,3.830098123869903,82.0,1.0,81.0,KR_minus_GR,94.09503050008789,2026-03-14T06:16:23Z,2026-03-14T06:17:57Z,results/raw/uniform_vs_heterogeneous_fixed_geometry_beta20_v2_seed_04/uniform_vs_heterogeneous_fixed_geometry_beta20_v2_seed_sweep_seed_04_1618033988/resolved_config.yaml,
1.0,uniform_vs_heterogeneous_fixed_geometry_beta20_v2_seed_04,uniform_vs_heterogeneous_fixed_geometry_beta20_v2_seed_sweep_seed_04_1618033988,uniform_trial_0027,uniform,baseline,27,uniform_fixed_repeated_eval_study,26,completed,,,1234,3770675915,2370894938,3298362815,,20.0,0.2,0.05,0.01,100,uniform,,,,,3.522289075991232,86.0,1.0,85.0,KR_minus_GR,94.2490695999004,2026-03-14T06:17:57Z,2026-03-14T06:19:31Z,results/raw/uniform_vs_heterogeneous_fixed_geometry_beta20_v2_seed_04/uniform_vs_heterogeneous_fixed_geometry_beta20_v2_seed_sweep_seed_04_1618033988/resolved_config.yaml,
1.0,uniform_vs_heterogeneous_fixed_geometry_beta20_v2_seed_04,uniform_vs_heterogeneous_fixed_geometry_beta20_v2_seed_sweep_seed_04_1618033988,uniform_trial_0028,uniform,baseline,28,uniform_fixed_repeated_eval_study,27,completed,,,1234,941057151,1608557929,2356006179,,20.0,0.2,0.05,0.01,100,uniform,,,,,3.9635130832574683,82.0,1.0,81.0,KR_minus_GR,94.52895619999617,2026-03-14T06:19:31Z,2026-03-14T06:21:06Z,results/raw/uniform_vs_heterogeneous_fixed_geometry_beta20_v2_seed_04/uniform_vs_heterogeneous_fixed_geometry_beta20_v2_seed_sweep_seed_04_1618033988/resolved_config.yaml,
1.0,uniform_vs_heterogeneous_fixed_geometry_beta20_v2_seed_04,uniform_vs_heterogeneous_fixed_geometry_beta20_v2_seed_sweep_seed_04_1618033988,uniform_trial_0029,uniform,baseline,29,uniform_fixed_repeated_eval_study,28,completed,,,1234,2215109747,1487910696,1914032874,,20.0,0.2,0.05,0.01,100,uniform,,,,,3.8000210434985093,82.0,1.0,81.0,KR_minus_GR,94.32448920002207,2026-03-14T06:21:06Z,2026-03-14T06:22:40Z,results/raw/uniform_vs_heterogeneous_fixed_geometry_beta20_v2_seed_04/uniform_vs_heterogeneous_fixed_geometry_beta20_v2_seed_sweep_seed_04_1618033988/resolved_config.yaml,
1.0,uniform_vs_heterogeneous_fixed_geometry_beta20_v2_seed_04,uniform_vs_heterogeneous_fixed_geometry_beta20_v2_seed_sweep_seed_04_1618033988,uniform_trial_0030,uniform,baseline,30,uniform_fixed_repeated_eval_study,29,completed,,,1234,2416810949,3200246158,4282125702,,20.0,0.2,0.05,0.01,100,uniform,,,,,3.9695832216145632,88.0,1.0,87.0,KR_minus_GR,94.31913230009377,2026-03-14T06:22:40Z,2026-03-14T06:24:15Z,results/raw/uniform_vs_heterogeneous_fixed_geometry_beta20_v2_seed_04/uniform_vs_heterogeneous_fixed_geometry_beta20_v2_seed_sweep_seed_04_1618033988/resolved_config.yaml,
1.0,uniform_vs_heterogeneous_fixed_geometry_beta20_v2_seed_04,uniform_vs_heterogeneous_fixed_geometry_beta20_v2_seed_sweep_seed_04_1618033988,uniform_trial_0031,uniform,baseline,31,uniform_fixed_repeated_eval_study,30,completed,,,1234,558317995,3659360184,941084673,,20.0,0.2,0.05,0.01,100,uniform,,,,,4.046023155687339,83.0,1.0,82.0,KR_minus_GR,94.1019198000431,2026-03-14T06:24:15Z,2026-03-14T06:25:49Z,results/raw/uniform_vs_heterogeneous_fixed_geometry_beta20_v2_seed_04/uniform_vs_heterogeneous_fixed_geometry_beta20_v2_seed_sweep_seed_04_1618033988/resolved_config.yaml,
1.0,uniform_vs_heterogeneous_fixed_geometry_beta20_v2_seed_04,uniform_vs_heterogeneous_fixed_geometry_beta20_v2_seed_sweep_seed_04_1618033988,uniform_trial_0032,uniform,baseline,32,uniform_fixed_repeated_eval_study,31,completed,,,1234,2229074049,1163828947,2400508265,,20.0,0.2,0.05,0.01,100,uniform,,,,,4.021760642328562,79.0,1.0,78.0,KR_minus_GR,94.32807289995253,2026-03-14T06:25:49Z,2026-03-14T06:27:23Z,results/raw/uniform_vs_heterogeneous_fixed_geometry_beta20_v2_seed_04/uniform_vs_heterogeneous_fixed_geometry_beta20_v2_seed_sweep_seed_04_1618033988/resolved_config.yaml,
1.0,uniform_vs_heterogeneous_fixed_geometry_beta20_v2_seed_04,uniform_vs_heterogeneous_fixed_geometry_beta20_v2_seed_sweep_seed_04_1618033988,uniform_trial_0033,uniform,baseline,33,uniform_fixed_repeated_eval_study,32,completed,,,1234,3632097554,465452834,657304465,,20.0,0.2,0.05,0.01,100,uniform,,,,,3.123881937096436,81.0,1.0,80.0,KR_minus_GR,94.4822582998313,2026-03-14T06:27:23Z,2026-03-14T06:28:57Z,results/raw/uniform_vs_heterogeneous_fixed_geometry_beta20_v2_seed_04/uniform_vs_heterogeneous_fixed_geometry_beta20_v2_seed_sweep_seed_04_1618033988/resolved_config.yaml,
1.0,uniform_vs_heterogeneous_fixed_geometry_beta20_v2_seed_04,uniform_vs_heterogeneous_fixed_geometry_beta20_v2_seed_sweep_seed_04_1618033988,uniform_trial_0034,uniform,baseline,34,uniform_fixed_repeated_eval_study,33,completed,,,1234,2567759408,260932833,1910684027,,20.0,0.2,0.05,0.01,100,uniform,,,,,3.2863276957585126,84.0,1.0,83.0,KR_minus_GR,94.0591301000677,2026-03-14T06:28:57Z,2026-03-14T06:30:32Z,results/raw/uniform_vs_heterogeneous_fixed_geometry_beta20_v2_seed_04/uniform_vs_heterogeneous_fixed_geometry_beta20_v2_seed_sweep_seed_04_1618033988/resolved_config.yaml,
1.0,uniform_vs_heterogeneous_fixed_geometry_beta20_v2_seed_04,uniform_vs_heterogeneous_fixed_geometry_beta20_v2_seed_sweep_seed_04_1618033988,uniform_trial_0035,uniform,baseline,35,uniform_fixed_repeated_eval_study,34,completed,,,1234,497034915,2991699869,3440523128,,20.0,0.2,0.05,0.01,100,uniform,,,,,3.7826501855444876,88.0,1.0,87.0,KR_minus_GR,94.29418259998783,2026-03-14T06:30:32Z,2026-03-14T06:32:06Z,results/raw/uniform_vs_heterogeneous_fixed_geometry_beta20_v2_seed_04/uniform_vs_heterogeneous_fixed_geometry_beta20_v2_seed_sweep_seed_04_1618033988/resolved_config.yaml,
1.0,uniform_vs_heterogeneous_fixed_geometry_beta20_v2_seed_04,uniform_vs_heterogeneous_fixed_geometry_beta20_v2_seed_sweep_seed_04_1618033988,uniform_trial_0036,uniform,baseline,36,uniform_fixed_repeated_eval_study,35,completed,,,1234,1083038525,86752051,1321251118,,20.0,0.2,0.05,0.01,100,uniform,,,,,3.2112513749553804,81.0,2.0,79.0,KR_minus_GR,94.79441000008956,2026-03-14T06:32:06Z,2026-03-14T06:33:41Z,results/raw/uniform_vs_heterogeneous_fixed_geometry_beta20_v2_seed_04/uniform_vs_heterogeneous_fixed_geometry_beta20_v2_seed_sweep_seed_04_1618033988/resolved_config.yaml,
1.0,uniform_vs_heterogeneous_fixed_geometry_beta20_v2_seed_04,uniform_vs_heterogeneous_fixed_geometry_beta20_v2_seed_sweep_seed_04_1618033988,uniform_trial_0037,uniform,baseline,37,uniform_fixed_repeated_eval_study,36,completed,,,1234,536348740,3660727062,2092807939,,20.0,0.2,0.05,0.01,100,uniform,,,,,2.9792058614977064,84.0,1.0,83.0,KR_minus_GR,94.42687209998257,2026-03-14T06:33:41Z,2026-03-14T06:35:15Z,results/raw/uniform_vs_heterogeneous_fixed_geometry_beta20_v2_seed_04/uniform_vs_heterogeneous_fixed_geometry_beta20_v2_seed_sweep_seed_04_1618033988/resolved_config.yaml,
1.0,uniform_vs_heterogeneous_fixed_geometry_beta20_v2_seed_04,uniform_vs_heterogeneous_fixed_geometry_beta20_v2_seed_sweep_seed_04_1618033988,uniform_trial_0038,uniform,baseline,38,uniform_fixed_repeated_eval_study,37,completed,,,1234,2751935958,2253353761,156623708,,20.0,0.2,0.05,0.01,100,uniform,,,,,3.6237383718363345,83.0,1.0,82.0,KR_minus_GR,94.32936499989592,2026-03-14T06:35:15Z,2026-03-14T06:36:49Z,results/raw/uniform_vs_heterogeneous_fixed_geometry_beta20_v2_seed_04/uniform_vs_heterogeneous_fixed_geometry_beta20_v2_seed_sweep_seed_04_1618033988/resolved_config.yaml,
1.0,uniform_vs_heterogeneous_fixed_geometry_beta20_v2_seed_04,uniform_vs_heterogeneous_fixed_geometry_beta20_v2_seed_sweep_seed_04_1618033988,uniform_trial_0039,uniform,baseline,39,uniform_fixed_repeated_eval_study,38,completed,,,1234,2602012957,1290416650,1845714525,,20.0,0.2,0.05,0.01,100,uniform,,,,,3.4429232744487113,83.0,1.0,82.0,KR_minus_GR,94.10379209998064,2026-03-14T06:36:49Z,2026-03-14T06:38:23Z,results/raw/uniform_vs_heterogeneous_fixed_geometry_beta20_v2_seed_04/uniform_vs_heterogeneous_fixed_geometry_beta20_v2_seed_sweep_seed_04_1618033988/resolved_config.yaml,
1.0,uniform_vs_heterogeneous_fixed_geometry_beta20_v2_seed_04,uniform_vs_heterogeneous_fixed_geometry_beta20_v2_seed_sweep_seed_04_1618033988,uniform_trial_0040,uniform,baseline,40,uniform_fixed_repeated_eval_study,39,completed,,,1234,1907038877,1152328794,4239369196,,20.0,0.2,0.05,0.01,100,uniform,,,,,4.183402814206704,78.0,1.0,77.0,KR_minus_GR,94.3136674000416,2026-03-14T06:38:23Z,2026-03-14T06:39:58Z,results/raw/uniform_vs_heterogeneous_fixed_geometry_beta20_v2_seed_04/uniform_vs_heterogeneous_fixed_geometry_beta20_v2_seed_sweep_seed_04_1618033988/resolved_config.yaml,
1.0,uniform_vs_heterogeneous_fixed_geometry_beta20_v2_seed_04,uniform_vs_heterogeneous_fixed_geometry_beta20_v2_seed_sweep_seed_04_1618033988,uniform_trial_0041,uniform,baseline,41,uniform_fixed_repeated_eval_study,40,completed,,,1234,1453147537,1062121603,1261227742,,20.0,0.2,0.05,0.01,100,uniform,,,,,4.035881800292219,77.0,1.0,76.0,KR_minus_GR,94.17920019989833,2026-03-14T06:39:58Z,2026-03-14T06:41:32Z,results/raw/uniform_vs_heterogeneous_fixed_geometry_beta20_v2_seed_04/uniform_vs_heterogeneous_fixed_geometry_beta20_v2_seed_sweep_seed_04_1618033988/resolved_config.yaml,
1.0,uniform_vs_heterogeneous_fixed_geometry_beta20_v2_seed_04,uniform_vs_heterogeneous_fixed_geometry_beta20_v2_seed_sweep_seed_04_1618033988,uniform_trial_0042,uniform,baseline,42,uniform_fixed_repeated_eval_study,41,completed,,,1234,4114065347,3247853397,2912670184,,20.0,0.2,0.05,0.01,100,uniform,,,,,3.3075398518495636,82.0,1.0,81.0,KR_minus_GR,94.1745938998647,2026-03-14T06:41:32Z,2026-03-14T06:43:06Z,results/raw/uniform_vs_heterogeneous_fixed_geometry_beta20_v2_seed_04/uniform_vs_heterogeneous_fixed_geometry_beta20_v2_seed_sweep_seed_04_1618033988/resolved_config.yaml,
1.0,uniform_vs_heterogeneous_fixed_geometry_beta20_v2_seed_04,uniform_vs_heterogeneous_fixed_geometry_beta20_v2_seed_sweep_seed_04_1618033988,uniform_trial_0043,uniform,baseline,43,uniform_fixed_repeated_eval_study,42,completed,,,1234,1700135630,2308302346,1114433315,,20.0,0.2,0.05,0.01,100,uniform,,,,,3.325301189241814,77.0,1.0,76.0,KR_minus_GR,94.32517209998332,2026-03-14T06:43:06Z,2026-03-14T06:44:40Z,results/raw/uniform_vs_heterogeneous_fixed_geometry_beta20_v2_seed_04/uniform_vs_heterogeneous_fixed_geometry_beta20_v2_seed_sweep_seed_04_1618033988/resolved_config.yaml,
1.0,uniform_vs_heterogeneous_fixed_geometry_beta20_v2_seed_04,uniform_vs_heterogeneous_fixed_geometry_beta20_v2_seed_sweep_seed_04_1618033988,uniform_trial_0044,uniform,baseline,44,uniform_fixed_repeated_eval_study,43,completed,,,1234,1724648099,2347422777,3495343450,,20.0,0.2,0.05,0.01,100,uniform,,,,,2.9568606728370495,80.0,1.0,79.0,KR_minus_GR,94.52776359999552,2026-03-14T06:44:40Z,2026-03-14T06:46:15Z,results/raw/uniform_vs_heterogeneous_fixed_geometry_beta20_v2_seed_04/uniform_vs_heterogeneous_fixed_geometry_beta20_v2_seed_sweep_seed_04_1618033988/resolved_config.yaml,
1.0,uniform_vs_heterogeneous_fixed_geometry_beta20_v2_seed_04,uniform_vs_heterogeneous_fixed_geometry_beta20_v2_seed_sweep_seed_04_1618033988,uniform_trial_0045,uniform,baseline,45,uniform_fixed_repeated_eval_study,44,completed,,,1234,102986405,787628727,3848914606,,20.0,0.2,0.05,0.01,100,uniform,,,,,3.519229381471336,83.0,1.0,82.0,KR_minus_GR,94.22044400009327,2026-03-14T06:46:15Z,2026-03-14T06:47:49Z,results/raw/uniform_vs_heterogeneous_fixed_geometry_beta20_v2_seed_04/uniform_vs_heterogeneous_fixed_geometry_beta20_v2_seed_sweep_seed_04_1618033988/resolved_config.yaml,
1.0,uniform_vs_heterogeneous_fixed_geometry_beta20_v2_seed_04,uniform_vs_heterogeneous_fixed_geometry_beta20_v2_seed_sweep_seed_04_1618033988,uniform_trial_0046,uniform,baseline,46,uniform_fixed_repeated_eval_study,45,completed,,,1234,4170395418,20730319,1753928110,,20.0,0.2,0.05,0.01,100,uniform,,,,,3.5787449250625207,84.0,1.0,83.0,KR_minus_GR,94.50889900000766,2026-03-14T06:47:49Z,2026-03-14T06:49:24Z,results/raw/uniform_vs_heterogeneous_fixed_geometry_beta20_v2_seed_04/uniform_vs_heterogeneous_fixed_geometry_beta20_v2_seed_sweep_seed_04_1618033988/resolved_config.yaml,
1.0,uniform_vs_heterogeneous_fixed_geometry_beta20_v2_seed_04,uniform_vs_heterogeneous_fixed_geometry_beta20_v2_seed_sweep_seed_04_1618033988,uniform_trial_0047,uniform,baseline,47,uniform_fixed_repeated_eval_study,46,completed,,,1234,2619905895,947886730,572748979,,20.0,0.2,0.05,0.01,100,uniform,,,,,4.0467807497156905,83.0,1.0,82.0,KR_minus_GR,94.06563800014555,2026-03-14T06:49:24Z,2026-03-14T06:50:58Z,results/raw/uniform_vs_heterogeneous_fixed_geometry_beta20_v2_seed_04/uniform_vs_heterogeneous_fixed_geometry_beta20_v2_seed_sweep_seed_04_1618033988/resolved_config.yaml,
1.0,uniform_vs_heterogeneous_fixed_geometry_beta20_v2_seed_04,uniform_vs_heterogeneous_fixed_geometry_beta20_v2_seed_sweep_seed_04_1618033988,uniform_trial_0048,uniform,baseline,48,uniform_fixed_repeated_eval_study,47,completed,,,1234,901780484,3179849581,3507244300,,20.0,0.2,0.05,0.01,100,uniform,,,,,3.8609154369509784,82.0,1.0,81.0,KR_minus_GR,94.2888403001707,2026-03-14T06:50:58Z,2026-03-14T06:52:32Z,results/raw/uniform_vs_heterogeneous_fixed_geometry_beta20_v2_seed_04/uniform_vs_heterogeneous_fixed_geometry_beta20_v2_seed_sweep_seed_04_1618033988/resolved_config.yaml,
1.0,uniform_vs_heterogeneous_fixed_geometry_beta20_v2_seed_04,uniform_vs_heterogeneous_fixed_geometry_beta20_v2_seed_sweep_seed_04_1618033988,uniform_trial_0049,uniform,baseline,49,uniform_fixed_repeated_eval_study,48,completed,,,1234,3731728325,2582231369,1826447489,,20.0,0.2,0.05,0.01,100,uniform,,,,,3.19679659316618,86.0,1.0,85.0,KR_minus_GR,94.34728210000321,2026-03-14T06:52:32Z,2026-03-14T06:54:06Z,results/raw/uniform_vs_heterogeneous_fixed_geometry_beta20_v2_seed_04/uniform_vs_heterogeneous_fixed_geometry_beta20_v2_seed_sweep_seed_04_1618033988/resolved_config.yaml,
1.0,uniform_vs_heterogeneous_fixed_geometry_beta20_v2_seed_04,uniform_vs_heterogeneous_fixed_geometry_beta20_v2_seed_sweep_seed_04_1618033988,uniform_trial_0050,uniform,baseline,50,uniform_fixed_repeated_eval_study,49,completed,,,1234,1593229545,2172363452,3298738234,,20.0,0.2,0.05,0.01,100,uniform,,,,,3.48556454883101,82.0,1.0,81.0,KR_minus_GR,94.20598140009679,2026-03-14T06:54:06Z,2026-03-14T06:55:41Z,results/raw/uniform_vs_heterogeneous_fixed_geometry_beta20_v2_seed_04/uniform_vs_heterogeneous_fixed_geometry_beta20_v2_seed_sweep_seed_04_1618033988/resolved_config.yaml,
1.0,uniform_vs_heterogeneous_fixed_geometry_beta20_v2_seed_04,uniform_vs_heterogeneous_fixed_geometry_beta20_v2_seed_sweep_seed_04_1618033988,uniform_trial_0051,uniform,baseline,51,uniform_fixed_repeated_eval_study,50,completed,,,1234,3689829390,1612456305,3962214019,,20.0,0.2,0.05,0.01,100,uniform,,,,,3.3177475637471816,77.0,1.0,76.0,KR_minus_GR,94.38014120003209,2026-03-14T06:55:41Z,2026-03-14T06:57:15Z,results/raw/uniform_vs_heterogeneous_fixed_geometry_beta20_v2_seed_04/uniform_vs_heterogeneous_fixed_geometry_beta20_v2_seed_sweep_seed_04_1618033988/resolved_config.yaml,
1.0,uniform_vs_heterogeneous_fixed_geometry_beta20_v2_seed_04,uniform_vs_heterogeneous_fixed_geometry_beta20_v2_seed_sweep_seed_04_1618033988,uniform_trial_0052,uniform,baseline,52,uniform_fixed_repeated_eval_study,51,completed,,,1234,3593424145,1146442990,1214942181,,20.0,0.2,0.05,0.01,100,uniform,,,,,3.133093099401081,80.0,1.0,79.0,KR_minus_GR,94.71304049994797,2026-03-14T06:57:15Z,2026-03-14T06:58:50Z,results/raw/uniform_vs_heterogeneous_fixed_geometry_beta20_v2_seed_04/uniform_vs_heterogeneous_fixed_geometry_beta20_v2_seed_sweep_seed_04_1618033988/resolved_config.yaml,
1.0,uniform_vs_heterogeneous_fixed_geometry_beta20_v2_seed_04,uniform_vs_heterogeneous_fixed_geometry_beta20_v2_seed_sweep_seed_04_1618033988,uniform_trial_0053,uniform,baseline,53,uniform_fixed_repeated_eval_study,52,completed,,,1234,3473869916,1800170571,2678034935,,20.0,0.2,0.05,0.01,100,uniform,,,,,3.144978324942529,80.0,1.0,79.0,KR_minus_GR,94.41011840011925,2026-03-14T06:58:50Z,2026-03-14T07:00:24Z,results/raw/uniform_vs_heterogeneous_fixed_geometry_beta20_v2_seed_04/uniform_vs_heterogeneous_fixed_geometry_beta20_v2_seed_sweep_seed_04_1618033988/resolved_config.yaml,
1.0,uniform_vs_heterogeneous_fixed_geometry_beta20_v2_seed_04,uniform_vs_heterogeneous_fixed_geometry_beta20_v2_seed_sweep_seed_04_1618033988,uniform_trial_0054,uniform,baseline,54,uniform_fixed_repeated_eval_study,53,completed,,,1234,1148196959,3048196223,2568168663,,20.0,0.2,0.05,0.01,100,uniform,,,,,3.8380328217084294,88.0,1.0,87.0,KR_minus_GR,94.32166390004568,2026-03-14T07:00:24Z,2026-03-14T07:01:59Z,results/raw/uniform_vs_heterogeneous_fixed_geometry_beta20_v2_seed_04/uniform_vs_heterogeneous_fixed_geometry_beta20_v2_seed_sweep_seed_04_1618033988/resolved_config.yaml,
1.0,uniform_vs_heterogeneous_fixed_geometry_beta20_v2_seed_04,uniform_vs_heterogeneous_fixed_geometry_beta20_v2_seed_sweep_seed_04_1618033988,uniform_trial_0055,uniform,baseline,55,uniform_fixed_repeated_eval_study,54,completed,,,1234,4224082481,2220787683,1080824074,,20.0,0.2,0.05,0.01,100,uniform,,,,,3.7319127899504494,84.0,1.0,83.0,KR_minus_GR,94.13791999989189,2026-03-14T07:01:59Z,2026-03-14T07:03:33Z,results/raw/uniform_vs_heterogeneous_fixed_geometry_beta20_v2_seed_04/uniform_vs_heterogeneous_fixed_geometry_beta20_v2_seed_sweep_seed_04_1618033988/resolved_config.yaml,
1.0,uniform_vs_heterogeneous_fixed_geometry_beta20_v2_seed_04,uniform_vs_heterogeneous_fixed_geometry_beta20_v2_seed_sweep_seed_04_1618033988,uniform_trial_0056,uniform,baseline,56,uniform_fixed_repeated_eval_study,55,completed,,,1234,1206914384,2754973280,248617575,,20.0,0.2,0.05,0.01,100,uniform,,,,,3.1645327802366827,81.0,1.0,80.0,KR_minus_GR,94.50493309996091,2026-03-14T07:03:33Z,2026-03-14T07:05:07Z,results/raw/uniform_vs_heterogeneous_fixed_geometry_beta20_v2_seed_04/uniform_vs_heterogeneous_fixed_geometry_beta20_v2_seed_sweep_seed_04_1618033988/resolved_config.yaml,
1.0,uniform_vs_heterogeneous_fixed_geometry_beta20_v2_seed_04,uniform_vs_heterogeneous_fixed_geometry_beta20_v2_seed_sweep_seed_04_1618033988,uniform_trial_0057,uniform,baseline,57,uniform_fixed_repeated_eval_study,56,completed,,,1234,765537397,2235196203,641263299,,20.0,0.2,0.05,0.01,100,uniform,,,,,4.632553798690341,83.0,1.0,82.0,KR_minus_GR,94.29777250019833,2026-03-14T07:05:07Z,2026-03-14T07:06:41Z,results/raw/uniform_vs_heterogeneous_fixed_geometry_beta20_v2_seed_04/uniform_vs_heterogeneous_fixed_geometry_beta20_v2_seed_sweep_seed_04_1618033988/resolved_config.yaml,
1.0,uniform_vs_heterogeneous_fixed_geometry_beta20_v2_seed_04,uniform_vs_heterogeneous_fixed_geometry_beta20_v2_seed_sweep_seed_04_1618033988,uniform_trial_0058,uniform,baseline,58,uniform_fixed_repeated_eval_study,57,completed,,,1234,1284534340,1611297655,2696863220,,20.0,0.2,0.05,0.01,100,uniform,,,,,3.893576344229884,83.0,1.0,82.0,KR_minus_GR,94.18485510000028,2026-03-14T07:06:41Z,2026-03-14T07:08:16Z,results/raw/uniform_vs_heterogeneous_fixed_geometry_beta20_v2_seed_04/uniform_vs_heterogeneous_fixed_geometry_beta20_v2_seed_sweep_seed_04_1618033988/resolved_config.yaml,
1.0,uniform_vs_heterogeneous_fixed_geometry_beta20_v2_seed_04,uniform_vs_heterogeneous_fixed_geometry_beta20_v2_seed_sweep_seed_04_1618033988,uniform_trial_0059,uniform,baseline,59,uniform_fixed_repeated_eval_study,58,completed,,,1234,3442088377,2466042371,1147842140,,20.0,0.2,0.05,0.01,100,uniform,,,,,3.804643462434285,83.0,1.0,82.0,KR_minus_GR,94.25587709993124,2026-03-14T07:08:16Z,2026-03-14T07:09:50Z,results/raw/uniform_vs_heterogeneous_fixed_geometry_beta20_v2_seed_04/uniform_vs_heterogeneous_fixed_geometry_beta20_v2_seed_sweep_seed_04_1618033988/resolved_config.yaml,
1.0,uniform_vs_heterogeneous_fixed_geometry_beta20_v2_seed_04,uniform_vs_heterogeneous_fixed_geometry_beta20_v2_seed_sweep_seed_04_1618033988,uniform_trial_0060,uniform,baseline,60,uniform_fixed_repeated_eval_study,59,completed,,,1234,200858517,2580599979,4071797276,,20.0,0.2,0.05,0.01,100,uniform,,,,,3.7602729770951973,79.0,1.0,78.0,KR_minus_GR,94.98283329978585,2026-03-14T07:09:50Z,2026-03-14T07:11:25Z,results/raw/uniform_vs_heterogeneous_fixed_geometry_beta20_v2_seed_04/uniform_vs_heterogeneous_fixed_geometry_beta20_v2_seed_sweep_seed_04_1618033988/resolved_config.yaml,
1.0,uniform_vs_heterogeneous_fixed_geometry_beta20_v2_seed_04,uniform_vs_heterogeneous_fixed_geometry_beta20_v2_seed_sweep_seed_04_1618033988,uniform_trial_0061,uniform,baseline,61,uniform_fixed_repeated_eval_study,60,completed,,,1234,2062789657,2556763886,248663992,,20.0,0.2,0.05,0.01,100,uniform,,,,,3.6272129970923186,84.0,1.0,83.0,KR_minus_GR,94.36725459992886,2026-03-14T07:11:25Z,2026-03-14T07:12:59Z,results/raw/uniform_vs_heterogeneous_fixed_geometry_beta20_v2_seed_04/uniform_vs_heterogeneous_fixed_geometry_beta20_v2_seed_sweep_seed_04_1618033988/resolved_config.yaml,
1.0,uniform_vs_heterogeneous_fixed_geometry_beta20_v2_seed_04,uniform_vs_heterogeneous_fixed_geometry_beta20_v2_seed_sweep_seed_04_1618033988,uniform_trial_0062,uniform,baseline,62,uniform_fixed_repeated_eval_study,61,completed,,,1234,4172613565,3807072352,278400282,,20.0,0.2,0.05,0.01,100,uniform,,,,,3.873938840301461,82.0,1.0,81.0,KR_minus_GR,94.28683989983983,2026-03-14T07:12:59Z,2026-03-14T07:14:34Z,results/raw/uniform_vs_heterogeneous_fixed_geometry_beta20_v2_seed_04/uniform_vs_heterogeneous_fixed_geometry_beta20_v2_seed_sweep_seed_04_1618033988/resolved_config.yaml,
1.0,uniform_vs_heterogeneous_fixed_geometry_beta20_v2_seed_04,uniform_vs_heterogeneous_fixed_geometry_beta20_v2_seed_sweep_seed_04_1618033988,uniform_trial_0063,uniform,baseline,63,uniform_fixed_repeated_eval_study,62,completed,,,1234,1276121373,2633186652,1208436956,,20.0,0.2,0.05,0.01,100,uniform,,,,,3.142110462378902,79.0,1.0,78.0,KR_minus_GR,94.03834270010702,2026-03-14T07:14:34Z,2026-03-14T07:16:08Z,results/raw/uniform_vs_heterogeneous_fixed_geometry_beta20_v2_seed_04/uniform_vs_heterogeneous_fixed_geometry_beta20_v2_seed_sweep_seed_04_1618033988/resolved_config.yaml,
1.0,uniform_vs_heterogeneous_fixed_geometry_beta20_v2_seed_04,uniform_vs_heterogeneous_fixed_geometry_beta20_v2_seed_sweep_seed_04_1618033988,uniform_trial_0064,uniform,baseline,64,uniform_fixed_repeated_eval_study,63,completed,,,1234,1440017167,1168544991,2398094129,,20.0,0.2,0.05,0.01,100,uniform,,,,,3.7659554835807327,86.0,1.0,85.0,KR_minus_GR,94.27897410001606,2026-03-14T07:16:08Z,2026-03-14T07:17:42Z,results/raw/uniform_vs_heterogeneous_fixed_geometry_beta20_v2_seed_04/uniform_vs_heterogeneous_fixed_geometry_beta20_v2_seed_sweep_seed_04_1618033988/resolved_config.yaml,
1.0,uniform_vs_heterogeneous_fixed_geometry_beta20_v2_seed_04,uniform_vs_heterogeneous_fixed_geometry_beta20_v2_seed_sweep_seed_04_1618033988,uniform_trial_0065,uniform,baseline,65,uniform_fixed_repeated_eval_study,64,completed,,,1234,4218643165,1933304231,1612812226,,20.0,0.2,0.05,0.01,100,uniform,,,,,2.929616041627755,82.0,1.0,81.0,KR_minus_GR,94.33381560002454,2026-03-14T07:17:42Z,2026-03-14T07:19:16Z,results/raw/uniform_vs_heterogeneous_fixed_geometry_beta20_v2_seed_04/uniform_vs_heterogeneous_fixed_geometry_beta20_v2_seed_sweep_seed_04_1618033988/resolved_config.yaml,
1.0,uniform_vs_heterogeneous_fixed_geometry_beta20_v2_seed_04,uniform_vs_heterogeneous_fixed_geometry_beta20_v2_seed_sweep_seed_04_1618033988,uniform_trial_0066,uniform,baseline,66,uniform_fixed_repeated_eval_study,65,completed,,,1234,4089596886,1152943606,1254899408,,20.0,0.2,0.05,0.01,100,uniform,,,,,3.336079589004883,85.0,1.0,84.0,KR_minus_GR,94.23767299996689,2026-03-14T07:19:16Z,2026-03-14T07:20:50Z,results/raw/uniform_vs_heterogeneous_fixed_geometry_beta20_v2_seed_04/uniform_vs_heterogeneous_fixed_geometry_beta20_v2_seed_sweep_seed_04_1618033988/resolved_config.yaml,
1.0,uniform_vs_heterogeneous_fixed_geometry_beta20_v2_seed_04,uniform_vs_heterogeneous_fixed_geometry_beta20_v2_seed_sweep_seed_04_1618033988,uniform_trial_0067,uniform,baseline,67,uniform_fixed_repeated_eval_study,66,completed,,,1234,3864206074,4145502987,355190103,,20.0,0.2,0.05,0.01,100,uniform,,,,,3.467901019659622,88.0,1.0,87.0,KR_minus_GR,94.43652820005082,2026-03-14T07:20:50Z,2026-03-14T07:22:25Z,results/raw/uniform_vs_heterogeneous_fixed_geometry_beta20_v2_seed_04/uniform_vs_heterogeneous_fixed_geometry_beta20_v2_seed_sweep_seed_04_1618033988/resolved_config.yaml,
1.0,uniform_vs_heterogeneous_fixed_geometry_beta20_v2_seed_04,uniform_vs_heterogeneous_fixed_geometry_beta20_v2_seed_sweep_seed_04_1618033988,uniform_trial_0068,uniform,baseline,68,uniform_fixed_repeated_eval_study,67,completed,,,1234,1814940456,573314502,4034419572,,20.0,0.2,0.05,0.01,100,uniform,,,,,3.35766206240765,86.0,1.0,85.0,KR_minus_GR,94.5987401001621,2026-03-14T07:22:25Z,2026-03-14T07:23:59Z,results/raw/uniform_vs_heterogeneous_fixed_geometry_beta20_v2_seed_04/uniform_vs_heterogeneous_fixed_geometry_beta20_v2_seed_sweep_seed_04_1618033988/resolved_config.yaml,
1.0,uniform_vs_heterogeneous_fixed_geometry_beta20_v2_seed_04,uniform_vs_heterogeneous_fixed_geometry_beta20_v2_seed_sweep_seed_04_1618033988,uniform_trial_0069,uniform,baseline,69,uniform_fixed_repeated_eval_study,68,completed,,,1234,280574925,3924404988,2779624888,,20.0,0.2,0.05,0.01,100,uniform,,,,,3.322313437576254,81.0,1.0,80.0,KR_minus_GR,94.44588660006411,2026-03-14T07:23:59Z,2026-03-14T07:25:34Z,results/raw/uniform_vs_heterogeneous_fixed_geometry_beta20_v2_seed_04/uniform_vs_heterogeneous_fixed_geometry_beta20_v2_seed_sweep_seed_04_1618033988/resolved_config.yaml,
1.0,uniform_vs_heterogeneous_fixed_geometry_beta20_v2_seed_04,uniform_vs_heterogeneous_fixed_geometry_beta20_v2_seed_sweep_seed_04_1618033988,uniform_trial_0070,uniform,baseline,70,uniform_fixed_repeated_eval_study,69,completed,,,1234,1007626570,553560217,2203366789,,20.0,0.2,0.05,0.01,100,uniform,,,,,3.5042830675198355,83.0,1.0,82.0,KR_minus_GR,94.37315339990892,2026-03-14T07:25:34Z,2026-03-14T07:27:08Z,results/raw/uniform_vs_heterogeneous_fixed_geometry_beta20_v2_seed_04/uniform_vs_heterogeneous_fixed_geometry_beta20_v2_seed_sweep_seed_04_1618033988/resolved_config.yaml,
1.0,uniform_vs_heterogeneous_fixed_geometry_beta20_v2_seed_04,uniform_vs_heterogeneous_fixed_geometry_beta20_v2_seed_sweep_seed_04_1618033988,uniform_trial_0071,uniform,baseline,71,uniform_fixed_repeated_eval_study,70,completed,,,1234,1334685809,2293501008,2153890522,,20.0,0.2,0.05,0.01,100,uniform,,,,,3.3557547979589684,90.0,1.0,89.0,KR_minus_GR,94.0487385999877,2026-03-14T07:27:08Z,2026-03-14T07:28:42Z,results/raw/uniform_vs_heterogeneous_fixed_geometry_beta20_v2_seed_04/uniform_vs_heterogeneous_fixed_geometry_beta20_v2_seed_sweep_seed_04_1618033988/resolved_config.yaml,
1.0,uniform_vs_heterogeneous_fixed_geometry_beta20_v2_seed_04,uniform_vs_heterogeneous_fixed_geometry_beta20_v2_seed_sweep_seed_04_1618033988,uniform_trial_0072,uniform,baseline,72,uniform_fixed_repeated_eval_study,71,completed,,,1234,3262028746,1496358111,2205372794,,20.0,0.2,0.05,0.01,100,uniform,,,,,3.610820234078394,78.0,1.0,77.0,KR_minus_GR,94.36894470010884,2026-03-14T07:28:42Z,2026-03-14T07:30:17Z,results/raw/uniform_vs_heterogeneous_fixed_geometry_beta20_v2_seed_04/uniform_vs_heterogeneous_fixed_geometry_beta20_v2_seed_sweep_seed_04_1618033988/resolved_config.yaml,
1.0,uniform_vs_heterogeneous_fixed_geometry_beta20_v2_seed_04,uniform_vs_heterogeneous_fixed_geometry_beta20_v2_seed_sweep_seed_04_1618033988,uniform_trial_0073,uniform,baseline,73,uniform_fixed_repeated_eval_study,72,completed,,,1234,315837926,1329903492,1087676025,,20.0,0.2,0.05,0.01,100,uniform,,,,,3.6642082638001003,90.0,1.0,89.0,KR_minus_GR,94.33023800002411,2026-03-14T07:30:17Z,2026-03-14T07:31:51Z,results/raw/uniform_vs_heterogeneous_fixed_geometry_beta20_v2_seed_04/uniform_vs_heterogeneous_fixed_geometry_beta20_v2_seed_sweep_seed_04_1618033988/resolved_config.yaml,
1.0,uniform_vs_heterogeneous_fixed_geometry_beta20_v2_seed_04,uniform_vs_heterogeneous_fixed_geometry_beta20_v2_seed_sweep_seed_04_1618033988,uniform_trial_0074,uniform,baseline,74,uniform_fixed_repeated_eval_study,73,completed,,,1234,1619525756,892454320,286033652,,20.0,0.2,0.05,0.01,100,uniform,,,,,3.9640781178251663,78.0,1.0,77.0,KR_minus_GR,94.13154420000501,2026-03-14T07:31:51Z,2026-03-14T07:33:25Z,results/raw/uniform_vs_heterogeneous_fixed_geometry_beta20_v2_seed_04/uniform_vs_heterogeneous_fixed_geometry_beta20_v2_seed_sweep_seed_04_1618033988/resolved_config.yaml,
1.0,uniform_vs_heterogeneous_fixed_geometry_beta20_v2_seed_04,uniform_vs_heterogeneous_fixed_geometry_beta20_v2_seed_sweep_seed_04_1618033988,uniform_trial_0075,uniform,baseline,75,uniform_fixed_repeated_eval_study,74,completed,,,1234,940386928,4277259300,4122687480,,20.0,0.2,0.05,0.01,100,uniform,,,,,3.229737877565753,81.0,1.0,80.0,KR_minus_GR,94.24497639993206,2026-03-14T07:33:25Z,2026-03-14T07:34:59Z,results/raw/uniform_vs_heterogeneous_fixed_geometry_beta20_v2_seed_04/uniform_vs_heterogeneous_fixed_geometry_beta20_v2_seed_sweep_seed_04_1618033988/resolved_config.yaml,
1.0,uniform_vs_heterogeneous_fixed_geometry_beta20_v2_seed_04,uniform_vs_heterogeneous_fixed_geometry_beta20_v2_seed_sweep_seed_04_1618033988,uniform_trial_0076,uniform,baseline,76,uniform_fixed_repeated_eval_study,75,completed,,,1234,2862836678,694776874,3539243271,,20.0,0.2,0.05,0.01,100,uniform,,,,,4.096227828660512,81.0,1.0,80.0,KR_minus_GR,94.75279219984077,2026-03-14T07:34:59Z,2026-03-14T07:36:34Z,results/raw/uniform_vs_heterogeneous_fixed_geometry_beta20_v2_seed_04/uniform_vs_heterogeneous_fixed_geometry_beta20_v2_seed_sweep_seed_04_1618033988/resolved_config.yaml,
1.0,uniform_vs_heterogeneous_fixed_geometry_beta20_v2_seed_04,uniform_vs_heterogeneous_fixed_geometry_beta20_v2_seed_sweep_seed_04_1618033988,uniform_trial_0077,uniform,baseline,77,uniform_fixed_repeated_eval_study,76,completed,,,1234,2278151636,1169045808,4262093853,,20.0,0.2,0.05,0.01,100,uniform,,,,,3.7744886169181315,86.0,1.0,85.0,KR_minus_GR,94.32896180008538,2026-03-14T07:36:34Z,2026-03-14T07:38:09Z,results/raw/uniform_vs_heterogeneous_fixed_geometry_beta20_v2_seed_04/uniform_vs_heterogeneous_fixed_geometry_beta20_v2_seed_sweep_seed_04_1618033988/resolved_config.yaml,
1.0,uniform_vs_heterogeneous_fixed_geometry_beta20_v2_seed_04,uniform_vs_heterogeneous_fixed_geometry_beta20_v2_seed_sweep_seed_04_1618033988,uniform_trial_0078,uniform,baseline,78,uniform_fixed_repeated_eval_study,77,completed,,,1234,740591845,4100341623,420942998,,20.0,0.2,0.05,0.01,100,uniform,,,,,3.6815249525760843,83.0,1.0,82.0,KR_minus_GR,94.5316200000234,2026-03-14T07:38:09Z,2026-03-14T07:39:43Z,results/raw/uniform_vs_heterogeneous_fixed_geometry_beta20_v2_seed_04/uniform_vs_heterogeneous_fixed_geometry_beta20_v2_seed_sweep_seed_04_1618033988/resolved_config.yaml,
1.0,uniform_vs_heterogeneous_fixed_geometry_beta20_v2_seed_04,uniform_vs_heterogeneous_fixed_geometry_beta20_v2_seed_sweep_seed_04_1618033988,uniform_trial_0079,uniform,baseline,79,uniform_fixed_repeated_eval_study,78,completed,,,1234,739349512,1657496065,552080929,,20.0,0.2,0.05,0.01,100,uniform,,,,,3.2266272791169834,82.0,1.0,81.0,KR_minus_GR,94.24295539990999,2026-03-14T07:39:43Z,2026-03-14T07:41:17Z,results/raw/uniform_vs_heterogeneous_fixed_geometry_beta20_v2_seed_04/uniform_vs_heterogeneous_fixed_geometry_beta20_v2_seed_sweep_seed_04_1618033988/resolved_config.yaml,
1.0,uniform_vs_heterogeneous_fixed_geometry_beta20_v2_seed_04,uniform_vs_heterogeneous_fixed_geometry_beta20_v2_seed_sweep_seed_04_1618033988,uniform_trial_0080,uniform,baseline,80,uniform_fixed_repeated_eval_study,79,completed,,,1234,1323919646,3332646679,2403702811,,20.0,0.2,0.05,0.01,100,uniform,,,,,3.925260301509394,79.0,1.0,78.0,KR_minus_GR,94.55704089999199,2026-03-14T07:41:17Z,2026-03-14T07:42:52Z,results/raw/uniform_vs_heterogeneous_fixed_geometry_beta20_v2_seed_04/uniform_vs_heterogeneous_fixed_geometry_beta20_v2_seed_sweep_seed_04_1618033988/resolved_config.yaml,
1.0,uniform_vs_heterogeneous_fixed_geometry_beta20_v2_seed_04,uniform_vs_heterogeneous_fixed_geometry_beta20_v2_seed_sweep_seed_04_1618033988,uniform_trial_0081,uniform,baseline,81,uniform_fixed_repeated_eval_study,80,completed,,,1234,3194878246,237065149,1694502857,,20.0,0.2,0.05,0.01,100,uniform,,,,,3.6453460305547596,75.0,1.0,74.0,KR_minus_GR,94.33917009993456,2026-03-14T07:42:52Z,2026-03-14T07:44:26Z,results/raw/uniform_vs_heterogeneous_fixed_geometry_beta20_v2_seed_04/uniform_vs_heterogeneous_fixed_geometry_beta20_v2_seed_sweep_seed_04_1618033988/resolved_config.yaml,
1.0,uniform_vs_heterogeneous_fixed_geometry_beta20_v2_seed_04,uniform_vs_heterogeneous_fixed_geometry_beta20_v2_seed_sweep_seed_04_1618033988,uniform_trial_0082,uniform,baseline,82,uniform_fixed_repeated_eval_study,81,completed,,,1234,1980447107,2494224283,1230896977,,20.0,0.2,0.05,0.01,100,uniform,,,,,3.3182102450488142,82.0,1.0,81.0,KR_minus_GR,94.17191870021634,2026-03-14T07:44:26Z,2026-03-14T07:46:00Z,results/raw/uniform_vs_heterogeneous_fixed_geometry_beta20_v2_seed_04/uniform_vs_heterogeneous_fixed_geometry_beta20_v2_seed_sweep_seed_04_1618033988/resolved_config.yaml,
1.0,uniform_vs_heterogeneous_fixed_geometry_beta20_v2_seed_04,uniform_vs_heterogeneous_fixed_geometry_beta20_v2_seed_sweep_seed_04_1618033988,uniform_trial_0083,uniform,baseline,83,uniform_fixed_repeated_eval_study,82,completed,,,1234,2812225581,3695467298,2724195123,,20.0,0.2,0.05,0.01,100,uniform,,,,,3.810499185516402,86.0,1.0,85.0,KR_minus_GR,94.36782520008273,2026-03-14T07:46:00Z,2026-03-14T07:47:35Z,results/raw/uniform_vs_heterogeneous_fixed_geometry_beta20_v2_seed_04/uniform_vs_heterogeneous_fixed_geometry_beta20_v2_seed_sweep_seed_04_1618033988/resolved_config.yaml,
1.0,uniform_vs_heterogeneous_fixed_geometry_beta20_v2_seed_04,uniform_vs_heterogeneous_fixed_geometry_beta20_v2_seed_sweep_seed_04_1618033988,uniform_trial_0084,uniform,baseline,84,uniform_fixed_repeated_eval_study,83,completed,,,1234,4078116839,3866088774,2385791191,,20.0,0.2,0.05,0.01,100,uniform,,,,,3.667445665646584,85.0,1.0,84.0,KR_minus_GR,94.78502300009131,2026-03-14T07:47:35Z,2026-03-14T07:49:10Z,results/raw/uniform_vs_heterogeneous_fixed_geometry_beta20_v2_seed_04/uniform_vs_heterogeneous_fixed_geometry_beta20_v2_seed_sweep_seed_04_1618033988/resolved_config.yaml,
1.0,uniform_vs_heterogeneous_fixed_geometry_beta20_v2_seed_04,uniform_vs_heterogeneous_fixed_geometry_beta20_v2_seed_sweep_seed_04_1618033988,uniform_trial_0085,uniform,baseline,85,uniform_fixed_repeated_eval_study,84,completed,,,1234,360791998,3759787954,2366511329,,20.0,0.2,0.05,0.01,100,uniform,,,,,3.3198797901441175,84.0,1.0,83.0,KR_minus_GR,94.26030690013431,2026-03-14T07:49:10Z,2026-03-14T07:50:44Z,results/raw/uniform_vs_heterogeneous_fixed_geometry_beta20_v2_seed_04/uniform_vs_heterogeneous_fixed_geometry_beta20_v2_seed_sweep_seed_04_1618033988/resolved_config.yaml,
1.0,uniform_vs_heterogeneous_fixed_geometry_beta20_v2_seed_04,uniform_vs_heterogeneous_fixed_geometry_beta20_v2_seed_sweep_seed_04_1618033988,uniform_trial_0086,uniform,baseline,86,uniform_fixed_repeated_eval_study,85,completed,,,1234,2835264557,2730710268,3650938485,,20.0,0.2,0.05,0.01,100,uniform,,,,,3.5261566426387927,78.0,1.0,77.0,KR_minus_GR,94.29528029984795,2026-03-14T07:50:44Z,2026-03-14T07:52:18Z,results/raw/uniform_vs_heterogeneous_fixed_geometry_beta20_v2_seed_04/uniform_vs_heterogeneous_fixed_geometry_beta20_v2_seed_sweep_seed_04_1618033988/resolved_config.yaml,
1.0,uniform_vs_heterogeneous_fixed_geometry_beta20_v2_seed_04,uniform_vs_heterogeneous_fixed_geometry_beta20_v2_seed_sweep_seed_04_1618033988,uniform_trial_0087,uniform,baseline,87,uniform_fixed_repeated_eval_study,86,completed,,,1234,3600459750,1457513753,2730766268,,20.0,0.2,0.05,0.01,100,uniform,,,,,3.3051315134256214,83.0,1.0,82.0,KR_minus_GR,94.12700419989415,2026-03-14T07:52:18Z,2026-03-14T07:53:52Z,results/raw/uniform_vs_heterogeneous_fixed_geometry_beta20_v2_seed_04/uniform_vs_heterogeneous_fixed_geometry_beta20_v2_seed_sweep_seed_04_1618033988/resolved_config.yaml,
1.0,uniform_vs_heterogeneous_fixed_geometry_beta20_v2_seed_04,uniform_vs_heterogeneous_fixed_geometry_beta20_v2_seed_sweep_seed_04_1618033988,uniform_trial_0088,uniform,baseline,88,uniform_fixed_repeated_eval_study,87,completed,,,1234,1640686540,3482870705,371467778,,20.0,0.2,0.05,0.01,100,uniform,,,,,3.515147895380191,84.0,1.0,83.0,KR_minus_GR,94.35515019996092,2026-03-14T07:53:52Z,2026-03-14T07:55:27Z,results/raw/uniform_vs_heterogeneous_fixed_geometry_beta20_v2_seed_04/uniform_vs_heterogeneous_fixed_geometry_beta20_v2_seed_sweep_seed_04_1618033988/resolved_config.yaml,
1.0,uniform_vs_heterogeneous_fixed_geometry_beta20_v2_seed_04,uniform_vs_heterogeneous_fixed_geometry_beta20_v2_seed_sweep_seed_04_1618033988,uniform_trial_0089,uniform,baseline,89,uniform_fixed_repeated_eval_study,88,completed,,,1234,1352206775,1373754043,1070700840,,20.0,0.2,0.05,0.01,100,uniform,,,,,3.4827654923449445,83.0,1.0,82.0,KR_minus_GR,94.23605949990451,2026-03-14T07:55:27Z,2026-03-14T07:57:01Z,results/raw/uniform_vs_heterogeneous_fixed_geometry_beta20_v2_seed_04/uniform_vs_heterogeneous_fixed_geometry_beta20_v2_seed_sweep_seed_04_1618033988/resolved_config.yaml,
1.0,uniform_vs_heterogeneous_fixed_geometry_beta20_v2_seed_04,uniform_vs_heterogeneous_fixed_geometry_beta20_v2_seed_sweep_seed_04_1618033988,uniform_trial_0090,uniform,baseline,90,uniform_fixed_repeated_eval_study,89,completed,,,1234,914693185,2005729848,3915452197,,20.0,0.2,0.05,0.01,100,uniform,,,,,3.3765146528893344,82.0,1.0,81.0,KR_minus_GR,94.34587900014594,2026-03-14T07:57:01Z,2026-03-14T07:58:35Z,results/raw/uniform_vs_heterogeneous_fixed_geometry_beta20_v2_seed_04/uniform_vs_heterogeneous_fixed_geometry_beta20_v2_seed_sweep_seed_04_1618033988/resolved_config.yaml,
1.0,uniform_vs_heterogeneous_fixed_geometry_beta20_v2_seed_04,uniform_vs_heterogeneous_fixed_geometry_beta20_v2_seed_sweep_seed_04_1618033988,uniform_trial_0091,uniform,baseline,91,uniform_fixed_repeated_eval_study,90,completed,,,1234,2835750687,3335461984,2390238070,,20.0,0.2,0.05,0.01,100,uniform,,,,,3.220643520431206,82.0,1.0,81.0,KR_minus_GR,94.45264000003226,2026-03-14T07:58:35Z,2026-03-14T08:00:10Z,results/raw/uniform_vs_heterogeneous_fixed_geometry_beta20_v2_seed_04/uniform_vs_heterogeneous_fixed_geometry_beta20_v2_seed_sweep_seed_04_1618033988/resolved_config.yaml,
1.0,uniform_vs_heterogeneous_fixed_geometry_beta20_v2_seed_04,uniform_vs_heterogeneous_fixed_geometry_beta20_v2_seed_sweep_seed_04_1618033988,uniform_trial_0092,uniform,baseline,92,uniform_fixed_repeated_eval_study,91,completed,,,1234,1581587163,3192496834,1238717762,,20.0,0.2,0.05,0.01,100,uniform,,,,,3.787406770557136,81.0,1.0,80.0,KR_minus_GR,94.89873650018126,2026-03-14T08:00:10Z,2026-03-14T08:01:44Z,results/raw/uniform_vs_heterogeneous_fixed_geometry_beta20_v2_seed_04/uniform_vs_heterogeneous_fixed_geometry_beta20_v2_seed_sweep_seed_04_1618033988/resolved_config.yaml,
1.0,uniform_vs_heterogeneous_fixed_geometry_beta20_v2_seed_04,uniform_vs_heterogeneous_fixed_geometry_beta20_v2_seed_sweep_seed_04_1618033988,uniform_trial_0093,uniform,baseline,93,uniform_fixed_repeated_eval_study,92,completed,,,1234,1895244887,1831987477,3273327923,,20.0,0.2,0.05,0.01,100,uniform,,,,,3.644172912157995,80.0,1.0,79.0,KR_minus_GR,94.43488780013286,2026-03-14T08:01:44Z,2026-03-14T08:03:19Z,results/raw/uniform_vs_heterogeneous_fixed_geometry_beta20_v2_seed_04/uniform_vs_heterogeneous_fixed_geometry_beta20_v2_seed_sweep_seed_04_1618033988/resolved_config.yaml,
1.0,uniform_vs_heterogeneous_fixed_geometry_beta20_v2_seed_04,uniform_vs_heterogeneous_fixed_geometry_beta20_v2_seed_sweep_seed_04_1618033988,uniform_trial_0094,uniform,baseline,94,uniform_fixed_repeated_eval_study,93,completed,,,1234,3214643057,413097942,1713521914,,20.0,0.2,0.05,0.01,100,uniform,,,,,3.57610339261378,82.0,1.0,81.0,KR_minus_GR,94.44167920015752,2026-03-14T08:03:19Z,2026-03-14T08:04:53Z,results/raw/uniform_vs_heterogeneous_fixed_geometry_beta20_v2_seed_04/uniform_vs_heterogeneous_fixed_geometry_beta20_v2_seed_sweep_seed_04_1618033988/resolved_config.yaml,
1.0,uniform_vs_heterogeneous_fixed_geometry_beta20_v2_seed_04,uniform_vs_heterogeneous_fixed_geometry_beta20_v2_seed_sweep_seed_04_1618033988,uniform_trial_0095,uniform,baseline,95,uniform_fixed_repeated_eval_study,94,completed,,,1234,754826404,3914237952,609773082,,20.0,0.2,0.05,0.01,100,uniform,,,,,4.2159227108730555,80.0,1.0,79.0,KR_minus_GR,94.3240982000716,2026-03-14T08:04:53Z,2026-03-14T08:06:28Z,results/raw/uniform_vs_heterogeneous_fixed_geometry_beta20_v2_seed_04/uniform_vs_heterogeneous_fixed_geometry_beta20_v2_seed_sweep_seed_04_1618033988/resolved_config.yaml,
1.0,uniform_vs_heterogeneous_fixed_geometry_beta20_v2_seed_04,uniform_vs_heterogeneous_fixed_geometry_beta20_v2_seed_sweep_seed_04_1618033988,uniform_trial_0096,uniform,baseline,96,uniform_fixed_repeated_eval_study,95,completed,,,1234,2430271523,3620614577,1025835085,,20.0,0.2,0.05,0.01,100,uniform,,,,,3.0543476590669525,82.0,1.0,81.0,KR_minus_GR,94.37462040013634,2026-03-14T08:06:28Z,2026-03-14T08:08:02Z,results/raw/uniform_vs_heterogeneous_fixed_geometry_beta20_v2_seed_04/uniform_vs_heterogeneous_fixed_geometry_beta20_v2_seed_sweep_seed_04_1618033988/resolved_config.yaml,
1.0,uniform_vs_heterogeneous_fixed_geometry_beta20_v2_seed_04,uniform_vs_heterogeneous_fixed_geometry_beta20_v2_seed_sweep_seed_04_1618033988,uniform_trial_0097,uniform,baseline,97,uniform_fixed_repeated_eval_study,96,completed,,,1234,3021065059,1451849369,3420119044,,20.0,0.2,0.05,0.01,100,uniform,,,,,3.961112519172035,83.0,1.0,82.0,KR_minus_GR,94.57054109987803,2026-03-14T08:08:02Z,2026-03-14T08:09:37Z,results/raw/uniform_vs_heterogeneous_fixed_geometry_beta20_v2_seed_04/uniform_vs_heterogeneous_fixed_geometry_beta20_v2_seed_sweep_seed_04_1618033988/resolved_config.yaml,
1.0,uniform_vs_heterogeneous_fixed_geometry_beta20_v2_seed_04,uniform_vs_heterogeneous_fixed_geometry_beta20_v2_seed_sweep_seed_04_1618033988,uniform_trial_0098,uniform,baseline,98,uniform_fixed_repeated_eval_study,97,completed,,,1234,295593669,2531581051,807761131,,20.0,0.2,0.05,0.01,100,uniform,,,,,4.14782051128016,84.0,1.0,83.0,KR_minus_GR,94.21717260009609,2026-03-14T08:09:37Z,2026-03-14T08:11:11Z,results/raw/uniform_vs_heterogeneous_fixed_geometry_beta20_v2_seed_04/uniform_vs_heterogeneous_fixed_geometry_beta20_v2_seed_sweep_seed_04_1618033988/resolved_config.yaml,
1.0,uniform_vs_heterogeneous_fixed_geometry_beta20_v2_seed_04,uniform_vs_heterogeneous_fixed_geometry_beta20_v2_seed_sweep_seed_04_1618033988,uniform_trial_0099,uniform,baseline,99,uniform_fixed_repeated_eval_study,98,completed,,,1234,4160665652,36835708,2922188162,,20.0,0.2,0.05,0.01,100,uniform,,,,,3.7339210993816665,85.0,1.0,84.0,KR_minus_GR,94.30618889979087,2026-03-14T08:11:11Z,2026-03-14T08:12:45Z,results/raw/uniform_vs_heterogeneous_fixed_geometry_beta20_v2_seed_04/uniform_vs_heterogeneous_fixed_geometry_beta20_v2_seed_sweep_seed_04_1618033988/resolved_config.yaml,
1.0,uniform_vs_heterogeneous_fixed_geometry_beta20_v2_seed_04,uniform_vs_heterogeneous_fixed_geometry_beta20_v2_seed_sweep_seed_04_1618033988,uniform_trial_0100,uniform,baseline,100,uniform_fixed_repeated_eval_study,99,completed,,,1234,2272770299,3291017162,751073784,,20.0,0.2,0.05,0.01,100,uniform,,,,,3.232424968524221,81.0,1.0,80.0,KR_minus_GR,94.91745229996741,2026-03-14T08:12:45Z,2026-03-14T08:14:20Z,results/raw/uniform_vs_heterogeneous_fixed_geometry_beta20_v2_seed_04/uniform_vs_heterogeneous_fixed_geometry_beta20_v2_seed_sweep_seed_04_1618033988/resolved_config.yaml,
1.0,uniform_vs_heterogeneous_fixed_geometry_beta20_v2_seed_04,uniform_vs_heterogeneous_fixed_geometry_beta20_v2_seed_sweep_seed_04_1618033988,heterogeneous_trial_0001,heterogeneous,candidate,1,heterogeneous_fixed_repeated_eval_study,0,completed,,,1234,557384437,4284584593,1099293797,1376544170,20.0,0.2,0.05,0.01,100,distributional_beta,random,5,3.0,equal,3.5936419018065626,63.0,1.0,62.0,KR_minus_GR,141.8530194000341,2026-03-14T08:14:20Z,2026-03-14T08:16:42Z,results/raw/uniform_vs_heterogeneous_fixed_geometry_beta20_v2_seed_04/uniform_vs_heterogeneous_fixed_geometry_beta20_v2_seed_sweep_seed_04_1618033988/resolved_config.yaml,
1.0,uniform_vs_heterogeneous_fixed_geometry_beta20_v2_seed_04,uniform_vs_heterogeneous_fixed_geometry_beta20_v2_seed_sweep_seed_04_1618033988,heterogeneous_trial_0002,heterogeneous,candidate,2,heterogeneous_fixed_repeated_eval_study,1,completed,,,1234,1420838081,3315515159,3245661404,3305288327,20.0,0.2,0.05,0.01,100,distributional_beta,random,5,3.0,equal,3.3014029837640657,69.0,1.0,68.0,KR_minus_GR,136.75094480020925,2026-03-14T08:16:42Z,2026-03-14T08:18:59Z,results/raw/uniform_vs_heterogeneous_fixed_geometry_beta20_v2_seed_04/uniform_vs_heterogeneous_fixed_geometry_beta20_v2_seed_sweep_seed_04_1618033988/resolved_config.yaml,
1.0,uniform_vs_heterogeneous_fixed_geometry_beta20_v2_seed_04,uniform_vs_heterogeneous_fixed_geometry_beta20_v2_seed_sweep_seed_04_1618033988,heterogeneous_trial_0003,heterogeneous,candidate,3,heterogeneous_fixed_repeated_eval_study,2,completed,,,1234,2877095840,2219982920,2590698115,3104769887,20.0,0.2,0.05,0.01,100,distributional_beta,random,5,3.0,equal,3.455312404934615,63.0,1.0,62.0,KR_minus_GR,136.9413898999337,2026-03-14T08:18:59Z,2026-03-14T08:21:16Z,results/raw/uniform_vs_heterogeneous_fixed_geometry_beta20_v2_seed_04/uniform_vs_heterogeneous_fixed_geometry_beta20_v2_seed_sweep_seed_04_1618033988/resolved_config.yaml,
1.0,uniform_vs_heterogeneous_fixed_geometry_beta20_v2_seed_04,uniform_vs_heterogeneous_fixed_geometry_beta20_v2_seed_sweep_seed_04_1618033988,heterogeneous_trial_0004,heterogeneous,candidate,4,heterogeneous_fixed_repeated_eval_study,3,completed,,,1234,3324148202,3070274865,3406246820,1203308717,20.0,0.2,0.05,0.01,100,distributional_beta,random,5,3.0,equal,3.4396244699511516,74.0,1.0,73.0,KR_minus_GR,136.22115550003946,2026-03-14T08:21:16Z,2026-03-14T08:23:32Z,results/raw/uniform_vs_heterogeneous_fixed_geometry_beta20_v2_seed_04/uniform_vs_heterogeneous_fixed_geometry_beta20_v2_seed_sweep_seed_04_1618033988/resolved_config.yaml,
1.0,uniform_vs_heterogeneous_fixed_geometry_beta20_v2_seed_04,uniform_vs_heterogeneous_fixed_geometry_beta20_v2_seed_sweep_seed_04_1618033988,heterogeneous_trial_0005,heterogeneous,candidate,5,heterogeneous_fixed_repeated_eval_study,4,completed,,,1234,2730107343,836280899,272808745,1200887716,20.0,0.2,0.05,0.01,100,distributional_beta,random,5,3.0,equal,3.632822573501867,67.0,1.0,66.0,KR_minus_GR,137.00214409991167,2026-03-14T08:23:32Z,2026-03-14T08:25:49Z,results/raw/uniform_vs_heterogeneous_fixed_geometry_beta20_v2_seed_04/uniform_vs_heterogeneous_fixed_geometry_beta20_v2_seed_sweep_seed_04_1618033988/resolved_config.yaml,
1.0,uniform_vs_heterogeneous_fixed_geometry_beta20_v2_seed_04,uniform_vs_heterogeneous_fixed_geometry_beta20_v2_seed_sweep_seed_04_1618033988,heterogeneous_trial_0006,heterogeneous,candidate,6,heterogeneous_fixed_repeated_eval_study,5,completed,,,1234,845667455,3180735762,2366377893,1850950307,20.0,0.2,0.05,0.01,100,distributional_beta,random,5,3.0,equal,3.194518399607964,65.0,1.0,64.0,KR_minus_GR,136.8817497000564,2026-03-14T08:25:49Z,2026-03-14T08:28:06Z,results/raw/uniform_vs_heterogeneous_fixed_geometry_beta20_v2_seed_04/uniform_vs_heterogeneous_fixed_geometry_beta20_v2_seed_sweep_seed_04_1618033988/resolved_config.yaml,
1.0,uniform_vs_heterogeneous_fixed_geometry_beta20_v2_seed_04,uniform_vs_heterogeneous_fixed_geometry_beta20_v2_seed_sweep_seed_04_1618033988,heterogeneous_trial_0007,heterogeneous,candidate,7,heterogeneous_fixed_repeated_eval_study,6,completed,,,1234,2553641544,1534643511,559736296,3775585786,20.0,0.2,0.05,0.01,100,distributional_beta,random,5,3.0,equal,3.3561355238551274,66.0,1.0,65.0,KR_minus_GR,137.3033391998615,2026-03-14T08:28:06Z,2026-03-14T08:30:23Z,results/raw/uniform_vs_heterogeneous_fixed_geometry_beta20_v2_seed_04/uniform_vs_heterogeneous_fixed_geometry_beta20_v2_seed_sweep_seed_04_1618033988/resolved_config.yaml,
1.0,uniform_vs_heterogeneous_fixed_geometry_beta20_v2_seed_04,uniform_vs_heterogeneous_fixed_geometry_beta20_v2_seed_sweep_seed_04_1618033988,heterogeneous_trial_0008,heterogeneous,candidate,8,heterogeneous_fixed_repeated_eval_study,7,completed,,,1234,820649975,3784784527,2505475035,4274935208,20.0,0.2,0.05,0.01,100,distributional_beta,random,5,3.0,equal,2.7816646595674017,62.0,1.0,61.0,KR_minus_GR,137.940649199998,2026-03-14T08:30:23Z,2026-03-14T08:32:41Z,results/raw/uniform_vs_heterogeneous_fixed_geometry_beta20_v2_seed_04/uniform_vs_heterogeneous_fixed_geometry_beta20_v2_seed_sweep_seed_04_1618033988/resolved_config.yaml,
1.0,uniform_vs_heterogeneous_fixed_geometry_beta20_v2_seed_04,uniform_vs_heterogeneous_fixed_geometry_beta20_v2_seed_sweep_seed_04_1618033988,heterogeneous_trial_0009,heterogeneous,candidate,9,heterogeneous_fixed_repeated_eval_study,8,completed,,,1234,2861565625,3653215253,3702444616,789326658,20.0,0.2,0.05,0.01,100,distributional_beta,random,5,3.0,equal,3.3578161443060712,62.0,1.0,61.0,KR_minus_GR,136.89763320004568,2026-03-14T08:32:41Z,2026-03-14T08:34:58Z,results/raw/uniform_vs_heterogeneous_fixed_geometry_beta20_v2_seed_04/uniform_vs_heterogeneous_fixed_geometry_beta20_v2_seed_sweep_seed_04_1618033988/resolved_config.yaml,
1.0,uniform_vs_heterogeneous_fixed_geometry_beta20_v2_seed_04,uniform_vs_heterogeneous_fixed_geometry_beta20_v2_seed_sweep_seed_04_1618033988,heterogeneous_trial_0010,heterogeneous,candidate,10,heterogeneous_fixed_repeated_eval_study,9,completed,,,1234,173019452,3335379282,3227370497,1344856317,20.0,0.2,0.05,0.01,100,distributional_beta,random,5,3.0,equal,2.9731296442715758,74.0,1.0,73.0,KR_minus_GR,137.1184727998916,2026-03-14T08:34:58Z,2026-03-14T08:37:15Z,results/raw/uniform_vs_heterogeneous_fixed_geometry_beta20_v2_seed_04/uniform_vs_heterogeneous_fixed_geometry_beta20_v2_seed_sweep_seed_04_1618033988/resolved_config.yaml,
1.0,uniform_vs_heterogeneous_fixed_geometry_beta20_v2_seed_04,uniform_vs_heterogeneous_fixed_geometry_beta20_v2_seed_sweep_seed_04_1618033988,heterogeneous_trial_0011,heterogeneous,candidate,11,heterogeneous_fixed_repeated_eval_study,10,completed,,,1234,3051747814,2938311673,3927796037,2055696195,20.0,0.2,0.05,0.01,100,distributional_beta,random,5,3.0,equal,3.14925448807819,67.0,1.0,66.0,KR_minus_GR,136.69020529999398,2026-03-14T08:37:15Z,2026-03-14T08:39:32Z,results/raw/uniform_vs_heterogeneous_fixed_geometry_beta20_v2_seed_04/uniform_vs_heterogeneous_fixed_geometry_beta20_v2_seed_sweep_seed_04_1618033988/resolved_config.yaml,
1.0,uniform_vs_heterogeneous_fixed_geometry_beta20_v2_seed_04,uniform_vs_heterogeneous_fixed_geometry_beta20_v2_seed_sweep_seed_04_1618033988,heterogeneous_trial_0012,heterogeneous,candidate,12,heterogeneous_fixed_repeated_eval_study,11,completed,,,1234,349346877,1491040069,1209011973,1016424053,20.0,0.2,0.05,0.01,100,distributional_beta,random,5,3.0,equal,3.6484609695429153,74.0,1.0,73.0,KR_minus_GR,136.39973740000278,2026-03-14T08:39:32Z,2026-03-14T08:41:48Z,results/raw/uniform_vs_heterogeneous_fixed_geometry_beta20_v2_seed_04/uniform_vs_heterogeneous_fixed_geometry_beta20_v2_seed_sweep_seed_04_1618033988/resolved_config.yaml,
1.0,uniform_vs_heterogeneous_fixed_geometry_beta20_v2_seed_04,uniform_vs_heterogeneous_fixed_geometry_beta20_v2_seed_sweep_seed_04_1618033988,heterogeneous_trial_0013,heterogeneous,candidate,13,heterogeneous_fixed_repeated_eval_study,12,completed,,,1234,3283383610,2237597193,1484433474,2891514546,20.0,0.2,0.05,0.01,100,distributional_beta,random,5,3.0,equal,3.414326679417383,65.0,1.0,64.0,KR_minus_GR,136.93062240001746,2026-03-14T08:41:48Z,2026-03-14T08:44:05Z,results/raw/uniform_vs_heterogeneous_fixed_geometry_beta20_v2_seed_04/uniform_vs_heterogeneous_fixed_geometry_beta20_v2_seed_sweep_seed_04_1618033988/resolved_config.yaml,
1.0,uniform_vs_heterogeneous_fixed_geometry_beta20_v2_seed_04,uniform_vs_heterogeneous_fixed_geometry_beta20_v2_seed_sweep_seed_04_1618033988,heterogeneous_trial_0014,heterogeneous,candidate,14,heterogeneous_fixed_repeated_eval_study,13,completed,,,1234,1498703894,3051669214,2246098719,4169896274,20.0,0.2,0.05,0.01,100,distributional_beta,random,5,3.0,equal,3.751262305313207,65.0,1.0,64.0,KR_minus_GR,136.83141559991054,2026-03-14T08:44:05Z,2026-03-14T08:46:22Z,results/raw/uniform_vs_heterogeneous_fixed_geometry_beta20_v2_seed_04/uniform_vs_heterogeneous_fixed_geometry_beta20_v2_seed_sweep_seed_04_1618033988/resolved_config.yaml,
1.0,uniform_vs_heterogeneous_fixed_geometry_beta20_v2_seed_04,uniform_vs_heterogeneous_fixed_geometry_beta20_v2_seed_sweep_seed_04_1618033988,heterogeneous_trial_0015,heterogeneous,candidate,15,heterogeneous_fixed_repeated_eval_study,14,completed,,,1234,561358417,1089557608,3730222718,3983881972,20.0,0.2,0.05,0.01,100,distributional_beta,random,5,3.0,equal,3.5075483168912234,66.0,1.0,65.0,KR_minus_GR,136.93762400001287,2026-03-14T08:46:22Z,2026-03-14T08:48:39Z,results/raw/uniform_vs_heterogeneous_fixed_geometry_beta20_v2_seed_04/uniform_vs_heterogeneous_fixed_geometry_beta20_v2_seed_sweep_seed_04_1618033988/resolved_config.yaml,
1.0,uniform_vs_heterogeneous_fixed_geometry_beta20_v2_seed_04,uniform_vs_heterogeneous_fixed_geometry_beta20_v2_seed_sweep_seed_04_1618033988,heterogeneous_trial_0016,heterogeneous,candidate,16,heterogeneous_fixed_repeated_eval_study,15,completed,,,1234,3831752978,140309103,777858740,1495374378,20.0,0.2,0.05,0.01,100,distributional_beta,random,5,3.0,equal,3.9511620662834908,69.0,1.0,68.0,KR_minus_GR,136.62855680007488,2026-03-14T08:48:39Z,2026-03-14T08:50:55Z,results/raw/uniform_vs_heterogeneous_fixed_geometry_beta20_v2_seed_04/uniform_vs_heterogeneous_fixed_geometry_beta20_v2_seed_sweep_seed_04_1618033988/resolved_config.yaml,
1.0,uniform_vs_heterogeneous_fixed_geometry_beta20_v2_seed_04,uniform_vs_heterogeneous_fixed_geometry_beta20_v2_seed_sweep_seed_04_1618033988,heterogeneous_trial_0017,heterogeneous,candidate,17,heterogeneous_fixed_repeated_eval_study,16,completed,,,1234,2310362745,1172260544,2315437138,4249515612,20.0,0.2,0.05,0.01,100,distributional_beta,random,5,3.0,equal,4.233085489179106,63.0,1.0,62.0,KR_minus_GR,136.70958680007607,2026-03-14T08:50:55Z,2026-03-14T08:53:12Z,results/raw/uniform_vs_heterogeneous_fixed_geometry_beta20_v2_seed_04/uniform_vs_heterogeneous_fixed_geometry_beta20_v2_seed_sweep_seed_04_1618033988/resolved_config.yaml,
1.0,uniform_vs_heterogeneous_fixed_geometry_beta20_v2_seed_04,uniform_vs_heterogeneous_fixed_geometry_beta20_v2_seed_sweep_seed_04_1618033988,heterogeneous_trial_0018,heterogeneous,candidate,18,heterogeneous_fixed_repeated_eval_study,17,completed,,,1234,3334406920,2891657080,2180530600,1764607568,20.0,0.2,0.05,0.01,100,distributional_beta,random,5,3.0,equal,4.350110769000471,68.0,1.0,67.0,KR_minus_GR,137.94898419990204,2026-03-14T08:53:12Z,2026-03-14T08:55:30Z,results/raw/uniform_vs_heterogeneous_fixed_geometry_beta20_v2_seed_04/uniform_vs_heterogeneous_fixed_geometry_beta20_v2_seed_sweep_seed_04_1618033988/resolved_config.yaml,
1.0,uniform_vs_heterogeneous_fixed_geometry_beta20_v2_seed_04,uniform_vs_heterogeneous_fixed_geometry_beta20_v2_seed_sweep_seed_04_1618033988,heterogeneous_trial_0019,heterogeneous,candidate,19,heterogeneous_fixed_repeated_eval_study,18,completed,,,1234,1949921660,2190979501,2296498402,2157316045,20.0,0.2,0.05,0.01,100,distributional_beta,random,5,3.0,equal,3.248705457497773,70.0,1.0,69.0,KR_minus_GR,137.22196509991772,2026-03-14T08:55:30Z,2026-03-14T08:57:47Z,results/raw/uniform_vs_heterogeneous_fixed_geometry_beta20_v2_seed_04/uniform_vs_heterogeneous_fixed_geometry_beta20_v2_seed_sweep_seed_04_1618033988/resolved_config.yaml,
1.0,uniform_vs_heterogeneous_fixed_geometry_beta20_v2_seed_04,uniform_vs_heterogeneous_fixed_geometry_beta20_v2_seed_sweep_seed_04_1618033988,heterogeneous_trial_0020,heterogeneous,candidate,20,heterogeneous_fixed_repeated_eval_study,19,completed,,,1234,1240878390,2757162680,1024490212,1811432105,20.0,0.2,0.05,0.01,100,distributional_beta,random,5,3.0,equal,3.446720668126563,76.0,1.0,75.0,KR_minus_GR,136.6227579000406,2026-03-14T08:57:47Z,2026-03-14T09:00:04Z,results/raw/uniform_vs_heterogeneous_fixed_geometry_beta20_v2_seed_04/uniform_vs_heterogeneous_fixed_geometry_beta20_v2_seed_sweep_seed_04_1618033988/resolved_config.yaml,
1.0,uniform_vs_heterogeneous_fixed_geometry_beta20_v2_seed_04,uniform_vs_heterogeneous_fixed_geometry_beta20_v2_seed_sweep_seed_04_1618033988,heterogeneous_trial_0021,heterogeneous,candidate,21,heterogeneous_fixed_repeated_eval_study,20,completed,,,1234,1443379480,235820628,1331743193,3363695144,20.0,0.2,0.05,0.01,100,distributional_beta,random,5,3.0,equal,3.245256418612401,70.0,1.0,69.0,KR_minus_GR,136.46720970002934,2026-03-14T09:00:04Z,2026-03-14T09:02:20Z,results/raw/uniform_vs_heterogeneous_fixed_geometry_beta20_v2_seed_04/uniform_vs_heterogeneous_fixed_geometry_beta20_v2_seed_sweep_seed_04_1618033988/resolved_config.yaml,
1.0,uniform_vs_heterogeneous_fixed_geometry_beta20_v2_seed_04,uniform_vs_heterogeneous_fixed_geometry_beta20_v2_seed_sweep_seed_04_1618033988,heterogeneous_trial_0022,heterogeneous,candidate,22,heterogeneous_fixed_repeated_eval_study,21,completed,,,1234,2612121780,1195119090,3369815799,1373177439,20.0,0.2,0.05,0.01,100,distributional_beta,random,5,3.0,equal,3.4378527328096977,66.0,1.0,65.0,KR_minus_GR,137.00631900015287,2026-03-14T09:02:20Z,2026-03-14T09:04:37Z,results/raw/uniform_vs_heterogeneous_fixed_geometry_beta20_v2_seed_04/uniform_vs_heterogeneous_fixed_geometry_beta20_v2_seed_sweep_seed_04_1618033988/resolved_config.yaml,
1.0,uniform_vs_heterogeneous_fixed_geometry_beta20_v2_seed_04,uniform_vs_heterogeneous_fixed_geometry_beta20_v2_seed_sweep_seed_04_1618033988,heterogeneous_trial_0023,heterogeneous,candidate,23,heterogeneous_fixed_repeated_eval_study,22,completed,,,1234,491212468,639730780,2426936498,1472595924,20.0,0.2,0.05,0.01,100,distributional_beta,random,5,3.0,equal,3.008186680181684,68.0,1.0,67.0,KR_minus_GR,136.50171240000054,2026-03-14T09:04:37Z,2026-03-14T09:06:54Z,results/raw/uniform_vs_heterogeneous_fixed_geometry_beta20_v2_seed_04/uniform_vs_heterogeneous_fixed_geometry_beta20_v2_seed_sweep_seed_04_1618033988/resolved_config.yaml,
1.0,uniform_vs_heterogeneous_fixed_geometry_beta20_v2_seed_04,uniform_vs_heterogeneous_fixed_geometry_beta20_v2_seed_sweep_seed_04_1618033988,heterogeneous_trial_0024,heterogeneous,candidate,24,heterogeneous_fixed_repeated_eval_study,23,completed,,,1234,2936744238,1954826618,216515674,2230279700,20.0,0.2,0.05,0.01,100,distributional_beta,random,5,3.0,equal,3.4440872884496097,72.0,1.0,71.0,KR_minus_GR,137.38484729989432,2026-03-14T09:06:54Z,2026-03-14T09:09:11Z,results/raw/uniform_vs_heterogeneous_fixed_geometry_beta20_v2_seed_04/uniform_vs_heterogeneous_fixed_geometry_beta20_v2_seed_sweep_seed_04_1618033988/resolved_config.yaml,
1.0,uniform_vs_heterogeneous_fixed_geometry_beta20_v2_seed_04,uniform_vs_heterogeneous_fixed_geometry_beta20_v2_seed_sweep_seed_04_1618033988,heterogeneous_trial_0025,heterogeneous,candidate,25,heterogeneous_fixed_repeated_eval_study,24,completed,,,1234,998925781,858011228,1665825923,1633877636,20.0,0.2,0.05,0.01,100,distributional_beta,random,5,3.0,equal,3.562816951294505,61.0,1.0,60.0,KR_minus_GR,137.13933899998665,2026-03-14T09:09:11Z,2026-03-14T09:11:28Z,results/raw/uniform_vs_heterogeneous_fixed_geometry_beta20_v2_seed_04/uniform_vs_heterogeneous_fixed_geometry_beta20_v2_seed_sweep_seed_04_1618033988/resolved_config.yaml,
1.0,uniform_vs_heterogeneous_fixed_geometry_beta20_v2_seed_04,uniform_vs_heterogeneous_fixed_geometry_beta20_v2_seed_sweep_seed_04_1618033988,heterogeneous_trial_0026,heterogeneous,candidate,26,heterogeneous_fixed_repeated_eval_study,25,completed,,,1234,3341645679,457886829,3538871409,3143197333,20.0,0.2,0.05,0.01,100,distributional_beta,random,5,3.0,equal,3.831506065111382,68.0,1.0,67.0,KR_minus_GR,136.8524180999957,2026-03-14T09:11:28Z,2026-03-14T09:13:45Z,results/raw/uniform_vs_heterogeneous_fixed_geometry_beta20_v2_seed_04/uniform_vs_heterogeneous_fixed_geometry_beta20_v2_seed_sweep_seed_04_1618033988/resolved_config.yaml,
1.0,uniform_vs_heterogeneous_fixed_geometry_beta20_v2_seed_04,uniform_vs_heterogeneous_fixed_geometry_beta20_v2_seed_sweep_seed_04_1618033988,heterogeneous_trial_0027,heterogeneous,candidate,27,heterogeneous_fixed_repeated_eval_study,26,completed,,,1234,3770675915,2370894938,3298362815,3393539029,20.0,0.2,0.05,0.01,100,distributional_beta,random,5,3.0,equal,3.5904587308202913,76.0,1.0,75.0,KR_minus_GR,136.79903660016134,2026-03-14T09:13:45Z,2026-03-14T09:16:02Z,results/raw/uniform_vs_heterogeneous_fixed_geometry_beta20_v2_seed_04/uniform_vs_heterogeneous_fixed_geometry_beta20_v2_seed_sweep_seed_04_1618033988/resolved_config.yaml,
1.0,uniform_vs_heterogeneous_fixed_geometry_beta20_v2_seed_04,uniform_vs_heterogeneous_fixed_geometry_beta20_v2_seed_sweep_seed_04_1618033988,heterogeneous_trial_0028,heterogeneous,candidate,28,heterogeneous_fixed_repeated_eval_study,27,completed,,,1234,941057151,1608557929,2356006179,866487982,20.0,0.2,0.05,0.01,100,distributional_beta,random,5,3.0,equal,3.7850805203842484,70.0,1.0,69.0,KR_minus_GR,137.00508640008047,2026-03-14T09:16:02Z,2026-03-14T09:18:19Z,results/raw/uniform_vs_heterogeneous_fixed_geometry_beta20_v2_seed_04/uniform_vs_heterogeneous_fixed_geometry_beta20_v2_seed_sweep_seed_04_1618033988/resolved_config.yaml,
1.0,uniform_vs_heterogeneous_fixed_geometry_beta20_v2_seed_04,uniform_vs_heterogeneous_fixed_geometry_beta20_v2_seed_sweep_seed_04_1618033988,heterogeneous_trial_0029,heterogeneous,candidate,29,heterogeneous_fixed_repeated_eval_study,28,completed,,,1234,2215109747,1487910696,1914032874,882549657,20.0,0.2,0.05,0.01,100,distributional_beta,random,5,3.0,equal,3.438278543456163,70.0,1.0,69.0,KR_minus_GR,137.38505499996245,2026-03-14T09:18:19Z,2026-03-14T09:20:37Z,results/raw/uniform_vs_heterogeneous_fixed_geometry_beta20_v2_seed_04/uniform_vs_heterogeneous_fixed_geometry_beta20_v2_seed_sweep_seed_04_1618033988/resolved_config.yaml,
1.0,uniform_vs_heterogeneous_fixed_geometry_beta20_v2_seed_04,uniform_vs_heterogeneous_fixed_geometry_beta20_v2_seed_sweep_seed_04_1618033988,heterogeneous_trial_0030,heterogeneous,candidate,30,heterogeneous_fixed_repeated_eval_study,29,completed,,,1234,2416810949,3200246158,4282125702,3638646820,20.0,0.2,0.05,0.01,100,distributional_beta,random,5,3.0,equal,3.8020199316175574,76.0,1.0,75.0,KR_minus_GR,136.80636979988776,2026-03-14T09:20:37Z,2026-03-14T09:22:53Z,results/raw/uniform_vs_heterogeneous_fixed_geometry_beta20_v2_seed_04/uniform_vs_heterogeneous_fixed_geometry_beta20_v2_seed_sweep_seed_04_1618033988/resolved_config.yaml,
1.0,uniform_vs_heterogeneous_fixed_geometry_beta20_v2_seed_04,uniform_vs_heterogeneous_fixed_geometry_beta20_v2_seed_sweep_seed_04_1618033988,heterogeneous_trial_0031,heterogeneous,candidate,31,heterogeneous_fixed_repeated_eval_study,30,completed,,,1234,558317995,3659360184,941084673,841854966,20.0,0.2,0.05,0.01,100,distributional_beta,random,5,3.0,equal,3.708841363191218,67.0,1.0,66.0,KR_minus_GR,136.74007790000178,2026-03-14T09:22:53Z,2026-03-14T09:25:10Z,results/raw/uniform_vs_heterogeneous_fixed_geometry_beta20_v2_seed_04/uniform_vs_heterogeneous_fixed_geometry_beta20_v2_seed_sweep_seed_04_1618033988/resolved_config.yaml,
1.0,uniform_vs_heterogeneous_fixed_geometry_beta20_v2_seed_04,uniform_vs_heterogeneous_fixed_geometry_beta20_v2_seed_sweep_seed_04_1618033988,heterogeneous_trial_0032,heterogeneous,candidate,32,heterogeneous_fixed_repeated_eval_study,31,completed,,,1234,2229074049,1163828947,2400508265,263421551,20.0,0.2,0.05,0.01,100,distributional_beta,random,5,3.0,equal,3.9935706189793914,63.0,1.0,62.0,KR_minus_GR,137.86043050000444,2026-03-14T09:25:10Z,2026-03-14T09:27:28Z,results/raw/uniform_vs_heterogeneous_fixed_geometry_beta20_v2_seed_04/uniform_vs_heterogeneous_fixed_geometry_beta20_v2_seed_sweep_seed_04_1618033988/resolved_config.yaml,
1.0,uniform_vs_heterogeneous_fixed_geometry_beta20_v2_seed_04,uniform_vs_heterogeneous_fixed_geometry_beta20_v2_seed_sweep_seed_04_1618033988,heterogeneous_trial_0033,heterogeneous,candidate,33,heterogeneous_fixed_repeated_eval_study,32,completed,,,1234,3632097554,465452834,657304465,2334106207,20.0,0.2,0.05,0.01,100,distributional_beta,random,5,3.0,equal,2.9086104985932493,67.0,1.0,66.0,KR_minus_GR,137.17431470006704,2026-03-14T09:27:28Z,2026-03-14T09:29:45Z,results/raw/uniform_vs_heterogeneous_fixed_geometry_beta20_v2_seed_04/uniform_vs_heterogeneous_fixed_geometry_beta20_v2_seed_sweep_seed_04_1618033988/resolved_config.yaml,
1.0,uniform_vs_heterogeneous_fixed_geometry_beta20_v2_seed_04,uniform_vs_heterogeneous_fixed_geometry_beta20_v2_seed_sweep_seed_04_1618033988,heterogeneous_trial_0034,heterogeneous,candidate,34,heterogeneous_fixed_repeated_eval_study,33,completed,,,1234,2567759408,260932833,1910684027,2129766098,20.0,0.2,0.05,0.01,100,distributional_beta,random,5,3.0,equal,3.0363553911350154,70.0,1.0,69.0,KR_minus_GR,136.73816990014166,2026-03-14T09:29:45Z,2026-03-14T09:32:02Z,results/raw/uniform_vs_heterogeneous_fixed_geometry_beta20_v2_seed_04/uniform_vs_heterogeneous_fixed_geometry_beta20_v2_seed_sweep_seed_04_1618033988/resolved_config.yaml,
1.0,uniform_vs_heterogeneous_fixed_geometry_beta20_v2_seed_04,uniform_vs_heterogeneous_fixed_geometry_beta20_v2_seed_sweep_seed_04_1618033988,heterogeneous_trial_0035,heterogeneous,candidate,35,heterogeneous_fixed_repeated_eval_study,34,completed,,,1234,497034915,2991699869,3440523128,3185962476,20.0,0.2,0.05,0.01,100,distributional_beta,random,5,3.0,equal,3.76969440706432,77.0,1.0,76.0,KR_minus_GR,137.12204000004567,2026-03-14T09:32:02Z,2026-03-14T09:34:19Z,results/raw/uniform_vs_heterogeneous_fixed_geometry_beta20_v2_seed_04/uniform_vs_heterogeneous_fixed_geometry_beta20_v2_seed_sweep_seed_04_1618033988/resolved_config.yaml,
1.0,uniform_vs_heterogeneous_fixed_geometry_beta20_v2_seed_04,uniform_vs_heterogeneous_fixed_geometry_beta20_v2_seed_sweep_seed_04_1618033988,heterogeneous_trial_0036,heterogeneous,candidate,36,heterogeneous_fixed_repeated_eval_study,35,completed,,,1234,1083038525,86752051,1321251118,2003827370,20.0,0.2,0.05,0.01,100,distributional_beta,random,5,3.0,equal,3.1638748349464034,63.0,1.0,62.0,KR_minus_GR,138.30606980016455,2026-03-14T09:34:19Z,2026-03-14T09:36:37Z,results/raw/uniform_vs_heterogeneous_fixed_geometry_beta20_v2_seed_04/uniform_vs_heterogeneous_fixed_geometry_beta20_v2_seed_sweep_seed_04_1618033988/resolved_config.yaml,
1.0,uniform_vs_heterogeneous_fixed_geometry_beta20_v2_seed_04,uniform_vs_heterogeneous_fixed_geometry_beta20_v2_seed_sweep_seed_04_1618033988,heterogeneous_trial_0037,heterogeneous,candidate,37,heterogeneous_fixed_repeated_eval_study,36,completed,,,1234,536348740,3660727062,2092807939,1699839151,20.0,0.2,0.05,0.01,100,distributional_beta,random,5,3.0,equal,2.9546657851926317,74.0,1.0,73.0,KR_minus_GR,137.87532159988768,2026-03-14T09:36:37Z,2026-03-14T09:38:55Z,results/raw/uniform_vs_heterogeneous_fixed_geometry_beta20_v2_seed_04/uniform_vs_heterogeneous_fixed_geometry_beta20_v2_seed_sweep_seed_04_1618033988/resolved_config.yaml,
1.0,uniform_vs_heterogeneous_fixed_geometry_beta20_v2_seed_04,uniform_vs_heterogeneous_fixed_geometry_beta20_v2_seed_sweep_seed_04_1618033988,heterogeneous_trial_0038,heterogeneous,candidate,38,heterogeneous_fixed_repeated_eval_study,37,completed,,,1234,2751935958,2253353761,156623708,1151821820,20.0,0.2,0.05,0.01,100,distributional_beta,random,5,3.0,equal,3.471542703233926,69.0,1.0,68.0,KR_minus_GR,136.66313660005108,2026-03-14T09:38:55Z,2026-03-14T09:41:12Z,results/raw/uniform_vs_heterogeneous_fixed_geometry_beta20_v2_seed_04/uniform_vs_heterogeneous_fixed_geometry_beta20_v2_seed_sweep_seed_04_1618033988/resolved_config.yaml,
1.0,uniform_vs_heterogeneous_fixed_geometry_beta20_v2_seed_04,uniform_vs_heterogeneous_fixed_geometry_beta20_v2_seed_sweep_seed_04_1618033988,heterogeneous_trial_0039,heterogeneous,candidate,39,heterogeneous_fixed_repeated_eval_study,38,completed,,,1234,2602012957,1290416650,1845714525,3064252843,20.0,0.2,0.05,0.01,100,distributional_beta,random,5,3.0,equal,3.5941749691564406,71.0,1.0,70.0,KR_minus_GR,137.77857780014165,2026-03-14T09:41:12Z,2026-03-14T09:43:30Z,results/raw/uniform_vs_heterogeneous_fixed_geometry_beta20_v2_seed_04/uniform_vs_heterogeneous_fixed_geometry_beta20_v2_seed_sweep_seed_04_1618033988/resolved_config.yaml,
1.0,uniform_vs_heterogeneous_fixed_geometry_beta20_v2_seed_04,uniform_vs_heterogeneous_fixed_geometry_beta20_v2_seed_sweep_seed_04_1618033988,heterogeneous_trial_0040,heterogeneous,candidate,40,heterogeneous_fixed_repeated_eval_study,39,completed,,,1234,1907038877,1152328794,4239369196,252778725,20.0,0.2,0.05,0.01,100,distributional_beta,random,5,3.0,equal,3.620875854370997,61.0,1.0,60.0,KR_minus_GR,137.72197750001214,2026-03-14T09:43:30Z,2026-03-14T09:45:47Z,results/raw/uniform_vs_heterogeneous_fixed_geometry_beta20_v2_seed_04/uniform_vs_heterogeneous_fixed_geometry_beta20_v2_seed_sweep_seed_04_1618033988/resolved_config.yaml,
1.0,uniform_vs_heterogeneous_fixed_geometry_beta20_v2_seed_04,uniform_vs_heterogeneous_fixed_geometry_beta20_v2_seed_sweep_seed_04_1618033988,heterogeneous_trial_0041,heterogeneous,candidate,41,heterogeneous_fixed_repeated_eval_study,40,completed,,,1234,1453147537,1062121603,1261227742,2777988245,20.0,0.2,0.05,0.01,100,distributional_beta,random,5,3.0,equal,3.866629638475385,60.0,1.0,59.0,KR_minus_GR,137.12161409994587,2026-03-14T09:45:47Z,2026-03-14T09:48:04Z,results/raw/uniform_vs_heterogeneous_fixed_geometry_beta20_v2_seed_04/uniform_vs_heterogeneous_fixed_geometry_beta20_v2_seed_sweep_seed_04_1618033988/resolved_config.yaml,
1.0,uniform_vs_heterogeneous_fixed_geometry_beta20_v2_seed_04,uniform_vs_heterogeneous_fixed_geometry_beta20_v2_seed_sweep_seed_04_1618033988,heterogeneous_trial_0042,heterogeneous,candidate,42,heterogeneous_fixed_repeated_eval_study,41,completed,,,1234,4114065347,3247853397,2912670184,3565841436,20.0,0.2,0.05,0.01,100,distributional_beta,random,5,3.0,equal,3.126011264802113,69.0,1.0,68.0,KR_minus_GR,136.6886666000355,2026-03-14T09:48:04Z,2026-03-14T09:50:21Z,results/raw/uniform_vs_heterogeneous_fixed_geometry_beta20_v2_seed_04/uniform_vs_heterogeneous_fixed_geometry_beta20_v2_seed_sweep_seed_04_1618033988/resolved_config.yaml,
1.0,uniform_vs_heterogeneous_fixed_geometry_beta20_v2_seed_04,uniform_vs_heterogeneous_fixed_geometry_beta20_v2_seed_sweep_seed_04_1618033988,heterogeneous_trial_0043,heterogeneous,candidate,43,heterogeneous_fixed_repeated_eval_study,42,completed,,,1234,1700135630,2308302346,1114433315,2050136687,20.0,0.2,0.05,0.01,100,distributional_beta,random,5,3.0,equal,3.6740756481661307,61.0,1.0,60.0,KR_minus_GR,136.44123840006068,2026-03-14T09:50:21Z,2026-03-14T09:52:38Z,results/raw/uniform_vs_heterogeneous_fixed_geometry_beta20_v2_seed_04/uniform_vs_heterogeneous_fixed_geometry_beta20_v2_seed_sweep_seed_04_1618033988/resolved_config.yaml,
1.0,uniform_vs_heterogeneous_fixed_geometry_beta20_v2_seed_04,uniform_vs_heterogeneous_fixed_geometry_beta20_v2_seed_sweep_seed_04_1618033988,heterogeneous_trial_0044,heterogeneous,candidate,44,heterogeneous_fixed_repeated_eval_study,43,completed,,,1234,1724648099,2347422777,3495343450,2564459944,20.0,0.2,0.05,0.01,100,distributional_beta,random,5,3.0,equal,3.121951634720898,66.0,1.0,65.0,KR_minus_GR,137.14182329992764,2026-03-14T09:52:38Z,2026-03-14T09:54:55Z,results/raw/uniform_vs_heterogeneous_fixed_geometry_beta20_v2_seed_04/uniform_vs_heterogeneous_fixed_geometry_beta20_v2_seed_sweep_seed_04_1618033988/resolved_config.yaml,
1.0,uniform_vs_heterogeneous_fixed_geometry_beta20_v2_seed_04,uniform_vs_heterogeneous_fixed_geometry_beta20_v2_seed_sweep_seed_04_1618033988,heterogeneous_trial_0045,heterogeneous,candidate,45,heterogeneous_fixed_repeated_eval_study,44,completed,,,1234,102986405,787628727,3848914606,832558653,20.0,0.2,0.05,0.01,100,distributional_beta,random,5,3.0,equal,3.177943680465364,70.0,1.0,69.0,KR_minus_GR,138.5373131998349,2026-03-14T09:54:55Z,2026-03-14T09:57:13Z,results/raw/uniform_vs_heterogeneous_fixed_geometry_beta20_v2_seed_04/uniform_vs_heterogeneous_fixed_geometry_beta20_v2_seed_sweep_seed_04_1618033988/resolved_config.yaml,
1.0,uniform_vs_heterogeneous_fixed_geometry_beta20_v2_seed_04,uniform_vs_heterogeneous_fixed_geometry_beta20_v2_seed_sweep_seed_04_1618033988,heterogeneous_trial_0046,heterogeneous,candidate,46,heterogeneous_fixed_repeated_eval_study,45,completed,,,1234,4170395418,20730319,1753928110,3560832448,20.0,0.2,0.05,0.01,100,distributional_beta,random,5,3.0,equal,3.6030765887026504,72.0,1.0,71.0,KR_minus_GR,137.42325340001844,2026-03-14T09:57:13Z,2026-03-14T09:59:31Z,results/raw/uniform_vs_heterogeneous_fixed_geometry_beta20_v2_seed_04/uniform_vs_heterogeneous_fixed_geometry_beta20_v2_seed_sweep_seed_04_1618033988/resolved_config.yaml,
1.0,uniform_vs_heterogeneous_fixed_geometry_beta20_v2_seed_04,uniform_vs_heterogeneous_fixed_geometry_beta20_v2_seed_sweep_seed_04_1618033988,heterogeneous_trial_0047,heterogeneous,candidate,47,heterogeneous_fixed_repeated_eval_study,46,completed,,,1234,2619905895,947886730,572748979,4293898333,20.0,0.2,0.05,0.01,100,distributional_beta,random,5,3.0,equal,3.692246049175767,70.0,1.0,69.0,KR_minus_GR,136.6509866998531,2026-03-14T09:59:31Z,2026-03-14T10:01:47Z,results/raw/uniform_vs_heterogeneous_fixed_geometry_beta20_v2_seed_04/uniform_vs_heterogeneous_fixed_geometry_beta20_v2_seed_sweep_seed_04_1618033988/resolved_config.yaml,
1.0,uniform_vs_heterogeneous_fixed_geometry_beta20_v2_seed_04,uniform_vs_heterogeneous_fixed_geometry_beta20_v2_seed_sweep_seed_04_1618033988,heterogeneous_trial_0048,heterogeneous,candidate,48,heterogeneous_fixed_repeated_eval_study,47,completed,,,1234,901780484,3179849581,3507244300,2209317771,20.0,0.2,0.05,0.01,100,distributional_beta,random,5,3.0,equal,3.518421803351288,70.0,1.0,69.0,KR_minus_GR,137.33614669996314,2026-03-14T10:01:47Z,2026-03-14T10:04:05Z,results/raw/uniform_vs_heterogeneous_fixed_geometry_beta20_v2_seed_04/uniform_vs_heterogeneous_fixed_geometry_beta20_v2_seed_sweep_seed_04_1618033988/resolved_config.yaml,
1.0,uniform_vs_heterogeneous_fixed_geometry_beta20_v2_seed_04,uniform_vs_heterogeneous_fixed_geometry_beta20_v2_seed_sweep_seed_04_1618033988,heterogeneous_trial_0049,heterogeneous,candidate,49,heterogeneous_fixed_repeated_eval_study,48,completed,,,1234,3731728325,2582231369,1826447489,3359754421,20.0,0.2,0.05,0.01,100,distributional_beta,random,5,3.0,equal,3.2763237451356653,72.0,1.0,71.0,KR_minus_GR,137.64217520016246,2026-03-14T10:04:05Z,2026-03-14T10:06:22Z,results/raw/uniform_vs_heterogeneous_fixed_geometry_beta20_v2_seed_04/uniform_vs_heterogeneous_fixed_geometry_beta20_v2_seed_sweep_seed_04_1618033988/resolved_config.yaml,
1.0,uniform_vs_heterogeneous_fixed_geometry_beta20_v2_seed_04,uniform_vs_heterogeneous_fixed_geometry_beta20_v2_seed_sweep_seed_04_1618033988,heterogeneous_trial_0050,heterogeneous,candidate,50,heterogeneous_fixed_repeated_eval_study,49,completed,,,1234,1593229545,2172363452,3298738234,2180911957,20.0,0.2,0.05,0.01,100,distributional_beta,random,5,3.0,equal,3.379674047026853,65.0,1.0,64.0,KR_minus_GR,136.78830979997292,2026-03-14T10:06:22Z,2026-03-14T10:08:39Z,results/raw/uniform_vs_heterogeneous_fixed_geometry_beta20_v2_seed_04/uniform_vs_heterogeneous_fixed_geometry_beta20_v2_seed_sweep_seed_04_1618033988/resolved_config.yaml,
1.0,uniform_vs_heterogeneous_fixed_geometry_beta20_v2_seed_04,uniform_vs_heterogeneous_fixed_geometry_beta20_v2_seed_sweep_seed_04_1618033988,heterogeneous_trial_0051,heterogeneous,candidate,51,heterogeneous_fixed_repeated_eval_study,50,completed,,,1234,3689829390,1612456305,3962214019,2415336692,20.0,0.2,0.05,0.01,100,distributional_beta,random,5,3.0,equal,3.2560878265071764,65.0,1.0,64.0,KR_minus_GR,136.46876429999247,2026-03-14T10:08:39Z,2026-03-14T10:10:56Z,results/raw/uniform_vs_heterogeneous_fixed_geometry_beta20_v2_seed_04/uniform_vs_heterogeneous_fixed_geometry_beta20_v2_seed_sweep_seed_04_1618033988/resolved_config.yaml,
1.0,uniform_vs_heterogeneous_fixed_geometry_beta20_v2_seed_04,uniform_vs_heterogeneous_fixed_geometry_beta20_v2_seed_sweep_seed_04_1618033988,heterogeneous_trial_0052,heterogeneous,candidate,52,heterogeneous_fixed_repeated_eval_study,51,completed,,,1234,3593424145,1146442990,1214942181,2378316376,20.0,0.2,0.05,0.01,100,distributional_beta,random,5,3.0,equal,3.110532461260413,65.0,1.0,64.0,KR_minus_GR,138.4097333000973,2026-03-14T10:10:56Z,2026-03-14T10:13:14Z,results/raw/uniform_vs_heterogeneous_fixed_geometry_beta20_v2_seed_04/uniform_vs_heterogeneous_fixed_geometry_beta20_v2_seed_sweep_seed_04_1618033988/resolved_config.yaml,
1.0,uniform_vs_heterogeneous_fixed_geometry_beta20_v2_seed_04,uniform_vs_heterogeneous_fixed_geometry_beta20_v2_seed_sweep_seed_04_1618033988,heterogeneous_trial_0053,heterogeneous,candidate,53,heterogeneous_fixed_repeated_eval_study,52,completed,,,1234,3473869916,1800170571,2678034935,1694964817,20.0,0.2,0.05,0.01,100,distributional_beta,random,5,3.0,equal,3.0101846485345614,67.0,1.0,66.0,KR_minus_GR,136.7486123999115,2026-03-14T10:13:14Z,2026-03-14T10:15:31Z,results/raw/uniform_vs_heterogeneous_fixed_geometry_beta20_v2_seed_04/uniform_vs_heterogeneous_fixed_geometry_beta20_v2_seed_sweep_seed_04_1618033988/resolved_config.yaml,
1.0,uniform_vs_heterogeneous_fixed_geometry_beta20_v2_seed_04,uniform_vs_heterogeneous_fixed_geometry_beta20_v2_seed_sweep_seed_04_1618033988,heterogeneous_trial_0054,heterogeneous,candidate,54,heterogeneous_fixed_repeated_eval_study,53,completed,,,1234,1148196959,3048196223,2568168663,4118161365,20.0,0.2,0.05,0.01,100,distributional_beta,random,5,3.0,equal,3.8813534406704386,77.0,1.0,76.0,KR_minus_GR,136.82405409985222,2026-03-14T10:15:31Z,2026-03-14T10:17:48Z,results/raw/uniform_vs_heterogeneous_fixed_geometry_beta20_v2_seed_04/uniform_vs_heterogeneous_fixed_geometry_beta20_v2_seed_sweep_seed_04_1618033988/resolved_config.yaml,
1.0,uniform_vs_heterogeneous_fixed_geometry_beta20_v2_seed_04,uniform_vs_heterogeneous_fixed_geometry_beta20_v2_seed_sweep_seed_04_1618033988,heterogeneous_trial_0055,heterogeneous,candidate,55,heterogeneous_fixed_repeated_eval_study,54,completed,,,1234,4224082481,2220787683,1080824074,1026201492,20.0,0.2,0.05,0.01,100,distributional_beta,random,5,3.0,equal,3.4103821554307356,70.0,1.0,69.0,KR_minus_GR,136.93823209987022,2026-03-14T10:17:48Z,2026-03-14T10:20:05Z,results/raw/uniform_vs_heterogeneous_fixed_geometry_beta20_v2_seed_04/uniform_vs_heterogeneous_fixed_geometry_beta20_v2_seed_sweep_seed_04_1618033988/resolved_config.yaml,
1.0,uniform_vs_heterogeneous_fixed_geometry_beta20_v2_seed_04,uniform_vs_heterogeneous_fixed_geometry_beta20_v2_seed_sweep_seed_04_1618033988,heterogeneous_trial_0056,heterogeneous,candidate,56,heterogeneous_fixed_repeated_eval_study,55,completed,,,1234,1206914384,2754973280,248617575,609683164,20.0,0.2,0.05,0.01,100,distributional_beta,random,5,3.0,equal,3.26992047695016,65.0,1.0,64.0,KR_minus_GR,137.5722272999119,2026-03-14T10:20:05Z,2026-03-14T10:22:22Z,results/raw/uniform_vs_heterogeneous_fixed_geometry_beta20_v2_seed_04/uniform_vs_heterogeneous_fixed_geometry_beta20_v2_seed_sweep_seed_04_1618033988/resolved_config.yaml,
1.0,uniform_vs_heterogeneous_fixed_geometry_beta20_v2_seed_04,uniform_vs_heterogeneous_fixed_geometry_beta20_v2_seed_sweep_seed_04_1618033988,heterogeneous_trial_0057,heterogeneous,candidate,57,heterogeneous_fixed_repeated_eval_study,56,completed,,,1234,765537397,2235196203,641263299,2679013375,20.0,0.2,0.05,0.01,100,distributional_beta,random,5,3.0,equal,4.143061649749491,71.0,1.0,70.0,KR_minus_GR,137.18775009992532,2026-03-14T10:22:22Z,2026-03-14T10:24:39Z,results/raw/uniform_vs_heterogeneous_fixed_geometry_beta20_v2_seed_04/uniform_vs_heterogeneous_fixed_geometry_beta20_v2_seed_sweep_seed_04_1618033988/resolved_config.yaml,
1.0,uniform_vs_heterogeneous_fixed_geometry_beta20_v2_seed_04,uniform_vs_heterogeneous_fixed_geometry_beta20_v2_seed_sweep_seed_04_1618033988,heterogeneous_trial_0058,heterogeneous,candidate,58,heterogeneous_fixed_repeated_eval_study,57,completed,,,1234,1284534340,1611297655,2696863220,1887507662,20.0,0.2,0.05,0.01,100,distributional_beta,random,5,3.0,equal,3.5564489056089705,69.0,1.0,68.0,KR_minus_GR,136.8785017998889,2026-03-14T10:24:39Z,2026-03-14T10:26:56Z,results/raw/uniform_vs_heterogeneous_fixed_geometry_beta20_v2_seed_04/uniform_vs_heterogeneous_fixed_geometry_beta20_v2_seed_sweep_seed_04_1618033988/resolved_config.yaml,
1.0,uniform_vs_heterogeneous_fixed_geometry_beta20_v2_seed_04,uniform_vs_heterogeneous_fixed_geometry_beta20_v2_seed_sweep_seed_04_1618033988,heterogeneous_trial_0059,heterogeneous,candidate,59,heterogeneous_fixed_repeated_eval_study,58,completed,,,1234,3442088377,2466042371,1147842140,194098052,20.0,0.2,0.05,0.01,100,distributional_beta,random,5,3.0,equal,3.3949711517599948,68.0,1.0,67.0,KR_minus_GR,137.21312359999865,2026-03-14T10:26:56Z,2026-03-14T10:29:13Z,results/raw/uniform_vs_heterogeneous_fixed_geometry_beta20_v2_seed_04/uniform_vs_heterogeneous_fixed_geometry_beta20_v2_seed_sweep_seed_04_1618033988/resolved_config.yaml,
1.0,uniform_vs_heterogeneous_fixed_geometry_beta20_v2_seed_04,uniform_vs_heterogeneous_fixed_geometry_beta20_v2_seed_sweep_seed_04_1618033988,heterogeneous_trial_0060,heterogeneous,candidate,60,heterogeneous_fixed_repeated_eval_study,59,completed,,,1234,200858517,2580599979,4071797276,1745725877,20.0,0.2,0.05,0.01,100,distributional_beta,random,5,3.0,equal,3.394844286915036,65.0,1.0,64.0,KR_minus_GR,137.16044980008155,2026-03-14T10:29:13Z,2026-03-14T10:31:31Z,results/raw/uniform_vs_heterogeneous_fixed_geometry_beta20_v2_seed_04/uniform_vs_heterogeneous_fixed_geometry_beta20_v2_seed_sweep_seed_04_1618033988/resolved_config.yaml,
1.0,uniform_vs_heterogeneous_fixed_geometry_beta20_v2_seed_04,uniform_vs_heterogeneous_fixed_geometry_beta20_v2_seed_sweep_seed_04_1618033988,heterogeneous_trial_0061,heterogeneous,candidate,61,heterogeneous_fixed_repeated_eval_study,60,completed,,,1234,2062789657,2556763886,248663992,269655493,20.0,0.2,0.05,0.01,100,distributional_beta,random,5,3.0,equal,3.3560026936438176,74.0,1.0,73.0,KR_minus_GR,137.14841330004856,2026-03-14T10:31:31Z,2026-03-14T10:33:48Z,results/raw/uniform_vs_heterogeneous_fixed_geometry_beta20_v2_seed_04/uniform_vs_heterogeneous_fixed_geometry_beta20_v2_seed_sweep_seed_04_1618033988/resolved_config.yaml,
1.0,uniform_vs_heterogeneous_fixed_geometry_beta20_v2_seed_04,uniform_vs_heterogeneous_fixed_geometry_beta20_v2_seed_sweep_seed_04_1618033988,heterogeneous_trial_0062,heterogeneous,candidate,62,heterogeneous_fixed_repeated_eval_study,61,completed,,,1234,4172613565,3807072352,278400282,1327944775,20.0,0.2,0.05,0.01,100,distributional_beta,random,5,3.0,equal,3.5172379585311693,66.0,1.0,65.0,KR_minus_GR,136.7233806999866,2026-03-14T10:33:48Z,2026-03-14T10:36:04Z,results/raw/uniform_vs_heterogeneous_fixed_geometry_beta20_v2_seed_04/uniform_vs_heterogeneous_fixed_geometry_beta20_v2_seed_sweep_seed_04_1618033988/resolved_config.yaml,
1.0,uniform_vs_heterogeneous_fixed_geometry_beta20_v2_seed_04,uniform_vs_heterogeneous_fixed_geometry_beta20_v2_seed_sweep_seed_04_1618033988,heterogeneous_trial_0063,heterogeneous,candidate,63,heterogeneous_fixed_repeated_eval_study,62,completed,,,1234,1276121373,2633186652,1208436956,3057305679,20.0,0.2,0.05,0.01,100,distributional_beta,random,5,3.0,equal,3.0165578568016813,64.0,1.0,63.0,KR_minus_GR,137.04975190013647,2026-03-14T10:36:04Z,2026-03-14T10:38:21Z,results/raw/uniform_vs_heterogeneous_fixed_geometry_beta20_v2_seed_04/uniform_vs_heterogeneous_fixed_geometry_beta20_v2_seed_sweep_seed_04_1618033988/resolved_config.yaml,
1.0,uniform_vs_heterogeneous_fixed_geometry_beta20_v2_seed_04,uniform_vs_heterogeneous_fixed_geometry_beta20_v2_seed_sweep_seed_04_1618033988,heterogeneous_trial_0064,heterogeneous,candidate,64,heterogeneous_fixed_repeated_eval_study,63,completed,,,1234,1440017167,1168544991,2398094129,2782734475,20.0,0.2,0.05,0.01,100,distributional_beta,random,5,3.0,equal,3.5571684583874763,71.0,1.0,70.0,KR_minus_GR,137.06931960000657,2026-03-14T10:38:21Z,2026-03-14T10:40:39Z,results/raw/uniform_vs_heterogeneous_fixed_geometry_beta20_v2_seed_04/uniform_vs_heterogeneous_fixed_geometry_beta20_v2_seed_sweep_seed_04_1618033988/resolved_config.yaml,
1.0,uniform_vs_heterogeneous_fixed_geometry_beta20_v2_seed_04,uniform_vs_heterogeneous_fixed_geometry_beta20_v2_seed_sweep_seed_04_1618033988,heterogeneous_trial_0065,heterogeneous,candidate,65,heterogeneous_fixed_repeated_eval_study,64,completed,,,1234,4218643165,1933304231,1612812226,3199207145,20.0,0.2,0.05,0.01,100,distributional_beta,random,5,3.0,equal,2.994011515124771,65.0,1.0,64.0,KR_minus_GR,137.20095129986294,2026-03-14T10:40:39Z,2026-03-14T10:42:56Z,results/raw/uniform_vs_heterogeneous_fixed_geometry_beta20_v2_seed_04/uniform_vs_heterogeneous_fixed_geometry_beta20_v2_seed_sweep_seed_04_1618033988/resolved_config.yaml,
1.0,uniform_vs_heterogeneous_fixed_geometry_beta20_v2_seed_04,uniform_vs_heterogeneous_fixed_geometry_beta20_v2_seed_sweep_seed_04_1618033988,heterogeneous_trial_0066,heterogeneous,candidate,66,heterogeneous_fixed_repeated_eval_study,65,completed,,,1234,4089596886,1152943606,1254899408,2905385923,20.0,0.2,0.05,0.01,100,distributional_beta,random,5,3.0,equal,3.1126965039817502,69.0,1.0,68.0,KR_minus_GR,137.09516769996844,2026-03-14T10:42:56Z,2026-03-14T10:45:13Z,results/raw/uniform_vs_heterogeneous_fixed_geometry_beta20_v2_seed_04/uniform_vs_heterogeneous_fixed_geometry_beta20_v2_seed_sweep_seed_04_1618033988/resolved_config.yaml,
1.0,uniform_vs_heterogeneous_fixed_geometry_beta20_v2_seed_04,uniform_vs_heterogeneous_fixed_geometry_beta20_v2_seed_sweep_seed_04_1618033988,heterogeneous_trial_0067,heterogeneous,candidate,67,heterogeneous_fixed_repeated_eval_study,66,completed,,,1234,3864206074,4145502987,355190103,1520129455,20.0,0.2,0.05,0.01,100,distributional_beta,random,5,3.0,equal,3.390792702160898,75.0,1.0,74.0,KR_minus_GR,137.19583040010184,2026-03-14T10:45:13Z,2026-03-14T10:47:30Z,results/raw/uniform_vs_heterogeneous_fixed_geometry_beta20_v2_seed_04/uniform_vs_heterogeneous_fixed_geometry_beta20_v2_seed_sweep_seed_04_1618033988/resolved_config.yaml,
1.0,uniform_vs_heterogeneous_fixed_geometry_beta20_v2_seed_04,uniform_vs_heterogeneous_fixed_geometry_beta20_v2_seed_sweep_seed_04_1618033988,heterogeneous_trial_0068,heterogeneous,candidate,68,heterogeneous_fixed_repeated_eval_study,67,completed,,,1234,1814940456,573314502,4034419572,2324922049,20.0,0.2,0.05,0.01,100,distributional_beta,random,5,3.0,equal,3.6609196618051185,73.0,1.0,72.0,KR_minus_GR,136.44450420001522,2026-03-14T10:47:30Z,2026-03-14T10:49:46Z,results/raw/uniform_vs_heterogeneous_fixed_geometry_beta20_v2_seed_04/uniform_vs_heterogeneous_fixed_geometry_beta20_v2_seed_sweep_seed_04_1618033988/resolved_config.yaml,
1.0,uniform_vs_heterogeneous_fixed_geometry_beta20_v2_seed_04,uniform_vs_heterogeneous_fixed_geometry_beta20_v2_seed_sweep_seed_04_1618033988,heterogeneous_trial_0069,heterogeneous,candidate,69,heterogeneous_fixed_repeated_eval_study,68,completed,,,1234,280574925,3924404988,2779624888,347477365,20.0,0.2,0.05,0.01,100,distributional_beta,random,5,3.0,equal,3.2020436617664183,67.0,1.0,66.0,KR_minus_GR,136.6968059001956,2026-03-14T10:49:46Z,2026-03-14T10:52:03Z,results/raw/uniform_vs_heterogeneous_fixed_geometry_beta20_v2_seed_04/uniform_vs_heterogeneous_fixed_geometry_beta20_v2_seed_sweep_seed_04_1618033988/resolved_config.yaml,
1.0,uniform_vs_heterogeneous_fixed_geometry_beta20_v2_seed_04,uniform_vs_heterogeneous_fixed_geometry_beta20_v2_seed_sweep_seed_04_1618033988,heterogeneous_trial_0070,heterogeneous,candidate,70,heterogeneous_fixed_repeated_eval_study,69,completed,,,1234,1007626570,553560217,2203366789,1587442512,20.0,0.2,0.05,0.01,100,distributional_beta,random,5,3.0,equal,3.610995196539765,67.0,1.0,66.0,KR_minus_GR,137.05621770001017,2026-03-14T10:52:03Z,2026-03-14T10:54:20Z,results/raw/uniform_vs_heterogeneous_fixed_geometry_beta20_v2_seed_04/uniform_vs_heterogeneous_fixed_geometry_beta20_v2_seed_sweep_seed_04_1618033988/resolved_config.yaml,
1.0,uniform_vs_heterogeneous_fixed_geometry_beta20_v2_seed_04,uniform_vs_heterogeneous_fixed_geometry_beta20_v2_seed_sweep_seed_04_1618033988,heterogeneous_trial_0071,heterogeneous,candidate,71,heterogeneous_fixed_repeated_eval_study,70,completed,,,1234,1334685809,2293501008,2153890522,3454368370,20.0,0.2,0.05,0.01,100,distributional_beta,random,5,3.0,equal,3.1077201191633734,78.0,1.0,77.0,KR_minus_GR,137.62461729999632,2026-03-14T10:54:20Z,2026-03-14T10:56:38Z,results/raw/uniform_vs_heterogeneous_fixed_geometry_beta20_v2_seed_04/uniform_vs_heterogeneous_fixed_geometry_beta20_v2_seed_sweep_seed_04_1618033988/resolved_config.yaml,
1.0,uniform_vs_heterogeneous_fixed_geometry_beta20_v2_seed_04,uniform_vs_heterogeneous_fixed_geometry_beta20_v2_seed_sweep_seed_04_1618033988,heterogeneous_trial_0072,heterogeneous,candidate,72,heterogeneous_fixed_repeated_eval_study,71,completed,,,1234,3262028746,1496358111,2205372794,3409719262,20.0,0.2,0.05,0.01,100,distributional_beta,random,5,3.0,equal,3.694469208363659,64.0,1.0,63.0,KR_minus_GR,136.21042979997583,2026-03-14T10:56:38Z,2026-03-14T10:58:54Z,results/raw/uniform_vs_heterogeneous_fixed_geometry_beta20_v2_seed_04/uniform_vs_heterogeneous_fixed_geometry_beta20_v2_seed_sweep_seed_04_1618033988/resolved_config.yaml,
1.0,uniform_vs_heterogeneous_fixed_geometry_beta20_v2_seed_04,uniform_vs_heterogeneous_fixed_geometry_beta20_v2_seed_sweep_seed_04_1618033988,heterogeneous_trial_0073,heterogeneous,candidate,73,heterogeneous_fixed_repeated_eval_study,72,completed,,,1234,315837926,1329903492,1087676025,181678096,20.0,0.2,0.05,0.01,100,distributional_beta,random,5,3.0,equal,3.6663504338242423,79.0,1.0,78.0,KR_minus_GR,137.22201029979624,2026-03-14T10:58:54Z,2026-03-14T11:01:11Z,results/raw/uniform_vs_heterogeneous_fixed_geometry_beta20_v2_seed_04/uniform_vs_heterogeneous_fixed_geometry_beta20_v2_seed_sweep_seed_04_1618033988/resolved_config.yaml,
1.0,uniform_vs_heterogeneous_fixed_geometry_beta20_v2_seed_04,uniform_vs_heterogeneous_fixed_geometry_beta20_v2_seed_sweep_seed_04_1618033988,heterogeneous_trial_0074,heterogeneous,candidate,74,heterogeneous_fixed_repeated_eval_study,73,completed,,,1234,1619525756,892454320,286033652,3401876110,20.0,0.2,0.05,0.01,100,distributional_beta,random,5,3.0,equal,4.219276382814817,64.0,1.0,63.0,KR_minus_GR,137.17290899995714,2026-03-14T11:01:11Z,2026-03-14T11:03:28Z,results/raw/uniform_vs_heterogeneous_fixed_geometry_beta20_v2_seed_04/uniform_vs_heterogeneous_fixed_geometry_beta20_v2_seed_sweep_seed_04_1618033988/resolved_config.yaml,
1.0,uniform_vs_heterogeneous_fixed_geometry_beta20_v2_seed_04,uniform_vs_heterogeneous_fixed_geometry_beta20_v2_seed_sweep_seed_04_1618033988,heterogeneous_trial_0075,heterogeneous,candidate,75,heterogeneous_fixed_repeated_eval_study,74,completed,,,1234,940386928,4277259300,4122687480,2099872261,20.0,0.2,0.05,0.01,100,distributional_beta,random,5,3.0,equal,3.3720358596465485,66.0,1.0,65.0,KR_minus_GR,136.6423213998787,2026-03-14T11:03:28Z,2026-03-14T11:05:45Z,results/raw/uniform_vs_heterogeneous_fixed_geometry_beta20_v2_seed_04/uniform_vs_heterogeneous_fixed_geometry_beta20_v2_seed_sweep_seed_04_1618033988/resolved_config.yaml,
1.0,uniform_vs_heterogeneous_fixed_geometry_beta20_v2_seed_04,uniform_vs_heterogeneous_fixed_geometry_beta20_v2_seed_sweep_seed_04_1618033988,heterogeneous_trial_0076,heterogeneous,candidate,76,heterogeneous_fixed_repeated_eval_study,75,completed,,,1234,2862836678,694776874,3539243271,2311074289,20.0,0.2,0.05,0.01,100,distributional_beta,random,5,3.0,equal,3.7478603140644617,65.0,1.0,64.0,KR_minus_GR,137.0360681999009,2026-03-14T11:05:45Z,2026-03-14T11:08:02Z,results/raw/uniform_vs_heterogeneous_fixed_geometry_beta20_v2_seed_04/uniform_vs_heterogeneous_fixed_geometry_beta20_v2_seed_sweep_seed_04_1618033988/resolved_config.yaml,
1.0,uniform_vs_heterogeneous_fixed_geometry_beta20_v2_seed_04,uniform_vs_heterogeneous_fixed_geometry_beta20_v2_seed_sweep_seed_04_1618033988,heterogeneous_trial_0077,heterogeneous,candidate,77,heterogeneous_fixed_repeated_eval_study,76,completed,,,1234,2278151636,1169045808,4262093853,2476013854,20.0,0.2,0.05,0.01,100,distributional_beta,random,5,3.0,equal,3.2620845393605626,74.0,1.0,73.0,KR_minus_GR,137.14325989992358,2026-03-14T11:08:02Z,2026-03-14T11:10:19Z,results/raw/uniform_vs_heterogeneous_fixed_geometry_beta20_v2_seed_04/uniform_vs_heterogeneous_fixed_geometry_beta20_v2_seed_sweep_seed_04_1618033988/resolved_config.yaml,
1.0,uniform_vs_heterogeneous_fixed_geometry_beta20_v2_seed_04,uniform_vs_heterogeneous_fixed_geometry_beta20_v2_seed_sweep_seed_04_1618033988,heterogeneous_trial_0078,heterogeneous,candidate,78,heterogeneous_fixed_repeated_eval_study,77,completed,,,1234,740591845,4100341623,420942998,29630481,20.0,0.2,0.05,0.01,100,distributional_beta,random,5,3.0,equal,3.723673503223075,70.0,1.0,69.0,KR_minus_GR,136.26570459990762,2026-03-14T11:10:19Z,2026-03-14T11:12:36Z,results/raw/uniform_vs_heterogeneous_fixed_geometry_beta20_v2_seed_04/uniform_vs_heterogeneous_fixed_geometry_beta20_v2_seed_sweep_seed_04_1618033988/resolved_config.yaml,
1.0,uniform_vs_heterogeneous_fixed_geometry_beta20_v2_seed_04,uniform_vs_heterogeneous_fixed_geometry_beta20_v2_seed_sweep_seed_04_1618033988,heterogeneous_trial_0079,heterogeneous,candidate,79,heterogeneous_fixed_repeated_eval_study,78,completed,,,1234,739349512,1657496065,552080929,2995839232,20.0,0.2,0.05,0.01,100,distributional_beta,random,5,3.0,equal,3.09927576002637,69.0,1.0,68.0,KR_minus_GR,136.88241409999318,2026-03-14T11:12:36Z,2026-03-14T11:14:52Z,results/raw/uniform_vs_heterogeneous_fixed_geometry_beta20_v2_seed_04/uniform_vs_heterogeneous_fixed_geometry_beta20_v2_seed_sweep_seed_04_1618033988/resolved_config.yaml,
1.0,uniform_vs_heterogeneous_fixed_geometry_beta20_v2_seed_04,uniform_vs_heterogeneous_fixed_geometry_beta20_v2_seed_sweep_seed_04_1618033988,heterogeneous_trial_0080,heterogeneous,candidate,80,heterogeneous_fixed_repeated_eval_study,79,completed,,,1234,1323919646,3332646679,2403702811,390301169,20.0,0.2,0.05,0.01,100,distributional_beta,random,5,3.0,equal,3.8796118218646325,60.0,1.0,59.0,KR_minus_GR,137.44564380007796,2026-03-14T11:14:52Z,2026-03-14T11:17:10Z,results/raw/uniform_vs_heterogeneous_fixed_geometry_beta20_v2_seed_04/uniform_vs_heterogeneous_fixed_geometry_beta20_v2_seed_sweep_seed_04_1618033988/resolved_config.yaml,
1.0,uniform_vs_heterogeneous_fixed_geometry_beta20_v2_seed_04,uniform_vs_heterogeneous_fixed_geometry_beta20_v2_seed_sweep_seed_04_1618033988,heterogeneous_trial_0081,heterogeneous,candidate,81,heterogeneous_fixed_repeated_eval_study,80,completed,,,1234,3194878246,237065149,1694502857,2305587606,20.0,0.2,0.05,0.01,100,distributional_beta,random,5,3.0,equal,3.7167058537018236,59.0,1.0,58.0,KR_minus_GR,136.67259289999492,2026-03-14T11:17:10Z,2026-03-14T11:19:27Z,results/raw/uniform_vs_heterogeneous_fixed_geometry_beta20_v2_seed_04/uniform_vs_heterogeneous_fixed_geometry_beta20_v2_seed_sweep_seed_04_1618033988/resolved_config.yaml,
1.0,uniform_vs_heterogeneous_fixed_geometry_beta20_v2_seed_04,uniform_vs_heterogeneous_fixed_geometry_beta20_v2_seed_sweep_seed_04_1618033988,heterogeneous_trial_0082,heterogeneous,candidate,82,heterogeneous_fixed_repeated_eval_study,81,completed,,,1234,1980447107,2494224283,1230896977,2166170423,20.0,0.2,0.05,0.01,100,distributional_beta,random,5,3.0,equal,3.1657841896444436,71.0,1.0,70.0,KR_minus_GR,137.653086300008,2026-03-14T11:19:27Z,2026-03-14T11:21:44Z,results/raw/uniform_vs_heterogeneous_fixed_geometry_beta20_v2_seed_04/uniform_vs_heterogeneous_fixed_geometry_beta20_v2_seed_sweep_seed_04_1618033988/resolved_config.yaml,
1.0,uniform_vs_heterogeneous_fixed_geometry_beta20_v2_seed_04,uniform_vs_heterogeneous_fixed_geometry_beta20_v2_seed_sweep_seed_04_1618033988,heterogeneous_trial_0083,heterogeneous,candidate,83,heterogeneous_fixed_repeated_eval_study,82,completed,,,1234,2812225581,3695467298,2724195123,1457605280,20.0,0.2,0.05,0.01,100,distributional_beta,random,5,3.0,equal,3.8240568833410205,75.0,1.0,74.0,KR_minus_GR,137.61721379985102,2026-03-14T11:21:44Z,2026-03-14T11:24:02Z,results/raw/uniform_vs_heterogeneous_fixed_geometry_beta20_v2_seed_04/uniform_vs_heterogeneous_fixed_geometry_beta20_v2_seed_sweep_seed_04_1618033988/resolved_config.yaml,
1.0,uniform_vs_heterogeneous_fixed_geometry_beta20_v2_seed_04,uniform_vs_heterogeneous_fixed_geometry_beta20_v2_seed_sweep_seed_04_1618033988,heterogeneous_trial_0084,heterogeneous,candidate,84,heterogeneous_fixed_repeated_eval_study,83,completed,,,1234,4078116839,3866088774,2385791191,344120996,20.0,0.2,0.05,0.01,100,distributional_beta,random,5,3.0,equal,3.4338973595382853,69.0,1.0,68.0,KR_minus_GR,137.34886649996042,2026-03-14T11:24:02Z,2026-03-14T11:26:19Z,results/raw/uniform_vs_heterogeneous_fixed_geometry_beta20_v2_seed_04/uniform_vs_heterogeneous_fixed_geometry_beta20_v2_seed_sweep_seed_04_1618033988/resolved_config.yaml,
1.0,uniform_vs_heterogeneous_fixed_geometry_beta20_v2_seed_04,uniform_vs_heterogeneous_fixed_geometry_beta20_v2_seed_sweep_seed_04_1618033988,heterogeneous_trial_0085,heterogeneous,candidate,85,heterogeneous_fixed_repeated_eval_study,84,completed,,,1234,360791998,3759787954,2366511329,983022645,20.0,0.2,0.05,0.01,100,distributional_beta,random,5,3.0,equal,3.189180652868978,69.0,1.0,68.0,KR_minus_GR,136.7073037000373,2026-03-14T11:26:19Z,2026-03-14T11:28:36Z,results/raw/uniform_vs_heterogeneous_fixed_geometry_beta20_v2_seed_04/uniform_vs_heterogeneous_fixed_geometry_beta20_v2_seed_sweep_seed_04_1618033988/resolved_config.yaml,
1.0,uniform_vs_heterogeneous_fixed_geometry_beta20_v2_seed_04,uniform_vs_heterogeneous_fixed_geometry_beta20_v2_seed_sweep_seed_04_1618033988,heterogeneous_trial_0086,heterogeneous,candidate,86,heterogeneous_fixed_repeated_eval_study,85,completed,,,1234,2835264557,2730710268,3650938485,3527729869,20.0,0.2,0.05,0.01,100,distributional_beta,random,5,3.0,equal,3.687672659906632,60.0,1.0,59.0,KR_minus_GR,137.05567719996907,2026-03-14T11:28:36Z,2026-03-14T11:30:53Z,results/raw/uniform_vs_heterogeneous_fixed_geometry_beta20_v2_seed_04/uniform_vs_heterogeneous_fixed_geometry_beta20_v2_seed_sweep_seed_04_1618033988/resolved_config.yaml,
1.0,uniform_vs_heterogeneous_fixed_geometry_beta20_v2_seed_04,uniform_vs_heterogeneous_fixed_geometry_beta20_v2_seed_sweep_seed_04_1618033988,heterogeneous_trial_0087,heterogeneous,candidate,87,heterogeneous_fixed_repeated_eval_study,86,completed,,,1234,3600459750,1457513753,2730766268,3902545392,20.0,0.2,0.05,0.01,100,distributional_beta,random,5,3.0,equal,3.1684139947097316,69.0,1.0,68.0,KR_minus_GR,137.67879529995844,2026-03-14T11:30:53Z,2026-03-14T11:33:11Z,results/raw/uniform_vs_heterogeneous_fixed_geometry_beta20_v2_seed_04/uniform_vs_heterogeneous_fixed_geometry_beta20_v2_seed_sweep_seed_04_1618033988/resolved_config.yaml,
1.0,uniform_vs_heterogeneous_fixed_geometry_beta20_v2_seed_04,uniform_vs_heterogeneous_fixed_geometry_beta20_v2_seed_sweep_seed_04_1618033988,heterogeneous_trial_0088,heterogeneous,candidate,88,heterogeneous_fixed_repeated_eval_study,87,completed,,,1234,1640686540,3482870705,371467778,2791047886,20.0,0.2,0.05,0.01,100,distributional_beta,random,5,3.0,equal,3.466322705468076,70.0,1.0,69.0,KR_minus_GR,136.9183865999803,2026-03-14T11:33:11Z,2026-03-14T11:35:28Z,results/raw/uniform_vs_heterogeneous_fixed_geometry_beta20_v2_seed_04/uniform_vs_heterogeneous_fixed_geometry_beta20_v2_seed_sweep_seed_04_1618033988/resolved_config.yaml,
1.0,uniform_vs_heterogeneous_fixed_geometry_beta20_v2_seed_04,uniform_vs_heterogeneous_fixed_geometry_beta20_v2_seed_sweep_seed_04_1618033988,heterogeneous_trial_0089,heterogeneous,candidate,89,heterogeneous_fixed_repeated_eval_study,88,completed,,,1234,1352206775,1373754043,1070700840,2962668715,20.0,0.2,0.05,0.01,100,distributional_beta,random,5,3.0,equal,3.556772602744524,69.0,1.0,68.0,KR_minus_GR,137.3536088000983,2026-03-14T11:35:28Z,2026-03-14T11:37:45Z,results/raw/uniform_vs_heterogeneous_fixed_geometry_beta20_v2_seed_04/uniform_vs_heterogeneous_fixed_geometry_beta20_v2_seed_sweep_seed_04_1618033988/resolved_config.yaml,
1.0,uniform_vs_heterogeneous_fixed_geometry_beta20_v2_seed_04,uniform_vs_heterogeneous_fixed_geometry_beta20_v2_seed_sweep_seed_04_1618033988,heterogeneous_trial_0090,heterogeneous,candidate,90,heterogeneous_fixed_repeated_eval_study,89,completed,,,1234,914693185,2005729848,3915452197,1785167368,20.0,0.2,0.05,0.01,100,distributional_beta,random,5,3.0,equal,3.4739359720239853,67.0,1.0,66.0,KR_minus_GR,137.30317859980278,2026-03-14T11:37:45Z,2026-03-14T11:40:02Z,results/raw/uniform_vs_heterogeneous_fixed_geometry_beta20_v2_seed_04/uniform_vs_heterogeneous_fixed_geometry_beta20_v2_seed_sweep_seed_04_1618033988/resolved_config.yaml,
1.0,uniform_vs_heterogeneous_fixed_geometry_beta20_v2_seed_04,uniform_vs_heterogeneous_fixed_geometry_beta20_v2_seed_sweep_seed_04_1618033988,heterogeneous_trial_0091,heterogeneous,candidate,91,heterogeneous_fixed_repeated_eval_study,90,completed,,,1234,2835750687,3335461984,2390238070,1775676291,20.0,0.2,0.05,0.01,100,distributional_beta,random,5,3.0,equal,3.0130940928521346,68.0,1.0,67.0,KR_minus_GR,136.88449560012668,2026-03-14T11:40:02Z,2026-03-14T11:42:19Z,results/raw/uniform_vs_heterogeneous_fixed_geometry_beta20_v2_seed_04/uniform_vs_heterogeneous_fixed_geometry_beta20_v2_seed_sweep_seed_04_1618033988/resolved_config.yaml,
1.0,uniform_vs_heterogeneous_fixed_geometry_beta20_v2_seed_04,uniform_vs_heterogeneous_fixed_geometry_beta20_v2_seed_sweep_seed_04_1618033988,heterogeneous_trial_0092,heterogeneous,candidate,92,heterogeneous_fixed_repeated_eval_study,91,completed,,,1234,1581587163,3192496834,1238717762,3291872438,20.0,0.2,0.05,0.01,100,distributional_beta,random,5,3.0,equal,3.654120015316215,66.0,1.0,65.0,KR_minus_GR,137.42374110012315,2026-03-14T11:42:19Z,2026-03-14T11:44:37Z,results/raw/uniform_vs_heterogeneous_fixed_geometry_beta20_v2_seed_04/uniform_vs_heterogeneous_fixed_geometry_beta20_v2_seed_sweep_seed_04_1618033988/resolved_config.yaml,
1.0,uniform_vs_heterogeneous_fixed_geometry_beta20_v2_seed_04,uniform_vs_heterogeneous_fixed_geometry_beta20_v2_seed_sweep_seed_04_1618033988,heterogeneous_trial_0093,heterogeneous,candidate,93,heterogeneous_fixed_repeated_eval_study,92,completed,,,1234,1895244887,1831987477,3273327923,576137233,20.0,0.2,0.05,0.01,100,distributional_beta,random,5,3.0,equal,3.6360934854865317,61.0,1.0,60.0,KR_minus_GR,137.91527969995514,2026-03-14T11:44:37Z,2026-03-14T11:46:54Z,results/raw/uniform_vs_heterogeneous_fixed_geometry_beta20_v2_seed_04/uniform_vs_heterogeneous_fixed_geometry_beta20_v2_seed_sweep_seed_04_1618033988/resolved_config.yaml,
1.0,uniform_vs_heterogeneous_fixed_geometry_beta20_v2_seed_04,uniform_vs_heterogeneous_fixed_geometry_beta20_v2_seed_sweep_seed_04_1618033988,heterogeneous_trial_0094,heterogeneous,candidate,94,heterogeneous_fixed_repeated_eval_study,93,completed,,,1234,3214643057,413097942,1713521914,3067444667,20.0,0.2,0.05,0.01,100,distributional_beta,random,5,3.0,equal,3.4345086029487213,72.0,1.0,71.0,KR_minus_GR,137.25590310012922,2026-03-14T11:46:54Z,2026-03-14T11:49:12Z,results/raw/uniform_vs_heterogeneous_fixed_geometry_beta20_v2_seed_04/uniform_vs_heterogeneous_fixed_geometry_beta20_v2_seed_sweep_seed_04_1618033988/resolved_config.yaml,
1.0,uniform_vs_heterogeneous_fixed_geometry_beta20_v2_seed_04,uniform_vs_heterogeneous_fixed_geometry_beta20_v2_seed_sweep_seed_04_1618033988,heterogeneous_trial_0095,heterogeneous,candidate,95,heterogeneous_fixed_repeated_eval_study,94,completed,,,1234,754826404,3914237952,609773082,1829373611,20.0,0.2,0.05,0.01,100,distributional_beta,random,5,3.0,equal,3.6213712741879798,64.0,1.0,63.0,KR_minus_GR,137.51448179990984,2026-03-14T11:49:12Z,2026-03-14T11:51:29Z,results/raw/uniform_vs_heterogeneous_fixed_geometry_beta20_v2_seed_04/uniform_vs_heterogeneous_fixed_geometry_beta20_v2_seed_sweep_seed_04_1618033988/resolved_config.yaml,
1.0,uniform_vs_heterogeneous_fixed_geometry_beta20_v2_seed_04,uniform_vs_heterogeneous_fixed_geometry_beta20_v2_seed_sweep_seed_04_1618033988,heterogeneous_trial_0096,heterogeneous,candidate,96,heterogeneous_fixed_repeated_eval_study,95,completed,,,1234,2430271523,3620614577,1025835085,1464706777,20.0,0.2,0.05,0.01,100,distributional_beta,random,5,3.0,equal,2.9360195970389382,65.0,1.0,64.0,KR_minus_GR,137.42411760007963,2026-03-14T11:51:29Z,2026-03-14T11:53:47Z,results/raw/uniform_vs_heterogeneous_fixed_geometry_beta20_v2_seed_04/uniform_vs_heterogeneous_fixed_geometry_beta20_v2_seed_sweep_seed_04_1618033988/resolved_config.yaml,
1.0,uniform_vs_heterogeneous_fixed_geometry_beta20_v2_seed_04,uniform_vs_heterogeneous_fixed_geometry_beta20_v2_seed_sweep_seed_04_1618033988,heterogeneous_trial_0097,heterogeneous,candidate,97,heterogeneous_fixed_repeated_eval_study,96,completed,,,1234,3021065059,1451849369,3420119044,117322132,20.0,0.2,0.05,0.01,100,distributional_beta,random,5,3.0,equal,3.584487127325582,69.0,1.0,68.0,KR_minus_GR,137.56428360007703,2026-03-14T11:53:47Z,2026-03-14T11:56:04Z,results/raw/uniform_vs_heterogeneous_fixed_geometry_beta20_v2_seed_04/uniform_vs_heterogeneous_fixed_geometry_beta20_v2_seed_sweep_seed_04_1618033988/resolved_config.yaml,
1.0,uniform_vs_heterogeneous_fixed_geometry_beta20_v2_seed_04,uniform_vs_heterogeneous_fixed_geometry_beta20_v2_seed_sweep_seed_04_1618033988,heterogeneous_trial_0098,heterogeneous,candidate,98,heterogeneous_fixed_repeated_eval_study,97,completed,,,1234,295593669,2531581051,807761131,3990610316,20.0,0.2,0.05,0.01,100,distributional_beta,random,5,3.0,equal,4.050168050379426,72.0,1.0,71.0,KR_minus_GR,137.09594119992107,2026-03-14T11:56:04Z,2026-03-14T11:58:21Z,results/raw/uniform_vs_heterogeneous_fixed_geometry_beta20_v2_seed_04/uniform_vs_heterogeneous_fixed_geometry_beta20_v2_seed_sweep_seed_04_1618033988/resolved_config.yaml,
1.0,uniform_vs_heterogeneous_fixed_geometry_beta20_v2_seed_04,uniform_vs_heterogeneous_fixed_geometry_beta20_v2_seed_sweep_seed_04_1618033988,heterogeneous_trial_0099,heterogeneous,candidate,99,heterogeneous_fixed_repeated_eval_study,98,completed,,,1234,4160665652,36835708,2922188162,3105002498,20.0,0.2,0.05,0.01,100,distributional_beta,random,5,3.0,equal,3.6878184536018517,69.0,1.0,68.0,KR_minus_GR,136.75690749986097,2026-03-14T11:58:21Z,2026-03-14T12:00:38Z,results/raw/uniform_vs_heterogeneous_fixed_geometry_beta20_v2_seed_04/uniform_vs_heterogeneous_fixed_geometry_beta20_v2_seed_sweep_seed_04_1618033988/resolved_config.yaml,
1.0,uniform_vs_heterogeneous_fixed_geometry_beta20_v2_seed_04,uniform_vs_heterogeneous_fixed_geometry_beta20_v2_seed_sweep_seed_04_1618033988,heterogeneous_trial_0100,heterogeneous,candidate,100,heterogeneous_fixed_repeated_eval_study,99,completed,,,1234,2272770299,3291017162,751073784,1206079474,20.0,0.2,0.05,0.01,100,distributional_beta,random,5,3.0,equal,3.2764338487575904,69.0,2.0,67.0,KR_minus_GR,139.06288359989412,2026-03-14T12:00:38Z,2026-03-14T12:02:57Z,results/raw/uniform_vs_heterogeneous_fixed_geometry_beta20_v2_seed_04/uniform_vs_heterogeneous_fixed_geometry_beta20_v2_seed_sweep_seed_04_1618033988/resolved_config.yaml,
