gamma,theta,h,Nvirt,m0,KR,GR
0.05,0.2,0.3,50,0.001,0,0
0.05,0.2,0.3,50,0.0014444444444444444,0,0
0.05,0.2,0.3,50,0.001888888888888889,0,0
0.05,0.2,0.3,50,0.0023333333333333335,0,1
0.05,0.2,0.3,50,0.002777777777777778,0,2
0.05,0.2,0.3,50,0.0032222222222222222,0,3
0.05,0.2,0.3,50,0.003666666666666667,0,3
0.05,0.2,0.3,50,0.004111111111111111,1,4
0.05,0.2,0.3,50,0.004555555555555556,1,4
0.05,0.2,0.3,50,0.005,2,5
0.05,0.2,0.3222222222222222,50,0.001,0,0
0.05,0.2,0.3222222222222222,50,0.0014444444444444444,0,0
0.05,0.2,0.3222222222222222,50,0.001888888888888889,0,1
0.05,0.2,0.3222222222222222,50,0.0023333333333333335,0,1
0.05,0.2,0.3222222222222222,50,0.002777777777777778,0,2
0.05,0.2,0.3222222222222222,50,0.0032222222222222222,1,3
0.05,0.2,0.3222222222222222,50,0.003666666666666667,1,3
0.05,0.2,0.3222222222222222,50,0.004111111111111111,2,4
0.05,0.2,0.3222222222222222,50,0.004555555555555556,3,5
0.05,0.2,0.3222222222222222,50,0.005,2,5
0.05,0.2,0.34444444444444444,50,0.001,0,0
0.05,0.2,0.34444444444444444,50,0.0014444444444444444,0,0
0.05,0.2,0.34444444444444444,50,0.001888888888888889,0,1
0.05,0.2,0.34444444444444444,50,0.0023333333333333335,0,2
0.05,0.2,0.34444444444444444,50,0.002777777777777778,0,2
0.05,0.2,0.34444444444444444,50,0.0032222222222222222,0,3
0.05,0.2,0.34444444444444444,50,0.003666666666666667,2,4
0.05,0.2,0.34444444444444444,50,0.004111111111111111,1,5
0.05,0.2,0.34444444444444444,50,0.004555555555555556,2,5
0.05,0.2,0.34444444444444444,50,0.005,3,6
0.05,0.2,0.36666666666666664,50,0.001,0,0
0.05,0.2,0.36666666666666664,50,0.0014444444444444444,0,0
0.05,0.2,0.36666666666666664,50,0.001888888888888889,0,1
0.05,0.2,0.36666666666666664,50,0.0023333333333333335,0,2
0.05,0.2,0.36666666666666664,50,0.002777777777777778,1,3
0.05,0.2,0.36666666666666664,50,0.0032222222222222222,1,3
0.05,0.2,0.36666666666666664,50,0.003666666666666667,1,4
0.05,0.2,0.36666666666666664,50,0.004111111111111111,2,5
0.05,0.2,0.36666666666666664,50,0.004555555555555556,2,5
0.05,0.2,0.36666666666666664,50,0.005,3,6
0.05,0.2,0.3888888888888889,50,0.001,0,0
0.05,0.2,0.3888888888888889,50,0.0014444444444444444,0,0
0.05,0.2,0.3888888888888889,50,0.001888888888888889,0,1
0.05,0.2,0.3888888888888889,50,0.0023333333333333335,0,2
0.05,0.2,0.3888888888888889,50,0.002777777777777778,0,3
0.05,0.2,0.3888888888888889,50,0.0032222222222222222,1,3
0.05,0.2,0.3888888888888889,50,0.003666666666666667,1,5
0.05,0.2,0.3888888888888889,50,0.004111111111111111,2,5
0.05,0.2,0.3888888888888889,50,0.004555555555555556,3,5
0.05,0.2,0.3888888888888889,50,0.005,3,7
0.05,0.2,0.4111111111111111,50,0.001,0,0
0.05,0.2,0.4111111111111111,50,0.0014444444444444444,0,0
0.05,0.2,0.4111111111111111,50,0.001888888888888889,0,1
0.05,0.2,0.4111111111111111,50,0.0023333333333333335,0,3
0.05,0.2,0.4111111111111111,50,0.002777777777777778,1,3
0.05,0.2,0.4111111111111111,50,0.0032222222222222222,1,4
0.05,0.2,0.4111111111111111,50,0.003666666666666667,2,5
0.05,0.2,0.4111111111111111,50,0.004111111111111111,2,4
0.05,0.2,0.4111111111111111,50,0.004555555555555556,2,6
0.05,0.2,0.4111111111111111,50,0.005,3,7
0.05,0.2,0.43333333333333335,50,0.001,0,0
0.05,0.2,0.43333333333333335,50,0.0014444444444444444,0,0
0.05,0.2,0.43333333333333335,50,0.001888888888888889,0,1
0.05,0.2,0.43333333333333335,50,0.0023333333333333335,0,2
0.05,0.2,0.43333333333333335,50,0.002777777777777778,1,3
0.05,0.2,0.43333333333333335,50,0.0032222222222222222,1,4
0.05,0.2,0.43333333333333335,50,0.003666666666666667,2,5
0.05,0.2,0.43333333333333335,50,0.004111111111111111,3,6
0.05,0.2,0.43333333333333335,50,0.004555555555555556,3,6
0.05,0.2,0.43333333333333335,50,0.005,3,8
0.05,0.2,0.45555555555555555,50,0.001,0,0
0.05,0.2,0.45555555555555555,50,0.0014444444444444444,0,0
0.05,0.2,0.45555555555555555,50,0.001888888888888889,0,2
0.05,0.2,0.45555555555555555,50,0.0023333333333333335,0,2
0.05,0.2,0.45555555555555555,50,0.002777777777777778,1,3
0.05,0.2,0.45555555555555555,50,0.0032222222222222222,2,5
0.05,0.2,0.45555555555555555,50,0.003666666666666667,2,5
0.05,0.2,0.45555555555555555,50,0.004111111111111111,3,5
0.05,0.2,0.45555555555555555,50,0.004555555555555556,3,7
0.05,0.2,0.45555555555555555,50,0.005,3,8
0.05,0.2,0.47777777777777775,50,0.001,0,0
0.05,0.2,0.47777777777777775,50,0.0014444444444444444,0,0
0.05,0.2,0.47777777777777775,50,0.001888888888888889,0,1
0.05,0.2,0.47777777777777775,50,0.0023333333333333335,1,3
0.05,0.2,0.47777777777777775,50,0.002777777777777778,1,3
0.05,0.2,0.47777777777777775,50,0.0032222222222222222,2,4
0.05,0.2,0.47777777777777775,50,0.003666666666666667,2,5
0.05,0.2,0.47777777777777775,50,0.004111111111111111,2,5
0.05,0.2,0.47777777777777775,50,0.004555555555555556,2,7
0.05,0.2,0.47777777777777775,50,0.005,3,7
0.05,0.2,0.5,50,0.001,0,0
0.05,0.2,0.5,50,0.0014444444444444444,0,0
0.05,0.2,0.5,50,0.001888888888888889,0,1
0.05,0.2,0.5,50,0.0023333333333333335,0,3
0.05,0.2,0.5,50,0.002777777777777778,1,3
0.05,0.2,0.5,50,0.0032222222222222222,2,4
0.05,0.2,0.5,50,0.003666666666666667,2,5
0.05,0.2,0.5,50,0.004111111111111111,3,6
0.05,0.2,0.5,50,0.004555555555555556,3,8
0.05,0.2,0.5,50,0.005,4,7
0.05,0.22222222222222224,0.3,50,0.001,0,0
0.05,0.22222222222222224,0.3,50,0.0014444444444444444,0,0
0.05,0.22222222222222224,0.3,50,0.001888888888888889,0,0
0.05,0.22222222222222224,0.3,50,0.0023333333333333335,0,0
0.05,0.22222222222222224,0.3,50,0.002777777777777778,0,2
0.05,0.22222222222222224,0.3,50,0.0032222222222222222,0,3
0.05,0.22222222222222224,0.3,50,0.003666666666666667,1,3
0.05,0.22222222222222224,0.3,50,0.004111111111111111,1,5
0.05,0.22222222222222224,0.3,50,0.004555555555555556,2,5
0.05,0.22222222222222224,0.3,50,0.005,3,5
0.05,0.22222222222222224,0.3222222222222222,50,0.001,0,0
0.05,0.22222222222222224,0.3222222222222222,50,0.0014444444444444444,0,0
0.05,0.22222222222222224,0.3222222222222222,50,0.001888888888888889,0,0
0.05,0.22222222222222224,0.3222222222222222,50,0.0023333333333333335,0,2
0.05,0.22222222222222224,0.3222222222222222,50,0.002777777777777778,0,2
0.05,0.22222222222222224,0.3222222222222222,50,0.0032222222222222222,1,3
0.05,0.22222222222222224,0.3222222222222222,50,0.003666666666666667,0,4
0.05,0.22222222222222224,0.3222222222222222,50,0.004111111111111111,1,5
0.05,0.22222222222222224,0.3222222222222222,50,0.004555555555555556,2,5
0.05,0.22222222222222224,0.3222222222222222,50,0.005,3,7
0.05,0.22222222222222224,0.34444444444444444,50,0.001,0,0
0.05,0.22222222222222224,0.34444444444444444,50,0.0014444444444444444,0,0
0.05,0.22222222222222224,0.34444444444444444,50,0.001888888888888889,0,1
0.05,0.22222222222222224,0.34444444444444444,50,0.0023333333333333335,0,1
0.05,0.22222222222222224,0.34444444444444444,50,0.002777777777777778,0,3
0.05,0.22222222222222224,0.34444444444444444,50,0.0032222222222222222,0,3
0.05,0.22222222222222224,0.34444444444444444,50,0.003666666666666667,2,5
0.05,0.22222222222222224,0.34444444444444444,50,0.004111111111111111,1,5
0.05,0.22222222222222224,0.34444444444444444,50,0.004555555555555556,3,6
0.05,0.22222222222222224,0.34444444444444444,50,0.005,3,5
0.05,0.22222222222222224,0.36666666666666664,50,0.001,0,0
0.05,0.22222222222222224,0.36666666666666664,50,0.0014444444444444444,0,0
0.05,0.22222222222222224,0.36666666666666664,50,0.001888888888888889,0,0
0.05,0.22222222222222224,0.36666666666666664,50,0.0023333333333333335,0,2
0.05,0.22222222222222224,0.36666666666666664,50,0.002777777777777778,0,3
0.05,0.22222222222222224,0.36666666666666664,50,0.0032222222222222222,1,3
0.05,0.22222222222222224,0.36666666666666664,50,0.003666666666666667,1,4
0.05,0.22222222222222224,0.36666666666666664,50,0.004111111111111111,1,6
0.05,0.22222222222222224,0.36666666666666664,50,0.004555555555555556,3,7
0.05,0.22222222222222224,0.36666666666666664,50,0.005,3,7
0.05,0.22222222222222224,0.3888888888888889,50,0.001,0,0
0.05,0.22222222222222224,0.3888888888888889,50,0.0014444444444444444,0,0
0.05,0.22222222222222224,0.3888888888888889,50,0.001888888888888889,0,1
0.05,0.22222222222222224,0.3888888888888889,50,0.0023333333333333335,0,2
0.05,0.22222222222222224,0.3888888888888889,50,0.002777777777777778,1,4
0.05,0.22222222222222224,0.3888888888888889,50,0.0032222222222222222,2,4
0.05,0.22222222222222224,0.3888888888888889,50,0.003666666666666667,2,5
0.05,0.22222222222222224,0.3888888888888889,50,0.004111111111111111,3,6
0.05,0.22222222222222224,0.3888888888888889,50,0.004555555555555556,3,6
0.05,0.22222222222222224,0.3888888888888889,50,0.005,4,7
0.05,0.22222222222222224,0.4111111111111111,50,0.001,0,0
0.05,0.22222222222222224,0.4111111111111111,50,0.0014444444444444444,0,0
0.05,0.22222222222222224,0.4111111111111111,50,0.001888888888888889,0,1
0.05,0.22222222222222224,0.4111111111111111,50,0.0023333333333333335,1,2
0.05,0.22222222222222224,0.4111111111111111,50,0.002777777777777778,1,3
0.05,0.22222222222222224,0.4111111111111111,50,0.0032222222222222222,1,4
0.05,0.22222222222222224,0.4111111111111111,50,0.003666666666666667,2,5
0.05,0.22222222222222224,0.4111111111111111,50,0.004111111111111111,3,6
0.05,0.22222222222222224,0.4111111111111111,50,0.004555555555555556,2,5
0.05,0.22222222222222224,0.4111111111111111,50,0.005,3,7
0.05,0.22222222222222224,0.43333333333333335,50,0.001,0,0
0.05,0.22222222222222224,0.43333333333333335,50,0.0014444444444444444,0,0
0.05,0.22222222222222224,0.43333333333333335,50,0.001888888888888889,0,0
0.05,0.22222222222222224,0.43333333333333335,50,0.0023333333333333335,0,3
0.05,0.22222222222222224,0.43333333333333335,50,0.002777777777777778,1,4
0.05,0.22222222222222224,0.43333333333333335,50,0.0032222222222222222,2,5
0.05,0.22222222222222224,0.43333333333333335,50,0.003666666666666667,2,6
0.05,0.22222222222222224,0.43333333333333335,50,0.004111111111111111,2,6
0.05,0.22222222222222224,0.43333333333333335,50,0.004555555555555556,4,7
0.05,0.22222222222222224,0.43333333333333335,50,0.005,3,8
0.05,0.22222222222222224,0.45555555555555555,50,0.001,0,0
0.05,0.22222222222222224,0.45555555555555555,50,0.0014444444444444444,0,0
0.05,0.22222222222222224,0.45555555555555555,50,0.001888888888888889,0,1
0.05,0.22222222222222224,0.45555555555555555,50,0.0023333333333333335,1,3
0.05,0.22222222222222224,0.45555555555555555,50,0.002777777777777778,1,3
0.05,0.22222222222222224,0.45555555555555555,50,0.0032222222222222222,2,5
0.05,0.22222222222222224,0.45555555555555555,50,0.003666666666666667,2,6
0.05,0.22222222222222224,0.45555555555555555,50,0.004111111111111111,3,7
0.05,0.22222222222222224,0.45555555555555555,50,0.004555555555555556,3,7
0.05,0.22222222222222224,0.45555555555555555,50,0.005,4,7
0.05,0.22222222222222224,0.47777777777777775,50,0.001,0,0
0.05,0.22222222222222224,0.47777777777777775,50,0.0014444444444444444,0,0
0.05,0.22222222222222224,0.47777777777777775,50,0.001888888888888889,0,2
0.05,0.22222222222222224,0.47777777777777775,50,0.0023333333333333335,0,3
0.05,0.22222222222222224,0.47777777777777775,50,0.002777777777777778,1,5
0.05,0.22222222222222224,0.47777777777777775,50,0.0032222222222222222,2,5
0.05,0.22222222222222224,0.47777777777777775,50,0.003666666666666667,2,6
0.05,0.22222222222222224,0.47777777777777775,50,0.004111111111111111,4,6
0.05,0.22222222222222224,0.47777777777777775,50,0.004555555555555556,4,7
0.05,0.22222222222222224,0.47777777777777775,50,0.005,4,8
0.05,0.22222222222222224,0.5,50,0.001,0,0
0.05,0.22222222222222224,0.5,50,0.0014444444444444444,0,0
0.05,0.22222222222222224,0.5,50,0.001888888888888889,0,1
0.05,0.22222222222222224,0.5,50,0.0023333333333333335,0,3
0.05,0.22222222222222224,0.5,50,0.002777777777777778,1,4
0.05,0.22222222222222224,0.5,50,0.0032222222222222222,2,5
0.05,0.22222222222222224,0.5,50,0.003666666666666667,3,6
0.05,0.22222222222222224,0.5,50,0.004111111111111111,3,7
0.05,0.22222222222222224,0.5,50,0.004555555555555556,3,7
0.05,0.22222222222222224,0.5,50,0.005,4,8
0.05,0.24444444444444446,0.3,50,0.001,0,0
0.05,0.24444444444444446,0.3,50,0.0014444444444444444,0,0
0.05,0.24444444444444446,0.3,50,0.001888888888888889,0,0
0.05,0.24444444444444446,0.3,50,0.0023333333333333335,0,2
0.05,0.24444444444444446,0.3,50,0.002777777777777778,0,1
0.05,0.24444444444444446,0.3,50,0.0032222222222222222,0,2
0.05,0.24444444444444446,0.3,50,0.003666666666666667,1,4
0.05,0.24444444444444446,0.3,50,0.004111111111111111,1,5
0.05,0.24444444444444446,0.3,50,0.004555555555555556,1,5
0.05,0.24444444444444446,0.3,50,0.005,2,6
0.05,0.24444444444444446,0.3222222222222222,50,0.001,0,0
0.05,0.24444444444444446,0.3222222222222222,50,0.0014444444444444444,0,0
0.05,0.24444444444444446,0.3222222222222222,50,0.001888888888888889,0,1
0.05,0.24444444444444446,0.3222222222222222,50,0.0023333333333333335,0,1
0.05,0.24444444444444446,0.3222222222222222,50,0.002777777777777778,0,2
0.05,0.24444444444444446,0.3222222222222222,50,0.0032222222222222222,1,4
0.05,0.24444444444444446,0.3222222222222222,50,0.003666666666666667,1,4
0.05,0.24444444444444446,0.3222222222222222,50,0.004111111111111111,2,6
0.05,0.24444444444444446,0.3222222222222222,50,0.004555555555555556,2,5
0.05,0.24444444444444446,0.3222222222222222,50,0.005,3,6
0.05,0.24444444444444446,0.34444444444444444,50,0.001,0,0
0.05,0.24444444444444446,0.34444444444444444,50,0.0014444444444444444,0,0
0.05,0.24444444444444446,0.34444444444444444,50,0.001888888888888889,0,0
0.05,0.24444444444444446,0.34444444444444444,50,0.0023333333333333335,0,2
0.05,0.24444444444444446,0.34444444444444444,50,0.002777777777777778,0,2
0.05,0.24444444444444446,0.34444444444444444,50,0.0032222222222222222,0,3
0.05,0.24444444444444446,0.34444444444444444,50,0.003666666666666667,1,5
0.05,0.24444444444444446,0.34444444444444444,50,0.004111111111111111,2,6
0.05,0.24444444444444446,0.34444444444444444,50,0.004555555555555556,3,6
0.05,0.24444444444444446,0.34444444444444444,50,0.005,3,6
0.05,0.24444444444444446,0.36666666666666664,50,0.001,0,0
0.05,0.24444444444444446,0.36666666666666664,50,0.0014444444444444444,0,0
0.05,0.24444444444444446,0.36666666666666664,50,0.001888888888888889,0,0
0.05,0.24444444444444446,0.36666666666666664,50,0.0023333333333333335,0,2
0.05,0.24444444444444446,0.36666666666666664,50,0.002777777777777778,0,4
0.05,0.24444444444444446,0.36666666666666664,50,0.0032222222222222222,1,4
0.05,0.24444444444444446,0.36666666666666664,50,0.003666666666666667,2,6
0.05,0.24444444444444446,0.36666666666666664,50,0.004111111111111111,2,5
0.05,0.24444444444444446,0.36666666666666664,50,0.004555555555555556,2,7
0.05,0.24444444444444446,0.36666666666666664,50,0.005,3,7
0.05,0.24444444444444446,0.3888888888888889,50,0.001,0,0
0.05,0.24444444444444446,0.3888888888888889,50,0.0014444444444444444,0,0
0.05,0.24444444444444446,0.3888888888888889,50,0.001888888888888889,0,2
0.05,0.24444444444444446,0.3888888888888889,50,0.0023333333333333335,1,2
0.05,0.24444444444444446,0.3888888888888889,50,0.002777777777777778,1,3
0.05,0.24444444444444446,0.3888888888888889,50,0.0032222222222222222,2,4
0.05,0.24444444444444446,0.3888888888888889,50,0.003666666666666667,2,6
0.05,0.24444444444444446,0.3888888888888889,50,0.004111111111111111,3,5
0.05,0.24444444444444446,0.3888888888888889,50,0.004555555555555556,4,6
0.05,0.24444444444444446,0.3888888888888889,50,0.005,3,8
0.05,0.24444444444444446,0.4111111111111111,50,0.001,0,0
0.05,0.24444444444444446,0.4111111111111111,50,0.0014444444444444444,0,0
0.05,0.24444444444444446,0.4111111111111111,50,0.001888888888888889,0,1
0.05,0.24444444444444446,0.4111111111111111,50,0.0023333333333333335,0,3
0.05,0.24444444444444446,0.4111111111111111,50,0.002777777777777778,0,3
0.05,0.24444444444444446,0.4111111111111111,50,0.0032222222222222222,1,5
0.05,0.24444444444444446,0.4111111111111111,50,0.003666666666666667,3,6
0.05,0.24444444444444446,0.4111111111111111,50,0.004111111111111111,3,7
0.05,0.24444444444444446,0.4111111111111111,50,0.004555555555555556,4,7
0.05,0.24444444444444446,0.4111111111111111,50,0.005,4,9
0.05,0.24444444444444446,0.43333333333333335,50,0.001,0,0
0.05,0.24444444444444446,0.43333333333333335,50,0.0014444444444444444,0,0
0.05,0.24444444444444446,0.43333333333333335,50,0.001888888888888889,0,2
0.05,0.24444444444444446,0.43333333333333335,50,0.0023333333333333335,0,3
0.05,0.24444444444444446,0.43333333333333335,50,0.002777777777777778,1,4
0.05,0.24444444444444446,0.43333333333333335,50,0.0032222222222222222,2,4
0.05,0.24444444444444446,0.43333333333333335,50,0.003666666666666667,3,6
0.05,0.24444444444444446,0.43333333333333335,50,0.004111111111111111,2,7
0.05,0.24444444444444446,0.43333333333333335,50,0.004555555555555556,3,8
0.05,0.24444444444444446,0.43333333333333335,50,0.005,4,9
0.05,0.24444444444444446,0.45555555555555555,50,0.001,0,0
0.05,0.24444444444444446,0.45555555555555555,50,0.0014444444444444444,0,1
0.05,0.24444444444444446,0.45555555555555555,50,0.001888888888888889,0,3
0.05,0.24444444444444446,0.45555555555555555,50,0.0023333333333333335,1,4
0.05,0.24444444444444446,0.45555555555555555,50,0.002777777777777778,1,4
0.05,0.24444444444444446,0.45555555555555555,50,0.0032222222222222222,2,6
0.05,0.24444444444444446,0.45555555555555555,50,0.003666666666666667,2,5
0.05,0.24444444444444446,0.45555555555555555,50,0.004111111111111111,3,6
0.05,0.24444444444444446,0.45555555555555555,50,0.004555555555555556,4,8
0.05,0.24444444444444446,0.45555555555555555,50,0.005,4,9
0.05,0.24444444444444446,0.47777777777777775,50,0.001,0,0
0.05,0.24444444444444446,0.47777777777777775,50,0.0014444444444444444,0,1
0.05,0.24444444444444446,0.47777777777777775,50,0.001888888888888889,0,2
0.05,0.24444444444444446,0.47777777777777775,50,0.0023333333333333335,1,3
0.05,0.24444444444444446,0.47777777777777775,50,0.002777777777777778,1,5
0.05,0.24444444444444446,0.47777777777777775,50,0.0032222222222222222,1,5
0.05,0.24444444444444446,0.47777777777777775,50,0.003666666666666667,2,6
0.05,0.24444444444444446,0.47777777777777775,50,0.004111111111111111,3,7
0.05,0.24444444444444446,0.47777777777777775,50,0.004555555555555556,3,8
0.05,0.24444444444444446,0.47777777777777775,50,0.005,5,9
0.05,0.24444444444444446,0.5,50,0.001,0,0
0.05,0.24444444444444446,0.5,50,0.0014444444444444444,0,1
0.05,0.24444444444444446,0.5,50,0.001888888888888889,0,1
0.05,0.24444444444444446,0.5,50,0.0023333333333333335,1,4
0.05,0.24444444444444446,0.5,50,0.002777777777777778,2,5
0.05,0.24444444444444446,0.5,50,0.0032222222222222222,2,5
0.05,0.24444444444444446,0.5,50,0.003666666666666667,3,6
0.05,0.24444444444444446,0.5,50,0.004111111111111111,3,7
0.05,0.24444444444444446,0.5,50,0.004555555555555556,5,8
0.05,0.24444444444444446,0.5,50,0.005,5,10
0.05,0.26666666666666666,0.3,50,0.001,0,0
0.05,0.26666666666666666,0.3,50,0.0014444444444444444,0,0
0.05,0.26666666666666666,0.3,50,0.001888888888888889,0,1
0.05,0.26666666666666666,0.3,50,0.0023333333333333335,0,1
0.05,0.26666666666666666,0.3,50,0.002777777777777778,0,3
0.05,0.26666666666666666,0.3,50,0.0032222222222222222,0,4
0.05,0.26666666666666666,0.3,50,0.003666666666666667,1,5
0.05,0.26666666666666666,0.3,50,0.004111111111111111,1,6
0.05,0.26666666666666666,0.3,50,0.004555555555555556,2,6
0.05,0.26666666666666666,0.3,50,0.005,2,6
0.05,0.26666666666666666,0.3222222222222222,50,0.001,0,0
0.05,0.26666666666666666,0.3222222222222222,50,0.0014444444444444444,0,0
0.05,0.26666666666666666,0.3222222222222222,50,0.001888888888888889,0,0
0.05,0.26666666666666666,0.3222222222222222,50,0.0023333333333333335,0,2
0.05,0.26666666666666666,0.3222222222222222,50,0.002777777777777778,0,3
0.05,0.26666666666666666,0.3222222222222222,50,0.0032222222222222222,0,4
0.05,0.26666666666666666,0.3222222222222222,50,0.003666666666666667,1,5
0.05,0.26666666666666666,0.3222222222222222,50,0.004111111111111111,1,7
0.05,0.26666666666666666,0.3222222222222222,50,0.004555555555555556,2,6
0.05,0.26666666666666666,0.3222222222222222,50,0.005,3,7
0.05,0.26666666666666666,0.34444444444444444,50,0.001,0,0
0.05,0.26666666666666666,0.34444444444444444,50,0.0014444444444444444,0,0
0.05,0.26666666666666666,0.34444444444444444,50,0.001888888888888889,0,0
0.05,0.26666666666666666,0.34444444444444444,50,0.0023333333333333335,0,2
0.05,0.26666666666666666,0.34444444444444444,50,0.002777777777777778,0,4
0.05,0.26666666666666666,0.34444444444444444,50,0.0032222222222222222,1,5
0.05,0.26666666666666666,0.34444444444444444,50,0.003666666666666667,2,6
0.05,0.26666666666666666,0.34444444444444444,50,0.004111111111111111,2,6
0.05,0.26666666666666666,0.34444444444444444,50,0.004555555555555556,3,8
0.05,0.26666666666666666,0.34444444444444444,50,0.005,3,8
0.05,0.26666666666666666,0.36666666666666664,50,0.001,0,0
0.05,0.26666666666666666,0.36666666666666664,50,0.0014444444444444444,0,0
0.05,0.26666666666666666,0.36666666666666664,50,0.001888888888888889,0,1
0.05,0.26666666666666666,0.36666666666666664,50,0.0023333333333333335,0,3
0.05,0.26666666666666666,0.36666666666666664,50,0.002777777777777778,0,3
0.05,0.26666666666666666,0.36666666666666664,50,0.0032222222222222222,1,5
0.05,0.26666666666666666,0.36666666666666664,50,0.003666666666666667,3,5
0.05,0.26666666666666666,0.36666666666666664,50,0.004111111111111111,2,6
0.05,0.26666666666666666,0.36666666666666664,50,0.004555555555555556,3,7
0.05,0.26666666666666666,0.36666666666666664,50,0.005,4,8
0.05,0.26666666666666666,0.3888888888888889,50,0.001,0,0
0.05,0.26666666666666666,0.3888888888888889,50,0.0014444444444444444,0,0
0.05,0.26666666666666666,0.3888888888888889,50,0.001888888888888889,0,1
0.05,0.26666666666666666,0.3888888888888889,50,0.0023333333333333335,0,2
0.05,0.26666666666666666,0.3888888888888889,50,0.002777777777777778,1,4
0.05,0.26666666666666666,0.3888888888888889,50,0.0032222222222222222,1,5
0.05,0.26666666666666666,0.3888888888888889,50,0.003666666666666667,2,6
0.05,0.26666666666666666,0.3888888888888889,50,0.004111111111111111,3,7
0.05,0.26666666666666666,0.3888888888888889,50,0.004555555555555556,4,8
0.05,0.26666666666666666,0.3888888888888889,50,0.005,4,9
0.05,0.26666666666666666,0.4111111111111111,50,0.001,0,0
0.05,0.26666666666666666,0.4111111111111111,50,0.0014444444444444444,0,0
0.05,0.26666666666666666,0.4111111111111111,50,0.001888888888888889,0,2
0.05,0.26666666666666666,0.4111111111111111,50,0.0023333333333333335,0,3
0.05,0.26666666666666666,0.4111111111111111,50,0.002777777777777778,1,4
0.05,0.26666666666666666,0.4111111111111111,50,0.0032222222222222222,2,7
0.05,0.26666666666666666,0.4111111111111111,50,0.003666666666666667,3,5
0.05,0.26666666666666666,0.4111111111111111,50,0.004111111111111111,3,7
0.05,0.26666666666666666,0.4111111111111111,50,0.004555555555555556,3,8
0.05,0.26666666666666666,0.4111111111111111,50,0.005,6,9
0.05,0.26666666666666666,0.43333333333333335,50,0.001,0,0
0.05,0.26666666666666666,0.43333333333333335,50,0.0014444444444444444,0,0
0.05,0.26666666666666666,0.43333333333333335,50,0.001888888888888889,0,1
0.05,0.26666666666666666,0.43333333333333335,50,0.0023333333333333335,0,3
0.05,0.26666666666666666,0.43333333333333335,50,0.002777777777777778,1,4
0.05,0.26666666666666666,0.43333333333333335,50,0.0032222222222222222,1,5
0.05,0.26666666666666666,0.43333333333333335,50,0.003666666666666667,2,7
0.05,0.26666666666666666,0.43333333333333335,50,0.004111111111111111,4,7
0.05,0.26666666666666666,0.43333333333333335,50,0.004555555555555556,4,8
0.05,0.26666666666666666,0.43333333333333335,50,0.005,5,10
0.05,0.26666666666666666,0.45555555555555555,50,0.001,0,0
0.05,0.26666666666666666,0.45555555555555555,50,0.0014444444444444444,0,0
0.05,0.26666666666666666,0.45555555555555555,50,0.001888888888888889,0,2
0.05,0.26666666666666666,0.45555555555555555,50,0.0023333333333333335,0,4
0.05,0.26666666666666666,0.45555555555555555,50,0.002777777777777778,1,5
0.05,0.26666666666666666,0.45555555555555555,50,0.0032222222222222222,3,6
0.05,0.26666666666666666,0.45555555555555555,50,0.003666666666666667,3,6
0.05,0.26666666666666666,0.45555555555555555,50,0.004111111111111111,3,8
0.05,0.26666666666666666,0.45555555555555555,50,0.004555555555555556,4,9
0.05,0.26666666666666666,0.45555555555555555,50,0.005,5,9
0.05,0.26666666666666666,0.47777777777777775,50,0.001,0,0
0.05,0.26666666666666666,0.47777777777777775,50,0.0014444444444444444,0,1
0.05,0.26666666666666666,0.47777777777777775,50,0.001888888888888889,0,2
0.05,0.26666666666666666,0.47777777777777775,50,0.0023333333333333335,1,4
0.05,0.26666666666666666,0.47777777777777775,50,0.002777777777777778,1,5
0.05,0.26666666666666666,0.47777777777777775,50,0.0032222222222222222,3,6
0.05,0.26666666666666666,0.47777777777777775,50,0.003666666666666667,3,7
0.05,0.26666666666666666,0.47777777777777775,50,0.004111111111111111,3,8
0.05,0.26666666666666666,0.47777777777777775,50,0.004555555555555556,5,9
0.05,0.26666666666666666,0.47777777777777775,50,0.005,5,10
0.05,0.26666666666666666,0.5,50,0.001,0,0
0.05,0.26666666666666666,0.5,50,0.0014444444444444444,0,1
0.05,0.26666666666666666,0.5,50,0.001888888888888889,0,3
0.05,0.26666666666666666,0.5,50,0.0023333333333333335,0,3
0.05,0.26666666666666666,0.5,50,0.002777777777777778,1,4
0.05,0.26666666666666666,0.5,50,0.0032222222222222222,1,7
0.05,0.26666666666666666,0.5,50,0.003666666666666667,2,7
0.05,0.26666666666666666,0.5,50,0.004111111111111111,4,8
0.05,0.26666666666666666,0.5,50,0.004555555555555556,4,9
0.05,0.26666666666666666,0.5,50,0.005,5,10
0.05,0.2888888888888889,0.3,50,0.001,0,0
0.05,0.2888888888888889,0.3,50,0.0014444444444444444,0,0
0.05,0.2888888888888889,0.3,50,0.001888888888888889,0,0
0.05,0.2888888888888889,0.3,50,0.0023333333333333335,0,2
0.05,0.2888888888888889,0.3,50,0.002777777777777778,0,3
0.05,0.2888888888888889,0.3,50,0.0032222222222222222,0,4
0.05,0.2888888888888889,0.3,50,0.003666666666666667,0,4
0.05,0.2888888888888889,0.3,50,0.004111111111111111,1,6
0.05,0.2888888888888889,0.3,50,0.004555555555555556,3,6
0.05,0.2888888888888889,0.3,50,0.005,3,6
0.05,0.2888888888888889,0.3222222222222222,50,0.001,0,0
0.05,0.2888888888888889,0.3222222222222222,50,0.0014444444444444444,0,0
0.05,0.2888888888888889,0.3222222222222222,50,0.001888888888888889,0,0
0.05,0.2888888888888889,0.3222222222222222,50,0.0023333333333333335,0,2
0.05,0.2888888888888889,0.3222222222222222,50,0.002777777777777778,0,4
0.05,0.2888888888888889,0.3222222222222222,50,0.0032222222222222222,0,4
0.05,0.2888888888888889,0.3222222222222222,50,0.003666666666666667,1,5
0.05,0.2888888888888889,0.3222222222222222,50,0.004111111111111111,2,6
0.05,0.2888888888888889,0.3222222222222222,50,0.004555555555555556,3,8
0.05,0.2888888888888889,0.3222222222222222,50,0.005,4,8
0.05,0.2888888888888889,0.34444444444444444,50,0.001,0,0
0.05,0.2888888888888889,0.34444444444444444,50,0.0014444444444444444,0,0
0.05,0.2888888888888889,0.34444444444444444,50,0.001888888888888889,0,1
0.05,0.2888888888888889,0.34444444444444444,50,0.0023333333333333335,0,3
0.05,0.2888888888888889,0.34444444444444444,50,0.002777777777777778,1,3
0.05,0.2888888888888889,0.34444444444444444,50,0.0032222222222222222,2,5
0.05,0.2888888888888889,0.34444444444444444,50,0.003666666666666667,2,6
0.05,0.2888888888888889,0.34444444444444444,50,0.004111111111111111,2,7
0.05,0.2888888888888889,0.34444444444444444,50,0.004555555555555556,4,7
0.05,0.2888888888888889,0.34444444444444444,50,0.005,4,8
0.05,0.2888888888888889,0.36666666666666664,50,0.001,0,0
0.05,0.2888888888888889,0.36666666666666664,50,0.0014444444444444444,0,0
0.05,0.2888888888888889,0.36666666666666664,50,0.001888888888888889,0,1
0.05,0.2888888888888889,0.36666666666666664,50,0.0023333333333333335,0,2
0.05,0.2888888888888889,0.36666666666666664,50,0.002777777777777778,1,4
0.05,0.2888888888888889,0.36666666666666664,50,0.0032222222222222222,1,5
0.05,0.2888888888888889,0.36666666666666664,50,0.003666666666666667,2,5
0.05,0.2888888888888889,0.36666666666666664,50,0.004111111111111111,3,7
0.05,0.2888888888888889,0.36666666666666664,50,0.004555555555555556,3,8
0.05,0.2888888888888889,0.36666666666666664,50,0.005,4,9
0.05,0.2888888888888889,0.3888888888888889,50,0.001,0,0
0.05,0.2888888888888889,0.3888888888888889,50,0.0014444444444444444,0,0
0.05,0.2888888888888889,0.3888888888888889,50,0.001888888888888889,0,2
0.05,0.2888888888888889,0.3888888888888889,50,0.0023333333333333335,0,3
0.05,0.2888888888888889,0.3888888888888889,50,0.002777777777777778,0,4
0.05,0.2888888888888889,0.3888888888888889,50,0.0032222222222222222,2,6
0.05,0.2888888888888889,0.3888888888888889,50,0.003666666666666667,3,6
0.05,0.2888888888888889,0.3888888888888889,50,0.004111111111111111,3,7
0.05,0.2888888888888889,0.3888888888888889,50,0.004555555555555556,4,9
0.05,0.2888888888888889,0.3888888888888889,50,0.005,4,9
0.05,0.2888888888888889,0.4111111111111111,50,0.001,0,0
0.05,0.2888888888888889,0.4111111111111111,50,0.0014444444444444444,0,0
0.05,0.2888888888888889,0.4111111111111111,50,0.001888888888888889,0,1
0.05,0.2888888888888889,0.4111111111111111,50,0.0023333333333333335,0,3
0.05,0.2888888888888889,0.4111111111111111,50,0.002777777777777778,1,3
0.05,0.2888888888888889,0.4111111111111111,50,0.0032222222222222222,2,6
0.05,0.2888888888888889,0.4111111111111111,50,0.003666666666666667,3,7
0.05,0.2888888888888889,0.4111111111111111,50,0.004111111111111111,3,8
0.05,0.2888888888888889,0.4111111111111111,50,0.004555555555555556,4,9
0.05,0.2888888888888889,0.4111111111111111,50,0.005,4,9
0.05,0.2888888888888889,0.43333333333333335,50,0.001,0,0
0.05,0.2888888888888889,0.43333333333333335,50,0.0014444444444444444,0,1
0.05,0.2888888888888889,0.43333333333333335,50,0.001888888888888889,0,3
0.05,0.2888888888888889,0.43333333333333335,50,0.0023333333333333335,0,3
0.05,0.2888888888888889,0.43333333333333335,50,0.002777777777777778,1,4
0.05,0.2888888888888889,0.43333333333333335,50,0.0032222222222222222,2,6
0.05,0.2888888888888889,0.43333333333333335,50,0.003666666666666667,3,8
0.05,0.2888888888888889,0.43333333333333335,50,0.004111111111111111,3,9
0.05,0.2888888888888889,0.43333333333333335,50,0.004555555555555556,4,9
0.05,0.2888888888888889,0.43333333333333335,50,0.005,6,11
0.05,0.2888888888888889,0.45555555555555555,50,0.001,0,0
0.05,0.2888888888888889,0.45555555555555555,50,0.0014444444444444444,0,0
0.05,0.2888888888888889,0.45555555555555555,50,0.001888888888888889,0,2
0.05,0.2888888888888889,0.45555555555555555,50,0.0023333333333333335,1,4
0.05,0.2888888888888889,0.45555555555555555,50,0.002777777777777778,1,6
0.05,0.2888888888888889,0.45555555555555555,50,0.0032222222222222222,2,5
0.05,0.2888888888888889,0.45555555555555555,50,0.003666666666666667,2,8
0.05,0.2888888888888889,0.45555555555555555,50,0.004111111111111111,4,8
0.05,0.2888888888888889,0.45555555555555555,50,0.004555555555555556,4,10
0.05,0.2888888888888889,0.45555555555555555,50,0.005,5,10
0.05,0.2888888888888889,0.47777777777777775,50,0.001,0,0
0.05,0.2888888888888889,0.47777777777777775,50,0.0014444444444444444,0,0
0.05,0.2888888888888889,0.47777777777777775,50,0.001888888888888889,0,2
0.05,0.2888888888888889,0.47777777777777775,50,0.0023333333333333335,0,4
0.05,0.2888888888888889,0.47777777777777775,50,0.002777777777777778,1,5
0.05,0.2888888888888889,0.47777777777777775,50,0.0032222222222222222,2,7
0.05,0.2888888888888889,0.47777777777777775,50,0.003666666666666667,3,8
0.05,0.2888888888888889,0.47777777777777775,50,0.004111111111111111,5,9
0.05,0.2888888888888889,0.47777777777777775,50,0.004555555555555556,4,10
0.05,0.2888888888888889,0.47777777777777775,50,0.005,4,10
0.05,0.2888888888888889,0.5,50,0.001,0,0
0.05,0.2888888888888889,0.5,50,0.0014444444444444444,0,0
0.05,0.2888888888888889,0.5,50,0.001888888888888889,0,3
0.05,0.2888888888888889,0.5,50,0.0023333333333333335,0,4
0.05,0.2888888888888889,0.5,50,0.002777777777777778,1,4
0.05,0.2888888888888889,0.5,50,0.0032222222222222222,3,7
0.05,0.2888888888888889,0.5,50,0.003666666666666667,4,8
0.05,0.2888888888888889,0.5,50,0.004111111111111111,4,9
0.05,0.2888888888888889,0.5,50,0.004555555555555556,4,10
0.05,0.2888888888888889,0.5,50,0.005,5,10
0.05,0.3111111111111111,0.3,50,0.001,0,0
0.05,0.3111111111111111,0.3,50,0.0014444444444444444,0,0
0.05,0.3111111111111111,0.3,50,0.001888888888888889,0,0
0.05,0.3111111111111111,0.3,50,0.0023333333333333335,0,2
0.05,0.3111111111111111,0.3,50,0.002777777777777778,0,3
0.05,0.3111111111111111,0.3,50,0.0032222222222222222,1,4
0.05,0.3111111111111111,0.3,50,0.003666666666666667,2,5
0.05,0.3111111111111111,0.3,50,0.004111111111111111,2,6
0.05,0.3111111111111111,0.3,50,0.004555555555555556,3,7
0.05,0.3111111111111111,0.3,50,0.005,4,8
0.05,0.3111111111111111,0.3222222222222222,50,0.001,0,0
0.05,0.3111111111111111,0.3222222222222222,50,0.0014444444444444444,0,0
0.05,0.3111111111111111,0.3222222222222222,50,0.001888888888888889,0,1
0.05,0.3111111111111111,0.3222222222222222,50,0.0023333333333333335,0,2
0.05,0.3111111111111111,0.3222222222222222,50,0.002777777777777778,0,3
0.05,0.3111111111111111,0.3222222222222222,50,0.0032222222222222222,1,4
0.05,0.3111111111111111,0.3222222222222222,50,0.003666666666666667,1,6
0.05,0.3111111111111111,0.3222222222222222,50,0.004111111111111111,2,7
0.05,0.3111111111111111,0.3222222222222222,50,0.004555555555555556,4,8
0.05,0.3111111111111111,0.3222222222222222,50,0.005,3,7
0.05,0.3111111111111111,0.34444444444444444,50,0.001,0,0
0.05,0.3111111111111111,0.34444444444444444,50,0.0014444444444444444,0,0
0.05,0.3111111111111111,0.34444444444444444,50,0.001888888888888889,0,1
0.05,0.3111111111111111,0.34444444444444444,50,0.0023333333333333335,0,3
0.05,0.3111111111111111,0.34444444444444444,50,0.002777777777777778,0,4
0.05,0.3111111111111111,0.34444444444444444,50,0.0032222222222222222,1,5
0.05,0.3111111111111111,0.34444444444444444,50,0.003666666666666667,2,6
0.05,0.3111111111111111,0.34444444444444444,50,0.004111111111111111,3,7
0.05,0.3111111111111111,0.34444444444444444,50,0.004555555555555556,3,8
0.05,0.3111111111111111,0.34444444444444444,50,0.005,4,9
0.05,0.3111111111111111,0.36666666666666664,50,0.001,0,0
0.05,0.3111111111111111,0.36666666666666664,50,0.0014444444444444444,0,0
0.05,0.3111111111111111,0.36666666666666664,50,0.001888888888888889,0,1
0.05,0.3111111111111111,0.36666666666666664,50,0.0023333333333333335,0,4
0.05,0.3111111111111111,0.36666666666666664,50,0.002777777777777778,0,4
0.05,0.3111111111111111,0.36666666666666664,50,0.0032222222222222222,1,5
0.05,0.3111111111111111,0.36666666666666664,50,0.003666666666666667,2,6
0.05,0.3111111111111111,0.36666666666666664,50,0.004111111111111111,3,7
0.05,0.3111111111111111,0.36666666666666664,50,0.004555555555555556,4,8
0.05,0.3111111111111111,0.36666666666666664,50,0.005,4,10
0.05,0.3111111111111111,0.3888888888888889,50,0.001,0,0
0.05,0.3111111111111111,0.3888888888888889,50,0.0014444444444444444,0,0
0.05,0.3111111111111111,0.3888888888888889,50,0.001888888888888889,0,2
0.05,0.3111111111111111,0.3888888888888889,50,0.0023333333333333335,0,4
0.05,0.3111111111111111,0.3888888888888889,50,0.002777777777777778,0,4
0.05,0.3111111111111111,0.3888888888888889,50,0.0032222222222222222,1,6
0.05,0.3111111111111111,0.3888888888888889,50,0.003666666666666667,2,7
0.05,0.3111111111111111,0.3888888888888889,50,0.004111111111111111,3,8
0.05,0.3111111111111111,0.3888888888888889,50,0.004555555555555556,4,10
0.05,0.3111111111111111,0.3888888888888889,50,0.005,5,10
0.05,0.3111111111111111,0.4111111111111111,50,0.001,0,0
0.05,0.3111111111111111,0.4111111111111111,50,0.0014444444444444444,0,0
0.05,0.3111111111111111,0.4111111111111111,50,0.001888888888888889,0,2
0.05,0.3111111111111111,0.4111111111111111,50,0.0023333333333333335,1,3
0.05,0.3111111111111111,0.4111111111111111,50,0.002777777777777778,1,4
0.05,0.3111111111111111,0.4111111111111111,50,0.0032222222222222222,2,6
0.05,0.3111111111111111,0.4111111111111111,50,0.003666666666666667,2,7
0.05,0.3111111111111111,0.4111111111111111,50,0.004111111111111111,4,8
0.05,0.3111111111111111,0.4111111111111111,50,0.004555555555555556,5,9
0.05,0.3111111111111111,0.4111111111111111,50,0.005,5,10
0.05,0.3111111111111111,0.43333333333333335,50,0.001,0,0
0.05,0.3111111111111111,0.43333333333333335,50,0.0014444444444444444,0,0
0.05,0.3111111111111111,0.43333333333333335,50,0.001888888888888889,0,3
0.05,0.3111111111111111,0.43333333333333335,50,0.0023333333333333335,1,4
0.05,0.3111111111111111,0.43333333333333335,50,0.002777777777777778,2,6
0.05,0.3111111111111111,0.43333333333333335,50,0.0032222222222222222,2,6
0.05,0.3111111111111111,0.43333333333333335,50,0.003666666666666667,3,7
0.05,0.3111111111111111,0.43333333333333335,50,0.004111111111111111,4,8
0.05,0.3111111111111111,0.43333333333333335,50,0.004555555555555556,5,9
0.05,0.3111111111111111,0.43333333333333335,50,0.005,6,12
0.05,0.3111111111111111,0.45555555555555555,50,0.001,0,0
0.05,0.3111111111111111,0.45555555555555555,50,0.0014444444444444444,0,0
0.05,0.3111111111111111,0.45555555555555555,50,0.001888888888888889,0,2
0.05,0.3111111111111111,0.45555555555555555,50,0.0023333333333333335,0,4
0.05,0.3111111111111111,0.45555555555555555,50,0.002777777777777778,2,5
0.05,0.3111111111111111,0.45555555555555555,50,0.0032222222222222222,3,7
0.05,0.3111111111111111,0.45555555555555555,50,0.003666666666666667,4,7
0.05,0.3111111111111111,0.45555555555555555,50,0.004111111111111111,4,9
0.05,0.3111111111111111,0.45555555555555555,50,0.004555555555555556,5,11
0.05,0.3111111111111111,0.45555555555555555,50,0.005,6,11
0.05,0.3111111111111111,0.47777777777777775,50,0.001,0,0
0.05,0.3111111111111111,0.47777777777777775,50,0.0014444444444444444,0,1
0.05,0.3111111111111111,0.47777777777777775,50,0.001888888888888889,0,3
0.05,0.3111111111111111,0.47777777777777775,50,0.0023333333333333335,0,4
0.05,0.3111111111111111,0.47777777777777775,50,0.002777777777777778,2,5
0.05,0.3111111111111111,0.47777777777777775,50,0.0032222222222222222,2,7
0.05,0.3111111111111111,0.47777777777777775,50,0.003666666666666667,4,7
0.05,0.3111111111111111,0.47777777777777775,50,0.004111111111111111,4,10
0.05,0.3111111111111111,0.47777777777777775,50,0.004555555555555556,5,11
0.05,0.3111111111111111,0.47777777777777775,50,0.005,6,11
0.05,0.3111111111111111,0.5,50,0.001,0,0
0.05,0.3111111111111111,0.5,50,0.0014444444444444444,0,1
0.05,0.3111111111111111,0.5,50,0.001888888888888889,0,3
0.05,0.3111111111111111,0.5,50,0.0023333333333333335,1,4
0.05,0.3111111111111111,0.5,50,0.002777777777777778,2,6
0.05,0.3111111111111111,0.5,50,0.0032222222222222222,3,8
0.05,0.3111111111111111,0.5,50,0.003666666666666667,3,9
0.05,0.3111111111111111,0.5,50,0.004111111111111111,4,10
0.05,0.3111111111111111,0.5,50,0.004555555555555556,5,10
0.05,0.3111111111111111,0.5,50,0.005,6,12
0.05,0.33333333333333337,0.3,50,0.001,0,0
0.05,0.33333333333333337,0.3,50,0.0014444444444444444,0,0
0.05,0.33333333333333337,0.3,50,0.001888888888888889,0,0
0.05,0.33333333333333337,0.3,50,0.0023333333333333335,0,2
0.05,0.33333333333333337,0.3,50,0.002777777777777778,0,3
0.05,0.33333333333333337,0.3,50,0.0032222222222222222,0,4
0.05,0.33333333333333337,0.3,50,0.003666666666666667,0,6
0.05,0.33333333333333337,0.3,50,0.004111111111111111,2,7
0.05,0.33333333333333337,0.3,50,0.004555555555555556,2,8
0.05,0.33333333333333337,0.3,50,0.005,3,9
0.05,0.33333333333333337,0.3222222222222222,50,0.001,0,0
0.05,0.33333333333333337,0.3222222222222222,50,0.0014444444444444444,0,0
0.05,0.33333333333333337,0.3222222222222222,50,0.001888888888888889,0,0
0.05,0.33333333333333337,0.3222222222222222,50,0.0023333333333333335,0,2
0.05,0.33333333333333337,0.3222222222222222,50,0.002777777777777778,0,3
0.05,0.33333333333333337,0.3222222222222222,50,0.0032222222222222222,1,4
0.05,0.33333333333333337,0.3222222222222222,50,0.003666666666666667,2,6
0.05,0.33333333333333337,0.3222222222222222,50,0.004111111111111111,2,8
0.05,0.33333333333333337,0.3222222222222222,50,0.004555555555555556,4,8
0.05,0.33333333333333337,0.3222222222222222,50,0.005,4,8
0.05,0.33333333333333337,0.34444444444444444,50,0.001,0,0
0.05,0.33333333333333337,0.34444444444444444,50,0.0014444444444444444,0,0
0.05,0.33333333333333337,0.34444444444444444,50,0.001888888888888889,0,2
0.05,0.33333333333333337,0.34444444444444444,50,0.0023333333333333335,0,2
0.05,0.33333333333333337,0.34444444444444444,50,0.002777777777777778,1,4
0.05,0.33333333333333337,0.34444444444444444,50,0.0032222222222222222,2,6
0.05,0.33333333333333337,0.34444444444444444,50,0.003666666666666667,2,6
0.05,0.33333333333333337,0.34444444444444444,50,0.004111111111111111,2,7
0.05,0.33333333333333337,0.34444444444444444,50,0.004555555555555556,3,9
0.05,0.33333333333333337,0.34444444444444444,50,0.005,4,11
0.05,0.33333333333333337,0.36666666666666664,50,0.001,0,0
0.05,0.33333333333333337,0.36666666666666664,50,0.0014444444444444444,0,0
0.05,0.33333333333333337,0.36666666666666664,50,0.001888888888888889,0,2
0.05,0.33333333333333337,0.36666666666666664,50,0.0023333333333333335,0,2
0.05,0.33333333333333337,0.36666666666666664,50,0.002777777777777778,0,5
0.05,0.33333333333333337,0.36666666666666664,50,0.0032222222222222222,1,6
0.05,0.33333333333333337,0.36666666666666664,50,0.003666666666666667,2,7
0.05,0.33333333333333337,0.36666666666666664,50,0.004111111111111111,3,8
0.05,0.33333333333333337,0.36666666666666664,50,0.004555555555555556,3,9
0.05,0.33333333333333337,0.36666666666666664,50,0.005,4,12
0.05,0.33333333333333337,0.3888888888888889,50,0.001,0,0
0.05,0.33333333333333337,0.3888888888888889,50,0.0014444444444444444,0,1
0.05,0.33333333333333337,0.3888888888888889,50,0.001888888888888889,0,2
0.05,0.33333333333333337,0.3888888888888889,50,0.0023333333333333335,0,4
0.05,0.33333333333333337,0.3888888888888889,50,0.002777777777777778,1,4
0.05,0.33333333333333337,0.3888888888888889,50,0.0032222222222222222,2,7
0.05,0.33333333333333337,0.3888888888888889,50,0.003666666666666667,2,7
0.05,0.33333333333333337,0.3888888888888889,50,0.004111111111111111,4,8
0.05,0.33333333333333337,0.3888888888888889,50,0.004555555555555556,5,10
0.05,0.33333333333333337,0.3888888888888889,50,0.005,5,11
0.05,0.33333333333333337,0.4111111111111111,50,0.001,0,0
0.05,0.33333333333333337,0.4111111111111111,50,0.0014444444444444444,0,1
0.05,0.33333333333333337,0.4111111111111111,50,0.001888888888888889,0,2
0.05,0.33333333333333337,0.4111111111111111,50,0.0023333333333333335,0,4
0.05,0.33333333333333337,0.4111111111111111,50,0.002777777777777778,0,5
0.05,0.33333333333333337,0.4111111111111111,50,0.0032222222222222222,2,6
0.05,0.33333333333333337,0.4111111111111111,50,0.003666666666666667,3,7
0.05,0.33333333333333337,0.4111111111111111,50,0.004111111111111111,4,9
0.05,0.33333333333333337,0.4111111111111111,50,0.004555555555555556,5,10
0.05,0.33333333333333337,0.4111111111111111,50,0.005,5,11
0.05,0.33333333333333337,0.43333333333333335,50,0.001,0,0
0.05,0.33333333333333337,0.43333333333333335,50,0.0014444444444444444,0,0
0.05,0.33333333333333337,0.43333333333333335,50,0.001888888888888889,0,2
0.05,0.33333333333333337,0.43333333333333335,50,0.0023333333333333335,1,4
0.05,0.33333333333333337,0.43333333333333335,50,0.002777777777777778,1,6
0.05,0.33333333333333337,0.43333333333333335,50,0.0032222222222222222,3,7
0.05,0.33333333333333337,0.43333333333333335,50,0.003666666666666667,4,8
0.05,0.33333333333333337,0.43333333333333335,50,0.004111111111111111,4,10
0.05,0.33333333333333337,0.43333333333333335,50,0.004555555555555556,5,10
0.05,0.33333333333333337,0.43333333333333335,50,0.005,6,12
0.05,0.33333333333333337,0.45555555555555555,50,0.001,0,0
0.05,0.33333333333333337,0.45555555555555555,50,0.0014444444444444444,0,1
0.05,0.33333333333333337,0.45555555555555555,50,0.001888888888888889,0,2
0.05,0.33333333333333337,0.45555555555555555,50,0.0023333333333333335,1,4
0.05,0.33333333333333337,0.45555555555555555,50,0.002777777777777778,1,6
0.05,0.33333333333333337,0.45555555555555555,50,0.0032222222222222222,2,8
0.05,0.33333333333333337,0.45555555555555555,50,0.003666666666666667,5,8
0.05,0.33333333333333337,0.45555555555555555,50,0.004111111111111111,5,10
0.05,0.33333333333333337,0.45555555555555555,50,0.004555555555555556,6,11
0.05,0.33333333333333337,0.45555555555555555,50,0.005,7,12
0.05,0.33333333333333337,0.47777777777777775,50,0.001,0,0
0.05,0.33333333333333337,0.47777777777777775,50,0.0014444444444444444,0,0
0.05,0.33333333333333337,0.47777777777777775,50,0.001888888888888889,0,2
0.05,0.33333333333333337,0.47777777777777775,50,0.0023333333333333335,0,4
0.05,0.33333333333333337,0.47777777777777775,50,0.002777777777777778,2,6
0.05,0.33333333333333337,0.47777777777777775,50,0.0032222222222222222,3,7
0.05,0.33333333333333337,0.47777777777777775,50,0.003666666666666667,3,9
0.05,0.33333333333333337,0.47777777777777775,50,0.004111111111111111,5,8
0.05,0.33333333333333337,0.47777777777777775,50,0.004555555555555556,5,11
0.05,0.33333333333333337,0.47777777777777775,50,0.005,6,12
0.05,0.33333333333333337,0.5,50,0.001,0,0
0.05,0.33333333333333337,0.5,50,0.0014444444444444444,0,2
0.05,0.33333333333333337,0.5,50,0.001888888888888889,0,3
0.05,0.33333333333333337,0.5,50,0.0023333333333333335,0,5
0.05,0.33333333333333337,0.5,50,0.002777777777777778,2,7
0.05,0.33333333333333337,0.5,50,0.0032222222222222222,4,8
0.05,0.33333333333333337,0.5,50,0.003666666666666667,3,8
0.05,0.33333333333333337,0.5,50,0.004111111111111111,6,11
0.05,0.33333333333333337,0.5,50,0.004555555555555556,6,10
0.05,0.33333333333333337,0.5,50,0.005,6,13
0.05,0.35555555555555557,0.3,50,0.001,0,0
0.05,0.35555555555555557,0.3,50,0.0014444444444444444,0,0
0.05,0.35555555555555557,0.3,50,0.001888888888888889,0,0
0.05,0.35555555555555557,0.3,50,0.0023333333333333335,0,1
0.05,0.35555555555555557,0.3,50,0.002777777777777778,1,3
0.05,0.35555555555555557,0.3,50,0.0032222222222222222,0,5
0.05,0.35555555555555557,0.3,50,0.003666666666666667,1,5
0.05,0.35555555555555557,0.3,50,0.004111111111111111,2,7
0.05,0.35555555555555557,0.3,50,0.004555555555555556,2,7
0.05,0.35555555555555557,0.3,50,0.005,5,8
0.05,0.35555555555555557,0.3222222222222222,50,0.001,0,0
0.05,0.35555555555555557,0.3222222222222222,50,0.0014444444444444444,0,0
0.05,0.35555555555555557,0.3222222222222222,50,0.001888888888888889,0,0
0.05,0.35555555555555557,0.3222222222222222,50,0.0023333333333333335,0,3
0.05,0.35555555555555557,0.3222222222222222,50,0.002777777777777778,0,4
0.05,0.35555555555555557,0.3222222222222222,50,0.0032222222222222222,1,6
0.05,0.35555555555555557,0.3222222222222222,50,0.003666666666666667,1,6
0.05,0.35555555555555557,0.3222222222222222,50,0.004111111111111111,2,7
0.05,0.35555555555555557,0.3222222222222222,50,0.004555555555555556,2,9
0.05,0.35555555555555557,0.3222222222222222,50,0.005,4,10
0.05,0.35555555555555557,0.34444444444444444,50,0.001,0,0
0.05,0.35555555555555557,0.34444444444444444,50,0.0014444444444444444,0,0
0.05,0.35555555555555557,0.34444444444444444,50,0.001888888888888889,0,1
0.05,0.35555555555555557,0.34444444444444444,50,0.0023333333333333335,0,3
0.05,0.35555555555555557,0.34444444444444444,50,0.002777777777777778,1,5
0.05,0.35555555555555557,0.34444444444444444,50,0.0032222222222222222,1,5
0.05,0.35555555555555557,0.34444444444444444,50,0.003666666666666667,2,6
0.05,0.35555555555555557,0.34444444444444444,50,0.004111111111111111,4,8
0.05,0.35555555555555557,0.34444444444444444,50,0.004555555555555556,4,11
0.05,0.35555555555555557,0.34444444444444444,50,0.005,5,10
0.05,0.35555555555555557,0.36666666666666664,50,0.001,0,0
0.05,0.35555555555555557,0.36666666666666664,50,0.0014444444444444444,0,0
0.05,0.35555555555555557,0.36666666666666664,50,0.001888888888888889,0,2
0.05,0.35555555555555557,0.36666666666666664,50,0.0023333333333333335,0,3
0.05,0.35555555555555557,0.36666666666666664,50,0.002777777777777778,2,5
0.05,0.35555555555555557,0.36666666666666664,50,0.0032222222222222222,2,6
0.05,0.35555555555555557,0.36666666666666664,50,0.003666666666666667,3,7
0.05,0.35555555555555557,0.36666666666666664,50,0.004111111111111111,4,8
0.05,0.35555555555555557,0.36666666666666664,50,0.004555555555555556,4,11
0.05,0.35555555555555557,0.36666666666666664,50,0.005,5,10
0.05,0.35555555555555557,0.3888888888888889,50,0.001,0,0
0.05,0.35555555555555557,0.3888888888888889,50,0.0014444444444444444,0,0
0.05,0.35555555555555557,0.3888888888888889,50,0.001888888888888889,0,3
0.05,0.35555555555555557,0.3888888888888889,50,0.0023333333333333335,0,4
0.05,0.35555555555555557,0.3888888888888889,50,0.002777777777777778,1,6
0.05,0.35555555555555557,0.3888888888888889,50,0.0032222222222222222,1,7
0.05,0.35555555555555557,0.3888888888888889,50,0.003666666666666667,3,7
0.05,0.35555555555555557,0.3888888888888889,50,0.004111111111111111,4,9
0.05,0.35555555555555557,0.3888888888888889,50,0.004555555555555556,4,12
0.05,0.35555555555555557,0.3888888888888889,50,0.005,5,12
0.05,0.35555555555555557,0.4111111111111111,50,0.001,0,0
0.05,0.35555555555555557,0.4111111111111111,50,0.0014444444444444444,0,1
0.05,0.35555555555555557,0.4111111111111111,50,0.001888888888888889,0,2
0.05,0.35555555555555557,0.4111111111111111,50,0.0023333333333333335,0,5
0.05,0.35555555555555557,0.4111111111111111,50,0.002777777777777778,1,5
0.05,0.35555555555555557,0.4111111111111111,50,0.0032222222222222222,2,8
0.05,0.35555555555555557,0.4111111111111111,50,0.003666666666666667,3,8
0.05,0.35555555555555557,0.4111111111111111,50,0.004111111111111111,5,10
0.05,0.35555555555555557,0.4111111111111111,50,0.004555555555555556,5,11
0.05,0.35555555555555557,0.4111111111111111,50,0.005,6,12
0.05,0.35555555555555557,0.43333333333333335,50,0.001,0,0
0.05,0.35555555555555557,0.43333333333333335,50,0.0014444444444444444,0,0
0.05,0.35555555555555557,0.43333333333333335,50,0.001888888888888889,0,3
0.05,0.35555555555555557,0.43333333333333335,50,0.0023333333333333335,0,5
0.05,0.35555555555555557,0.43333333333333335,50,0.002777777777777778,2,6
0.05,0.35555555555555557,0.43333333333333335,50,0.0032222222222222222,2,7
0.05,0.35555555555555557,0.43333333333333335,50,0.003666666666666667,4,9
0.05,0.35555555555555557,0.43333333333333335,50,0.004111111111111111,4,10
0.05,0.35555555555555557,0.43333333333333335,50,0.004555555555555556,5,10
0.05,0.35555555555555557,0.43333333333333335,50,0.005,5,12
0.05,0.35555555555555557,0.45555555555555555,50,0.001,0,0
0.05,0.35555555555555557,0.45555555555555555,50,0.0014444444444444444,0,1
0.05,0.35555555555555557,0.45555555555555555,50,0.001888888888888889,0,2
0.05,0.35555555555555557,0.45555555555555555,50,0.0023333333333333335,1,4
0.05,0.35555555555555557,0.45555555555555555,50,0.002777777777777778,2,7
0.05,0.35555555555555557,0.45555555555555555,50,0.0032222222222222222,2,8
0.05,0.35555555555555557,0.45555555555555555,50,0.003666666666666667,4,9
0.05,0.35555555555555557,0.45555555555555555,50,0.004111111111111111,5,10
0.05,0.35555555555555557,0.45555555555555555,50,0.004555555555555556,5,11
0.05,0.35555555555555557,0.45555555555555555,50,0.005,7,13
0.05,0.35555555555555557,0.47777777777777775,50,0.001,0,0
0.05,0.35555555555555557,0.47777777777777775,50,0.0014444444444444444,0,0
0.05,0.35555555555555557,0.47777777777777775,50,0.001888888888888889,0,3
0.05,0.35555555555555557,0.47777777777777775,50,0.0023333333333333335,1,6
0.05,0.35555555555555557,0.47777777777777775,50,0.002777777777777778,2,7
0.05,0.35555555555555557,0.47777777777777775,50,0.0032222222222222222,3,8
0.05,0.35555555555555557,0.47777777777777775,50,0.003666666666666667,4,9
0.05,0.35555555555555557,0.47777777777777775,50,0.004111111111111111,5,11
0.05,0.35555555555555557,0.47777777777777775,50,0.004555555555555556,5,12
0.05,0.35555555555555557,0.47777777777777775,50,0.005,6,14
0.05,0.35555555555555557,0.5,50,0.001,0,0
0.05,0.35555555555555557,0.5,50,0.0014444444444444444,0,1
0.05,0.35555555555555557,0.5,50,0.001888888888888889,0,3
0.05,0.35555555555555557,0.5,50,0.0023333333333333335,1,6
0.05,0.35555555555555557,0.5,50,0.002777777777777778,2,7
0.05,0.35555555555555557,0.5,50,0.0032222222222222222,3,8
0.05,0.35555555555555557,0.5,50,0.003666666666666667,4,10
0.05,0.35555555555555557,0.5,50,0.004111111111111111,5,11
0.05,0.35555555555555557,0.5,50,0.004555555555555556,5,12
0.05,0.35555555555555557,0.5,50,0.005,6,14
0.05,0.37777777777777777,0.3,50,0.001,0,0
0.05,0.37777777777777777,0.3,50,0.0014444444444444444,0,0
0.05,0.37777777777777777,0.3,50,0.001888888888888889,0,0
0.05,0.37777777777777777,0.3,50,0.0023333333333333335,0,2
0.05,0.37777777777777777,0.3,50,0.002777777777777778,0,3
0.05,0.37777777777777777,0.3,50,0.0032222222222222222,1,5
0.05,0.37777777777777777,0.3,50,0.003666666666666667,1,6
0.05,0.37777777777777777,0.3,50,0.004111111111111111,2,8
0.05,0.37777777777777777,0.3,50,0.004555555555555556,4,8
0.05,0.37777777777777777,0.3,50,0.005,3,10
0.05,0.37777777777777777,0.3222222222222222,50,0.001,0,0
0.05,0.37777777777777777,0.3222222222222222,50,0.0014444444444444444,0,0
0.05,0.37777777777777777,0.3222222222222222,50,0.001888888888888889,0,1
0.05,0.37777777777777777,0.3222222222222222,50,0.0023333333333333335,0,3
0.05,0.37777777777777777,0.3222222222222222,50,0.002777777777777778,0,5
0.05,0.37777777777777777,0.3222222222222222,50,0.0032222222222222222,0,6
0.05,0.37777777777777777,0.3222222222222222,50,0.003666666666666667,2,7
0.05,0.37777777777777777,0.3222222222222222,50,0.004111111111111111,3,8
0.05,0.37777777777777777,0.3222222222222222,50,0.004555555555555556,4,9
0.05,0.37777777777777777,0.3222222222222222,50,0.005,4,10
0.05,0.37777777777777777,0.34444444444444444,50,0.001,0,0
0.05,0.37777777777777777,0.34444444444444444,50,0.0014444444444444444,0,0
0.05,0.37777777777777777,0.34444444444444444,50,0.001888888888888889,0,1
0.05,0.37777777777777777,0.34444444444444444,50,0.0023333333333333335,0,3
0.05,0.37777777777777777,0.34444444444444444,50,0.002777777777777778,0,5
0.05,0.37777777777777777,0.34444444444444444,50,0.0032222222222222222,2,6
0.05,0.37777777777777777,0.34444444444444444,50,0.003666666666666667,3,8
0.05,0.37777777777777777,0.34444444444444444,50,0.004111111111111111,3,8
0.05,0.37777777777777777,0.34444444444444444,50,0.004555555555555556,4,9
0.05,0.37777777777777777,0.34444444444444444,50,0.005,5,11
0.05,0.37777777777777777,0.36666666666666664,50,0.001,0,0
0.05,0.37777777777777777,0.36666666666666664,50,0.0014444444444444444,0,1
0.05,0.37777777777777777,0.36666666666666664,50,0.001888888888888889,0,1
0.05,0.37777777777777777,0.36666666666666664,50,0.0023333333333333335,0,3
0.05,0.37777777777777777,0.36666666666666664,50,0.002777777777777778,1,5
0.05,0.37777777777777777,0.36666666666666664,50,0.0032222222222222222,3,7
0.05,0.37777777777777777,0.36666666666666664,50,0.003666666666666667,4,9
0.05,0.37777777777777777,0.36666666666666664,50,0.004111111111111111,4,10
0.05,0.37777777777777777,0.36666666666666664,50,0.004555555555555556,4,11
0.05,0.37777777777777777,0.36666666666666664,50,0.005,5,12
0.05,0.37777777777777777,0.3888888888888889,50,0.001,0,0
0.05,0.37777777777777777,0.3888888888888889,50,0.0014444444444444444,0,0
0.05,0.37777777777777777,0.3888888888888889,50,0.001888888888888889,0,2
0.05,0.37777777777777777,0.3888888888888889,50,0.0023333333333333335,0,4
0.05,0.37777777777777777,0.3888888888888889,50,0.002777777777777778,1,6
0.05,0.37777777777777777,0.3888888888888889,50,0.0032222222222222222,2,7
0.05,0.37777777777777777,0.3888888888888889,50,0.003666666666666667,3,8
0.05,0.37777777777777777,0.3888888888888889,50,0.004111111111111111,4,9
0.05,0.37777777777777777,0.3888888888888889,50,0.004555555555555556,4,11
0.05,0.37777777777777777,0.3888888888888889,50,0.005,5,12
0.05,0.37777777777777777,0.4111111111111111,50,0.001,0,0
0.05,0.37777777777777777,0.4111111111111111,50,0.0014444444444444444,0,0
0.05,0.37777777777777777,0.4111111111111111,50,0.001888888888888889,0,2
0.05,0.37777777777777777,0.4111111111111111,50,0.0023333333333333335,0,3
0.05,0.37777777777777777,0.4111111111111111,50,0.002777777777777778,2,6
0.05,0.37777777777777777,0.4111111111111111,50,0.0032222222222222222,3,9
0.05,0.37777777777777777,0.4111111111111111,50,0.003666666666666667,3,8
0.05,0.37777777777777777,0.4111111111111111,50,0.004111111111111111,5,10
0.05,0.37777777777777777,0.4111111111111111,50,0.004555555555555556,5,11
0.05,0.37777777777777777,0.4111111111111111,50,0.005,6,12
0.05,0.37777777777777777,0.43333333333333335,50,0.001,0,0
0.05,0.37777777777777777,0.43333333333333335,50,0.0014444444444444444,0,0
0.05,0.37777777777777777,0.43333333333333335,50,0.001888888888888889,0,3
0.05,0.37777777777777777,0.43333333333333335,50,0.0023333333333333335,0,5
0.05,0.37777777777777777,0.43333333333333335,50,0.002777777777777778,2,6
0.05,0.37777777777777777,0.43333333333333335,50,0.0032222222222222222,3,8
0.05,0.37777777777777777,0.43333333333333335,50,0.003666666666666667,4,10
0.05,0.37777777777777777,0.43333333333333335,50,0.004111111111111111,5,10
0.05,0.37777777777777777,0.43333333333333335,50,0.004555555555555556,6,11
0.05,0.37777777777777777,0.43333333333333335,50,0.005,7,13
0.05,0.37777777777777777,0.45555555555555555,50,0.001,0,0
0.05,0.37777777777777777,0.45555555555555555,50,0.0014444444444444444,0,0
0.05,0.37777777777777777,0.45555555555555555,50,0.001888888888888889,0,3
0.05,0.37777777777777777,0.45555555555555555,50,0.0023333333333333335,0,5
0.05,0.37777777777777777,0.45555555555555555,50,0.002777777777777778,2,6
0.05,0.37777777777777777,0.45555555555555555,50,0.0032222222222222222,2,8
0.05,0.37777777777777777,0.45555555555555555,50,0.003666666666666667,4,9
0.05,0.37777777777777777,0.45555555555555555,50,0.004111111111111111,4,11
0.05,0.37777777777777777,0.45555555555555555,50,0.004555555555555556,6,13
0.05,0.37777777777777777,0.45555555555555555,50,0.005,5,14
0.05,0.37777777777777777,0.47777777777777775,50,0.001,0,0
0.05,0.37777777777777777,0.47777777777777775,50,0.0014444444444444444,0,0
0.05,0.37777777777777777,0.47777777777777775,50,0.001888888888888889,0,3
0.05,0.37777777777777777,0.47777777777777775,50,0.0023333333333333335,1,5
0.05,0.37777777777777777,0.47777777777777775,50,0.002777777777777778,2,7
0.05,0.37777777777777777,0.47777777777777775,50,0.0032222222222222222,4,8
0.05,0.37777777777777777,0.47777777777777775,50,0.003666666666666667,4,9
0.05,0.37777777777777777,0.47777777777777775,50,0.004111111111111111,5,10
0.05,0.37777777777777777,0.47777777777777775,50,0.004555555555555556,5,13
0.05,0.37777777777777777,0.47777777777777775,50,0.005,7,15
0.05,0.37777777777777777,0.5,50,0.001,0,0
0.05,0.37777777777777777,0.5,50,0.0014444444444444444,0,0
0.05,0.37777777777777777,0.5,50,0.001888888888888889,0,4
0.05,0.37777777777777777,0.5,50,0.0023333333333333335,0,5
0.05,0.37777777777777777,0.5,50,0.002777777777777778,3,7
0.05,0.37777777777777777,0.5,50,0.0032222222222222222,3,8
0.05,0.37777777777777777,0.5,50,0.003666666666666667,5,10
0.05,0.37777777777777777,0.5,50,0.004111111111111111,5,12
0.05,0.37777777777777777,0.5,50,0.004555555555555556,7,13
0.05,0.37777777777777777,0.5,50,0.005,7,13
0.05,0.4,0.3,50,0.001,0,0
0.05,0.4,0.3,50,0.0014444444444444444,0,0
0.05,0.4,0.3,50,0.001888888888888889,0,0
0.05,0.4,0.3,50,0.0023333333333333335,0,2
0.05,0.4,0.3,50,0.002777777777777778,0,4
0.05,0.4,0.3,50,0.0032222222222222222,1,4
0.05,0.4,0.3,50,0.003666666666666667,1,6
0.05,0.4,0.3,50,0.004111111111111111,2,8
0.05,0.4,0.3,50,0.004555555555555556,3,10
0.05,0.4,0.3,50,0.005,4,10
0.05,0.4,0.3222222222222222,50,0.001,0,0
0.05,0.4,0.3222222222222222,50,0.0014444444444444444,0,0
0.05,0.4,0.3222222222222222,50,0.001888888888888889,0,0
0.05,0.4,0.3222222222222222,50,0.0023333333333333335,0,3
0.05,0.4,0.3222222222222222,50,0.002777777777777778,0,4
0.05,0.4,0.3222222222222222,50,0.0032222222222222222,1,6
0.05,0.4,0.3222222222222222,50,0.003666666666666667,3,8
0.05,0.4,0.3222222222222222,50,0.004111111111111111,3,9
0.05,0.4,0.3222222222222222,50,0.004555555555555556,4,10
0.05,0.4,0.3222222222222222,50,0.005,4,11
0.05,0.4,0.34444444444444444,50,0.001,0,0
0.05,0.4,0.34444444444444444,50,0.0014444444444444444,0,0
0.05,0.4,0.34444444444444444,50,0.001888888888888889,0,2
0.05,0.4,0.34444444444444444,50,0.0023333333333333335,0,3
0.05,0.4,0.34444444444444444,50,0.002777777777777778,0,6
0.05,0.4,0.34444444444444444,50,0.0032222222222222222,1,6
0.05,0.4,0.34444444444444444,50,0.003666666666666667,3,8
0.05,0.4,0.34444444444444444,50,0.004111111111111111,3,9
0.05,0.4,0.34444444444444444,50,0.004555555555555556,4,11
0.05,0.4,0.34444444444444444,50,0.005,5,12
0.05,0.4,0.36666666666666664,50,0.001,0,0
0.05,0.4,0.36666666666666664,50,0.0014444444444444444,0,0
0.05,0.4,0.36666666666666664,50,0.001888888888888889,0,2
0.05,0.4,0.36666666666666664,50,0.0023333333333333335,0,5
0.05,0.4,0.36666666666666664,50,0.002777777777777778,1,6
0.05,0.4,0.36666666666666664,50,0.0032222222222222222,2,7
0.05,0.4,0.36666666666666664,50,0.003666666666666667,3,8
0.05,0.4,0.36666666666666664,50,0.004111111111111111,4,10
0.05,0.4,0.36666666666666664,50,0.004555555555555556,5,11
0.05,0.4,0.36666666666666664,50,0.005,6,12
0.05,0.4,0.3888888888888889,50,0.001,0,0
0.05,0.4,0.3888888888888889,50,0.0014444444444444444,0,0
0.05,0.4,0.3888888888888889,50,0.001888888888888889,0,4
0.05,0.4,0.3888888888888889,50,0.0023333333333333335,0,5
0.05,0.4,0.3888888888888889,50,0.002777777777777778,2,7
0.05,0.4,0.3888888888888889,50,0.0032222222222222222,3,7
0.05,0.4,0.3888888888888889,50,0.003666666666666667,3,10
0.05,0.4,0.3888888888888889,50,0.004111111111111111,5,11
0.05,0.4,0.3888888888888889,50,0.004555555555555556,5,12
0.05,0.4,0.3888888888888889,50,0.005,6,14
0.05,0.4,0.4111111111111111,50,0.001,0,0
0.05,0.4,0.4111111111111111,50,0.0014444444444444444,0,0
0.05,0.4,0.4111111111111111,50,0.001888888888888889,0,3
0.05,0.4,0.4111111111111111,50,0.0023333333333333335,0,5
0.05,0.4,0.4111111111111111,50,0.002777777777777778,1,6
0.05,0.4,0.4111111111111111,50,0.0032222222222222222,3,8
0.05,0.4,0.4111111111111111,50,0.003666666666666667,3,9
0.05,0.4,0.4111111111111111,50,0.004111111111111111,4,10
0.05,0.4,0.4111111111111111,50,0.004555555555555556,6,12
0.05,0.4,0.4111111111111111,50,0.005,6,14
0.05,0.4,0.43333333333333335,50,0.001,0,0
0.05,0.4,0.43333333333333335,50,0.0014444444444444444,0,1
0.05,0.4,0.43333333333333335,50,0.001888888888888889,0,3
0.05,0.4,0.43333333333333335,50,0.0023333333333333335,1,5
0.05,0.4,0.43333333333333335,50,0.002777777777777778,2,7
0.05,0.4,0.43333333333333335,50,0.0032222222222222222,4,9
0.05,0.4,0.43333333333333335,50,0.003666666666666667,4,10
0.05,0.4,0.43333333333333335,50,0.004111111111111111,5,11
0.05,0.4,0.43333333333333335,50,0.004555555555555556,5,13
0.05,0.4,0.43333333333333335,50,0.005,7,14
0.05,0.4,0.45555555555555555,50,0.001,0,0
0.05,0.4,0.45555555555555555,50,0.0014444444444444444,0,1
0.05,0.4,0.45555555555555555,50,0.001888888888888889,0,3
0.05,0.4,0.45555555555555555,50,0.0023333333333333335,1,6
0.05,0.4,0.45555555555555555,50,0.002777777777777778,2,7
0.05,0.4,0.45555555555555555,50,0.0032222222222222222,3,9
0.05,0.4,0.45555555555555555,50,0.003666666666666667,4,9
0.05,0.4,0.45555555555555555,50,0.004111111111111111,6,11
0.05,0.4,0.45555555555555555,50,0.004555555555555556,6,14
0.05,0.4,0.45555555555555555,50,0.005,6,14
0.05,0.4,0.47777777777777775,50,0.001,0,0
0.05,0.4,0.47777777777777775,50,0.0014444444444444444,0,2
0.05,0.4,0.47777777777777775,50,0.001888888888888889,0,3
0.05,0.4,0.47777777777777775,50,0.0023333333333333335,1,5
0.05,0.4,0.47777777777777775,50,0.002777777777777778,2,7
0.05,0.4,0.47777777777777775,50,0.0032222222222222222,3,9
0.05,0.4,0.47777777777777775,50,0.003666666666666667,4,11
0.05,0.4,0.47777777777777775,50,0.004111111111111111,6,13
0.05,0.4,0.47777777777777775,50,0.004555555555555556,7,13
0.05,0.4,0.47777777777777775,50,0.005,7,14
0.05,0.4,0.5,50,0.001,0,0
0.05,0.4,0.5,50,0.0014444444444444444,0,1
0.05,0.4,0.5,50,0.001888888888888889,0,4
0.05,0.4,0.5,50,0.0023333333333333335,1,6
0.05,0.4,0.5,50,0.002777777777777778,3,6
0.05,0.4,0.5,50,0.0032222222222222222,4,9
0.05,0.4,0.5,50,0.003666666666666667,4,11
0.05,0.4,0.5,50,0.004111111111111111,6,11
0.05,0.4,0.5,50,0.004555555555555556,6,13
0.05,0.4,0.5,50,0.005,6,15
0.06666666666666668,0.2,0.3,50,0.001,0,0
0.06666666666666668,0.2,0.3,50,0.0014444444444444444,0,0
0.06666666666666668,0.2,0.3,50,0.001888888888888889,0,0
0.06666666666666668,0.2,0.3,50,0.0023333333333333335,0,1
0.06666666666666668,0.2,0.3,50,0.002777777777777778,0,2
0.06666666666666668,0.2,0.3,50,0.0032222222222222222,0,3
0.06666666666666668,0.2,0.3,50,0.003666666666666667,0,3
0.06666666666666668,0.2,0.3,50,0.004111111111111111,1,4
0.06666666666666668,0.2,0.3,50,0.004555555555555556,1,4
0.06666666666666668,0.2,0.3,50,0.005,2,5
0.06666666666666668,0.2,0.3222222222222222,50,0.001,0,0
0.06666666666666668,0.2,0.3222222222222222,50,0.0014444444444444444,0,0
0.06666666666666668,0.2,0.3222222222222222,50,0.001888888888888889,0,1
0.06666666666666668,0.2,0.3222222222222222,50,0.0023333333333333335,0,2
0.06666666666666668,0.2,0.3222222222222222,50,0.002777777777777778,0,2
0.06666666666666668,0.2,0.3222222222222222,50,0.0032222222222222222,1,3
0.06666666666666668,0.2,0.3222222222222222,50,0.003666666666666667,1,3
0.06666666666666668,0.2,0.3222222222222222,50,0.004111111111111111,1,5
0.06666666666666668,0.2,0.3222222222222222,50,0.004555555555555556,2,4
0.06666666666666668,0.2,0.3222222222222222,50,0.005,2,5
0.06666666666666668,0.2,0.34444444444444444,50,0.001,0,0
0.06666666666666668,0.2,0.34444444444444444,50,0.0014444444444444444,0,0
0.06666666666666668,0.2,0.34444444444444444,50,0.001888888888888889,0,0
0.06666666666666668,0.2,0.34444444444444444,50,0.0023333333333333335,0,1
0.06666666666666668,0.2,0.34444444444444444,50,0.002777777777777778,1,2
0.06666666666666668,0.2,0.34444444444444444,50,0.0032222222222222222,1,4
0.06666666666666668,0.2,0.34444444444444444,50,0.003666666666666667,1,4
0.06666666666666668,0.2,0.34444444444444444,50,0.004111111111111111,1,5
0.06666666666666668,0.2,0.34444444444444444,50,0.004555555555555556,3,5
0.06666666666666668,0.2,0.34444444444444444,50,0.005,3,5
0.06666666666666668,0.2,0.36666666666666664,50,0.001,0,0
0.06666666666666668,0.2,0.36666666666666664,50,0.0014444444444444444,0,0
0.06666666666666668,0.2,0.36666666666666664,50,0.001888888888888889,0,1
0.06666666666666668,0.2,0.36666666666666664,50,0.0023333333333333335,0,2
0.06666666666666668,0.2,0.36666666666666664,50,0.002777777777777778,1,3
0.06666666666666668,0.2,0.36666666666666664,50,0.0032222222222222222,1,4
0.06666666666666668,0.2,0.36666666666666664,50,0.003666666666666667,2,5
0.06666666666666668,0.2,0.36666666666666664,50,0.004111111111111111,3,5
0.06666666666666668,0.2,0.36666666666666664,50,0.004555555555555556,3,6
0.06666666666666668,0.2,0.36666666666666664,50,0.005,3,7
0.06666666666666668,0.2,0.3888888888888889,50,0.001,0,0
0.06666666666666668,0.2,0.3888888888888889,50,0.0014444444444444444,0,0
0.06666666666666668,0.2,0.3888888888888889,50,0.001888888888888889,0,2
0.06666666666666668,0.2,0.3888888888888889,50,0.0023333333333333335,0,2
0.06666666666666668,0.2,0.3888888888888889,50,0.002777777777777778,0,3
0.06666666666666668,0.2,0.3888888888888889,50,0.0032222222222222222,2,3
0.06666666666666668,0.2,0.3888888888888889,50,0.003666666666666667,2,5
0.06666666666666668,0.2,0.3888888888888889,50,0.004111111111111111,2,5
0.06666666666666668,0.2,0.3888888888888889,50,0.004555555555555556,2,6
0.06666666666666668,0.2,0.3888888888888889,50,0.005,4,6
0.06666666666666668,0.2,0.4111111111111111,50,0.001,0,0
0.06666666666666668,0.2,0.4111111111111111,50,0.0014444444444444444,0,0
0.06666666666666668,0.2,0.4111111111111111,50,0.001888888888888889,0,2
0.06666666666666668,0.2,0.4111111111111111,50,0.0023333333333333335,1,3
0.06666666666666668,0.2,0.4111111111111111,50,0.002777777777777778,1,3
0.06666666666666668,0.2,0.4111111111111111,50,0.0032222222222222222,1,4
0.06666666666666668,0.2,0.4111111111111111,50,0.003666666666666667,3,4
0.06666666666666668,0.2,0.4111111111111111,50,0.004111111111111111,3,6
0.06666666666666668,0.2,0.4111111111111111,50,0.004555555555555556,3,6
0.06666666666666668,0.2,0.4111111111111111,50,0.005,3,6
0.06666666666666668,0.2,0.43333333333333335,50,0.001,0,0
0.06666666666666668,0.2,0.43333333333333335,50,0.0014444444444444444,0,1
0.06666666666666668,0.2,0.43333333333333335,50,0.001888888888888889,0,2
0.06666666666666668,0.2,0.43333333333333335,50,0.0023333333333333335,1,3
0.06666666666666668,0.2,0.43333333333333335,50,0.002777777777777778,1,4
0.06666666666666668,0.2,0.43333333333333335,50,0.0032222222222222222,2,4
0.06666666666666668,0.2,0.43333333333333335,50,0.003666666666666667,2,5
0.06666666666666668,0.2,0.43333333333333335,50,0.004111111111111111,3,6
0.06666666666666668,0.2,0.43333333333333335,50,0.004555555555555556,3,7
0.06666666666666668,0.2,0.43333333333333335,50,0.005,4,7
0.06666666666666668,0.2,0.45555555555555555,50,0.001,0,0
0.06666666666666668,0.2,0.45555555555555555,50,0.0014444444444444444,0,0
0.06666666666666668,0.2,0.45555555555555555,50,0.001888888888888889,0,2
0.06666666666666668,0.2,0.45555555555555555,50,0.0023333333333333335,1,3
0.06666666666666668,0.2,0.45555555555555555,50,0.002777777777777778,2,3
0.06666666666666668,0.2,0.45555555555555555,50,0.0032222222222222222,1,5
0.06666666666666668,0.2,0.45555555555555555,50,0.003666666666666667,2,5
0.06666666666666668,0.2,0.45555555555555555,50,0.004111111111111111,2,5
0.06666666666666668,0.2,0.45555555555555555,50,0.004555555555555556,4,6
0.06666666666666668,0.2,0.45555555555555555,50,0.005,4,7
0.06666666666666668,0.2,0.47777777777777775,50,0.001,0,0
0.06666666666666668,0.2,0.47777777777777775,50,0.0014444444444444444,0,1
0.06666666666666668,0.2,0.47777777777777775,50,0.001888888888888889,0,2
0.06666666666666668,0.2,0.47777777777777775,50,0.0023333333333333335,1,3
0.06666666666666668,0.2,0.47777777777777775,50,0.002777777777777778,1,3
0.06666666666666668,0.2,0.47777777777777775,50,0.0032222222222222222,2,5
0.06666666666666668,0.2,0.47777777777777775,50,0.003666666666666667,3,5
0.06666666666666668,0.2,0.47777777777777775,50,0.004111111111111111,4,5
0.06666666666666668,0.2,0.47777777777777775,50,0.004555555555555556,3,7
0.06666666666666668,0.2,0.47777777777777775,50,0.005,4,8
0.06666666666666668,0.2,0.5,50,0.001,0,0
0.06666666666666668,0.2,0.5,50,0.0014444444444444444,0,1
0.06666666666666668,0.2,0.5,50,0.001888888888888889,1,2
0.06666666666666668,0.2,0.5,50,0.0023333333333333335,1,3
0.06666666666666668,0.2,0.5,50,0.002777777777777778,2,4
0.06666666666666668,0.2,0.5,50,0.0032222222222222222,2,6
0.06666666666666668,0.2,0.5,50,0.003666666666666667,3,5
0.06666666666666668,0.2,0.5,50,0.004111111111111111,3,6
0.06666666666666668,0.2,0.5,50,0.004555555555555556,4,7
0.06666666666666668,0.2,0.5,50,0.005,3,7
0.06666666666666668,0.22222222222222224,0.3,50,0.001,0,0
0.06666666666666668,0.22222222222222224,0.3,50,0.0014444444444444444,0,0
0.06666666666666668,0.22222222222222224,0.3,50,0.001888888888888889,0,0
0.06666666666666668,0.22222222222222224,0.3,50,0.0023333333333333335,0,1
0.06666666666666668,0.22222222222222224,0.3,50,0.002777777777777778,0,3
0.06666666666666668,0.22222222222222224,0.3,50,0.0032222222222222222,1,3
0.06666666666666668,0.22222222222222224,0.3,50,0.003666666666666667,1,4
0.06666666666666668,0.22222222222222224,0.3,50,0.004111111111111111,1,4
0.06666666666666668,0.22222222222222224,0.3,50,0.004555555555555556,2,4
0.06666666666666668,0.22222222222222224,0.3,50,0.005,2,5
0.06666666666666668,0.22222222222222224,0.3222222222222222,50,0.001,0,0
0.06666666666666668,0.22222222222222224,0.3222222222222222,50,0.0014444444444444444,0,0
0.06666666666666668,0.22222222222222224,0.3222222222222222,50,0.001888888888888889,0,1
0.06666666666666668,0.22222222222222224,0.3222222222222222,50,0.0023333333333333335,0,2
0.06666666666666668,0.22222222222222224,0.3222222222222222,50,0.002777777777777778,0,3
0.06666666666666668,0.22222222222222224,0.3222222222222222,50,0.0032222222222222222,1,3
0.06666666666666668,0.22222222222222224,0.3222222222222222,50,0.003666666666666667,1,4
0.06666666666666668,0.22222222222222224,0.3222222222222222,50,0.004111111111111111,2,4
0.06666666666666668,0.22222222222222224,0.3222222222222222,50,0.004555555555555556,3,6
0.06666666666666668,0.22222222222222224,0.3222222222222222,50,0.005,3,6
0.06666666666666668,0.22222222222222224,0.34444444444444444,50,0.001,0,0
0.06666666666666668,0.22222222222222224,0.34444444444444444,50,0.0014444444444444444,0,0
0.06666666666666668,0.22222222222222224,0.34444444444444444,50,0.001888888888888889,0,1
0.06666666666666668,0.22222222222222224,0.34444444444444444,50,0.0023333333333333335,0,1
0.06666666666666668,0.22222222222222224,0.34444444444444444,50,0.002777777777777778,0,3
0.06666666666666668,0.22222222222222224,0.34444444444444444,50,0.0032222222222222222,1,5
0.06666666666666668,0.22222222222222224,0.34444444444444444,50,0.003666666666666667,1,4
0.06666666666666668,0.22222222222222224,0.34444444444444444,50,0.004111111111111111,2,5
0.06666666666666668,0.22222222222222224,0.34444444444444444,50,0.004555555555555556,3,5
0.06666666666666668,0.22222222222222224,0.34444444444444444,50,0.005,3,7
0.06666666666666668,0.22222222222222224,0.36666666666666664,50,0.001,0,0
0.06666666666666668,0.22222222222222224,0.36666666666666664,50,0.0014444444444444444,0,1
0.06666666666666668,0.22222222222222224,0.36666666666666664,50,0.001888888888888889,0,1
0.06666666666666668,0.22222222222222224,0.36666666666666664,50,0.0023333333333333335,1,3
0.06666666666666668,0.22222222222222224,0.36666666666666664,50,0.002777777777777778,1,3
0.06666666666666668,0.22222222222222224,0.36666666666666664,50,0.0032222222222222222,1,5
0.06666666666666668,0.22222222222222224,0.36666666666666664,50,0.003666666666666667,2,6
0.06666666666666668,0.22222222222222224,0.36666666666666664,50,0.004111111111111111,2,6
0.06666666666666668,0.22222222222222224,0.36666666666666664,50,0.004555555555555556,2,7
0.06666666666666668,0.22222222222222224,0.36666666666666664,50,0.005,3,7
0.06666666666666668,0.22222222222222224,0.3888888888888889,50,0.001,0,0
0.06666666666666668,0.22222222222222224,0.3888888888888889,50,0.0014444444444444444,0,0
0.06666666666666668,0.22222222222222224,0.3888888888888889,50,0.001888888888888889,0,1
0.06666666666666668,0.22222222222222224,0.3888888888888889,50,0.0023333333333333335,0,3
0.06666666666666668,0.22222222222222224,0.3888888888888889,50,0.002777777777777778,1,4
0.06666666666666668,0.22222222222222224,0.3888888888888889,50,0.0032222222222222222,2,5
0.06666666666666668,0.22222222222222224,0.3888888888888889,50,0.003666666666666667,2,5
0.06666666666666668,0.22222222222222224,0.3888888888888889,50,0.004111111111111111,2,6
0.06666666666666668,0.22222222222222224,0.3888888888888889,50,0.004555555555555556,3,6
0.06666666666666668,0.22222222222222224,0.3888888888888889,50,0.005,3,7
0.06666666666666668,0.22222222222222224,0.4111111111111111,50,0.001,0,0
0.06666666666666668,0.22222222222222224,0.4111111111111111,50,0.0014444444444444444,0,0
0.06666666666666668,0.22222222222222224,0.4111111111111111,50,0.001888888888888889,0,2
0.06666666666666668,0.22222222222222224,0.4111111111111111,50,0.0023333333333333335,1,3
0.06666666666666668,0.22222222222222224,0.4111111111111111,50,0.002777777777777778,1,3
0.06666666666666668,0.22222222222222224,0.4111111111111111,50,0.0032222222222222222,2,5
0.06666666666666668,0.22222222222222224,0.4111111111111111,50,0.003666666666666667,3,5
0.06666666666666668,0.22222222222222224,0.4111111111111111,50,0.004111111111111111,3,6
0.06666666666666668,0.22222222222222224,0.4111111111111111,50,0.004555555555555556,3,7
0.06666666666666668,0.22222222222222224,0.4111111111111111,50,0.005,3,8
0.06666666666666668,0.22222222222222224,0.43333333333333335,50,0.001,0,0
0.06666666666666668,0.22222222222222224,0.43333333333333335,50,0.0014444444444444444,0,1
0.06666666666666668,0.22222222222222224,0.43333333333333335,50,0.001888888888888889,0,3
0.06666666666666668,0.22222222222222224,0.43333333333333335,50,0.0023333333333333335,1,3
0.06666666666666668,0.22222222222222224,0.43333333333333335,50,0.002777777777777778,1,4
0.06666666666666668,0.22222222222222224,0.43333333333333335,50,0.0032222222222222222,2,5
0.06666666666666668,0.22222222222222224,0.43333333333333335,50,0.003666666666666667,3,5
0.06666666666666668,0.22222222222222224,0.43333333333333335,50,0.004111111111111111,4,7
0.06666666666666668,0.22222222222222224,0.43333333333333335,50,0.004555555555555556,4,7
0.06666666666666668,0.22222222222222224,0.43333333333333335,50,0.005,4,7
0.06666666666666668,0.22222222222222224,0.45555555555555555,50,0.001,0,0
0.06666666666666668,0.22222222222222224,0.45555555555555555,50,0.0014444444444444444,0,1
0.06666666666666668,0.22222222222222224,0.45555555555555555,50,0.001888888888888889,0,2
0.06666666666666668,0.22222222222222224,0.45555555555555555,50,0.0023333333333333335,1,3
0.06666666666666668,0.22222222222222224,0.45555555555555555,50,0.002777777777777778,2,4
0.06666666666666668,0.22222222222222224,0.45555555555555555,50,0.0032222222222222222,3,5
0.06666666666666668,0.22222222222222224,0.45555555555555555,50,0.003666666666666667,3,5
0.06666666666666668,0.22222222222222224,0.45555555555555555,50,0.004111111111111111,2,6
0.06666666666666668,0.22222222222222224,0.45555555555555555,50,0.004555555555555556,4,7
0.06666666666666668,0.22222222222222224,0.45555555555555555,50,0.005,4,8
0.06666666666666668,0.22222222222222224,0.47777777777777775,50,0.001,0,0
0.06666666666666668,0.22222222222222224,0.47777777777777775,50,0.0014444444444444444,0,1
0.06666666666666668,0.22222222222222224,0.47777777777777775,50,0.001888888888888889,1,3
0.06666666666666668,0.22222222222222224,0.47777777777777775,50,0.0023333333333333335,1,3
0.06666666666666668,0.22222222222222224,0.47777777777777775,50,0.002777777777777778,2,5
0.06666666666666668,0.22222222222222224,0.47777777777777775,50,0.0032222222222222222,2,5
0.06666666666666668,0.22222222222222224,0.47777777777777775,50,0.003666666666666667,3,5
0.06666666666666668,0.22222222222222224,0.47777777777777775,50,0.004111111111111111,4,7
0.06666666666666668,0.22222222222222224,0.47777777777777775,50,0.004555555555555556,4,7
0.06666666666666668,0.22222222222222224,0.47777777777777775,50,0.005,5,8
0.06666666666666668,0.22222222222222224,0.5,50,0.001,0,0
0.06666666666666668,0.22222222222222224,0.5,50,0.0014444444444444444,0,1
0.06666666666666668,0.22222222222222224,0.5,50,0.001888888888888889,1,3
0.06666666666666668,0.22222222222222224,0.5,50,0.0023333333333333335,1,3
0.06666666666666668,0.22222222222222224,0.5,50,0.002777777777777778,1,4
0.06666666666666668,0.22222222222222224,0.5,50,0.0032222222222222222,3,5
0.06666666666666668,0.22222222222222224,0.5,50,0.003666666666666667,3,7
0.06666666666666668,0.22222222222222224,0.5,50,0.004111111111111111,4,8
0.06666666666666668,0.22222222222222224,0.5,50,0.004555555555555556,3,8
0.06666666666666668,0.22222222222222224,0.5,50,0.005,4,8
0.06666666666666668,0.24444444444444446,0.3,50,0.001,0,0
0.06666666666666668,0.24444444444444446,0.3,50,0.0014444444444444444,0,0
0.06666666666666668,0.24444444444444446,0.3,50,0.001888888888888889,0,0
0.06666666666666668,0.24444444444444446,0.3,50,0.0023333333333333335,0,1
0.06666666666666668,0.24444444444444446,0.3,50,0.002777777777777778,0,3
0.06666666666666668,0.24444444444444446,0.3,50,0.0032222222222222222,1,3
0.06666666666666668,0.24444444444444446,0.3,50,0.003666666666666667,1,3
0.06666666666666668,0.24444444444444446,0.3,50,0.004111111111111111,1,5
0.06666666666666668,0.24444444444444446,0.3,50,0.004555555555555556,2,6
0.06666666666666668,0.24444444444444446,0.3,50,0.005,2,6
0.06666666666666668,0.24444444444444446,0.3222222222222222,50,0.001,0,0
0.06666666666666668,0.24444444444444446,0.3222222222222222,50,0.0014444444444444444,0,0
0.06666666666666668,0.24444444444444446,0.3222222222222222,50,0.001888888888888889,0,1
0.06666666666666668,0.24444444444444446,0.3222222222222222,50,0.0023333333333333335,0,3
0.06666666666666668,0.24444444444444446,0.3222222222222222,50,0.002777777777777778,0,3
0.06666666666666668,0.24444444444444446,0.3222222222222222,50,0.0032222222222222222,1,4
0.06666666666666668,0.24444444444444446,0.3222222222222222,50,0.003666666666666667,1,5
0.06666666666666668,0.24444444444444446,0.3222222222222222,50,0.004111111111111111,2,5
0.06666666666666668,0.24444444444444446,0.3222222222222222,50,0.004555555555555556,3,7
0.06666666666666668,0.24444444444444446,0.3222222222222222,50,0.005,4,7
0.06666666666666668,0.24444444444444446,0.34444444444444444,50,0.001,0,0
0.06666666666666668,0.24444444444444446,0.34444444444444444,50,0.0014444444444444444,0,0
0.06666666666666668,0.24444444444444446,0.34444444444444444,50,0.001888888888888889,0,2
0.06666666666666668,0.24444444444444446,0.34444444444444444,50,0.0023333333333333335,0,3
0.06666666666666668,0.24444444444444446,0.34444444444444444,50,0.002777777777777778,1,3
0.06666666666666668,0.24444444444444446,0.34444444444444444,50,0.0032222222222222222,1,4
0.06666666666666668,0.24444444444444446,0.34444444444444444,50,0.003666666666666667,2,5
0.06666666666666668,0.24444444444444446,0.34444444444444444,50,0.004111111111111111,3,6
0.06666666666666668,0.24444444444444446,0.34444444444444444,50,0.004555555555555556,4,7
0.06666666666666668,0.24444444444444446,0.34444444444444444,50,0.005,4,6
0.06666666666666668,0.24444444444444446,0.36666666666666664,50,0.001,0,0
0.06666666666666668,0.24444444444444446,0.36666666666666664,50,0.0014444444444444444,0,0
0.06666666666666668,0.24444444444444446,0.36666666666666664,50,0.001888888888888889,0,1
0.06666666666666668,0.24444444444444446,0.36666666666666664,50,0.0023333333333333335,0,3
0.06666666666666668,0.24444444444444446,0.36666666666666664,50,0.002777777777777778,1,4
0.06666666666666668,0.24444444444444446,0.36666666666666664,50,0.0032222222222222222,2,5
0.06666666666666668,0.24444444444444446,0.36666666666666664,50,0.003666666666666667,2,5
0.06666666666666668,0.24444444444444446,0.36666666666666664,50,0.004111111111111111,3,7
0.06666666666666668,0.24444444444444446,0.36666666666666664,50,0.004555555555555556,3,7
0.06666666666666668,0.24444444444444446,0.36666666666666664,50,0.005,3,7
0.06666666666666668,0.24444444444444446,0.3888888888888889,50,0.001,0,0
0.06666666666666668,0.24444444444444446,0.3888888888888889,50,0.0014444444444444444,0,0
0.06666666666666668,0.24444444444444446,0.3888888888888889,50,0.001888888888888889,0,2
0.06666666666666668,0.24444444444444446,0.3888888888888889,50,0.0023333333333333335,1,3
0.06666666666666668,0.24444444444444446,0.3888888888888889,50,0.002777777777777778,1,4
0.06666666666666668,0.24444444444444446,0.3888888888888889,50,0.0032222222222222222,1,5
0.06666666666666668,0.24444444444444446,0.3888888888888889,50,0.003666666666666667,2,5
0.06666666666666668,0.24444444444444446,0.3888888888888889,50,0.004111111111111111,3,7
0.06666666666666668,0.24444444444444446,0.3888888888888889,50,0.004555555555555556,4,7
0.06666666666666668,0.24444444444444446,0.3888888888888889,50,0.005,4,7
0.06666666666666668,0.24444444444444446,0.4111111111111111,50,0.001,0,0
0.06666666666666668,0.24444444444444446,0.4111111111111111,50,0.0014444444444444444,0,0
0.06666666666666668,0.24444444444444446,0.4111111111111111,50,0.001888888888888889,0,2
0.06666666666666668,0.24444444444444446,0.4111111111111111,50,0.0023333333333333335,1,3
0.06666666666666668,0.24444444444444446,0.4111111111111111,50,0.002777777777777778,1,3
0.06666666666666668,0.24444444444444446,0.4111111111111111,50,0.0032222222222222222,3,5
0.06666666666666668,0.24444444444444446,0.4111111111111111,50,0.003666666666666667,3,6
0.06666666666666668,0.24444444444444446,0.4111111111111111,50,0.004111111111111111,3,6
0.06666666666666668,0.24444444444444446,0.4111111111111111,50,0.004555555555555556,4,8
0.06666666666666668,0.24444444444444446,0.4111111111111111,50,0.005,4,9
0.06666666666666668,0.24444444444444446,0.43333333333333335,50,0.001,0,0
0.06666666666666668,0.24444444444444446,0.43333333333333335,50,0.0014444444444444444,0,1
0.06666666666666668,0.24444444444444446,0.43333333333333335,50,0.001888888888888889,1,1
0.06666666666666668,0.24444444444444446,0.43333333333333335,50,0.0023333333333333335,0,4
0.06666666666666668,0.24444444444444446,0.43333333333333335,50,0.002777777777777778,2,4
0.06666666666666668,0.24444444444444446,0.43333333333333335,50,0.0032222222222222222,3,6
0.06666666666666668,0.24444444444444446,0.43333333333333335,50,0.003666666666666667,2,6
0.06666666666666668,0.24444444444444446,0.43333333333333335,50,0.004111111111111111,3,7
0.06666666666666668,0.24444444444444446,0.43333333333333335,50,0.004555555555555556,4,7
0.06666666666666668,0.24444444444444446,0.43333333333333335,50,0.005,5,9
0.06666666666666668,0.24444444444444446,0.45555555555555555,50,0.001,0,0
0.06666666666666668,0.24444444444444446,0.45555555555555555,50,0.0014444444444444444,0,1
0.06666666666666668,0.24444444444444446,0.45555555555555555,50,0.001888888888888889,0,2
0.06666666666666668,0.24444444444444446,0.45555555555555555,50,0.0023333333333333335,1,3
0.06666666666666668,0.24444444444444446,0.45555555555555555,50,0.002777777777777778,2,5
0.06666666666666668,0.24444444444444446,0.45555555555555555,50,0.0032222222222222222,3,6
0.06666666666666668,0.24444444444444446,0.45555555555555555,50,0.003666666666666667,3,6
0.06666666666666668,0.24444444444444446,0.45555555555555555,50,0.004111111111111111,3,7
0.06666666666666668,0.24444444444444446,0.45555555555555555,50,0.004555555555555556,4,8
0.06666666666666668,0.24444444444444446,0.45555555555555555,50,0.005,5,9
0.06666666666666668,0.24444444444444446,0.47777777777777775,50,0.001,0,0
0.06666666666666668,0.24444444444444446,0.47777777777777775,50,0.0014444444444444444,0,1
0.06666666666666668,0.24444444444444446,0.47777777777777775,50,0.001888888888888889,0,1
0.06666666666666668,0.24444444444444446,0.47777777777777775,50,0.0023333333333333335,2,4
0.06666666666666668,0.24444444444444446,0.47777777777777775,50,0.002777777777777778,2,4
0.06666666666666668,0.24444444444444446,0.47777777777777775,50,0.0032222222222222222,3,5
0.06666666666666668,0.24444444444444446,0.47777777777777775,50,0.003666666666666667,3,7
0.06666666666666668,0.24444444444444446,0.47777777777777775,50,0.004111111111111111,4,8
0.06666666666666668,0.24444444444444446,0.47777777777777775,50,0.004555555555555556,4,8
0.06666666666666668,0.24444444444444446,0.47777777777777775,50,0.005,5,9
0.06666666666666668,0.24444444444444446,0.5,50,0.001,0,0
0.06666666666666668,0.24444444444444446,0.5,50,0.0014444444444444444,0,1
0.06666666666666668,0.24444444444444446,0.5,50,0.001888888888888889,1,2
0.06666666666666668,0.24444444444444446,0.5,50,0.0023333333333333335,1,4
0.06666666666666668,0.24444444444444446,0.5,50,0.002777777777777778,3,5
0.06666666666666668,0.24444444444444446,0.5,50,0.0032222222222222222,3,6
0.06666666666666668,0.24444444444444446,0.5,50,0.003666666666666667,4,6
0.06666666666666668,0.24444444444444446,0.5,50,0.004111111111111111,4,8
0.06666666666666668,0.24444444444444446,0.5,50,0.004555555555555556,4,9
0.06666666666666668,0.24444444444444446,0.5,50,0.005,5,9
0.06666666666666668,0.26666666666666666,0.3,50,0.001,0,0
0.06666666666666668,0.26666666666666666,0.3,50,0.0014444444444444444,0,0
0.06666666666666668,0.26666666666666666,0.3,50,0.001888888888888889,0,1
0.06666666666666668,0.26666666666666666,0.3,50,0.0023333333333333335,0,1
0.06666666666666668,0.26666666666666666,0.3,50,0.002777777777777778,0,3
0.06666666666666668,0.26666666666666666,0.3,50,0.0032222222222222222,0,3
0.06666666666666668,0.26666666666666666,0.3,50,0.003666666666666667,1,5
0.06666666666666668,0.26666666666666666,0.3,50,0.004111111111111111,2,6
0.06666666666666668,0.26666666666666666,0.3,50,0.004555555555555556,3,6
0.06666666666666668,0.26666666666666666,0.3,50,0.005,3,7
0.06666666666666668,0.26666666666666666,0.3222222222222222,50,0.001,0,0
0.06666666666666668,0.26666666666666666,0.3222222222222222,50,0.0014444444444444444,0,0
0.06666666666666668,0.26666666666666666,0.3222222222222222,50,0.001888888888888889,0,1
0.06666666666666668,0.26666666666666666,0.3222222222222222,50,0.0023333333333333335,0,3
0.06666666666666668,0.26666666666666666,0.3222222222222222,50,0.002777777777777778,1,3
0.06666666666666668,0.26666666666666666,0.3222222222222222,50,0.0032222222222222222,0,4
0.06666666666666668,0.26666666666666666,0.3222222222222222,50,0.003666666666666667,1,4
0.06666666666666668,0.26666666666666666,0.3222222222222222,50,0.004111111111111111,3,5
0.06666666666666668,0.26666666666666666,0.3222222222222222,50,0.004555555555555556,3,7
0.06666666666666668,0.26666666666666666,0.3222222222222222,50,0.005,4,7
0.06666666666666668,0.26666666666666666,0.34444444444444444,50,0.001,0,0
0.06666666666666668,0.26666666666666666,0.34444444444444444,50,0.0014444444444444444,0,0
0.06666666666666668,0.26666666666666666,0.34444444444444444,50,0.001888888888888889,0,2
0.06666666666666668,0.26666666666666666,0.34444444444444444,50,0.0023333333333333335,1,3
0.06666666666666668,0.26666666666666666,0.34444444444444444,50,0.002777777777777778,1,3
0.06666666666666668,0.26666666666666666,0.34444444444444444,50,0.0032222222222222222,1,5
0.06666666666666668,0.26666666666666666,0.34444444444444444,50,0.003666666666666667,2,6
0.06666666666666668,0.26666666666666666,0.34444444444444444,50,0.004111111111111111,2,6
0.06666666666666668,0.26666666666666666,0.34444444444444444,50,0.004555555555555556,3,7
0.06666666666666668,0.26666666666666666,0.34444444444444444,50,0.005,4,8
0.06666666666666668,0.26666666666666666,0.36666666666666664,50,0.001,0,0
0.06666666666666668,0.26666666666666666,0.36666666666666664,50,0.0014444444444444444,0,0
0.06666666666666668,0.26666666666666666,0.36666666666666664,50,0.001888888888888889,0,1
0.06666666666666668,0.26666666666666666,0.36666666666666664,50,0.0023333333333333335,0,4
0.06666666666666668,0.26666666666666666,0.36666666666666664,50,0.002777777777777778,2,4
0.06666666666666668,0.26666666666666666,0.36666666666666664,50,0.0032222222222222222,2,5
0.06666666666666668,0.26666666666666666,0.36666666666666664,50,0.003666666666666667,2,6
0.06666666666666668,0.26666666666666666,0.36666666666666664,50,0.004111111111111111,3,6
0.06666666666666668,0.26666666666666666,0.36666666666666664,50,0.004555555555555556,4,8
0.06666666666666668,0.26666666666666666,0.36666666666666664,50,0.005,4,9
0.06666666666666668,0.26666666666666666,0.3888888888888889,50,0.001,0,0
0.06666666666666668,0.26666666666666666,0.3888888888888889,50,0.0014444444444444444,0,1
0.06666666666666668,0.26666666666666666,0.3888888888888889,50,0.001888888888888889,0,3
0.06666666666666668,0.26666666666666666,0.3888888888888889,50,0.0023333333333333335,1,3
0.06666666666666668,0.26666666666666666,0.3888888888888889,50,0.002777777777777778,1,4
0.06666666666666668,0.26666666666666666,0.3888888888888889,50,0.0032222222222222222,2,5
0.06666666666666668,0.26666666666666666,0.3888888888888889,50,0.003666666666666667,2,6
0.06666666666666668,0.26666666666666666,0.3888888888888889,50,0.004111111111111111,3,7
0.06666666666666668,0.26666666666666666,0.3888888888888889,50,0.004555555555555556,3,8
0.06666666666666668,0.26666666666666666,0.3888888888888889,50,0.005,4,10
0.06666666666666668,0.26666666666666666,0.4111111111111111,50,0.001,0,0
0.06666666666666668,0.26666666666666666,0.4111111111111111,50,0.0014444444444444444,0,1
0.06666666666666668,0.26666666666666666,0.4111111111111111,50,0.001888888888888889,0,2
0.06666666666666668,0.26666666666666666,0.4111111111111111,50,0.0023333333333333335,0,3
0.06666666666666668,0.26666666666666666,0.4111111111111111,50,0.002777777777777778,2,5
0.06666666666666668,0.26666666666666666,0.4111111111111111,50,0.0032222222222222222,3,5
0.06666666666666668,0.26666666666666666,0.4111111111111111,50,0.003666666666666667,3,6
0.06666666666666668,0.26666666666666666,0.4111111111111111,50,0.004111111111111111,4,8
0.06666666666666668,0.26666666666666666,0.4111111111111111,50,0.004555555555555556,4,8
0.06666666666666668,0.26666666666666666,0.4111111111111111,50,0.005,5,9
0.06666666666666668,0.26666666666666666,0.43333333333333335,50,0.001,0,0
0.06666666666666668,0.26666666666666666,0.43333333333333335,50,0.0014444444444444444,0,1
0.06666666666666668,0.26666666666666666,0.43333333333333335,50,0.001888888888888889,0,3
0.06666666666666668,0.26666666666666666,0.43333333333333335,50,0.0023333333333333335,1,4
0.06666666666666668,0.26666666666666666,0.43333333333333335,50,0.002777777777777778,1,5
0.06666666666666668,0.26666666666666666,0.43333333333333335,50,0.0032222222222222222,3,5
0.06666666666666668,0.26666666666666666,0.43333333333333335,50,0.003666666666666667,3,7
0.06666666666666668,0.26666666666666666,0.43333333333333335,50,0.004111111111111111,4,8
0.06666666666666668,0.26666666666666666,0.43333333333333335,50,0.004555555555555556,4,9
0.06666666666666668,0.26666666666666666,0.43333333333333335,50,0.005,5,9
0.06666666666666668,0.26666666666666666,0.45555555555555555,50,0.001,0,0
0.06666666666666668,0.26666666666666666,0.45555555555555555,50,0.0014444444444444444,0,0
0.06666666666666668,0.26666666666666666,0.45555555555555555,50,0.001888888888888889,0,3
0.06666666666666668,0.26666666666666666,0.45555555555555555,50,0.0023333333333333335,1,4
0.06666666666666668,0.26666666666666666,0.45555555555555555,50,0.002777777777777778,2,5
0.06666666666666668,0.26666666666666666,0.45555555555555555,50,0.0032222222222222222,2,7
0.06666666666666668,0.26666666666666666,0.45555555555555555,50,0.003666666666666667,3,7
0.06666666666666668,0.26666666666666666,0.45555555555555555,50,0.004111111111111111,4,8
0.06666666666666668,0.26666666666666666,0.45555555555555555,50,0.004555555555555556,4,9
0.06666666666666668,0.26666666666666666,0.45555555555555555,50,0.005,5,9
0.06666666666666668,0.26666666666666666,0.47777777777777775,50,0.001,0,0
0.06666666666666668,0.26666666666666666,0.47777777777777775,50,0.0014444444444444444,0,0
0.06666666666666668,0.26666666666666666,0.47777777777777775,50,0.001888888888888889,0,3
0.06666666666666668,0.26666666666666666,0.47777777777777775,50,0.0023333333333333335,1,4
0.06666666666666668,0.26666666666666666,0.47777777777777775,50,0.002777777777777778,3,6
0.06666666666666668,0.26666666666666666,0.47777777777777775,50,0.0032222222222222222,3,6
0.06666666666666668,0.26666666666666666,0.47777777777777775,50,0.003666666666666667,3,7
0.06666666666666668,0.26666666666666666,0.47777777777777775,50,0.004111111111111111,4,8
0.06666666666666668,0.26666666666666666,0.47777777777777775,50,0.004555555555555556,4,9
0.06666666666666668,0.26666666666666666,0.47777777777777775,50,0.005,5,10
0.06666666666666668,0.26666666666666666,0.5,50,0.001,0,0
0.06666666666666668,0.26666666666666666,0.5,50,0.0014444444444444444,0,2
0.06666666666666668,0.26666666666666666,0.5,50,0.001888888888888889,0,2
0.06666666666666668,0.26666666666666666,0.5,50,0.0023333333333333335,1,4
0.06666666666666668,0.26666666666666666,0.5,50,0.002777777777777778,2,5
0.06666666666666668,0.26666666666666666,0.5,50,0.0032222222222222222,3,7
0.06666666666666668,0.26666666666666666,0.5,50,0.003666666666666667,3,8
0.06666666666666668,0.26666666666666666,0.5,50,0.004111111111111111,4,8
0.06666666666666668,0.26666666666666666,0.5,50,0.004555555555555556,4,9
0.06666666666666668,0.26666666666666666,0.5,50,0.005,6,11
0.06666666666666668,0.2888888888888889,0.3,50,0.001,0,0
0.06666666666666668,0.2888888888888889,0.3,50,0.0014444444444444444,0,0
0.06666666666666668,0.2888888888888889,0.3,50,0.001888888888888889,0,0
0.06666666666666668,0.2888888888888889,0.3,50,0.0023333333333333335,0,1
0.06666666666666668,0.2888888888888889,0.3,50,0.002777777777777778,0,3
0.06666666666666668,0.2888888888888889,0.3,50,0.0032222222222222222,0,4
0.06666666666666668,0.2888888888888889,0.3,50,0.003666666666666667,2,5
0.06666666666666668,0.2888888888888889,0.3,50,0.004111111111111111,2,6
0.06666666666666668,0.2888888888888889,0.3,50,0.004555555555555556,3,7
0.06666666666666668,0.2888888888888889,0.3,50,0.005,3,7
0.06666666666666668,0.2888888888888889,0.3222222222222222,50,0.001,0,0
0.06666666666666668,0.2888888888888889,0.3222222222222222,50,0.0014444444444444444,0,0
0.06666666666666668,0.2888888888888889,0.3222222222222222,50,0.001888888888888889,0,1
0.06666666666666668,0.2888888888888889,0.3222222222222222,50,0.0023333333333333335,0,3
0.06666666666666668,0.2888888888888889,0.3222222222222222,50,0.002777777777777778,0,4
0.06666666666666668,0.2888888888888889,0.3222222222222222,50,0.0032222222222222222,1,5
0.06666666666666668,0.2888888888888889,0.3222222222222222,50,0.003666666666666667,1,5
0.06666666666666668,0.2888888888888889,0.3222222222222222,50,0.004111111111111111,1,6
0.06666666666666668,0.2888888888888889,0.3222222222222222,50,0.004555555555555556,3,7
0.06666666666666668,0.2888888888888889,0.3222222222222222,50,0.005,4,8
0.06666666666666668,0.2888888888888889,0.34444444444444444,50,0.001,0,0
0.06666666666666668,0.2888888888888889,0.34444444444444444,50,0.0014444444444444444,0,0
0.06666666666666668,0.2888888888888889,0.34444444444444444,50,0.001888888888888889,0,1
0.06666666666666668,0.2888888888888889,0.34444444444444444,50,0.0023333333333333335,0,3
0.06666666666666668,0.2888888888888889,0.34444444444444444,50,0.002777777777777778,0,3
0.06666666666666668,0.2888888888888889,0.34444444444444444,50,0.0032222222222222222,2,6
0.06666666666666668,0.2888888888888889,0.34444444444444444,50,0.003666666666666667,3,6
0.06666666666666668,0.2888888888888889,0.34444444444444444,50,0.004111111111111111,3,7
0.06666666666666668,0.2888888888888889,0.34444444444444444,50,0.004555555555555556,3,8
0.06666666666666668,0.2888888888888889,0.34444444444444444,50,0.005,4,8
0.06666666666666668,0.2888888888888889,0.36666666666666664,50,0.001,0,0
0.06666666666666668,0.2888888888888889,0.36666666666666664,50,0.0014444444444444444,0,0
0.06666666666666668,0.2888888888888889,0.36666666666666664,50,0.001888888888888889,0,2
0.06666666666666668,0.2888888888888889,0.36666666666666664,50,0.0023333333333333335,0,3
0.06666666666666668,0.2888888888888889,0.36666666666666664,50,0.002777777777777778,1,3
0.06666666666666668,0.2888888888888889,0.36666666666666664,50,0.0032222222222222222,2,5
0.06666666666666668,0.2888888888888889,0.36666666666666664,50,0.003666666666666667,2,7
0.06666666666666668,0.2888888888888889,0.36666666666666664,50,0.004111111111111111,3,7
0.06666666666666668,0.2888888888888889,0.36666666666666664,50,0.004555555555555556,4,8
0.06666666666666668,0.2888888888888889,0.36666666666666664,50,0.005,4,9
0.06666666666666668,0.2888888888888889,0.3888888888888889,50,0.001,0,0
0.06666666666666668,0.2888888888888889,0.3888888888888889,50,0.0014444444444444444,0,1
0.06666666666666668,0.2888888888888889,0.3888888888888889,50,0.001888888888888889,0,2
0.06666666666666668,0.2888888888888889,0.3888888888888889,50,0.0023333333333333335,0,3
0.06666666666666668,0.2888888888888889,0.3888888888888889,50,0.002777777777777778,2,5
0.06666666666666668,0.2888888888888889,0.3888888888888889,50,0.0032222222222222222,2,6
0.06666666666666668,0.2888888888888889,0.3888888888888889,50,0.003666666666666667,3,6
0.06666666666666668,0.2888888888888889,0.3888888888888889,50,0.004111111111111111,3,7
0.06666666666666668,0.2888888888888889,0.3888888888888889,50,0.004555555555555556,5,9
0.06666666666666668,0.2888888888888889,0.3888888888888889,50,0.005,4,10
0.06666666666666668,0.2888888888888889,0.4111111111111111,50,0.001,0,0
0.06666666666666668,0.2888888888888889,0.4111111111111111,50,0.0014444444444444444,0,1
0.06666666666666668,0.2888888888888889,0.4111111111111111,50,0.001888888888888889,1,2
0.06666666666666668,0.2888888888888889,0.4111111111111111,50,0.0023333333333333335,1,3
0.06666666666666668,0.2888888888888889,0.4111111111111111,50,0.002777777777777778,2,4
0.06666666666666668,0.2888888888888889,0.4111111111111111,50,0.0032222222222222222,2,7
0.06666666666666668,0.2888888888888889,0.4111111111111111,50,0.003666666666666667,2,7
0.06666666666666668,0.2888888888888889,0.4111111111111111,50,0.004111111111111111,3,8
0.06666666666666668,0.2888888888888889,0.4111111111111111,50,0.004555555555555556,4,8
0.06666666666666668,0.2888888888888889,0.4111111111111111,50,0.005,5,10
0.06666666666666668,0.2888888888888889,0.43333333333333335,50,0.001,0,0
0.06666666666666668,0.2888888888888889,0.43333333333333335,50,0.0014444444444444444,0,0
0.06666666666666668,0.2888888888888889,0.43333333333333335,50,0.001888888888888889,0,2
0.06666666666666668,0.2888888888888889,0.43333333333333335,50,0.0023333333333333335,1,4
0.06666666666666668,0.2888888888888889,0.43333333333333335,50,0.002777777777777778,2,5
0.06666666666666668,0.2888888888888889,0.43333333333333335,50,0.0032222222222222222,3,7
0.06666666666666668,0.2888888888888889,0.43333333333333335,50,0.003666666666666667,4,7
0.06666666666666668,0.2888888888888889,0.43333333333333335,50,0.004111111111111111,4,9
0.06666666666666668,0.2888888888888889,0.43333333333333335,50,0.004555555555555556,4,10
0.06666666666666668,0.2888888888888889,0.43333333333333335,50,0.005,5,11
0.06666666666666668,0.2888888888888889,0.45555555555555555,50,0.001,0,0
0.06666666666666668,0.2888888888888889,0.45555555555555555,50,0.0014444444444444444,0,1
0.06666666666666668,0.2888888888888889,0.45555555555555555,50,0.001888888888888889,0,3
0.06666666666666668,0.2888888888888889,0.45555555555555555,50,0.0023333333333333335,2,5
0.06666666666666668,0.2888888888888889,0.45555555555555555,50,0.002777777777777778,1,5
0.06666666666666668,0.2888888888888889,0.45555555555555555,50,0.0032222222222222222,3,7
0.06666666666666668,0.2888888888888889,0.45555555555555555,50,0.003666666666666667,4,7
0.06666666666666668,0.2888888888888889,0.45555555555555555,50,0.004111111111111111,4,9
0.06666666666666668,0.2888888888888889,0.45555555555555555,50,0.004555555555555556,5,10
0.06666666666666668,0.2888888888888889,0.45555555555555555,50,0.005,6,11
0.06666666666666668,0.2888888888888889,0.47777777777777775,50,0.001,0,0
0.06666666666666668,0.2888888888888889,0.47777777777777775,50,0.0014444444444444444,0,1
0.06666666666666668,0.2888888888888889,0.47777777777777775,50,0.001888888888888889,0,3
0.06666666666666668,0.2888888888888889,0.47777777777777775,50,0.0023333333333333335,2,5
0.06666666666666668,0.2888888888888889,0.47777777777777775,50,0.002777777777777778,2,5
0.06666666666666668,0.2888888888888889,0.47777777777777775,50,0.0032222222222222222,3,6
0.06666666666666668,0.2888888888888889,0.47777777777777775,50,0.003666666666666667,3,7
0.06666666666666668,0.2888888888888889,0.47777777777777775,50,0.004111111111111111,4,8
0.06666666666666668,0.2888888888888889,0.47777777777777775,50,0.004555555555555556,5,10
0.06666666666666668,0.2888888888888889,0.47777777777777775,50,0.005,6,10
0.06666666666666668,0.2888888888888889,0.5,50,0.001,0,0
0.06666666666666668,0.2888888888888889,0.5,50,0.0014444444444444444,0,1
0.06666666666666668,0.2888888888888889,0.5,50,0.001888888888888889,1,3
0.06666666666666668,0.2888888888888889,0.5,50,0.0023333333333333335,1,5
0.06666666666666668,0.2888888888888889,0.5,50,0.002777777777777778,3,6
0.06666666666666668,0.2888888888888889,0.5,50,0.0032222222222222222,3,8
0.06666666666666668,0.2888888888888889,0.5,50,0.003666666666666667,3,8
0.06666666666666668,0.2888888888888889,0.5,50,0.004111111111111111,4,9
0.06666666666666668,0.2888888888888889,0.5,50,0.004555555555555556,5,11
0.06666666666666668,0.2888888888888889,0.5,50,0.005,6,12
0.06666666666666668,0.3111111111111111,0.3,50,0.001,0,0
0.06666666666666668,0.3111111111111111,0.3,50,0.0014444444444444444,0,0
0.06666666666666668,0.3111111111111111,0.3,50,0.001888888888888889,0,1
0.06666666666666668,0.3111111111111111,0.3,50,0.0023333333333333335,0,2
0.06666666666666668,0.3111111111111111,0.3,50,0.002777777777777778,0,3
0.06666666666666668,0.3111111111111111,0.3,50,0.0032222222222222222,2,4
0.06666666666666668,0.3111111111111111,0.3,50,0.003666666666666667,2,6
0.06666666666666668,0.3111111111111111,0.3,50,0.004111111111111111,3,7
0.06666666666666668,0.3111111111111111,0.3,50,0.004555555555555556,4,7
0.06666666666666668,0.3111111111111111,0.3,50,0.005,4,8
0.06666666666666668,0.3111111111111111,0.3222222222222222,50,0.001,0,0
0.06666666666666668,0.3111111111111111,0.3222222222222222,50,0.0014444444444444444,0,0
0.06666666666666668,0.3111111111111111,0.3222222222222222,50,0.001888888888888889,0,1
0.06666666666666668,0.3111111111111111,0.3222222222222222,50,0.0023333333333333335,0,2
0.06666666666666668,0.3111111111111111,0.3222222222222222,50,0.002777777777777778,0,4
0.06666666666666668,0.3111111111111111,0.3222222222222222,50,0.0032222222222222222,1,5
0.06666666666666668,0.3111111111111111,0.3222222222222222,50,0.003666666666666667,2,6
0.06666666666666668,0.3111111111111111,0.3222222222222222,50,0.004111111111111111,3,7
0.06666666666666668,0.3111111111111111,0.3222222222222222,50,0.004555555555555556,3,7
0.06666666666666668,0.3111111111111111,0.3222222222222222,50,0.005,4,9
0.06666666666666668,0.3111111111111111,0.34444444444444444,50,0.001,0,0
0.06666666666666668,0.3111111111111111,0.34444444444444444,50,0.0014444444444444444,0,0
0.06666666666666668,0.3111111111111111,0.34444444444444444,50,0.001888888888888889,0,1
0.06666666666666668,0.3111111111111111,0.34444444444444444,50,0.0023333333333333335,0,2
0.06666666666666668,0.3111111111111111,0.34444444444444444,50,0.002777777777777778,1,4
0.06666666666666668,0.3111111111111111,0.34444444444444444,50,0.0032222222222222222,1,6
0.06666666666666668,0.3111111111111111,0.34444444444444444,50,0.003666666666666667,2,6
0.06666666666666668,0.3111111111111111,0.34444444444444444,50,0.004111111111111111,3,8
0.06666666666666668,0.3111111111111111,0.34444444444444444,50,0.004555555555555556,4,9
0.06666666666666668,0.3111111111111111,0.34444444444444444,50,0.005,4,10
0.06666666666666668,0.3111111111111111,0.36666666666666664,50,0.001,0,0
0.06666666666666668,0.3111111111111111,0.36666666666666664,50,0.0014444444444444444,0,0
0.06666666666666668,0.3111111111111111,0.36666666666666664,50,0.001888888888888889,0,2
0.06666666666666668,0.3111111111111111,0.36666666666666664,50,0.0023333333333333335,0,3
0.06666666666666668,0.3111111111111111,0.36666666666666664,50,0.002777777777777778,1,5
0.06666666666666668,0.3111111111111111,0.36666666666666664,50,0.0032222222222222222,2,6
0.06666666666666668,0.3111111111111111,0.36666666666666664,50,0.003666666666666667,3,6
0.06666666666666668,0.3111111111111111,0.36666666666666664,50,0.004111111111111111,4,8
0.06666666666666668,0.3111111111111111,0.36666666666666664,50,0.004555555555555556,5,9
0.06666666666666668,0.3111111111111111,0.36666666666666664,50,0.005,5,10
0.06666666666666668,0.3111111111111111,0.3888888888888889,50,0.001,0,0
0.06666666666666668,0.3111111111111111,0.3888888888888889,50,0.0014444444444444444,0,0
0.06666666666666668,0.3111111111111111,0.3888888888888889,50,0.001888888888888889,0,3
0.06666666666666668,0.3111111111111111,0.3888888888888889,50,0.0023333333333333335,1,5
0.06666666666666668,0.3111111111111111,0.3888888888888889,50,0.002777777777777778,2,6
0.06666666666666668,0.3111111111111111,0.3888888888888889,50,0.0032222222222222222,3,5
0.06666666666666668,0.3111111111111111,0.3888888888888889,50,0.003666666666666667,3,8
0.06666666666666668,0.3111111111111111,0.3888888888888889,50,0.004111111111111111,3,8
0.06666666666666668,0.3111111111111111,0.3888888888888889,50,0.004555555555555556,4,9
0.06666666666666668,0.3111111111111111,0.3888888888888889,50,0.005,5,10
0.06666666666666668,0.3111111111111111,0.4111111111111111,50,0.001,0,0
0.06666666666666668,0.3111111111111111,0.4111111111111111,50,0.0014444444444444444,0,0
0.06666666666666668,0.3111111111111111,0.4111111111111111,50,0.001888888888888889,0,3
0.06666666666666668,0.3111111111111111,0.4111111111111111,50,0.0023333333333333335,1,4
0.06666666666666668,0.3111111111111111,0.4111111111111111,50,0.002777777777777778,2,5
0.06666666666666668,0.3111111111111111,0.4111111111111111,50,0.0032222222222222222,2,7
0.06666666666666668,0.3111111111111111,0.4111111111111111,50,0.003666666666666667,3,8
0.06666666666666668,0.3111111111111111,0.4111111111111111,50,0.004111111111111111,4,9
0.06666666666666668,0.3111111111111111,0.4111111111111111,50,0.004555555555555556,5,10
0.06666666666666668,0.3111111111111111,0.4111111111111111,50,0.005,5,11
0.06666666666666668,0.3111111111111111,0.43333333333333335,50,0.001,0,0
0.06666666666666668,0.3111111111111111,0.43333333333333335,50,0.0014444444444444444,0,0
0.06666666666666668,0.3111111111111111,0.43333333333333335,50,0.001888888888888889,0,2
0.06666666666666668,0.3111111111111111,0.43333333333333335,50,0.0023333333333333335,1,4
0.06666666666666668,0.3111111111111111,0.43333333333333335,50,0.002777777777777778,3,5
0.06666666666666668,0.3111111111111111,0.43333333333333335,50,0.0032222222222222222,3,6
0.06666666666666668,0.3111111111111111,0.43333333333333335,50,0.003666666666666667,3,8
0.06666666666666668,0.3111111111111111,0.43333333333333335,50,0.004111111111111111,4,9
0.06666666666666668,0.3111111111111111,0.43333333333333335,50,0.004555555555555556,5,10
0.06666666666666668,0.3111111111111111,0.43333333333333335,50,0.005,5,11
0.06666666666666668,0.3111111111111111,0.45555555555555555,50,0.001,0,0
0.06666666666666668,0.3111111111111111,0.45555555555555555,50,0.0014444444444444444,0,2
0.06666666666666668,0.3111111111111111,0.45555555555555555,50,0.001888888888888889,1,3
0.06666666666666668,0.3111111111111111,0.45555555555555555,50,0.0023333333333333335,1,5
0.06666666666666668,0.3111111111111111,0.45555555555555555,50,0.002777777777777778,2,5
0.06666666666666668,0.3111111111111111,0.45555555555555555,50,0.0032222222222222222,3,7
0.06666666666666668,0.3111111111111111,0.45555555555555555,50,0.003666666666666667,3,8
0.06666666666666668,0.3111111111111111,0.45555555555555555,50,0.004111111111111111,5,9
0.06666666666666668,0.3111111111111111,0.45555555555555555,50,0.004555555555555556,5,10
0.06666666666666668,0.3111111111111111,0.45555555555555555,50,0.005,6,11
0.06666666666666668,0.3111111111111111,0.47777777777777775,50,0.001,0,0
0.06666666666666668,0.3111111111111111,0.47777777777777775,50,0.0014444444444444444,0,2
0.06666666666666668,0.3111111111111111,0.47777777777777775,50,0.001888888888888889,0,3
0.06666666666666668,0.3111111111111111,0.47777777777777775,50,0.0023333333333333335,1,4
0.06666666666666668,0.3111111111111111,0.47777777777777775,50,0.002777777777777778,2,6
0.06666666666666668,0.3111111111111111,0.47777777777777775,50,0.0032222222222222222,4,8
0.06666666666666668,0.3111111111111111,0.47777777777777775,50,0.003666666666666667,5,9
0.06666666666666668,0.3111111111111111,0.47777777777777775,50,0.004111111111111111,4,10
0.06666666666666668,0.3111111111111111,0.47777777777777775,50,0.004555555555555556,6,11
0.06666666666666668,0.3111111111111111,0.47777777777777775,50,0.005,5,12
0.06666666666666668,0.3111111111111111,0.5,50,0.001,0,0
0.06666666666666668,0.3111111111111111,0.5,50,0.0014444444444444444,0,2
0.06666666666666668,0.3111111111111111,0.5,50,0.001888888888888889,0,3
0.06666666666666668,0.3111111111111111,0.5,50,0.0023333333333333335,2,4
0.06666666666666668,0.3111111111111111,0.5,50,0.002777777777777778,3,5
0.06666666666666668,0.3111111111111111,0.5,50,0.0032222222222222222,4,7
0.06666666666666668,0.3111111111111111,0.5,50,0.003666666666666667,4,8
0.06666666666666668,0.3111111111111111,0.5,50,0.004111111111111111,5,9
0.06666666666666668,0.3111111111111111,0.5,50,0.004555555555555556,6,11
0.06666666666666668,0.3111111111111111,0.5,50,0.005,6,11
0.06666666666666668,0.33333333333333337,0.3,50,0.001,0,0
0.06666666666666668,0.33333333333333337,0.3,50,0.0014444444444444444,0,0
0.06666666666666668,0.33333333333333337,0.3,50,0.001888888888888889,0,1
0.06666666666666668,0.33333333333333337,0.3,50,0.0023333333333333335,0,3
0.06666666666666668,0.33333333333333337,0.3,50,0.002777777777777778,0,3
0.06666666666666668,0.33333333333333337,0.3,50,0.0032222222222222222,1,5
0.06666666666666668,0.33333333333333337,0.3,50,0.003666666666666667,2,6
0.06666666666666668,0.33333333333333337,0.3,50,0.004111111111111111,2,7
0.06666666666666668,0.33333333333333337,0.3,50,0.004555555555555556,3,7
0.06666666666666668,0.33333333333333337,0.3,50,0.005,4,9
0.06666666666666668,0.33333333333333337,0.3222222222222222,50,0.001,0,0
0.06666666666666668,0.33333333333333337,0.3222222222222222,50,0.0014444444444444444,0,0
0.06666666666666668,0.33333333333333337,0.3222222222222222,50,0.001888888888888889,0,1
0.06666666666666668,0.33333333333333337,0.3222222222222222,50,0.0023333333333333335,0,3
0.06666666666666668,0.33333333333333337,0.3222222222222222,50,0.002777777777777778,0,4
0.06666666666666668,0.33333333333333337,0.3222222222222222,50,0.0032222222222222222,1,5
0.06666666666666668,0.33333333333333337,0.3222222222222222,50,0.003666666666666667,2,7
0.06666666666666668,0.33333333333333337,0.3222222222222222,50,0.004111111111111111,2,7
0.06666666666666668,0.33333333333333337,0.3222222222222222,50,0.004555555555555556,3,8
0.06666666666666668,0.33333333333333337,0.3222222222222222,50,0.005,3,10
0.06666666666666668,0.33333333333333337,0.34444444444444444,50,0.001,0,0
0.06666666666666668,0.33333333333333337,0.34444444444444444,50,0.0014444444444444444,0,0
0.06666666666666668,0.33333333333333337,0.34444444444444444,50,0.001888888888888889,0,2
0.06666666666666668,0.33333333333333337,0.34444444444444444,50,0.0023333333333333335,0,3
0.06666666666666668,0.33333333333333337,0.34444444444444444,50,0.002777777777777778,1,4
0.06666666666666668,0.33333333333333337,0.34444444444444444,50,0.0032222222222222222,1,6
0.06666666666666668,0.33333333333333337,0.34444444444444444,50,0.003666666666666667,2,8
0.06666666666666668,0.33333333333333337,0.34444444444444444,50,0.004111111111111111,4,9
0.06666666666666668,0.33333333333333337,0.34444444444444444,50,0.004555555555555556,3,10
0.06666666666666668,0.33333333333333337,0.34444444444444444,50,0.005,5,10
0.06666666666666668,0.33333333333333337,0.36666666666666664,50,0.001,0,0
0.06666666666666668,0.33333333333333337,0.36666666666666664,50,0.0014444444444444444,0,0
0.06666666666666668,0.33333333333333337,0.36666666666666664,50,0.001888888888888889,0,1
0.06666666666666668,0.33333333333333337,0.36666666666666664,50,0.0023333333333333335,0,3
0.06666666666666668,0.33333333333333337,0.36666666666666664,50,0.002777777777777778,2,5
0.06666666666666668,0.33333333333333337,0.36666666666666664,50,0.0032222222222222222,3,6
0.06666666666666668,0.33333333333333337,0.36666666666666664,50,0.003666666666666667,4,7
0.06666666666666668,0.33333333333333337,0.36666666666666664,50,0.004111111111111111,3,9
0.06666666666666668,0.33333333333333337,0.36666666666666664,50,0.004555555555555556,5,9
0.06666666666666668,0.33333333333333337,0.36666666666666664,50,0.005,4,11
0.06666666666666668,0.33333333333333337,0.3888888888888889,50,0.001,0,0
0.06666666666666668,0.33333333333333337,0.3888888888888889,50,0.0014444444444444444,0,0
0.06666666666666668,0.33333333333333337,0.3888888888888889,50,0.001888888888888889,0,3
0.06666666666666668,0.33333333333333337,0.3888888888888889,50,0.0023333333333333335,1,4
0.06666666666666668,0.33333333333333337,0.3888888888888889,50,0.002777777777777778,2,6
0.06666666666666668,0.33333333333333337,0.3888888888888889,50,0.0032222222222222222,3,7
0.06666666666666668,0.33333333333333337,0.3888888888888889,50,0.003666666666666667,3,8
0.06666666666666668,0.33333333333333337,0.3888888888888889,50,0.004111111111111111,4,9
0.06666666666666668,0.33333333333333337,0.3888888888888889,50,0.004555555555555556,5,10
0.06666666666666668,0.33333333333333337,0.3888888888888889,50,0.005,5,12
0.06666666666666668,0.33333333333333337,0.4111111111111111,50,0.001,0,0
0.06666666666666668,0.33333333333333337,0.4111111111111111,50,0.0014444444444444444,0,1
0.06666666666666668,0.33333333333333337,0.4111111111111111,50,0.001888888888888889,1,3
0.06666666666666668,0.33333333333333337,0.4111111111111111,50,0.0023333333333333335,1,4
0.06666666666666668,0.33333333333333337,0.4111111111111111,50,0.002777777777777778,2,6
0.06666666666666668,0.33333333333333337,0.4111111111111111,50,0.0032222222222222222,4,7
0.06666666666666668,0.33333333333333337,0.4111111111111111,50,0.003666666666666667,4,9
0.06666666666666668,0.33333333333333337,0.4111111111111111,50,0.004111111111111111,4,9
0.06666666666666668,0.33333333333333337,0.4111111111111111,50,0.004555555555555556,6,10
0.06666666666666668,0.33333333333333337,0.4111111111111111,50,0.005,6,11
0.06666666666666668,0.33333333333333337,0.43333333333333335,50,0.001,0,0
0.06666666666666668,0.33333333333333337,0.43333333333333335,50,0.0014444444444444444,0,1
0.06666666666666668,0.33333333333333337,0.43333333333333335,50,0.001888888888888889,0,4
0.06666666666666668,0.33333333333333337,0.43333333333333335,50,0.0023333333333333335,1,4
0.06666666666666668,0.33333333333333337,0.43333333333333335,50,0.002777777777777778,2,5
0.06666666666666668,0.33333333333333337,0.43333333333333335,50,0.0032222222222222222,4,7
0.06666666666666668,0.33333333333333337,0.43333333333333335,50,0.003666666666666667,3,9
0.06666666666666668,0.33333333333333337,0.43333333333333335,50,0.004111111111111111,4,9
0.06666666666666668,0.33333333333333337,0.43333333333333335,50,0.004555555555555556,5,10
0.06666666666666668,0.33333333333333337,0.43333333333333335,50,0.005,6,13
0.06666666666666668,0.33333333333333337,0.45555555555555555,50,0.001,0,0
0.06666666666666668,0.33333333333333337,0.45555555555555555,50,0.0014444444444444444,0,1
0.06666666666666668,0.33333333333333337,0.45555555555555555,50,0.001888888888888889,0,3
0.06666666666666668,0.33333333333333337,0.45555555555555555,50,0.0023333333333333335,1,5
0.06666666666666668,0.33333333333333337,0.45555555555555555,50,0.002777777777777778,2,7
0.06666666666666668,0.33333333333333337,0.45555555555555555,50,0.0032222222222222222,3,8
0.06666666666666668,0.33333333333333337,0.45555555555555555,50,0.003666666666666667,4,9
0.06666666666666668,0.33333333333333337,0.45555555555555555,50,0.004111111111111111,5,10
0.06666666666666668,0.33333333333333337,0.45555555555555555,50,0.004555555555555556,5,11
0.06666666666666668,0.33333333333333337,0.45555555555555555,50,0.005,7,11
0.06666666666666668,0.33333333333333337,0.47777777777777775,50,0.001,0,0
0.06666666666666668,0.33333333333333337,0.47777777777777775,50,0.0014444444444444444,0,1
0.06666666666666668,0.33333333333333337,0.47777777777777775,50,0.001888888888888889,0,3
0.06666666666666668,0.33333333333333337,0.47777777777777775,50,0.0023333333333333335,1,5
0.06666666666666668,0.33333333333333337,0.47777777777777775,50,0.002777777777777778,3,7
0.06666666666666668,0.33333333333333337,0.47777777777777775,50,0.0032222222222222222,3,9
0.06666666666666668,0.33333333333333337,0.47777777777777775,50,0.003666666666666667,4,9
0.06666666666666668,0.33333333333333337,0.47777777777777775,50,0.004111111111111111,5,10
0.06666666666666668,0.33333333333333337,0.47777777777777775,50,0.004555555555555556,6,11
0.06666666666666668,0.33333333333333337,0.47777777777777775,50,0.005,6,12
0.06666666666666668,0.33333333333333337,0.5,50,0.001,0,0
0.06666666666666668,0.33333333333333337,0.5,50,0.0014444444444444444,0,2
0.06666666666666668,0.33333333333333337,0.5,50,0.001888888888888889,0,4
0.06666666666666668,0.33333333333333337,0.5,50,0.0023333333333333335,2,5
0.06666666666666668,0.33333333333333337,0.5,50,0.002777777777777778,2,6
0.06666666666666668,0.33333333333333337,0.5,50,0.0032222222222222222,4,8
0.06666666666666668,0.33333333333333337,0.5,50,0.003666666666666667,4,10
0.06666666666666668,0.33333333333333337,0.5,50,0.004111111111111111,5,11
0.06666666666666668,0.33333333333333337,0.5,50,0.004555555555555556,5,12
0.06666666666666668,0.33333333333333337,0.5,50,0.005,7,13
0.06666666666666668,0.35555555555555557,0.3,50,0.001,0,0
0.06666666666666668,0.35555555555555557,0.3,50,0.0014444444444444444,0,0
0.06666666666666668,0.35555555555555557,0.3,50,0.001888888888888889,0,1
0.06666666666666668,0.35555555555555557,0.3,50,0.0023333333333333335,0,2
0.06666666666666668,0.35555555555555557,0.3,50,0.002777777777777778,0,3
0.06666666666666668,0.35555555555555557,0.3,50,0.0032222222222222222,0,5
0.06666666666666668,0.35555555555555557,0.3,50,0.003666666666666667,2,6
0.06666666666666668,0.35555555555555557,0.3,50,0.004111111111111111,2,7
0.06666666666666668,0.35555555555555557,0.3,50,0.004555555555555556,3,8
0.06666666666666668,0.35555555555555557,0.3,50,0.005,5,9
0.06666666666666668,0.35555555555555557,0.3222222222222222,50,0.001,0,0
0.06666666666666668,0.35555555555555557,0.3222222222222222,50,0.0014444444444444444,0,0
0.06666666666666668,0.35555555555555557,0.3222222222222222,50,0.001888888888888889,0,1
0.06666666666666668,0.35555555555555557,0.3222222222222222,50,0.0023333333333333335,0,2
0.06666666666666668,0.35555555555555557,0.3222222222222222,50,0.002777777777777778,1,5
0.06666666666666668,0.35555555555555557,0.3222222222222222,50,0.0032222222222222222,2,6
0.06666666666666668,0.35555555555555557,0.3222222222222222,50,0.003666666666666667,3,7
0.06666666666666668,0.35555555555555557,0.3222222222222222,50,0.004111111111111111,3,8
0.06666666666666668,0.35555555555555557,0.3222222222222222,50,0.004555555555555556,4,9
0.06666666666666668,0.35555555555555557,0.3222222222222222,50,0.005,5,10
0.06666666666666668,0.35555555555555557,0.34444444444444444,50,0.001,0,0
0.06666666666666668,0.35555555555555557,0.34444444444444444,50,0.0014444444444444444,0,0
0.06666666666666668,0.35555555555555557,0.34444444444444444,50,0.001888888888888889,0,1
0.06666666666666668,0.35555555555555557,0.34444444444444444,50,0.0023333333333333335,0,3
0.06666666666666668,0.35555555555555557,0.34444444444444444,50,0.002777777777777778,0,5
0.06666666666666668,0.35555555555555557,0.34444444444444444,50,0.0032222222222222222,1,7
0.06666666666666668,0.35555555555555557,0.34444444444444444,50,0.003666666666666667,2,8
0.06666666666666668,0.35555555555555557,0.34444444444444444,50,0.004111111111111111,3,9
0.06666666666666668,0.35555555555555557,0.34444444444444444,50,0.004555555555555556,4,9
0.06666666666666668,0.35555555555555557,0.34444444444444444,50,0.005,6,10
0.06666666666666668,0.35555555555555557,0.36666666666666664,50,0.001,0,0
0.06666666666666668,0.35555555555555557,0.36666666666666664,50,0.0014444444444444444,0,1
0.06666666666666668,0.35555555555555557,0.36666666666666664,50,0.001888888888888889,0,3
0.06666666666666668,0.35555555555555557,0.36666666666666664,50,0.0023333333333333335,0,4
0.06666666666666668,0.35555555555555557,0.36666666666666664,50,0.002777777777777778,1,5
0.06666666666666668,0.35555555555555557,0.36666666666666664,50,0.0032222222222222222,2,7
0.06666666666666668,0.35555555555555557,0.36666666666666664,50,0.003666666666666667,3,8
0.06666666666666668,0.35555555555555557,0.36666666666666664,50,0.004111111111111111,4,8
0.06666666666666668,0.35555555555555557,0.36666666666666664,50,0.004555555555555556,5,10
0.06666666666666668,0.35555555555555557,0.36666666666666664,50,0.005,6,11
0.06666666666666668,0.35555555555555557,0.3888888888888889,50,0.001,0,0
0.06666666666666668,0.35555555555555557,0.3888888888888889,50,0.0014444444444444444,0,0
0.06666666666666668,0.35555555555555557,0.3888888888888889,50,0.001888888888888889,0,2
0.06666666666666668,0.35555555555555557,0.3888888888888889,50,0.0023333333333333335,1,4
0.06666666666666668,0.35555555555555557,0.3888888888888889,50,0.002777777777777778,2,5
0.06666666666666668,0.35555555555555557,0.3888888888888889,50,0.0032222222222222222,3,7
0.06666666666666668,0.35555555555555557,0.3888888888888889,50,0.003666666666666667,3,8
0.06666666666666668,0.35555555555555557,0.3888888888888889,50,0.004111111111111111,5,10
0.06666666666666668,0.35555555555555557,0.3888888888888889,50,0.004555555555555556,6,11
0.06666666666666668,0.35555555555555557,0.3888888888888889,50,0.005,5,12
0.06666666666666668,0.35555555555555557,0.4111111111111111,50,0.001,0,0
0.06666666666666668,0.35555555555555557,0.4111111111111111,50,0.0014444444444444444,0,1
0.06666666666666668,0.35555555555555557,0.4111111111111111,50,0.001888888888888889,0,2
0.06666666666666668,0.35555555555555557,0.4111111111111111,50,0.0023333333333333335,1,4
0.06666666666666668,0.35555555555555557,0.4111111111111111,50,0.002777777777777778,2,6
0.06666666666666668,0.35555555555555557,0.4111111111111111,50,0.0032222222222222222,3,7
0.06666666666666668,0.35555555555555557,0.4111111111111111,50,0.003666666666666667,4,9
0.06666666666666668,0.35555555555555557,0.4111111111111111,50,0.004111111111111111,5,10
0.06666666666666668,0.35555555555555557,0.4111111111111111,50,0.004555555555555556,5,12
0.06666666666666668,0.35555555555555557,0.4111111111111111,50,0.005,6,12
0.06666666666666668,0.35555555555555557,0.43333333333333335,50,0.001,0,0
0.06666666666666668,0.35555555555555557,0.43333333333333335,50,0.0014444444444444444,0,2
0.06666666666666668,0.35555555555555557,0.43333333333333335,50,0.001888888888888889,0,3
0.06666666666666668,0.35555555555555557,0.43333333333333335,50,0.0023333333333333335,1,5
0.06666666666666668,0.35555555555555557,0.43333333333333335,50,0.002777777777777778,2,7
0.06666666666666668,0.35555555555555557,0.43333333333333335,50,0.0032222222222222222,4,8
0.06666666666666668,0.35555555555555557,0.43333333333333335,50,0.003666666666666667,4,9
0.06666666666666668,0.35555555555555557,0.43333333333333335,50,0.004111111111111111,5,10
0.06666666666666668,0.35555555555555557,0.43333333333333335,50,0.004555555555555556,6,11
0.06666666666666668,0.35555555555555557,0.43333333333333335,50,0.005,6,13
0.06666666666666668,0.35555555555555557,0.45555555555555555,50,0.001,0,0
0.06666666666666668,0.35555555555555557,0.45555555555555555,50,0.0014444444444444444,0,2
0.06666666666666668,0.35555555555555557,0.45555555555555555,50,0.001888888888888889,0,4
0.06666666666666668,0.35555555555555557,0.45555555555555555,50,0.0023333333333333335,2,5
0.06666666666666668,0.35555555555555557,0.45555555555555555,50,0.002777777777777778,2,7
0.06666666666666668,0.35555555555555557,0.45555555555555555,50,0.0032222222222222222,3,8
0.06666666666666668,0.35555555555555557,0.45555555555555555,50,0.003666666666666667,4,9
0.06666666666666668,0.35555555555555557,0.45555555555555555,50,0.004111111111111111,5,11
0.06666666666666668,0.35555555555555557,0.45555555555555555,50,0.004555555555555556,6,12
0.06666666666666668,0.35555555555555557,0.45555555555555555,50,0.005,6,14
0.06666666666666668,0.35555555555555557,0.47777777777777775,50,0.001,0,0
0.06666666666666668,0.35555555555555557,0.47777777777777775,50,0.0014444444444444444,0,1
0.06666666666666668,0.35555555555555557,0.47777777777777775,50,0.001888888888888889,0,4
0.06666666666666668,0.35555555555555557,0.47777777777777775,50,0.0023333333333333335,2,5
0.06666666666666668,0.35555555555555557,0.47777777777777775,50,0.002777777777777778,3,7
0.06666666666666668,0.35555555555555557,0.47777777777777775,50,0.0032222222222222222,4,8
0.06666666666666668,0.35555555555555557,0.47777777777777775,50,0.003666666666666667,6,10
0.06666666666666668,0.35555555555555557,0.47777777777777775,50,0.004111111111111111,4,11
0.06666666666666668,0.35555555555555557,0.47777777777777775,50,0.004555555555555556,6,11
0.06666666666666668,0.35555555555555557,0.47777777777777775,50,0.005,7,13
0.06666666666666668,0.35555555555555557,0.5,50,0.001,0,0
0.06666666666666668,0.35555555555555557,0.5,50,0.0014444444444444444,0,2
0.06666666666666668,0.35555555555555557,0.5,50,0.001888888888888889,1,4
0.06666666666666668,0.35555555555555557,0.5,50,0.0023333333333333335,2,6
0.06666666666666668,0.35555555555555557,0.5,50,0.002777777777777778,3,7
0.06666666666666668,0.35555555555555557,0.5,50,0.0032222222222222222,4,9
0.06666666666666668,0.35555555555555557,0.5,50,0.003666666666666667,5,10
0.06666666666666668,0.35555555555555557,0.5,50,0.004111111111111111,6,11
0.06666666666666668,0.35555555555555557,0.5,50,0.004555555555555556,6,13
0.06666666666666668,0.35555555555555557,0.5,50,0.005,8,15
0.06666666666666668,0.37777777777777777,0.3,50,0.001,0,0
0.06666666666666668,0.37777777777777777,0.3,50,0.0014444444444444444,0,0
0.06666666666666668,0.37777777777777777,0.3,50,0.001888888888888889,0,0
0.06666666666666668,0.37777777777777777,0.3,50,0.0023333333333333335,0,2
0.06666666666666668,0.37777777777777777,0.3,50,0.002777777777777778,0,4
0.06666666666666668,0.37777777777777777,0.3,50,0.0032222222222222222,1,5
0.06666666666666668,0.37777777777777777,0.3,50,0.003666666666666667,2,6
0.06666666666666668,0.37777777777777777,0.3,50,0.004111111111111111,2,7
0.06666666666666668,0.37777777777777777,0.3,50,0.004555555555555556,3,8
0.06666666666666668,0.37777777777777777,0.3,50,0.005,4,10
0.06666666666666668,0.37777777777777777,0.3222222222222222,50,0.001,0,0
0.06666666666666668,0.37777777777777777,0.3222222222222222,50,0.0014444444444444444,0,0
0.06666666666666668,0.37777777777777777,0.3222222222222222,50,0.001888888888888889,0,0
0.06666666666666668,0.37777777777777777,0.3222222222222222,50,0.0023333333333333335,0,4
0.06666666666666668,0.37777777777777777,0.3222222222222222,50,0.002777777777777778,1,4
0.06666666666666668,0.37777777777777777,0.3222222222222222,50,0.0032222222222222222,1,6
0.06666666666666668,0.37777777777777777,0.3222222222222222,50,0.003666666666666667,3,8
0.06666666666666668,0.37777777777777777,0.3222222222222222,50,0.004111111111111111,3,8
0.06666666666666668,0.37777777777777777,0.3222222222222222,50,0.004555555555555556,3,10
0.06666666666666668,0.37777777777777777,0.3222222222222222,50,0.005,4,10
0.06666666666666668,0.37777777777777777,0.34444444444444444,50,0.001,0,0
0.06666666666666668,0.37777777777777777,0.34444444444444444,50,0.0014444444444444444,0,0
0.06666666666666668,0.37777777777777777,0.34444444444444444,50,0.001888888888888889,0,2
0.06666666666666668,0.37777777777777777,0.34444444444444444,50,0.0023333333333333335,0,4
0.06666666666666668,0.37777777777777777,0.34444444444444444,50,0.002777777777777778,1,5
0.06666666666666668,0.37777777777777777,0.34444444444444444,50,0.0032222222222222222,1,6
0.06666666666666668,0.37777777777777777,0.34444444444444444,50,0.003666666666666667,3,7
0.06666666666666668,0.37777777777777777,0.34444444444444444,50,0.004111111111111111,4,9
0.06666666666666668,0.37777777777777777,0.34444444444444444,50,0.004555555555555556,5,10
0.06666666666666668,0.37777777777777777,0.34444444444444444,50,0.005,5,11
0.06666666666666668,0.37777777777777777,0.36666666666666664,50,0.001,0,0
0.06666666666666668,0.37777777777777777,0.36666666666666664,50,0.0014444444444444444,0,0
0.06666666666666668,0.37777777777777777,0.36666666666666664,50,0.001888888888888889,0,2
0.06666666666666668,0.37777777777777777,0.36666666666666664,50,0.0023333333333333335,0,4
0.06666666666666668,0.37777777777777777,0.36666666666666664,50,0.002777777777777778,1,6
0.06666666666666668,0.37777777777777777,0.36666666666666664,50,0.0032222222222222222,3,7
0.06666666666666668,0.37777777777777777,0.36666666666666664,50,0.003666666666666667,3,8
0.06666666666666668,0.37777777777777777,0.36666666666666664,50,0.004111111111111111,4,10
0.06666666666666668,0.37777777777777777,0.36666666666666664,50,0.004555555555555556,5,11
0.06666666666666668,0.37777777777777777,0.36666666666666664,50,0.005,6,11
0.06666666666666668,0.37777777777777777,0.3888888888888889,50,0.001,0,0
0.06666666666666668,0.37777777777777777,0.3888888888888889,50,0.0014444444444444444,0,1
0.06666666666666668,0.37777777777777777,0.3888888888888889,50,0.001888888888888889,0,3
0.06666666666666668,0.37777777777777777,0.3888888888888889,50,0.0023333333333333335,1,4
0.06666666666666668,0.37777777777777777,0.3888888888888889,50,0.002777777777777778,1,6
0.06666666666666668,0.37777777777777777,0.3888888888888889,50,0.0032222222222222222,3,8
0.06666666666666668,0.37777777777777777,0.3888888888888889,50,0.003666666666666667,3,9
0.06666666666666668,0.37777777777777777,0.3888888888888889,50,0.004111111111111111,5,10
0.06666666666666668,0.37777777777777777,0.3888888888888889,50,0.004555555555555556,5,11
0.06666666666666668,0.37777777777777777,0.3888888888888889,50,0.005,6,13
0.06666666666666668,0.37777777777777777,0.4111111111111111,50,0.001,0,0
0.06666666666666668,0.37777777777777777,0.4111111111111111,50,0.0014444444444444444,0,1
0.06666666666666668,0.37777777777777777,0.4111111111111111,50,0.001888888888888889,0,3
0.06666666666666668,0.37777777777777777,0.4111111111111111,50,0.0023333333333333335,1,5
0.06666666666666668,0.37777777777777777,0.4111111111111111,50,0.002777777777777778,3,6
0.06666666666666668,0.37777777777777777,0.4111111111111111,50,0.0032222222222222222,4,8
0.06666666666666668,0.37777777777777777,0.4111111111111111,50,0.003666666666666667,3,9
0.06666666666666668,0.37777777777777777,0.4111111111111111,50,0.004111111111111111,6,11
0.06666666666666668,0.37777777777777777,0.4111111111111111,50,0.004555555555555556,6,11
0.06666666666666668,0.37777777777777777,0.4111111111111111,50,0.005,6,12
0.06666666666666668,0.37777777777777777,0.43333333333333335,50,0.001,0,0
0.06666666666666668,0.37777777777777777,0.43333333333333335,50,0.0014444444444444444,0,1
0.06666666666666668,0.37777777777777777,0.43333333333333335,50,0.001888888888888889,0,3
0.06666666666666668,0.37777777777777777,0.43333333333333335,50,0.0023333333333333335,1,5
0.06666666666666668,0.37777777777777777,0.43333333333333335,50,0.002777777777777778,2,7
0.06666666666666668,0.37777777777777777,0.43333333333333335,50,0.0032222222222222222,4,9
0.06666666666666668,0.37777777777777777,0.43333333333333335,50,0.003666666666666667,5,10
0.06666666666666668,0.37777777777777777,0.43333333333333335,50,0.004111111111111111,5,11
0.06666666666666668,0.37777777777777777,0.43333333333333335,50,0.004555555555555556,6,13
0.06666666666666668,0.37777777777777777,0.43333333333333335,50,0.005,6,14
0.06666666666666668,0.37777777777777777,0.45555555555555555,50,0.001,0,0
0.06666666666666668,0.37777777777777777,0.45555555555555555,50,0.0014444444444444444,0,2
0.06666666666666668,0.37777777777777777,0.45555555555555555,50,0.001888888888888889,0,4
0.06666666666666668,0.37777777777777777,0.45555555555555555,50,0.0023333333333333335,1,5
0.06666666666666668,0.37777777777777777,0.45555555555555555,50,0.002777777777777778,3,7
0.06666666666666668,0.37777777777777777,0.45555555555555555,50,0.0032222222222222222,3,9
0.06666666666666668,0.37777777777777777,0.45555555555555555,50,0.003666666666666667,5,9
0.06666666666666668,0.37777777777777777,0.45555555555555555,50,0.004111111111111111,5,11
0.06666666666666668,0.37777777777777777,0.45555555555555555,50,0.004555555555555556,6,13
0.06666666666666668,0.37777777777777777,0.45555555555555555,50,0.005,7,15
0.06666666666666668,0.37777777777777777,0.47777777777777775,50,0.001,0,0
0.06666666666666668,0.37777777777777777,0.47777777777777775,50,0.0014444444444444444,0,1
0.06666666666666668,0.37777777777777777,0.47777777777777775,50,0.001888888888888889,0,3
0.06666666666666668,0.37777777777777777,0.47777777777777775,50,0.0023333333333333335,1,6
0.06666666666666668,0.37777777777777777,0.47777777777777775,50,0.002777777777777778,4,7
0.06666666666666668,0.37777777777777777,0.47777777777777775,50,0.0032222222222222222,4,9
0.06666666666666668,0.37777777777777777,0.47777777777777775,50,0.003666666666666667,5,10
0.06666666666666668,0.37777777777777777,0.47777777777777775,50,0.004111111111111111,5,11
0.06666666666666668,0.37777777777777777,0.47777777777777775,50,0.004555555555555556,6,12
0.06666666666666668,0.37777777777777777,0.47777777777777775,50,0.005,8,14
0.06666666666666668,0.37777777777777777,0.5,50,0.001,0,0
0.06666666666666668,0.37777777777777777,0.5,50,0.0014444444444444444,0,2
0.06666666666666668,0.37777777777777777,0.5,50,0.001888888888888889,0,4
0.06666666666666668,0.37777777777777777,0.5,50,0.0023333333333333335,1,7
0.06666666666666668,0.37777777777777777,0.5,50,0.002777777777777778,4,7
0.06666666666666668,0.37777777777777777,0.5,50,0.0032222222222222222,4,10
0.06666666666666668,0.37777777777777777,0.5,50,0.003666666666666667,5,10
0.06666666666666668,0.37777777777777777,0.5,50,0.004111111111111111,6,11
0.06666666666666668,0.37777777777777777,0.5,50,0.004555555555555556,7,13
0.06666666666666668,0.37777777777777777,0.5,50,0.005,8,15
0.06666666666666668,0.4,0.3,50,0.001,0,0
0.06666666666666668,0.4,0.3,50,0.0014444444444444444,0,0
0.06666666666666668,0.4,0.3,50,0.001888888888888889,0,0
0.06666666666666668,0.4,0.3,50,0.0023333333333333335,0,3
0.06666666666666668,0.4,0.3,50,0.002777777777777778,0,5
0.06666666666666668,0.4,0.3,50,0.0032222222222222222,0,5
0.06666666666666668,0.4,0.3,50,0.003666666666666667,3,8
0.06666666666666668,0.4,0.3,50,0.004111111111111111,2,8
0.06666666666666668,0.4,0.3,50,0.004555555555555556,4,10
0.06666666666666668,0.4,0.3,50,0.005,5,11
0.06666666666666668,0.4,0.3222222222222222,50,0.001,0,0
0.06666666666666668,0.4,0.3222222222222222,50,0.0014444444444444444,0,0
0.06666666666666668,0.4,0.3222222222222222,50,0.001888888888888889,0,2
0.06666666666666668,0.4,0.3222222222222222,50,0.0023333333333333335,0,4
0.06666666666666668,0.4,0.3222222222222222,50,0.002777777777777778,1,5
0.06666666666666668,0.4,0.3222222222222222,50,0.0032222222222222222,2,6
0.06666666666666668,0.4,0.3222222222222222,50,0.003666666666666667,2,7
0.06666666666666668,0.4,0.3222222222222222,50,0.004111111111111111,4,9
0.06666666666666668,0.4,0.3222222222222222,50,0.004555555555555556,5,10
0.06666666666666668,0.4,0.3222222222222222,50,0.005,5,11
0.06666666666666668,0.4,0.34444444444444444,50,0.001,0,0
0.06666666666666668,0.4,0.34444444444444444,50,0.0014444444444444444,0,0
0.06666666666666668,0.4,0.34444444444444444,50,0.001888888888888889,0,2
0.06666666666666668,0.4,0.34444444444444444,50,0.0023333333333333335,0,3
0.06666666666666668,0.4,0.34444444444444444,50,0.002777777777777778,1,6
0.06666666666666668,0.4,0.34444444444444444,50,0.0032222222222222222,2,7
0.06666666666666668,0.4,0.34444444444444444,50,0.003666666666666667,4,8
0.06666666666666668,0.4,0.34444444444444444,50,0.004111111111111111,5,9
0.06666666666666668,0.4,0.34444444444444444,50,0.004555555555555556,5,11
0.06666666666666668,0.4,0.34444444444444444,50,0.005,6,12
0.06666666666666668,0.4,0.36666666666666664,50,0.001,0,0
0.06666666666666668,0.4,0.36666666666666664,50,0.0014444444444444444,0,0
0.06666666666666668,0.4,0.36666666666666664,50,0.001888888888888889,0,3
0.06666666666666668,0.4,0.36666666666666664,50,0.0023333333333333335,0,4
0.06666666666666668,0.4,0.36666666666666664,50,0.002777777777777778,2,6
0.06666666666666668,0.4,0.36666666666666664,50,0.0032222222222222222,2,7
0.06666666666666668,0.4,0.36666666666666664,50,0.003666666666666667,3,9
0.06666666666666668,0.4,0.36666666666666664,50,0.004111111111111111,5,9
0.06666666666666668,0.4,0.36666666666666664,50,0.004555555555555556,6,11
0.06666666666666668,0.4,0.36666666666666664,50,0.005,6,13
0.06666666666666668,0.4,0.3888888888888889,50,0.001,0,0
0.06666666666666668,0.4,0.3888888888888889,50,0.0014444444444444444,0,2
0.06666666666666668,0.4,0.3888888888888889,50,0.001888888888888889,0,3
0.06666666666666668,0.4,0.3888888888888889,50,0.0023333333333333335,1,4
0.06666666666666668,0.4,0.3888888888888889,50,0.002777777777777778,2,7
0.06666666666666668,0.4,0.3888888888888889,50,0.0032222222222222222,3,8
0.06666666666666668,0.4,0.3888888888888889,50,0.003666666666666667,5,10
0.06666666666666668,0.4,0.3888888888888889,50,0.004111111111111111,5,11
0.06666666666666668,0.4,0.3888888888888889,50,0.004555555555555556,6,11
0.06666666666666668,0.4,0.3888888888888889,50,0.005,6,14
0.06666666666666668,0.4,0.4111111111111111,50,0.001,0,0
0.06666666666666668,0.4,0.4111111111111111,50,0.0014444444444444444,0,1
0.06666666666666668,0.4,0.4111111111111111,50,0.001888888888888889,0,4
0.06666666666666668,0.4,0.4111111111111111,50,0.0023333333333333335,1,6
0.06666666666666668,0.4,0.4111111111111111,50,0.002777777777777778,3,6
0.06666666666666668,0.4,0.4111111111111111,50,0.0032222222222222222,4,9
0.06666666666666668,0.4,0.4111111111111111,50,0.003666666666666667,5,11
0.06666666666666668,0.4,0.4111111111111111,50,0.004111111111111111,5,11
0.06666666666666668,0.4,0.4111111111111111,50,0.004555555555555556,7,12
0.06666666666666668,0.4,0.4111111111111111,50,0.005,7,14
0.06666666666666668,0.4,0.43333333333333335,50,0.001,0,0
0.06666666666666668,0.4,0.43333333333333335,50,0.0014444444444444444,0,1
0.06666666666666668,0.4,0.43333333333333335,50,0.001888888888888889,0,5
0.06666666666666668,0.4,0.43333333333333335,50,0.0023333333333333335,1,6
0.06666666666666668,0.4,0.43333333333333335,50,0.002777777777777778,2,7
0.06666666666666668,0.4,0.43333333333333335,50,0.0032222222222222222,3,8
0.06666666666666668,0.4,0.43333333333333335,50,0.003666666666666667,4,10
0.06666666666666668,0.4,0.43333333333333335,50,0.004111111111111111,6,11
0.06666666666666668,0.4,0.43333333333333335,50,0.004555555555555556,6,13
0.06666666666666668,0.4,0.43333333333333335,50,0.005,7,15
0.06666666666666668,0.4,0.45555555555555555,50,0.001,0,0
0.06666666666666668,0.4,0.45555555555555555,50,0.0014444444444444444,0,1
0.06666666666666668,0.4,0.45555555555555555,50,0.001888888888888889,0,5
0.06666666666666668,0.4,0.45555555555555555,50,0.0023333333333333335,3,6
0.06666666666666668,0.4,0.45555555555555555,50,0.002777777777777778,3,7
0.06666666666666668,0.4,0.45555555555555555,50,0.0032222222222222222,4,9
0.06666666666666668,0.4,0.45555555555555555,50,0.003666666666666667,5,11
0.06666666666666668,0.4,0.45555555555555555,50,0.004111111111111111,5,13
0.06666666666666668,0.4,0.45555555555555555,50,0.004555555555555556,6,13
0.06666666666666668,0.4,0.45555555555555555,50,0.005,8,15
0.06666666666666668,0.4,0.47777777777777775,50,0.001,0,0
0.06666666666666668,0.4,0.47777777777777775,50,0.0014444444444444444,0,3
0.06666666666666668,0.4,0.47777777777777775,50,0.001888888888888889,1,5
0.06666666666666668,0.4,0.47777777777777775,50,0.0023333333333333335,2,7
0.06666666666666668,0.4,0.47777777777777775,50,0.002777777777777778,2,8
0.06666666666666668,0.4,0.47777777777777775,50,0.0032222222222222222,4,9
0.06666666666666668,0.4,0.47777777777777775,50,0.003666666666666667,5,11
0.06666666666666668,0.4,0.47777777777777775,50,0.004111111111111111,6,12
0.06666666666666668,0.4,0.47777777777777775,50,0.004555555555555556,7,14
0.06666666666666668,0.4,0.47777777777777775,50,0.005,8,15
0.06666666666666668,0.4,0.5,50,0.001,0,1
0.06666666666666668,0.4,0.5,50,0.0014444444444444444,0,3
0.06666666666666668,0.4,0.5,50,0.001888888888888889,0,3
0.06666666666666668,0.4,0.5,50,0.0023333333333333335,3,7
0.06666666666666668,0.4,0.5,50,0.002777777777777778,4,7
0.06666666666666668,0.4,0.5,50,0.0032222222222222222,5,10
0.06666666666666668,0.4,0.5,50,0.003666666666666667,6,11
0.06666666666666668,0.4,0.5,50,0.004111111111111111,7,12
0.06666666666666668,0.4,0.5,50,0.004555555555555556,8,14
0.06666666666666668,0.4,0.5,50,0.005,9,15
0.08333333333333334,0.2,0.3,50,0.001,0,0
0.08333333333333334,0.2,0.3,50,0.0014444444444444444,0,0
0.08333333333333334,0.2,0.3,50,0.001888888888888889,0,1
0.08333333333333334,0.2,0.3,50,0.0023333333333333335,0,1
0.08333333333333334,0.2,0.3,50,0.002777777777777778,0,3
0.08333333333333334,0.2,0.3,50,0.0032222222222222222,1,3
0.08333333333333334,0.2,0.3,50,0.003666666666666667,1,3
0.08333333333333334,0.2,0.3,50,0.004111111111111111,2,4
0.08333333333333334,0.2,0.3,50,0.004555555555555556,2,4
0.08333333333333334,0.2,0.3,50,0.005,3,5
0.08333333333333334,0.2,0.3222222222222222,50,0.001,0,0
0.08333333333333334,0.2,0.3222222222222222,50,0.0014444444444444444,0,0
0.08333333333333334,0.2,0.3222222222222222,50,0.001888888888888889,0,1
0.08333333333333334,0.2,0.3222222222222222,50,0.0023333333333333335,0,2
0.08333333333333334,0.2,0.3222222222222222,50,0.002777777777777778,1,2
0.08333333333333334,0.2,0.3222222222222222,50,0.0032222222222222222,1,3
0.08333333333333334,0.2,0.3222222222222222,50,0.003666666666666667,1,4
0.08333333333333334,0.2,0.3222222222222222,50,0.004111111111111111,2,5
0.08333333333333334,0.2,0.3222222222222222,50,0.004555555555555556,3,5
0.08333333333333334,0.2,0.3222222222222222,50,0.005,3,5
0.08333333333333334,0.2,0.34444444444444444,50,0.001,0,0
0.08333333333333334,0.2,0.34444444444444444,50,0.0014444444444444444,0,0
0.08333333333333334,0.2,0.34444444444444444,50,0.001888888888888889,0,1
0.08333333333333334,0.2,0.34444444444444444,50,0.0023333333333333335,0,2
0.08333333333333334,0.2,0.34444444444444444,50,0.002777777777777778,1,3
0.08333333333333334,0.2,0.34444444444444444,50,0.0032222222222222222,1,4
0.08333333333333334,0.2,0.34444444444444444,50,0.003666666666666667,2,4
0.08333333333333334,0.2,0.34444444444444444,50,0.004111111111111111,2,5
0.08333333333333334,0.2,0.34444444444444444,50,0.004555555555555556,3,5
0.08333333333333334,0.2,0.34444444444444444,50,0.005,3,6
0.08333333333333334,0.2,0.36666666666666664,50,0.001,0,0
0.08333333333333334,0.2,0.36666666666666664,50,0.0014444444444444444,0,1
0.08333333333333334,0.2,0.36666666666666664,50,0.001888888888888889,0,2
0.08333333333333334,0.2,0.36666666666666664,50,0.0023333333333333335,0,2
0.08333333333333334,0.2,0.36666666666666664,50,0.002777777777777778,1,3
0.08333333333333334,0.2,0.36666666666666664,50,0.0032222222222222222,2,3
0.08333333333333334,0.2,0.36666666666666664,50,0.003666666666666667,2,4
0.08333333333333334,0.2,0.36666666666666664,50,0.004111111111111111,2,5
0.08333333333333334,0.2,0.36666666666666664,50,0.004555555555555556,3,6
0.08333333333333334,0.2,0.36666666666666664,50,0.005,3,6
0.08333333333333334,0.2,0.3888888888888889,50,0.001,0,0
0.08333333333333334,0.2,0.3888888888888889,50,0.0014444444444444444,0,0
0.08333333333333334,0.2,0.3888888888888889,50,0.001888888888888889,0,2
0.08333333333333334,0.2,0.3888888888888889,50,0.0023333333333333335,1,2
0.08333333333333334,0.2,0.3888888888888889,50,0.002777777777777778,2,3
0.08333333333333334,0.2,0.3888888888888889,50,0.0032222222222222222,2,5
0.08333333333333334,0.2,0.3888888888888889,50,0.003666666666666667,3,4
0.08333333333333334,0.2,0.3888888888888889,50,0.004111111111111111,3,5
0.08333333333333334,0.2,0.3888888888888889,50,0.004555555555555556,3,5
0.08333333333333334,0.2,0.3888888888888889,50,0.005,4,7
0.08333333333333334,0.2,0.4111111111111111,50,0.001,0,0
0.08333333333333334,0.2,0.4111111111111111,50,0.0014444444444444444,0,1
0.08333333333333334,0.2,0.4111111111111111,50,0.001888888888888889,0,2
0.08333333333333334,0.2,0.4111111111111111,50,0.0023333333333333335,1,3
0.08333333333333334,0.2,0.4111111111111111,50,0.002777777777777778,1,4
0.08333333333333334,0.2,0.4111111111111111,50,0.0032222222222222222,2,5
0.08333333333333334,0.2,0.4111111111111111,50,0.003666666666666667,3,5
0.08333333333333334,0.2,0.4111111111111111,50,0.004111111111111111,3,6
0.08333333333333334,0.2,0.4111111111111111,50,0.004555555555555556,3,7
0.08333333333333334,0.2,0.4111111111111111,50,0.005,3,7
0.08333333333333334,0.2,0.43333333333333335,50,0.001,0,0
0.08333333333333334,0.2,0.43333333333333335,50,0.0014444444444444444,0,1
0.08333333333333334,0.2,0.43333333333333335,50,0.001888888888888889,0,2
0.08333333333333334,0.2,0.43333333333333335,50,0.0023333333333333335,1,3
0.08333333333333334,0.2,0.43333333333333335,50,0.002777777777777778,1,4
0.08333333333333334,0.2,0.43333333333333335,50,0.0032222222222222222,2,5
0.08333333333333334,0.2,0.43333333333333335,50,0.003666666666666667,3,5
0.08333333333333334,0.2,0.43333333333333335,50,0.004111111111111111,2,7
0.08333333333333334,0.2,0.43333333333333335,50,0.004555555555555556,3,6
0.08333333333333334,0.2,0.43333333333333335,50,0.005,4,7
0.08333333333333334,0.2,0.45555555555555555,50,0.001,0,0
0.08333333333333334,0.2,0.45555555555555555,50,0.0014444444444444444,0,1
0.08333333333333334,0.2,0.45555555555555555,50,0.001888888888888889,1,3
0.08333333333333334,0.2,0.45555555555555555,50,0.0023333333333333335,1,3
0.08333333333333334,0.2,0.45555555555555555,50,0.002777777777777778,2,4
0.08333333333333334,0.2,0.45555555555555555,50,0.0032222222222222222,3,5
0.08333333333333334,0.2,0.45555555555555555,50,0.003666666666666667,3,5
0.08333333333333334,0.2,0.45555555555555555,50,0.004111111111111111,3,5
0.08333333333333334,0.2,0.45555555555555555,50,0.004555555555555556,4,6
0.08333333333333334,0.2,0.45555555555555555,50,0.005,4,8
0.08333333333333334,0.2,0.47777777777777775,50,0.001,0,0
0.08333333333333334,0.2,0.47777777777777775,50,0.0014444444444444444,0,1
0.08333333333333334,0.2,0.47777777777777775,50,0.001888888888888889,1,3
0.08333333333333334,0.2,0.47777777777777775,50,0.0023333333333333335,1,3
0.08333333333333334,0.2,0.47777777777777775,50,0.002777777777777778,2,4
0.08333333333333334,0.2,0.47777777777777775,50,0.0032222222222222222,3,5
0.08333333333333334,0.2,0.47777777777777775,50,0.003666666666666667,3,5
0.08333333333333334,0.2,0.47777777777777775,50,0.004111111111111111,4,6
0.08333333333333334,0.2,0.47777777777777775,50,0.004555555555555556,4,7
0.08333333333333334,0.2,0.47777777777777775,50,0.005,4,8
0.08333333333333334,0.2,0.5,50,0.001,0,0
0.08333333333333334,0.2,0.5,50,0.0014444444444444444,0,1
0.08333333333333334,0.2,0.5,50,0.001888888888888889,1,3
0.08333333333333334,0.2,0.5,50,0.0023333333333333335,1,3
0.08333333333333334,0.2,0.5,50,0.002777777777777778,2,4
0.08333333333333334,0.2,0.5,50,0.0032222222222222222,2,5
0.08333333333333334,0.2,0.5,50,0.003666666666666667,3,5
0.08333333333333334,0.2,0.5,50,0.004111111111111111,3,7
0.08333333333333334,0.2,0.5,50,0.004555555555555556,3,7
0.08333333333333334,0.2,0.5,50,0.005,4,8
0.08333333333333334,0.22222222222222224,0.3,50,0.001,0,0
0.08333333333333334,0.22222222222222224,0.3,50,0.0014444444444444444,0,0
0.08333333333333334,0.22222222222222224,0.3,50,0.001888888888888889,0,0
0.08333333333333334,0.22222222222222224,0.3,50,0.0023333333333333335,0,2
0.08333333333333334,0.22222222222222224,0.3,50,0.002777777777777778,0,2
0.08333333333333334,0.22222222222222224,0.3,50,0.0032222222222222222,1,3
0.08333333333333334,0.22222222222222224,0.3,50,0.003666666666666667,1,4
0.08333333333333334,0.22222222222222224,0.3,50,0.004111111111111111,2,5
0.08333333333333334,0.22222222222222224,0.3,50,0.004555555555555556,3,5
0.08333333333333334,0.22222222222222224,0.3,50,0.005,3,6
0.08333333333333334,0.22222222222222224,0.3222222222222222,50,0.001,0,0
0.08333333333333334,0.22222222222222224,0.3222222222222222,50,0.0014444444444444444,0,0
0.08333333333333334,0.22222222222222224,0.3222222222222222,50,0.001888888888888889,0,0
0.08333333333333334,0.22222222222222224,0.3222222222222222,50,0.0023333333333333335,0,3
0.08333333333333334,0.22222222222222224,0.3222222222222222,50,0.002777777777777778,0,3
0.08333333333333334,0.22222222222222224,0.3222222222222222,50,0.0032222222222222222,1,3
0.08333333333333334,0.22222222222222224,0.3222222222222222,50,0.003666666666666667,2,5
0.08333333333333334,0.22222222222222224,0.3222222222222222,50,0.004111111111111111,2,5
0.08333333333333334,0.22222222222222224,0.3222222222222222,50,0.004555555555555556,3,7
0.08333333333333334,0.22222222222222224,0.3222222222222222,50,0.005,4,6
0.08333333333333334,0.22222222222222224,0.34444444444444444,50,0.001,0,0
0.08333333333333334,0.22222222222222224,0.34444444444444444,50,0.0014444444444444444,0,0
0.08333333333333334,0.22222222222222224,0.34444444444444444,50,0.001888888888888889,0,1
0.08333333333333334,0.22222222222222224,0.34444444444444444,50,0.0023333333333333335,1,2
0.08333333333333334,0.22222222222222224,0.34444444444444444,50,0.002777777777777778,1,3
0.08333333333333334,0.22222222222222224,0.34444444444444444,50,0.0032222222222222222,2,4
0.08333333333333334,0.22222222222222224,0.34444444444444444,50,0.003666666666666667,3,5
0.08333333333333334,0.22222222222222224,0.34444444444444444,50,0.004111111111111111,3,5
0.08333333333333334,0.22222222222222224,0.34444444444444444,50,0.004555555555555556,3,7
0.08333333333333334,0.22222222222222224,0.34444444444444444,50,0.005,3,7
0.08333333333333334,0.22222222222222224,0.36666666666666664,50,0.001,0,0
0.08333333333333334,0.22222222222222224,0.36666666666666664,50,0.0014444444444444444,0,1
0.08333333333333334,0.22222222222222224,0.36666666666666664,50,0.001888888888888889,0,1
0.08333333333333334,0.22222222222222224,0.36666666666666664,50,0.0023333333333333335,0,3
0.08333333333333334,0.22222222222222224,0.36666666666666664,50,0.002777777777777778,1,4
0.08333333333333334,0.22222222222222224,0.36666666666666664,50,0.0032222222222222222,2,4
0.08333333333333334,0.22222222222222224,0.36666666666666664,50,0.003666666666666667,3,5
0.08333333333333334,0.22222222222222224,0.36666666666666664,50,0.004111111111111111,3,7
0.08333333333333334,0.22222222222222224,0.36666666666666664,50,0.004555555555555556,3,6
0.08333333333333334,0.22222222222222224,0.36666666666666664,50,0.005,3,8
0.08333333333333334,0.22222222222222224,0.3888888888888889,50,0.001,0,0
0.08333333333333334,0.22222222222222224,0.3888888888888889,50,0.0014444444444444444,0,1
0.08333333333333334,0.22222222222222224,0.3888888888888889,50,0.001888888888888889,0,2
0.08333333333333334,0.22222222222222224,0.3888888888888889,50,0.0023333333333333335,1,3
0.08333333333333334,0.22222222222222224,0.3888888888888889,50,0.002777777777777778,1,3
0.08333333333333334,0.22222222222222224,0.3888888888888889,50,0.0032222222222222222,2,5
0.08333333333333334,0.22222222222222224,0.3888888888888889,50,0.003666666666666667,4,5
0.08333333333333334,0.22222222222222224,0.3888888888888889,50,0.004111111111111111,3,6
0.08333333333333334,0.22222222222222224,0.3888888888888889,50,0.004555555555555556,4,7
0.08333333333333334,0.22222222222222224,0.3888888888888889,50,0.005,4,8
0.08333333333333334,0.22222222222222224,0.4111111111111111,50,0.001,0,0
0.08333333333333334,0.22222222222222224,0.4111111111111111,50,0.0014444444444444444,0,1
0.08333333333333334,0.22222222222222224,0.4111111111111111,50,0.001888888888888889,0,2
0.08333333333333334,0.22222222222222224,0.4111111111111111,50,0.0023333333333333335,1,3
0.08333333333333334,0.22222222222222224,0.4111111111111111,50,0.002777777777777778,1,4
0.08333333333333334,0.22222222222222224,0.4111111111111111,50,0.0032222222222222222,2,5
0.08333333333333334,0.22222222222222224,0.4111111111111111,50,0.003666666666666667,3,6
0.08333333333333334,0.22222222222222224,0.4111111111111111,50,0.004111111111111111,3,7
0.08333333333333334,0.22222222222222224,0.4111111111111111,50,0.004555555555555556,4,7
0.08333333333333334,0.22222222222222224,0.4111111111111111,50,0.005,3,7
0.08333333333333334,0.22222222222222224,0.43333333333333335,50,0.001,0,0
0.08333333333333334,0.22222222222222224,0.43333333333333335,50,0.0014444444444444444,0,1
0.08333333333333334,0.22222222222222224,0.43333333333333335,50,0.001888888888888889,1,2
0.08333333333333334,0.22222222222222224,0.43333333333333335,50,0.0023333333333333335,1,3
0.08333333333333334,0.22222222222222224,0.43333333333333335,50,0.002777777777777778,2,4
0.08333333333333334,0.22222222222222224,0.43333333333333335,50,0.0032222222222222222,3,5
0.08333333333333334,0.22222222222222224,0.43333333333333335,50,0.003666666666666667,3,6
0.08333333333333334,0.22222222222222224,0.43333333333333335,50,0.004111111111111111,3,6
0.08333333333333334,0.22222222222222224,0.43333333333333335,50,0.004555555555555556,3,8
0.08333333333333334,0.22222222222222224,0.43333333333333335,50,0.005,4,8
0.08333333333333334,0.22222222222222224,0.45555555555555555,50,0.001,0,0
0.08333333333333334,0.22222222222222224,0.45555555555555555,50,0.0014444444444444444,0,1
0.08333333333333334,0.22222222222222224,0.45555555555555555,50,0.001888888888888889,1,3
0.08333333333333334,0.22222222222222224,0.45555555555555555,50,0.0023333333333333335,1,3
0.08333333333333334,0.22222222222222224,0.45555555555555555,50,0.002777777777777778,2,4
0.08333333333333334,0.22222222222222224,0.45555555555555555,50,0.0032222222222222222,3,5
0.08333333333333334,0.22222222222222224,0.45555555555555555,50,0.003666666666666667,3,5
0.08333333333333334,0.22222222222222224,0.45555555555555555,50,0.004111111111111111,3,6
0.08333333333333334,0.22222222222222224,0.45555555555555555,50,0.004555555555555556,3,8
0.08333333333333334,0.22222222222222224,0.45555555555555555,50,0.005,4,8
0.08333333333333334,0.22222222222222224,0.47777777777777775,50,0.001,0,0
0.08333333333333334,0.22222222222222224,0.47777777777777775,50,0.0014444444444444444,0,1
0.08333333333333334,0.22222222222222224,0.47777777777777775,50,0.001888888888888889,1,3
0.08333333333333334,0.22222222222222224,0.47777777777777775,50,0.0023333333333333335,2,3
0.08333333333333334,0.22222222222222224,0.47777777777777775,50,0.002777777777777778,3,4
0.08333333333333334,0.22222222222222224,0.47777777777777775,50,0.0032222222222222222,3,5
0.08333333333333334,0.22222222222222224,0.47777777777777775,50,0.003666666666666667,3,5
0.08333333333333334,0.22222222222222224,0.47777777777777775,50,0.004111111111111111,3,7
0.08333333333333334,0.22222222222222224,0.47777777777777775,50,0.004555555555555556,3,8
0.08333333333333334,0.22222222222222224,0.47777777777777775,50,0.005,5,8
0.08333333333333334,0.22222222222222224,0.5,50,0.001,0,0
0.08333333333333334,0.22222222222222224,0.5,50,0.0014444444444444444,0,1
0.08333333333333334,0.22222222222222224,0.5,50,0.001888888888888889,1,2
0.08333333333333334,0.22222222222222224,0.5,50,0.0023333333333333335,2,4
0.08333333333333334,0.22222222222222224,0.5,50,0.002777777777777778,2,5
0.08333333333333334,0.22222222222222224,0.5,50,0.0032222222222222222,3,5
0.08333333333333334,0.22222222222222224,0.5,50,0.003666666666666667,4,6
0.08333333333333334,0.22222222222222224,0.5,50,0.004111111111111111,3,6
0.08333333333333334,0.22222222222222224,0.5,50,0.004555555555555556,4,8
0.08333333333333334,0.22222222222222224,0.5,50,0.005,4,8
0.08333333333333334,0.24444444444444446,0.3,50,0.001,0,0
0.08333333333333334,0.24444444444444446,0.3,50,0.0014444444444444444,0,0
0.08333333333333334,0.24444444444444446,0.3,50,0.001888888888888889,0,0
0.08333333333333334,0.24444444444444446,0.3,50,0.0023333333333333335,0,2
0.08333333333333334,0.24444444444444446,0.3,50,0.002777777777777778,1,3
0.08333333333333334,0.24444444444444446,0.3,50,0.0032222222222222222,1,3
0.08333333333333334,0.24444444444444446,0.3,50,0.003666666666666667,2,4
0.08333333333333334,0.24444444444444446,0.3,50,0.004111111111111111,2,5
0.08333333333333334,0.24444444444444446,0.3,50,0.004555555555555556,3,6
0.08333333333333334,0.24444444444444446,0.3,50,0.005,3,7
0.08333333333333334,0.24444444444444446,0.3222222222222222,50,0.001,0,0
0.08333333333333334,0.24444444444444446,0.3222222222222222,50,0.0014444444444444444,0,0
0.08333333333333334,0.24444444444444446,0.3222222222222222,50,0.001888888888888889,0,2
0.08333333333333334,0.24444444444444446,0.3222222222222222,50,0.0023333333333333335,0,2
0.08333333333333334,0.24444444444444446,0.3222222222222222,50,0.002777777777777778,0,3
0.08333333333333334,0.24444444444444446,0.3222222222222222,50,0.0032222222222222222,2,5
0.08333333333333334,0.24444444444444446,0.3222222222222222,50,0.003666666666666667,2,5
0.08333333333333334,0.24444444444444446,0.3222222222222222,50,0.004111111111111111,2,5
0.08333333333333334,0.24444444444444446,0.3222222222222222,50,0.004555555555555556,3,6
0.08333333333333334,0.24444444444444446,0.3222222222222222,50,0.005,3,6
0.08333333333333334,0.24444444444444446,0.34444444444444444,50,0.001,0,0
0.08333333333333334,0.24444444444444446,0.34444444444444444,50,0.0014444444444444444,0,0
0.08333333333333334,0.24444444444444446,0.34444444444444444,50,0.001888888888888889,0,2
0.08333333333333334,0.24444444444444446,0.34444444444444444,50,0.0023333333333333335,1,3
0.08333333333333334,0.24444444444444446,0.34444444444444444,50,0.002777777777777778,1,4
0.08333333333333334,0.24444444444444446,0.34444444444444444,50,0.0032222222222222222,1,5
0.08333333333333334,0.24444444444444446,0.34444444444444444,50,0.003666666666666667,3,5
0.08333333333333334,0.24444444444444446,0.34444444444444444,50,0.004111111111111111,3,6
0.08333333333333334,0.24444444444444446,0.34444444444444444,50,0.004555555555555556,3,7
0.08333333333333334,0.24444444444444446,0.34444444444444444,50,0.005,4,7
0.08333333333333334,0.24444444444444446,0.36666666666666664,50,0.001,0,0
0.08333333333333334,0.24444444444444446,0.36666666666666664,50,0.0014444444444444444,0,0
0.08333333333333334,0.24444444444444446,0.36666666666666664,50,0.001888888888888889,0,1
0.08333333333333334,0.24444444444444446,0.36666666666666664,50,0.0023333333333333335,1,2
0.08333333333333334,0.24444444444444446,0.36666666666666664,50,0.002777777777777778,2,5
0.08333333333333334,0.24444444444444446,0.36666666666666664,50,0.0032222222222222222,2,5
0.08333333333333334,0.24444444444444446,0.36666666666666664,50,0.003666666666666667,3,5
0.08333333333333334,0.24444444444444446,0.36666666666666664,50,0.004111111111111111,3,6
0.08333333333333334,0.24444444444444446,0.36666666666666664,50,0.004555555555555556,3,6
0.08333333333333334,0.24444444444444446,0.36666666666666664,50,0.005,4,8
0.08333333333333334,0.24444444444444446,0.3888888888888889,50,0.001,0,0
0.08333333333333334,0.24444444444444446,0.3888888888888889,50,0.0014444444444444444,0,1
0.08333333333333334,0.24444444444444446,0.3888888888888889,50,0.001888888888888889,0,2
0.08333333333333334,0.24444444444444446,0.3888888888888889,50,0.0023333333333333335,1,3
0.08333333333333334,0.24444444444444446,0.3888888888888889,50,0.002777777777777778,1,4
0.08333333333333334,0.24444444444444446,0.3888888888888889,50,0.0032222222222222222,1,5
0.08333333333333334,0.24444444444444446,0.3888888888888889,50,0.003666666666666667,3,6
0.08333333333333334,0.24444444444444446,0.3888888888888889,50,0.004111111111111111,3,7
0.08333333333333334,0.24444444444444446,0.3888888888888889,50,0.004555555555555556,5,8
0.08333333333333334,0.24444444444444446,0.3888888888888889,50,0.005,4,8
0.08333333333333334,0.24444444444444446,0.4111111111111111,50,0.001,0,0
0.08333333333333334,0.24444444444444446,0.4111111111111111,50,0.0014444444444444444,0,1
0.08333333333333334,0.24444444444444446,0.4111111111111111,50,0.001888888888888889,0,3
0.08333333333333334,0.24444444444444446,0.4111111111111111,50,0.0023333333333333335,1,3
0.08333333333333334,0.24444444444444446,0.4111111111111111,50,0.002777777777777778,1,4
0.08333333333333334,0.24444444444444446,0.4111111111111111,50,0.0032222222222222222,3,6
0.08333333333333334,0.24444444444444446,0.4111111111111111,50,0.003666666666666667,3,5
0.08333333333333334,0.24444444444444446,0.4111111111111111,50,0.004111111111111111,4,7
0.08333333333333334,0.24444444444444446,0.4111111111111111,50,0.004555555555555556,4,8
0.08333333333333334,0.24444444444444446,0.4111111111111111,50,0.005,4,9
0.08333333333333334,0.24444444444444446,0.43333333333333335,50,0.001,0,0
0.08333333333333334,0.24444444444444446,0.43333333333333335,50,0.0014444444444444444,0,1
0.08333333333333334,0.24444444444444446,0.43333333333333335,50,0.001888888888888889,1,3
0.08333333333333334,0.24444444444444446,0.43333333333333335,50,0.0023333333333333335,2,3
0.08333333333333334,0.24444444444444446,0.43333333333333335,50,0.002777777777777778,3,4
0.08333333333333334,0.24444444444444446,0.43333333333333335,50,0.0032222222222222222,3,5
0.08333333333333334,0.24444444444444446,0.43333333333333335,50,0.003666666666666667,4,7
0.08333333333333334,0.24444444444444446,0.43333333333333335,50,0.004111111111111111,4,6
0.08333333333333334,0.24444444444444446,0.43333333333333335,50,0.004555555555555556,5,9
0.08333333333333334,0.24444444444444446,0.43333333333333335,50,0.005,4,8
0.08333333333333334,0.24444444444444446,0.45555555555555555,50,0.001,0,0
0.08333333333333334,0.24444444444444446,0.45555555555555555,50,0.0014444444444444444,0,1
0.08333333333333334,0.24444444444444446,0.45555555555555555,50,0.001888888888888889,1,2
0.08333333333333334,0.24444444444444446,0.45555555555555555,50,0.0023333333333333335,2,4
0.08333333333333334,0.24444444444444446,0.45555555555555555,50,0.002777777777777778,2,5
0.08333333333333334,0.24444444444444446,0.45555555555555555,50,0.0032222222222222222,3,6
0.08333333333333334,0.24444444444444446,0.45555555555555555,50,0.003666666666666667,3,6
0.08333333333333334,0.24444444444444446,0.45555555555555555,50,0.004111111111111111,4,7
0.08333333333333334,0.24444444444444446,0.45555555555555555,50,0.004555555555555556,4,8
0.08333333333333334,0.24444444444444446,0.45555555555555555,50,0.005,4,8
0.08333333333333334,0.24444444444444446,0.47777777777777775,50,0.001,0,1
0.08333333333333334,0.24444444444444446,0.47777777777777775,50,0.0014444444444444444,1,2
0.08333333333333334,0.24444444444444446,0.47777777777777775,50,0.001888888888888889,1,3
0.08333333333333334,0.24444444444444446,0.47777777777777775,50,0.0023333333333333335,2,4
0.08333333333333334,0.24444444444444446,0.47777777777777775,50,0.002777777777777778,2,5
0.08333333333333334,0.24444444444444446,0.47777777777777775,50,0.0032222222222222222,3,5
0.08333333333333334,0.24444444444444446,0.47777777777777775,50,0.003666666666666667,4,8
0.08333333333333334,0.24444444444444446,0.47777777777777775,50,0.004111111111111111,4,8
0.08333333333333334,0.24444444444444446,0.47777777777777775,50,0.004555555555555556,5,9
0.08333333333333334,0.24444444444444446,0.47777777777777775,50,0.005,5,10
0.08333333333333334,0.24444444444444446,0.5,50,0.001,0,0
0.08333333333333334,0.24444444444444446,0.5,50,0.0014444444444444444,0,2
0.08333333333333334,0.24444444444444446,0.5,50,0.001888888888888889,1,3
0.08333333333333334,0.24444444444444446,0.5,50,0.0023333333333333335,3,4
0.08333333333333334,0.24444444444444446,0.5,50,0.002777777777777778,2,5
0.08333333333333334,0.24444444444444446,0.5,50,0.0032222222222222222,3,6
0.08333333333333334,0.24444444444444446,0.5,50,0.003666666666666667,3,7
0.08333333333333334,0.24444444444444446,0.5,50,0.004111111111111111,4,8
0.08333333333333334,0.24444444444444446,0.5,50,0.004555555555555556,5,8
0.08333333333333334,0.24444444444444446,0.5,50,0.005,5,9
0.08333333333333334,0.26666666666666666,0.3,50,0.001,0,0
0.08333333333333334,0.26666666666666666,0.3,50,0.0014444444444444444,0,0
0.08333333333333334,0.26666666666666666,0.3,50,0.001888888888888889,0,1
0.08333333333333334,0.26666666666666666,0.3,50,0.0023333333333333335,0,2
0.08333333333333334,0.26666666666666666,0.3,50,0.002777777777777778,0,3
0.08333333333333334,0.26666666666666666,0.3,50,0.0032222222222222222,1,4
0.08333333333333334,0.26666666666666666,0.3,50,0.003666666666666667,2,5
0.08333333333333334,0.26666666666666666,0.3,50,0.004111111111111111,3,5
0.08333333333333334,0.26666666666666666,0.3,50,0.004555555555555556,3,6
0.08333333333333334,0.26666666666666666,0.3,50,0.005,4,7
0.08333333333333334,0.26666666666666666,0.3222222222222222,50,0.001,0,0
0.08333333333333334,0.26666666666666666,0.3222222222222222,50,0.0014444444444444444,0,0
0.08333333333333334,0.26666666666666666,0.3222222222222222,50,0.001888888888888889,0,1
0.08333333333333334,0.26666666666666666,0.3222222222222222,50,0.0023333333333333335,0,3
0.08333333333333334,0.26666666666666666,0.3222222222222222,50,0.002777777777777778,1,3
0.08333333333333334,0.26666666666666666,0.3222222222222222,50,0.0032222222222222222,2,5
0.08333333333333334,0.26666666666666666,0.3222222222222222,50,0.003666666666666667,2,5
0.08333333333333334,0.26666666666666666,0.3222222222222222,50,0.004111111111111111,3,7
0.08333333333333334,0.26666666666666666,0.3222222222222222,50,0.004555555555555556,3,7
0.08333333333333334,0.26666666666666666,0.3222222222222222,50,0.005,4,8
0.08333333333333334,0.26666666666666666,0.34444444444444444,50,0.001,0,0
0.08333333333333334,0.26666666666666666,0.34444444444444444,50,0.0014444444444444444,0,0
0.08333333333333334,0.26666666666666666,0.34444444444444444,50,0.001888888888888889,0,3
0.08333333333333334,0.26666666666666666,0.34444444444444444,50,0.0023333333333333335,1,3
0.08333333333333334,0.26666666666666666,0.34444444444444444,50,0.002777777777777778,1,4
0.08333333333333334,0.26666666666666666,0.34444444444444444,50,0.0032222222222222222,2,4
0.08333333333333334,0.26666666666666666,0.34444444444444444,50,0.003666666666666667,2,6
0.08333333333333334,0.26666666666666666,0.34444444444444444,50,0.004111111111111111,2,6
0.08333333333333334,0.26666666666666666,0.34444444444444444,50,0.004555555555555556,3,7
0.08333333333333334,0.26666666666666666,0.34444444444444444,50,0.005,3,8
0.08333333333333334,0.26666666666666666,0.36666666666666664,50,0.001,0,0
0.08333333333333334,0.26666666666666666,0.36666666666666664,50,0.0014444444444444444,0,1
0.08333333333333334,0.26666666666666666,0.36666666666666664,50,0.001888888888888889,0,3
0.08333333333333334,0.26666666666666666,0.36666666666666664,50,0.0023333333333333335,1,3
0.08333333333333334,0.26666666666666666,0.36666666666666664,50,0.002777777777777778,2,4
0.08333333333333334,0.26666666666666666,0.36666666666666664,50,0.0032222222222222222,3,5
0.08333333333333334,0.26666666666666666,0.36666666666666664,50,0.003666666666666667,3,6
0.08333333333333334,0.26666666666666666,0.36666666666666664,50,0.004111111111111111,4,7
0.08333333333333334,0.26666666666666666,0.36666666666666664,50,0.004555555555555556,3,7
0.08333333333333334,0.26666666666666666,0.36666666666666664,50,0.005,5,9
0.08333333333333334,0.26666666666666666,0.3888888888888889,50,0.001,0,0
0.08333333333333334,0.26666666666666666,0.3888888888888889,50,0.0014444444444444444,0,0
0.08333333333333334,0.26666666666666666,0.3888888888888889,50,0.001888888888888889,0,3
0.08333333333333334,0.26666666666666666,0.3888888888888889,50,0.0023333333333333335,1,3
0.08333333333333334,0.26666666666666666,0.3888888888888889,50,0.002777777777777778,2,4
0.08333333333333334,0.26666666666666666,0.3888888888888889,50,0.0032222222222222222,2,5
0.08333333333333334,0.26666666666666666,0.3888888888888889,50,0.003666666666666667,3,6
0.08333333333333334,0.26666666666666666,0.3888888888888889,50,0.004111111111111111,4,8
0.08333333333333334,0.26666666666666666,0.3888888888888889,50,0.004555555555555556,3,8
0.08333333333333334,0.26666666666666666,0.3888888888888889,50,0.005,5,9
0.08333333333333334,0.26666666666666666,0.4111111111111111,50,0.001,0,0
0.08333333333333334,0.26666666666666666,0.4111111111111111,50,0.0014444444444444444,0,1
0.08333333333333334,0.26666666666666666,0.4111111111111111,50,0.001888888888888889,0,2
0.08333333333333334,0.26666666666666666,0.4111111111111111,50,0.0023333333333333335,2,3
0.08333333333333334,0.26666666666666666,0.4111111111111111,50,0.002777777777777778,2,5
0.08333333333333334,0.26666666666666666,0.4111111111111111,50,0.0032222222222222222,3,6
0.08333333333333334,0.26666666666666666,0.4111111111111111,50,0.003666666666666667,4,7
0.08333333333333334,0.26666666666666666,0.4111111111111111,50,0.004111111111111111,4,8
0.08333333333333334,0.26666666666666666,0.4111111111111111,50,0.004555555555555556,4,8
0.08333333333333334,0.26666666666666666,0.4111111111111111,50,0.005,5,9
0.08333333333333334,0.26666666666666666,0.43333333333333335,50,0.001,0,0
0.08333333333333334,0.26666666666666666,0.43333333333333335,50,0.0014444444444444444,0,1
0.08333333333333334,0.26666666666666666,0.43333333333333335,50,0.001888888888888889,1,3
0.08333333333333334,0.26666666666666666,0.43333333333333335,50,0.0023333333333333335,2,4
0.08333333333333334,0.26666666666666666,0.43333333333333335,50,0.002777777777777778,2,5
0.08333333333333334,0.26666666666666666,0.43333333333333335,50,0.0032222222222222222,3,6
0.08333333333333334,0.26666666666666666,0.43333333333333335,50,0.003666666666666667,3,6
0.08333333333333334,0.26666666666666666,0.43333333333333335,50,0.004111111111111111,3,8
0.08333333333333334,0.26666666666666666,0.43333333333333335,50,0.004555555555555556,5,9
0.08333333333333334,0.26666666666666666,0.43333333333333335,50,0.005,5,10
0.08333333333333334,0.26666666666666666,0.45555555555555555,50,0.001,0,0
0.08333333333333334,0.26666666666666666,0.45555555555555555,50,0.0014444444444444444,0,1
0.08333333333333334,0.26666666666666666,0.45555555555555555,50,0.001888888888888889,1,3
0.08333333333333334,0.26666666666666666,0.45555555555555555,50,0.0023333333333333335,2,4
0.08333333333333334,0.26666666666666666,0.45555555555555555,50,0.002777777777777778,2,5
0.08333333333333334,0.26666666666666666,0.45555555555555555,50,0.0032222222222222222,3,6
0.08333333333333334,0.26666666666666666,0.45555555555555555,50,0.003666666666666667,4,7
0.08333333333333334,0.26666666666666666,0.45555555555555555,50,0.004111111111111111,4,8
0.08333333333333334,0.26666666666666666,0.45555555555555555,50,0.004555555555555556,5,9
0.08333333333333334,0.26666666666666666,0.45555555555555555,50,0.005,6,10
0.08333333333333334,0.26666666666666666,0.47777777777777775,50,0.001,0,0
0.08333333333333334,0.26666666666666666,0.47777777777777775,50,0.0014444444444444444,0,2
0.08333333333333334,0.26666666666666666,0.47777777777777775,50,0.001888888888888889,1,3
0.08333333333333334,0.26666666666666666,0.47777777777777775,50,0.0023333333333333335,1,4
0.08333333333333334,0.26666666666666666,0.47777777777777775,50,0.002777777777777778,3,5
0.08333333333333334,0.26666666666666666,0.47777777777777775,50,0.0032222222222222222,3,6
0.08333333333333334,0.26666666666666666,0.47777777777777775,50,0.003666666666666667,4,8
0.08333333333333334,0.26666666666666666,0.47777777777777775,50,0.004111111111111111,4,9
0.08333333333333334,0.26666666666666666,0.47777777777777775,50,0.004555555555555556,5,9
0.08333333333333334,0.26666666666666666,0.47777777777777775,50,0.005,5,10
0.08333333333333334,0.26666666666666666,0.5,50,0.001,0,1
0.08333333333333334,0.26666666666666666,0.5,50,0.0014444444444444444,1,2
0.08333333333333334,0.26666666666666666,0.5,50,0.001888888888888889,1,3
0.08333333333333334,0.26666666666666666,0.5,50,0.0023333333333333335,2,5
0.08333333333333334,0.26666666666666666,0.5,50,0.002777777777777778,3,6
0.08333333333333334,0.26666666666666666,0.5,50,0.0032222222222222222,3,6
0.08333333333333334,0.26666666666666666,0.5,50,0.003666666666666667,4,7
0.08333333333333334,0.26666666666666666,0.5,50,0.004111111111111111,4,8
0.08333333333333334,0.26666666666666666,0.5,50,0.004555555555555556,6,9
0.08333333333333334,0.26666666666666666,0.5,50,0.005,6,10
0.08333333333333334,0.2888888888888889,0.3,50,0.001,0,0
0.08333333333333334,0.2888888888888889,0.3,50,0.0014444444444444444,0,0
0.08333333333333334,0.2888888888888889,0.3,50,0.001888888888888889,0,2
0.08333333333333334,0.2888888888888889,0.3,50,0.0023333333333333335,0,2
0.08333333333333334,0.2888888888888889,0.3,50,0.002777777777777778,0,3
0.08333333333333334,0.2888888888888889,0.3,50,0.0032222222222222222,1,4
0.08333333333333334,0.2888888888888889,0.3,50,0.003666666666666667,2,5
0.08333333333333334,0.2888888888888889,0.3,50,0.004111111111111111,2,6
0.08333333333333334,0.2888888888888889,0.3,50,0.004555555555555556,2,7
0.08333333333333334,0.2888888888888889,0.3,50,0.005,4,8
0.08333333333333334,0.2888888888888889,0.3222222222222222,50,0.001,0,0
0.08333333333333334,0.2888888888888889,0.3222222222222222,50,0.0014444444444444444,0,0
0.08333333333333334,0.2888888888888889,0.3222222222222222,50,0.001888888888888889,0,2
0.08333333333333334,0.2888888888888889,0.3222222222222222,50,0.0023333333333333335,0,3
0.08333333333333334,0.2888888888888889,0.3222222222222222,50,0.002777777777777778,0,4
0.08333333333333334,0.2888888888888889,0.3222222222222222,50,0.0032222222222222222,1,5
0.08333333333333334,0.2888888888888889,0.3222222222222222,50,0.003666666666666667,2,6
0.08333333333333334,0.2888888888888889,0.3222222222222222,50,0.004111111111111111,3,6
0.08333333333333334,0.2888888888888889,0.3222222222222222,50,0.004555555555555556,3,9
0.08333333333333334,0.2888888888888889,0.3222222222222222,50,0.005,3,8
0.08333333333333334,0.2888888888888889,0.34444444444444444,50,0.001,0,0
0.08333333333333334,0.2888888888888889,0.34444444444444444,50,0.0014444444444444444,0,0
0.08333333333333334,0.2888888888888889,0.34444444444444444,50,0.001888888888888889,0,1
0.08333333333333334,0.2888888888888889,0.34444444444444444,50,0.0023333333333333335,1,3
0.08333333333333334,0.2888888888888889,0.34444444444444444,50,0.002777777777777778,1,4
0.08333333333333334,0.2888888888888889,0.34444444444444444,50,0.0032222222222222222,2,6
0.08333333333333334,0.2888888888888889,0.34444444444444444,50,0.003666666666666667,3,6
0.08333333333333334,0.2888888888888889,0.34444444444444444,50,0.004111111111111111,3,7
0.08333333333333334,0.2888888888888889,0.34444444444444444,50,0.004555555555555556,5,9
0.08333333333333334,0.2888888888888889,0.34444444444444444,50,0.005,5,8
0.08333333333333334,0.2888888888888889,0.36666666666666664,50,0.001,0,0
0.08333333333333334,0.2888888888888889,0.36666666666666664,50,0.0014444444444444444,0,0
0.08333333333333334,0.2888888888888889,0.36666666666666664,50,0.001888888888888889,0,2
0.08333333333333334,0.2888888888888889,0.36666666666666664,50,0.0023333333333333335,1,3
0.08333333333333334,0.2888888888888889,0.36666666666666664,50,0.002777777777777778,1,4
0.08333333333333334,0.2888888888888889,0.36666666666666664,50,0.0032222222222222222,3,5
0.08333333333333334,0.2888888888888889,0.36666666666666664,50,0.003666666666666667,3,7
0.08333333333333334,0.2888888888888889,0.36666666666666664,50,0.004111111111111111,4,7
0.08333333333333334,0.2888888888888889,0.36666666666666664,50,0.004555555555555556,5,9
0.08333333333333334,0.2888888888888889,0.36666666666666664,50,0.005,4,10
0.08333333333333334,0.2888888888888889,0.3888888888888889,50,0.001,0,0
0.08333333333333334,0.2888888888888889,0.3888888888888889,50,0.0014444444444444444,0,1
0.08333333333333334,0.2888888888888889,0.3888888888888889,50,0.001888888888888889,0,3
0.08333333333333334,0.2888888888888889,0.3888888888888889,50,0.0023333333333333335,1,4
0.08333333333333334,0.2888888888888889,0.3888888888888889,50,0.002777777777777778,2,5
0.08333333333333334,0.2888888888888889,0.3888888888888889,50,0.0032222222222222222,3,6
0.08333333333333334,0.2888888888888889,0.3888888888888889,50,0.003666666666666667,3,7
0.08333333333333334,0.2888888888888889,0.3888888888888889,50,0.004111111111111111,4,8
0.08333333333333334,0.2888888888888889,0.3888888888888889,50,0.004555555555555556,4,8
0.08333333333333334,0.2888888888888889,0.3888888888888889,50,0.005,5,9
0.08333333333333334,0.2888888888888889,0.4111111111111111,50,0.001,0,0
0.08333333333333334,0.2888888888888889,0.4111111111111111,50,0.0014444444444444444,0,2
0.08333333333333334,0.2888888888888889,0.4111111111111111,50,0.001888888888888889,1,3
0.08333333333333334,0.2888888888888889,0.4111111111111111,50,0.0023333333333333335,1,5
0.08333333333333334,0.2888888888888889,0.4111111111111111,50,0.002777777777777778,2,5
0.08333333333333334,0.2888888888888889,0.4111111111111111,50,0.0032222222222222222,3,6
0.08333333333333334,0.2888888888888889,0.4111111111111111,50,0.003666666666666667,3,6
0.08333333333333334,0.2888888888888889,0.4111111111111111,50,0.004111111111111111,4,8
0.08333333333333334,0.2888888888888889,0.4111111111111111,50,0.004555555555555556,5,10
0.08333333333333334,0.2888888888888889,0.4111111111111111,50,0.005,6,10
0.08333333333333334,0.2888888888888889,0.43333333333333335,50,0.001,0,0
0.08333333333333334,0.2888888888888889,0.43333333333333335,50,0.0014444444444444444,0,1
0.08333333333333334,0.2888888888888889,0.43333333333333335,50,0.001888888888888889,1,3
0.08333333333333334,0.2888888888888889,0.43333333333333335,50,0.0023333333333333335,2,5
0.08333333333333334,0.2888888888888889,0.43333333333333335,50,0.002777777777777778,3,5
0.08333333333333334,0.2888888888888889,0.43333333333333335,50,0.0032222222222222222,4,6
0.08333333333333334,0.2888888888888889,0.43333333333333335,50,0.003666666666666667,3,7
0.08333333333333334,0.2888888888888889,0.43333333333333335,50,0.004111111111111111,5,8
0.08333333333333334,0.2888888888888889,0.43333333333333335,50,0.004555555555555556,6,9
0.08333333333333334,0.2888888888888889,0.43333333333333335,50,0.005,6,10
0.08333333333333334,0.2888888888888889,0.45555555555555555,50,0.001,0,0
0.08333333333333334,0.2888888888888889,0.45555555555555555,50,0.0014444444444444444,1,2
0.08333333333333334,0.2888888888888889,0.45555555555555555,50,0.001888888888888889,1,3
0.08333333333333334,0.2888888888888889,0.45555555555555555,50,0.0023333333333333335,2,5
0.08333333333333334,0.2888888888888889,0.45555555555555555,50,0.002777777777777778,3,5
0.08333333333333334,0.2888888888888889,0.45555555555555555,50,0.0032222222222222222,4,7
0.08333333333333334,0.2888888888888889,0.45555555555555555,50,0.003666666666666667,4,8
0.08333333333333334,0.2888888888888889,0.45555555555555555,50,0.004111111111111111,5,9
0.08333333333333334,0.2888888888888889,0.45555555555555555,50,0.004555555555555556,5,10
0.08333333333333334,0.2888888888888889,0.45555555555555555,50,0.005,6,11
0.08333333333333334,0.2888888888888889,0.47777777777777775,50,0.001,0,0
0.08333333333333334,0.2888888888888889,0.47777777777777775,50,0.0014444444444444444,0,2
0.08333333333333334,0.2888888888888889,0.47777777777777775,50,0.001888888888888889,1,4
0.08333333333333334,0.2888888888888889,0.47777777777777775,50,0.0023333333333333335,3,4
0.08333333333333334,0.2888888888888889,0.47777777777777775,50,0.002777777777777778,3,6
0.08333333333333334,0.2888888888888889,0.47777777777777775,50,0.0032222222222222222,4,7
0.08333333333333334,0.2888888888888889,0.47777777777777775,50,0.003666666666666667,4,8
0.08333333333333334,0.2888888888888889,0.47777777777777775,50,0.004111111111111111,5,10
0.08333333333333334,0.2888888888888889,0.47777777777777775,50,0.004555555555555556,5,10
0.08333333333333334,0.2888888888888889,0.47777777777777775,50,0.005,6,11
0.08333333333333334,0.2888888888888889,0.5,50,0.001,0,1
0.08333333333333334,0.2888888888888889,0.5,50,0.0014444444444444444,1,3
0.08333333333333334,0.2888888888888889,0.5,50,0.001888888888888889,2,3
0.08333333333333334,0.2888888888888889,0.5,50,0.0023333333333333335,3,4
0.08333333333333334,0.2888888888888889,0.5,50,0.002777777777777778,2,6
0.08333333333333334,0.2888888888888889,0.5,50,0.0032222222222222222,4,7
0.08333333333333334,0.2888888888888889,0.5,50,0.003666666666666667,4,8
0.08333333333333334,0.2888888888888889,0.5,50,0.004111111111111111,5,9
0.08333333333333334,0.2888888888888889,0.5,50,0.004555555555555556,5,10
0.08333333333333334,0.2888888888888889,0.5,50,0.005,7,11
0.08333333333333334,0.3111111111111111,0.3,50,0.001,0,0
0.08333333333333334,0.3111111111111111,0.3,50,0.0014444444444444444,0,0
0.08333333333333334,0.3111111111111111,0.3,50,0.001888888888888889,0,1
0.08333333333333334,0.3111111111111111,0.3,50,0.0023333333333333335,1,2
0.08333333333333334,0.3111111111111111,0.3,50,0.002777777777777778,0,4
0.08333333333333334,0.3111111111111111,0.3,50,0.0032222222222222222,1,5
0.08333333333333334,0.3111111111111111,0.3,50,0.003666666666666667,3,6
0.08333333333333334,0.3111111111111111,0.3,50,0.004111111111111111,2,6
0.08333333333333334,0.3111111111111111,0.3,50,0.004555555555555556,4,8
0.08333333333333334,0.3111111111111111,0.3,50,0.005,4,8
0.08333333333333334,0.3111111111111111,0.3222222222222222,50,0.001,0,0
0.08333333333333334,0.3111111111111111,0.3222222222222222,50,0.0014444444444444444,0,0
0.08333333333333334,0.3111111111111111,0.3222222222222222,50,0.001888888888888889,0,2
0.08333333333333334,0.3111111111111111,0.3222222222222222,50,0.0023333333333333335,1,2
0.08333333333333334,0.3111111111111111,0.3222222222222222,50,0.002777777777777778,1,4
0.08333333333333334,0.3111111111111111,0.3222222222222222,50,0.0032222222222222222,2,5
0.08333333333333334,0.3111111111111111,0.3222222222222222,50,0.003666666666666667,3,6
0.08333333333333334,0.3111111111111111,0.3222222222222222,50,0.004111111111111111,2,7
0.08333333333333334,0.3111111111111111,0.3222222222222222,50,0.004555555555555556,3,8
0.08333333333333334,0.3111111111111111,0.3222222222222222,50,0.005,4,9
0.08333333333333334,0.3111111111111111,0.34444444444444444,50,0.001,0,0
0.08333333333333334,0.3111111111111111,0.34444444444444444,50,0.0014444444444444444,0,0
0.08333333333333334,0.3111111111111111,0.34444444444444444,50,0.001888888888888889,0,2
0.08333333333333334,0.3111111111111111,0.34444444444444444,50,0.0023333333333333335,1,3
0.08333333333333334,0.3111111111111111,0.34444444444444444,50,0.002777777777777778,0,4
0.08333333333333334,0.3111111111111111,0.34444444444444444,50,0.0032222222222222222,2,6
0.08333333333333334,0.3111111111111111,0.34444444444444444,50,0.003666666666666667,3,6
0.08333333333333334,0.3111111111111111,0.34444444444444444,50,0.004111111111111111,4,7
0.08333333333333334,0.3111111111111111,0.34444444444444444,50,0.004555555555555556,4,8
0.08333333333333334,0.3111111111111111,0.34444444444444444,50,0.005,5,9
0.08333333333333334,0.3111111111111111,0.36666666666666664,50,0.001,0,0
0.08333333333333334,0.3111111111111111,0.36666666666666664,50,0.0014444444444444444,0,1
0.08333333333333334,0.3111111111111111,0.36666666666666664,50,0.001888888888888889,0,3
0.08333333333333334,0.3111111111111111,0.36666666666666664,50,0.0023333333333333335,1,3
0.08333333333333334,0.3111111111111111,0.36666666666666664,50,0.002777777777777778,2,6
0.08333333333333334,0.3111111111111111,0.36666666666666664,50,0.0032222222222222222,2,6
0.08333333333333334,0.3111111111111111,0.36666666666666664,50,0.003666666666666667,3,8
0.08333333333333334,0.3111111111111111,0.36666666666666664,50,0.004111111111111111,4,8
0.08333333333333334,0.3111111111111111,0.36666666666666664,50,0.004555555555555556,4,8
0.08333333333333334,0.3111111111111111,0.36666666666666664,50,0.005,5,10
0.08333333333333334,0.3111111111111111,0.3888888888888889,50,0.001,0,0
0.08333333333333334,0.3111111111111111,0.3888888888888889,50,0.0014444444444444444,0,1
0.08333333333333334,0.3111111111111111,0.3888888888888889,50,0.001888888888888889,0,3
0.08333333333333334,0.3111111111111111,0.3888888888888889,50,0.0023333333333333335,1,4
0.08333333333333334,0.3111111111111111,0.3888888888888889,50,0.002777777777777778,2,6
0.08333333333333334,0.3111111111111111,0.3888888888888889,50,0.0032222222222222222,3,7
0.08333333333333334,0.3111111111111111,0.3888888888888889,50,0.003666666666666667,3,7
0.08333333333333334,0.3111111111111111,0.3888888888888889,50,0.004111111111111111,5,9
0.08333333333333334,0.3111111111111111,0.3888888888888889,50,0.004555555555555556,5,10
0.08333333333333334,0.3111111111111111,0.3888888888888889,50,0.005,5,11
0.08333333333333334,0.3111111111111111,0.4111111111111111,50,0.001,0,0
0.08333333333333334,0.3111111111111111,0.4111111111111111,50,0.0014444444444444444,0,2
0.08333333333333334,0.3111111111111111,0.4111111111111111,50,0.001888888888888889,1,2
0.08333333333333334,0.3111111111111111,0.4111111111111111,50,0.0023333333333333335,1,3
0.08333333333333334,0.3111111111111111,0.4111111111111111,50,0.002777777777777778,3,5
0.08333333333333334,0.3111111111111111,0.4111111111111111,50,0.0032222222222222222,3,6
0.08333333333333334,0.3111111111111111,0.4111111111111111,50,0.003666666666666667,4,7
0.08333333333333334,0.3111111111111111,0.4111111111111111,50,0.004111111111111111,5,8
0.08333333333333334,0.3111111111111111,0.4111111111111111,50,0.004555555555555556,4,10
0.08333333333333334,0.3111111111111111,0.4111111111111111,50,0.005,6,11
0.08333333333333334,0.3111111111111111,0.43333333333333335,50,0.001,0,0
0.08333333333333334,0.3111111111111111,0.43333333333333335,50,0.0014444444444444444,0,1
0.08333333333333334,0.3111111111111111,0.43333333333333335,50,0.001888888888888889,1,3
0.08333333333333334,0.3111111111111111,0.43333333333333335,50,0.0023333333333333335,3,5
0.08333333333333334,0.3111111111111111,0.43333333333333335,50,0.002777777777777778,3,7
0.08333333333333334,0.3111111111111111,0.43333333333333335,50,0.0032222222222222222,4,8
0.08333333333333334,0.3111111111111111,0.43333333333333335,50,0.003666666666666667,4,9
0.08333333333333334,0.3111111111111111,0.43333333333333335,50,0.004111111111111111,5,9
0.08333333333333334,0.3111111111111111,0.43333333333333335,50,0.004555555555555556,5,10
0.08333333333333334,0.3111111111111111,0.43333333333333335,50,0.005,5,11
0.08333333333333334,0.3111111111111111,0.45555555555555555,50,0.001,0,0
0.08333333333333334,0.3111111111111111,0.45555555555555555,50,0.0014444444444444444,0,3
0.08333333333333334,0.3111111111111111,0.45555555555555555,50,0.001888888888888889,1,3
0.08333333333333334,0.3111111111111111,0.45555555555555555,50,0.0023333333333333335,2,5
0.08333333333333334,0.3111111111111111,0.45555555555555555,50,0.002777777777777778,3,5
0.08333333333333334,0.3111111111111111,0.45555555555555555,50,0.0032222222222222222,4,7
0.08333333333333334,0.3111111111111111,0.45555555555555555,50,0.003666666666666667,3,7
0.08333333333333334,0.3111111111111111,0.45555555555555555,50,0.004111111111111111,5,9
0.08333333333333334,0.3111111111111111,0.45555555555555555,50,0.004555555555555556,5,11
0.08333333333333334,0.3111111111111111,0.45555555555555555,50,0.005,6,11
0.08333333333333334,0.3111111111111111,0.47777777777777775,50,0.001,0,0
0.08333333333333334,0.3111111111111111,0.47777777777777775,50,0.0014444444444444444,0,2
0.08333333333333334,0.3111111111111111,0.47777777777777775,50,0.001888888888888889,1,4
0.08333333333333334,0.3111111111111111,0.47777777777777775,50,0.0023333333333333335,3,5
0.08333333333333334,0.3111111111111111,0.47777777777777775,50,0.002777777777777778,3,7
0.08333333333333334,0.3111111111111111,0.47777777777777775,50,0.0032222222222222222,4,8
0.08333333333333334,0.3111111111111111,0.47777777777777775,50,0.003666666666666667,4,8
0.08333333333333334,0.3111111111111111,0.47777777777777775,50,0.004111111111111111,5,10
0.08333333333333334,0.3111111111111111,0.47777777777777775,50,0.004555555555555556,7,11
0.08333333333333334,0.3111111111111111,0.47777777777777775,50,0.005,6,11
0.08333333333333334,0.3111111111111111,0.5,50,0.001,0,1
0.08333333333333334,0.3111111111111111,0.5,50,0.0014444444444444444,1,3
0.08333333333333334,0.3111111111111111,0.5,50,0.001888888888888889,1,4
0.08333333333333334,0.3111111111111111,0.5,50,0.0023333333333333335,3,5
0.08333333333333334,0.3111111111111111,0.5,50,0.002777777777777778,3,6
0.08333333333333334,0.3111111111111111,0.5,50,0.0032222222222222222,4,8
0.08333333333333334,0.3111111111111111,0.5,50,0.003666666666666667,5,8
0.08333333333333334,0.3111111111111111,0.5,50,0.004111111111111111,5,10
0.08333333333333334,0.3111111111111111,0.5,50,0.004555555555555556,6,12
0.08333333333333334,0.3111111111111111,0.5,50,0.005,6,11
0.08333333333333334,0.33333333333333337,0.3,50,0.001,0,0
0.08333333333333334,0.33333333333333337,0.3,50,0.0014444444444444444,0,0
0.08333333333333334,0.33333333333333337,0.3,50,0.001888888888888889,0,1
0.08333333333333334,0.33333333333333337,0.3,50,0.0023333333333333335,0,3
0.08333333333333334,0.33333333333333337,0.3,50,0.002777777777777778,0,3
0.08333333333333334,0.33333333333333337,0.3,50,0.0032222222222222222,1,6
0.08333333333333334,0.33333333333333337,0.3,50,0.003666666666666667,3,7
0.08333333333333334,0.33333333333333337,0.3,50,0.004111111111111111,3,7
0.08333333333333334,0.33333333333333337,0.3,50,0.004555555555555556,3,7
0.08333333333333334,0.33333333333333337,0.3,50,0.005,5,9
0.08333333333333334,0.33333333333333337,0.3222222222222222,50,0.001,0,0
0.08333333333333334,0.33333333333333337,0.3222222222222222,50,0.0014444444444444444,0,0
0.08333333333333334,0.33333333333333337,0.3222222222222222,50,0.001888888888888889,0,2
0.08333333333333334,0.33333333333333337,0.3222222222222222,50,0.0023333333333333335,1,3
0.08333333333333334,0.33333333333333337,0.3222222222222222,50,0.002777777777777778,2,5
0.08333333333333334,0.33333333333333337,0.3222222222222222,50,0.0032222222222222222,2,5
0.08333333333333334,0.33333333333333337,0.3222222222222222,50,0.003666666666666667,3,6
0.08333333333333334,0.33333333333333337,0.3222222222222222,50,0.004111111111111111,4,7
0.08333333333333334,0.33333333333333337,0.3222222222222222,50,0.004555555555555556,4,8
0.08333333333333334,0.33333333333333337,0.3222222222222222,50,0.005,5,10
0.08333333333333334,0.33333333333333337,0.34444444444444444,50,0.001,0,0
0.08333333333333334,0.33333333333333337,0.34444444444444444,50,0.0014444444444444444,0,0
0.08333333333333334,0.33333333333333337,0.34444444444444444,50,0.001888888888888889,0,2
0.08333333333333334,0.33333333333333337,0.34444444444444444,50,0.0023333333333333335,0,4
0.08333333333333334,0.33333333333333337,0.34444444444444444,50,0.002777777777777778,1,5
0.08333333333333334,0.33333333333333337,0.34444444444444444,50,0.0032222222222222222,2,6
0.08333333333333334,0.33333333333333337,0.34444444444444444,50,0.003666666666666667,4,8
0.08333333333333334,0.33333333333333337,0.34444444444444444,50,0.004111111111111111,4,9
0.08333333333333334,0.33333333333333337,0.34444444444444444,50,0.004555555555555556,4,10
0.08333333333333334,0.33333333333333337,0.34444444444444444,50,0.005,6,10
0.08333333333333334,0.33333333333333337,0.36666666666666664,50,0.001,0,0
0.08333333333333334,0.33333333333333337,0.36666666666666664,50,0.0014444444444444444,0,2
0.08333333333333334,0.33333333333333337,0.36666666666666664,50,0.001888888888888889,0,4
0.08333333333333334,0.33333333333333337,0.36666666666666664,50,0.0023333333333333335,1,4
0.08333333333333334,0.33333333333333337,0.36666666666666664,50,0.002777777777777778,1,5
0.08333333333333334,0.33333333333333337,0.36666666666666664,50,0.0032222222222222222,4,7
0.08333333333333334,0.33333333333333337,0.36666666666666664,50,0.003666666666666667,3,8
0.08333333333333334,0.33333333333333337,0.36666666666666664,50,0.004111111111111111,4,8
0.08333333333333334,0.33333333333333337,0.36666666666666664,50,0.004555555555555556,5,11
0.08333333333333334,0.33333333333333337,0.36666666666666664,50,0.005,5,10
0.08333333333333334,0.33333333333333337,0.3888888888888889,50,0.001,0,0
0.08333333333333334,0.33333333333333337,0.3888888888888889,50,0.0014444444444444444,0,1
0.08333333333333334,0.33333333333333337,0.3888888888888889,50,0.001888888888888889,0,3
0.08333333333333334,0.33333333333333337,0.3888888888888889,50,0.0023333333333333335,1,4
0.08333333333333334,0.33333333333333337,0.3888888888888889,50,0.002777777777777778,2,6
0.08333333333333334,0.33333333333333337,0.3888888888888889,50,0.0032222222222222222,3,6
0.08333333333333334,0.33333333333333337,0.3888888888888889,50,0.003666666666666667,3,7
0.08333333333333334,0.33333333333333337,0.3888888888888889,50,0.004111111111111111,5,9
0.08333333333333334,0.33333333333333337,0.3888888888888889,50,0.004555555555555556,5,11
0.08333333333333334,0.33333333333333337,0.3888888888888889,50,0.005,6,12
0.08333333333333334,0.33333333333333337,0.4111111111111111,50,0.001,0,0
0.08333333333333334,0.33333333333333337,0.4111111111111111,50,0.0014444444444444444,0,2
0.08333333333333334,0.33333333333333337,0.4111111111111111,50,0.001888888888888889,1,3
0.08333333333333334,0.33333333333333337,0.4111111111111111,50,0.0023333333333333335,3,4
0.08333333333333334,0.33333333333333337,0.4111111111111111,50,0.002777777777777778,3,6
0.08333333333333334,0.33333333333333337,0.4111111111111111,50,0.0032222222222222222,4,7
0.08333333333333334,0.33333333333333337,0.4111111111111111,50,0.003666666666666667,4,9
0.08333333333333334,0.33333333333333337,0.4111111111111111,50,0.004111111111111111,5,10
0.08333333333333334,0.33333333333333337,0.4111111111111111,50,0.004555555555555556,5,11
0.08333333333333334,0.33333333333333337,0.4111111111111111,50,0.005,6,12
0.08333333333333334,0.33333333333333337,0.43333333333333335,50,0.001,0,0
0.08333333333333334,0.33333333333333337,0.43333333333333335,50,0.0014444444444444444,0,3
0.08333333333333334,0.33333333333333337,0.43333333333333335,50,0.001888888888888889,1,3
0.08333333333333334,0.33333333333333337,0.43333333333333335,50,0.0023333333333333335,2,5
0.08333333333333334,0.33333333333333337,0.43333333333333335,50,0.002777777777777778,3,6
0.08333333333333334,0.33333333333333337,0.43333333333333335,50,0.0032222222222222222,4,9
0.08333333333333334,0.33333333333333337,0.43333333333333335,50,0.003666666666666667,4,8
0.08333333333333334,0.33333333333333337,0.43333333333333335,50,0.004111111111111111,6,10
0.08333333333333334,0.33333333333333337,0.43333333333333335,50,0.004555555555555556,7,11
0.08333333333333334,0.33333333333333337,0.43333333333333335,50,0.005,7,12
0.08333333333333334,0.33333333333333337,0.45555555555555555,50,0.001,0,0
0.08333333333333334,0.33333333333333337,0.45555555555555555,50,0.0014444444444444444,0,1
0.08333333333333334,0.33333333333333337,0.45555555555555555,50,0.001888888888888889,0,4
0.08333333333333334,0.33333333333333337,0.45555555555555555,50,0.0023333333333333335,2,5
0.08333333333333334,0.33333333333333337,0.45555555555555555,50,0.002777777777777778,3,6
0.08333333333333334,0.33333333333333337,0.45555555555555555,50,0.0032222222222222222,4,8
0.08333333333333334,0.33333333333333337,0.45555555555555555,50,0.003666666666666667,4,9
0.08333333333333334,0.33333333333333337,0.45555555555555555,50,0.004111111111111111,6,10
0.08333333333333334,0.33333333333333337,0.45555555555555555,50,0.004555555555555556,6,11
0.08333333333333334,0.33333333333333337,0.45555555555555555,50,0.005,7,14
0.08333333333333334,0.33333333333333337,0.47777777777777775,50,0.001,0,0
0.08333333333333334,0.33333333333333337,0.47777777777777775,50,0.0014444444444444444,1,2
0.08333333333333334,0.33333333333333337,0.47777777777777775,50,0.001888888888888889,1,3
0.08333333333333334,0.33333333333333337,0.47777777777777775,50,0.0023333333333333335,3,6
0.08333333333333334,0.33333333333333337,0.47777777777777775,50,0.002777777777777778,3,6
0.08333333333333334,0.33333333333333337,0.47777777777777775,50,0.0032222222222222222,4,7
0.08333333333333334,0.33333333333333337,0.47777777777777775,50,0.003666666666666667,4,9
0.08333333333333334,0.33333333333333337,0.47777777777777775,50,0.004111111111111111,6,11
0.08333333333333334,0.33333333333333337,0.47777777777777775,50,0.004555555555555556,6,12
0.08333333333333334,0.33333333333333337,0.47777777777777775,50,0.005,7,12
0.08333333333333334,0.33333333333333337,0.5,50,0.001,0,1
0.08333333333333334,0.33333333333333337,0.5,50,0.0014444444444444444,0,3
0.08333333333333334,0.33333333333333337,0.5,50,0.001888888888888889,2,4
0.08333333333333334,0.33333333333333337,0.5,50,0.0023333333333333335,2,5
0.08333333333333334,0.33333333333333337,0.5,50,0.002777777777777778,3,6
0.08333333333333334,0.33333333333333337,0.5,50,0.0032222222222222222,5,8
0.08333333333333334,0.33333333333333337,0.5,50,0.003666666666666667,5,9
0.08333333333333334,0.33333333333333337,0.5,50,0.004111111111111111,6,10
0.08333333333333334,0.33333333333333337,0.5,50,0.004555555555555556,7,12
0.08333333333333334,0.33333333333333337,0.5,50,0.005,7,14
0.08333333333333334,0.35555555555555557,0.3,50,0.001,0,0
0.08333333333333334,0.35555555555555557,0.3,50,0.0014444444444444444,0,0
0.08333333333333334,0.35555555555555557,0.3,50,0.001888888888888889,0,1
0.08333333333333334,0.35555555555555557,0.3,50,0.0023333333333333335,0,3
0.08333333333333334,0.35555555555555557,0.3,50,0.002777777777777778,1,4
0.08333333333333334,0.35555555555555557,0.3,50,0.0032222222222222222,2,6
0.08333333333333334,0.35555555555555557,0.3,50,0.003666666666666667,2,7
0.08333333333333334,0.35555555555555557,0.3,50,0.004111111111111111,3,7
0.08333333333333334,0.35555555555555557,0.3,50,0.004555555555555556,3,8
0.08333333333333334,0.35555555555555557,0.3,50,0.005,4,10
0.08333333333333334,0.35555555555555557,0.3222222222222222,50,0.001,0,0
0.08333333333333334,0.35555555555555557,0.3222222222222222,50,0.0014444444444444444,0,0
0.08333333333333334,0.35555555555555557,0.3222222222222222,50,0.001888888888888889,0,2
0.08333333333333334,0.35555555555555557,0.3222222222222222,50,0.0023333333333333335,0,4
0.08333333333333334,0.35555555555555557,0.3222222222222222,50,0.002777777777777778,1,4
0.08333333333333334,0.35555555555555557,0.3222222222222222,50,0.0032222222222222222,2,7
0.08333333333333334,0.35555555555555557,0.3222222222222222,50,0.003666666666666667,3,6
0.08333333333333334,0.35555555555555557,0.3222222222222222,50,0.004111111111111111,4,8
0.08333333333333334,0.35555555555555557,0.3222222222222222,50,0.004555555555555556,4,8
0.08333333333333334,0.35555555555555557,0.3222222222222222,50,0.005,5,10
0.08333333333333334,0.35555555555555557,0.34444444444444444,50,0.001,0,0
0.08333333333333334,0.35555555555555557,0.34444444444444444,50,0.0014444444444444444,0,0
0.08333333333333334,0.35555555555555557,0.34444444444444444,50,0.001888888888888889,0,2
0.08333333333333334,0.35555555555555557,0.34444444444444444,50,0.0023333333333333335,1,3
0.08333333333333334,0.35555555555555557,0.34444444444444444,50,0.002777777777777778,2,5
0.08333333333333334,0.35555555555555557,0.34444444444444444,50,0.0032222222222222222,3,6
0.08333333333333334,0.35555555555555557,0.34444444444444444,50,0.003666666666666667,3,8
0.08333333333333334,0.35555555555555557,0.34444444444444444,50,0.004111111111111111,4,9
0.08333333333333334,0.35555555555555557,0.34444444444444444,50,0.004555555555555556,6,10
0.08333333333333334,0.35555555555555557,0.34444444444444444,50,0.005,6,11
0.08333333333333334,0.35555555555555557,0.36666666666666664,50,0.001,0,0
0.08333333333333334,0.35555555555555557,0.36666666666666664,50,0.0014444444444444444,0,0
0.08333333333333334,0.35555555555555557,0.36666666666666664,50,0.001888888888888889,0,3
0.08333333333333334,0.35555555555555557,0.36666666666666664,50,0.0023333333333333335,1,4
0.08333333333333334,0.35555555555555557,0.36666666666666664,50,0.002777777777777778,2,5
0.08333333333333334,0.35555555555555557,0.36666666666666664,50,0.0032222222222222222,3,7
0.08333333333333334,0.35555555555555557,0.36666666666666664,50,0.003666666666666667,4,8
0.08333333333333334,0.35555555555555557,0.36666666666666664,50,0.004111111111111111,5,10
0.08333333333333334,0.35555555555555557,0.36666666666666664,50,0.004555555555555556,5,10
0.08333333333333334,0.35555555555555557,0.36666666666666664,50,0.005,6,11
0.08333333333333334,0.35555555555555557,0.3888888888888889,50,0.001,0,0
0.08333333333333334,0.35555555555555557,0.3888888888888889,50,0.0014444444444444444,0,1
0.08333333333333334,0.35555555555555557,0.3888888888888889,50,0.001888888888888889,0,3
0.08333333333333334,0.35555555555555557,0.3888888888888889,50,0.0023333333333333335,1,5
0.08333333333333334,0.35555555555555557,0.3888888888888889,50,0.002777777777777778,3,6
0.08333333333333334,0.35555555555555557,0.3888888888888889,50,0.0032222222222222222,3,7
0.08333333333333334,0.35555555555555557,0.3888888888888889,50,0.003666666666666667,5,9
0.08333333333333334,0.35555555555555557,0.3888888888888889,50,0.004111111111111111,5,10
0.08333333333333334,0.35555555555555557,0.3888888888888889,50,0.004555555555555556,6,10
0.08333333333333334,0.35555555555555557,0.3888888888888889,50,0.005,7,13
0.08333333333333334,0.35555555555555557,0.4111111111111111,50,0.001,0,0
0.08333333333333334,0.35555555555555557,0.4111111111111111,50,0.0014444444444444444,0,2
0.08333333333333334,0.35555555555555557,0.4111111111111111,50,0.001888888888888889,1,3
0.08333333333333334,0.35555555555555557,0.4111111111111111,50,0.0023333333333333335,2,5
0.08333333333333334,0.35555555555555557,0.4111111111111111,50,0.002777777777777778,2,6
0.08333333333333334,0.35555555555555557,0.4111111111111111,50,0.0032222222222222222,3,8
0.08333333333333334,0.35555555555555557,0.4111111111111111,50,0.003666666666666667,4,9
0.08333333333333334,0.35555555555555557,0.4111111111111111,50,0.004111111111111111,5,10
0.08333333333333334,0.35555555555555557,0.4111111111111111,50,0.004555555555555556,6,11
0.08333333333333334,0.35555555555555557,0.4111111111111111,50,0.005,7,13
0.08333333333333334,0.35555555555555557,0.43333333333333335,50,0.001,0,0
0.08333333333333334,0.35555555555555557,0.43333333333333335,50,0.0014444444444444444,0,2
0.08333333333333334,0.35555555555555557,0.43333333333333335,50,0.001888888888888889,1,4
0.08333333333333334,0.35555555555555557,0.43333333333333335,50,0.0023333333333333335,2,6
0.08333333333333334,0.35555555555555557,0.43333333333333335,50,0.002777777777777778,3,7
0.08333333333333334,0.35555555555555557,0.43333333333333335,50,0.0032222222222222222,4,9
0.08333333333333334,0.35555555555555557,0.43333333333333335,50,0.003666666666666667,4,10
0.08333333333333334,0.35555555555555557,0.43333333333333335,50,0.004111111111111111,6,10
0.08333333333333334,0.35555555555555557,0.43333333333333335,50,0.004555555555555556,6,12
0.08333333333333334,0.35555555555555557,0.43333333333333335,50,0.005,7,13
0.08333333333333334,0.35555555555555557,0.45555555555555555,50,0.001,0,0
0.08333333333333334,0.35555555555555557,0.45555555555555555,50,0.0014444444444444444,0,3
0.08333333333333334,0.35555555555555557,0.45555555555555555,50,0.001888888888888889,1,4
0.08333333333333334,0.35555555555555557,0.45555555555555555,50,0.0023333333333333335,2,5
0.08333333333333334,0.35555555555555557,0.45555555555555555,50,0.002777777777777778,3,8
0.08333333333333334,0.35555555555555557,0.45555555555555555,50,0.0032222222222222222,4,8
0.08333333333333334,0.35555555555555557,0.45555555555555555,50,0.003666666666666667,5,9
0.08333333333333334,0.35555555555555557,0.45555555555555555,50,0.004111111111111111,6,11
0.08333333333333334,0.35555555555555557,0.45555555555555555,50,0.004555555555555556,6,12
0.08333333333333334,0.35555555555555557,0.45555555555555555,50,0.005,7,13
0.08333333333333334,0.35555555555555557,0.47777777777777775,50,0.001,0,1
0.08333333333333334,0.35555555555555557,0.47777777777777775,50,0.0014444444444444444,1,3
0.08333333333333334,0.35555555555555557,0.47777777777777775,50,0.001888888888888889,2,5
0.08333333333333334,0.35555555555555557,0.47777777777777775,50,0.0023333333333333335,3,6
0.08333333333333334,0.35555555555555557,0.47777777777777775,50,0.002777777777777778,4,7
0.08333333333333334,0.35555555555555557,0.47777777777777775,50,0.0032222222222222222,4,9
0.08333333333333334,0.35555555555555557,0.47777777777777775,50,0.003666666666666667,5,11
0.08333333333333334,0.35555555555555557,0.47777777777777775,50,0.004111111111111111,6,11
0.08333333333333334,0.35555555555555557,0.47777777777777775,50,0.004555555555555556,6,12
0.08333333333333334,0.35555555555555557,0.47777777777777775,50,0.005,7,13
0.08333333333333334,0.35555555555555557,0.5,50,0.001,0,1
0.08333333333333334,0.35555555555555557,0.5,50,0.0014444444444444444,0,3
0.08333333333333334,0.35555555555555557,0.5,50,0.001888888888888889,2,4
0.08333333333333334,0.35555555555555557,0.5,50,0.0023333333333333335,3,7
0.08333333333333334,0.35555555555555557,0.5,50,0.002777777777777778,3,7
0.08333333333333334,0.35555555555555557,0.5,50,0.0032222222222222222,5,9
0.08333333333333334,0.35555555555555557,0.5,50,0.003666666666666667,5,10
0.08333333333333334,0.35555555555555557,0.5,50,0.004111111111111111,6,12
0.08333333333333334,0.35555555555555557,0.5,50,0.004555555555555556,6,14
0.08333333333333334,0.35555555555555557,0.5,50,0.005,9,15
0.08333333333333334,0.37777777777777777,0.3,50,0.001,0,0
0.08333333333333334,0.37777777777777777,0.3,50,0.0014444444444444444,0,0
0.08333333333333334,0.37777777777777777,0.3,50,0.001888888888888889,0,1
0.08333333333333334,0.37777777777777777,0.3,50,0.0023333333333333335,1,2
0.08333333333333334,0.37777777777777777,0.3,50,0.002777777777777778,2,5
0.08333333333333334,0.37777777777777777,0.3,50,0.0032222222222222222,3,6
0.08333333333333334,0.37777777777777777,0.3,50,0.003666666666666667,3,7
0.08333333333333334,0.37777777777777777,0.3,50,0.004111111111111111,4,8
0.08333333333333334,0.37777777777777777,0.3,50,0.004555555555555556,4,9
0.08333333333333334,0.37777777777777777,0.3,50,0.005,5,11
0.08333333333333334,0.37777777777777777,0.3222222222222222,50,0.001,0,0
0.08333333333333334,0.37777777777777777,0.3222222222222222,50,0.0014444444444444444,0,0
0.08333333333333334,0.37777777777777777,0.3222222222222222,50,0.001888888888888889,0,2
0.08333333333333334,0.37777777777777777,0.3222222222222222,50,0.0023333333333333335,2,3
0.08333333333333334,0.37777777777777777,0.3222222222222222,50,0.002777777777777778,1,5
0.08333333333333334,0.37777777777777777,0.3222222222222222,50,0.0032222222222222222,2,6
0.08333333333333334,0.37777777777777777,0.3222222222222222,50,0.003666666666666667,3,8
0.08333333333333334,0.37777777777777777,0.3222222222222222,50,0.004111111111111111,4,9
0.08333333333333334,0.37777777777777777,0.3222222222222222,50,0.004555555555555556,5,9
0.08333333333333334,0.37777777777777777,0.3222222222222222,50,0.005,6,12
0.08333333333333334,0.37777777777777777,0.34444444444444444,50,0.001,0,0
0.08333333333333334,0.37777777777777777,0.34444444444444444,50,0.0014444444444444444,0,0
0.08333333333333334,0.37777777777777777,0.34444444444444444,50,0.001888888888888889,0,3
0.08333333333333334,0.37777777777777777,0.34444444444444444,50,0.0023333333333333335,1,4
0.08333333333333334,0.37777777777777777,0.34444444444444444,50,0.002777777777777778,2,6
0.08333333333333334,0.37777777777777777,0.34444444444444444,50,0.0032222222222222222,3,7
0.08333333333333334,0.37777777777777777,0.34444444444444444,50,0.003666666666666667,4,8
0.08333333333333334,0.37777777777777777,0.34444444444444444,50,0.004111111111111111,4,9
0.08333333333333334,0.37777777777777777,0.34444444444444444,50,0.004555555555555556,4,10
0.08333333333333334,0.37777777777777777,0.34444444444444444,50,0.005,6,11
0.08333333333333334,0.37777777777777777,0.36666666666666664,50,0.001,0,0
0.08333333333333334,0.37777777777777777,0.36666666666666664,50,0.0014444444444444444,0,1
0.08333333333333334,0.37777777777777777,0.36666666666666664,50,0.001888888888888889,0,3
0.08333333333333334,0.37777777777777777,0.36666666666666664,50,0.0023333333333333335,1,4
0.08333333333333334,0.37777777777777777,0.36666666666666664,50,0.002777777777777778,1,6
0.08333333333333334,0.37777777777777777,0.36666666666666664,50,0.0032222222222222222,3,8
0.08333333333333334,0.37777777777777777,0.36666666666666664,50,0.003666666666666667,5,9
0.08333333333333334,0.37777777777777777,0.36666666666666664,50,0.004111111111111111,5,10
0.08333333333333334,0.37777777777777777,0.36666666666666664,50,0.004555555555555556,6,11
0.08333333333333334,0.37777777777777777,0.36666666666666664,50,0.005,6,13
0.08333333333333334,0.37777777777777777,0.3888888888888889,50,0.001,0,0
0.08333333333333334,0.37777777777777777,0.3888888888888889,50,0.0014444444444444444,0,1
0.08333333333333334,0.37777777777777777,0.3888888888888889,50,0.001888888888888889,1,3
0.08333333333333334,0.37777777777777777,0.3888888888888889,50,0.0023333333333333335,1,4
0.08333333333333334,0.37777777777777777,0.3888888888888889,50,0.002777777777777778,3,6
0.08333333333333334,0.37777777777777777,0.3888888888888889,50,0.0032222222222222222,3,8
0.08333333333333334,0.37777777777777777,0.3888888888888889,50,0.003666666666666667,5,10
0.08333333333333334,0.37777777777777777,0.3888888888888889,50,0.004111111111111111,5,11
0.08333333333333334,0.37777777777777777,0.3888888888888889,50,0.004555555555555556,6,12
0.08333333333333334,0.37777777777777777,0.3888888888888889,50,0.005,7,13
0.08333333333333334,0.37777777777777777,0.4111111111111111,50,0.001,0,0
0.08333333333333334,0.37777777777777777,0.4111111111111111,50,0.0014444444444444444,0,2
0.08333333333333334,0.37777777777777777,0.4111111111111111,50,0.001888888888888889,2,4
0.08333333333333334,0.37777777777777777,0.4111111111111111,50,0.0023333333333333335,1,5
0.08333333333333334,0.37777777777777777,0.4111111111111111,50,0.002777777777777778,3,7
0.08333333333333334,0.37777777777777777,0.4111111111111111,50,0.0032222222222222222,4,9
0.08333333333333334,0.37777777777777777,0.4111111111111111,50,0.003666666666666667,5,11
0.08333333333333334,0.37777777777777777,0.4111111111111111,50,0.004111111111111111,6,11
0.08333333333333334,0.37777777777777777,0.4111111111111111,50,0.004555555555555556,6,12
0.08333333333333334,0.37777777777777777,0.4111111111111111,50,0.005,7,15
0.08333333333333334,0.37777777777777777,0.43333333333333335,50,0.001,0,1
0.08333333333333334,0.37777777777777777,0.43333333333333335,50,0.0014444444444444444,0,3
0.08333333333333334,0.37777777777777777,0.43333333333333335,50,0.001888888888888889,1,4
0.08333333333333334,0.37777777777777777,0.43333333333333335,50,0.0023333333333333335,3,5
0.08333333333333334,0.37777777777777777,0.43333333333333335,50,0.002777777777777778,3,7
0.08333333333333334,0.37777777777777777,0.43333333333333335,50,0.0032222222222222222,5,9
0.08333333333333334,0.37777777777777777,0.43333333333333335,50,0.003666666666666667,5,10
0.08333333333333334,0.37777777777777777,0.43333333333333335,50,0.004111111111111111,6,11
0.08333333333333334,0.37777777777777777,0.43333333333333335,50,0.004555555555555556,6,12
0.08333333333333334,0.37777777777777777,0.43333333333333335,50,0.005,7,14
0.08333333333333334,0.37777777777777777,0.45555555555555555,50,0.001,0,1
0.08333333333333334,0.37777777777777777,0.45555555555555555,50,0.0014444444444444444,0,3
0.08333333333333334,0.37777777777777777,0.45555555555555555,50,0.001888888888888889,1,5
0.08333333333333334,0.37777777777777777,0.45555555555555555,50,0.0023333333333333335,3,6
0.08333333333333334,0.37777777777777777,0.45555555555555555,50,0.002777777777777778,4,7
0.08333333333333334,0.37777777777777777,0.45555555555555555,50,0.0032222222222222222,4,9
0.08333333333333334,0.37777777777777777,0.45555555555555555,50,0.003666666666666667,6,10
0.08333333333333334,0.37777777777777777,0.45555555555555555,50,0.004111111111111111,7,11
0.08333333333333334,0.37777777777777777,0.45555555555555555,50,0.004555555555555556,7,13
0.08333333333333334,0.37777777777777777,0.45555555555555555,50,0.005,8,14
0.08333333333333334,0.37777777777777777,0.47777777777777775,50,0.001,0,1
0.08333333333333334,0.37777777777777777,0.47777777777777775,50,0.0014444444444444444,1,3
0.08333333333333334,0.37777777777777777,0.47777777777777775,50,0.001888888888888889,2,5
0.08333333333333334,0.37777777777777777,0.47777777777777775,50,0.0023333333333333335,3,5
0.08333333333333334,0.37777777777777777,0.47777777777777775,50,0.002777777777777778,4,8
0.08333333333333334,0.37777777777777777,0.47777777777777775,50,0.0032222222222222222,5,9
0.08333333333333334,0.37777777777777777,0.47777777777777775,50,0.003666666666666667,6,11
0.08333333333333334,0.37777777777777777,0.47777777777777775,50,0.004111111111111111,7,12
0.08333333333333334,0.37777777777777777,0.47777777777777775,50,0.004555555555555556,7,13
0.08333333333333334,0.37777777777777777,0.47777777777777775,50,0.005,8,16
0.08333333333333334,0.37777777777777777,0.5,50,0.001,0,0
0.08333333333333334,0.37777777777777777,0.5,50,0.0014444444444444444,1,3
0.08333333333333334,0.37777777777777777,0.5,50,0.001888888888888889,2,5
0.08333333333333334,0.37777777777777777,0.5,50,0.0023333333333333335,3,6
0.08333333333333334,0.37777777777777777,0.5,50,0.002777777777777778,3,8
0.08333333333333334,0.37777777777777777,0.5,50,0.0032222222222222222,6,10
0.08333333333333334,0.37777777777777777,0.5,50,0.003666666666666667,5,11
0.08333333333333334,0.37777777777777777,0.5,50,0.004111111111111111,7,12
0.08333333333333334,0.37777777777777777,0.5,50,0.004555555555555556,7,13
0.08333333333333334,0.37777777777777777,0.5,50,0.005,9,14
0.08333333333333334,0.4,0.3,50,0.001,0,0
0.08333333333333334,0.4,0.3,50,0.0014444444444444444,0,0
0.08333333333333334,0.4,0.3,50,0.001888888888888889,0,1
0.08333333333333334,0.4,0.3,50,0.0023333333333333335,0,3
0.08333333333333334,0.4,0.3,50,0.002777777777777778,0,5
0.08333333333333334,0.4,0.3,50,0.0032222222222222222,3,7
0.08333333333333334,0.4,0.3,50,0.003666666666666667,4,7
0.08333333333333334,0.4,0.3,50,0.004111111111111111,4,9
0.08333333333333334,0.4,0.3,50,0.004555555555555556,4,9
0.08333333333333334,0.4,0.3,50,0.005,5,11
0.08333333333333334,0.4,0.3222222222222222,50,0.001,0,0
0.08333333333333334,0.4,0.3222222222222222,50,0.0014444444444444444,0,0
0.08333333333333334,0.4,0.3222222222222222,50,0.001888888888888889,0,3
0.08333333333333334,0.4,0.3222222222222222,50,0.0023333333333333335,2,5
0.08333333333333334,0.4,0.3222222222222222,50,0.002777777777777778,1,5
0.08333333333333334,0.4,0.3222222222222222,50,0.0032222222222222222,2,7
0.08333333333333334,0.4,0.3222222222222222,50,0.003666666666666667,3,7
0.08333333333333334,0.4,0.3222222222222222,50,0.004111111111111111,5,9
0.08333333333333334,0.4,0.3222222222222222,50,0.004555555555555556,5,11
0.08333333333333334,0.4,0.3222222222222222,50,0.005,5,11
0.08333333333333334,0.4,0.34444444444444444,50,0.001,0,0
0.08333333333333334,0.4,0.34444444444444444,50,0.0014444444444444444,0,0
0.08333333333333334,0.4,0.34444444444444444,50,0.001888888888888889,0,3
0.08333333333333334,0.4,0.34444444444444444,50,0.0023333333333333335,1,4
0.08333333333333334,0.4,0.34444444444444444,50,0.002777777777777778,2,6
0.08333333333333334,0.4,0.34444444444444444,50,0.0032222222222222222,3,8
0.08333333333333334,0.4,0.34444444444444444,50,0.003666666666666667,4,9
0.08333333333333334,0.4,0.34444444444444444,50,0.004111111111111111,5,10
0.08333333333333334,0.4,0.34444444444444444,50,0.004555555555555556,6,11
0.08333333333333334,0.4,0.34444444444444444,50,0.005,6,13
0.08333333333333334,0.4,0.36666666666666664,50,0.001,0,0
0.08333333333333334,0.4,0.36666666666666664,50,0.0014444444444444444,0,0
0.08333333333333334,0.4,0.36666666666666664,50,0.001888888888888889,1,3
0.08333333333333334,0.4,0.36666666666666664,50,0.0023333333333333335,1,5
0.08333333333333334,0.4,0.36666666666666664,50,0.002777777777777778,2,6
0.08333333333333334,0.4,0.36666666666666664,50,0.0032222222222222222,4,7
0.08333333333333334,0.4,0.36666666666666664,50,0.003666666666666667,3,9
0.08333333333333334,0.4,0.36666666666666664,50,0.004111111111111111,5,11
0.08333333333333334,0.4,0.36666666666666664,50,0.004555555555555556,6,12
0.08333333333333334,0.4,0.36666666666666664,50,0.005,7,13
0.08333333333333334,0.4,0.3888888888888889,50,0.001,0,0
0.08333333333333334,0.4,0.3888888888888889,50,0.0014444444444444444,0,1
0.08333333333333334,0.4,0.3888888888888889,50,0.001888888888888889,0,3
0.08333333333333334,0.4,0.3888888888888889,50,0.0023333333333333335,3,6
0.08333333333333334,0.4,0.3888888888888889,50,0.002777777777777778,3,7
0.08333333333333334,0.4,0.3888888888888889,50,0.0032222222222222222,4,8
0.08333333333333334,0.4,0.3888888888888889,50,0.003666666666666667,5,10
0.08333333333333334,0.4,0.3888888888888889,50,0.004111111111111111,6,11
0.08333333333333334,0.4,0.3888888888888889,50,0.004555555555555556,5,12
0.08333333333333334,0.4,0.3888888888888889,50,0.005,6,13
0.08333333333333334,0.4,0.4111111111111111,50,0.001,0,0
0.08333333333333334,0.4,0.4111111111111111,50,0.0014444444444444444,0,2
0.08333333333333334,0.4,0.4111111111111111,50,0.001888888888888889,1,5
0.08333333333333334,0.4,0.4111111111111111,50,0.0023333333333333335,3,5
0.08333333333333334,0.4,0.4111111111111111,50,0.002777777777777778,3,7
0.08333333333333334,0.4,0.4111111111111111,50,0.0032222222222222222,4,9
0.08333333333333334,0.4,0.4111111111111111,50,0.003666666666666667,6,11
0.08333333333333334,0.4,0.4111111111111111,50,0.004111111111111111,7,11
0.08333333333333334,0.4,0.4111111111111111,50,0.004555555555555556,7,12
0.08333333333333334,0.4,0.4111111111111111,50,0.005,8,16
0.08333333333333334,0.4,0.43333333333333335,50,0.001,0,0
0.08333333333333334,0.4,0.43333333333333335,50,0.0014444444444444444,0,4
0.08333333333333334,0.4,0.43333333333333335,50,0.001888888888888889,1,4
0.08333333333333334,0.4,0.43333333333333335,50,0.0023333333333333335,2,6
0.08333333333333334,0.4,0.43333333333333335,50,0.002777777777777778,3,8
0.08333333333333334,0.4,0.43333333333333335,50,0.0032222222222222222,4,9
0.08333333333333334,0.4,0.43333333333333335,50,0.003666666666666667,5,10
0.08333333333333334,0.4,0.43333333333333335,50,0.004111111111111111,6,12
0.08333333333333334,0.4,0.43333333333333335,50,0.004555555555555556,7,13
0.08333333333333334,0.4,0.43333333333333335,50,0.005,7,15
0.08333333333333334,0.4,0.45555555555555555,50,0.001,0,0
0.08333333333333334,0.4,0.45555555555555555,50,0.0014444444444444444,0,3
0.08333333333333334,0.4,0.45555555555555555,50,0.001888888888888889,0,5
0.08333333333333334,0.4,0.45555555555555555,50,0.0023333333333333335,2,6
0.08333333333333334,0.4,0.45555555555555555,50,0.002777777777777778,4,8
0.08333333333333334,0.4,0.45555555555555555,50,0.0032222222222222222,4,9
0.08333333333333334,0.4,0.45555555555555555,50,0.003666666666666667,6,11
0.08333333333333334,0.4,0.45555555555555555,50,0.004111111111111111,7,13
0.08333333333333334,0.4,0.45555555555555555,50,0.004555555555555556,7,13
0.08333333333333334,0.4,0.45555555555555555,50,0.005,8,16
0.08333333333333334,0.4,0.47777777777777775,50,0.001,0,0
0.08333333333333334,0.4,0.47777777777777775,50,0.0014444444444444444,0,3
0.08333333333333334,0.4,0.47777777777777775,50,0.001888888888888889,2,5
0.08333333333333334,0.4,0.47777777777777775,50,0.0023333333333333335,3,7
0.08333333333333334,0.4,0.47777777777777775,50,0.002777777777777778,4,9
0.08333333333333334,0.4,0.47777777777777775,50,0.0032222222222222222,5,10
0.08333333333333334,0.4,0.47777777777777775,50,0.003666666666666667,6,11
0.08333333333333334,0.4,0.47777777777777775,50,0.004111111111111111,6,12
0.08333333333333334,0.4,0.47777777777777775,50,0.004555555555555556,8,15
0.08333333333333334,0.4,0.47777777777777775,50,0.005,8,15
0.08333333333333334,0.4,0.5,50,0.001,0,0
0.08333333333333334,0.4,0.5,50,0.0014444444444444444,0,3
0.08333333333333334,0.4,0.5,50,0.001888888888888889,2,5
0.08333333333333334,0.4,0.5,50,0.0023333333333333335,3,6
0.08333333333333334,0.4,0.5,50,0.002777777777777778,3,9
0.08333333333333334,0.4,0.5,50,0.0032222222222222222,5,9
0.08333333333333334,0.4,0.5,50,0.003666666666666667,6,12
0.08333333333333334,0.4,0.5,50,0.004111111111111111,6,12
0.08333333333333334,0.4,0.5,50,0.004555555555555556,7,14
0.08333333333333334,0.4,0.5,50,0.005,9,16
0.1,0.2,0.3,50,0.001,0,0
0.1,0.2,0.3,50,0.0014444444444444444,0,0
0.1,0.2,0.3,50,0.001888888888888889,0,0
0.1,0.2,0.3,50,0.0023333333333333335,1,2
0.1,0.2,0.3,50,0.002777777777777778,1,3
0.1,0.2,0.3,50,0.0032222222222222222,1,3
0.1,0.2,0.3,50,0.003666666666666667,2,3
0.1,0.2,0.3,50,0.004111111111111111,2,4
0.1,0.2,0.3,50,0.004555555555555556,2,5
0.1,0.2,0.3,50,0.005,3,5
0.1,0.2,0.3222222222222222,50,0.001,0,0
0.1,0.2,0.3222222222222222,50,0.0014444444444444444,0,0
0.1,0.2,0.3222222222222222,50,0.001888888888888889,0,1
0.1,0.2,0.3222222222222222,50,0.0023333333333333335,1,2
0.1,0.2,0.3222222222222222,50,0.002777777777777778,1,2
0.1,0.2,0.3222222222222222,50,0.0032222222222222222,1,3
0.1,0.2,0.3222222222222222,50,0.003666666666666667,2,5
0.1,0.2,0.3222222222222222,50,0.004111111111111111,3,5
0.1,0.2,0.3222222222222222,50,0.004555555555555556,3,5
0.1,0.2,0.3222222222222222,50,0.005,3,6
0.1,0.2,0.34444444444444444,50,0.001,0,0
0.1,0.2,0.34444444444444444,50,0.0014444444444444444,0,0
0.1,0.2,0.34444444444444444,50,0.001888888888888889,0,1
0.1,0.2,0.34444444444444444,50,0.0023333333333333335,1,3
0.1,0.2,0.34444444444444444,50,0.002777777777777778,1,3
0.1,0.2,0.34444444444444444,50,0.0032222222222222222,2,4
0.1,0.2,0.34444444444444444,50,0.003666666666666667,2,4
0.1,0.2,0.34444444444444444,50,0.004111111111111111,3,5
0.1,0.2,0.34444444444444444,50,0.004555555555555556,3,5
0.1,0.2,0.34444444444444444,50,0.005,3,6
0.1,0.2,0.36666666666666664,50,0.001,0,0
0.1,0.2,0.36666666666666664,50,0.0014444444444444444,0,1
0.1,0.2,0.36666666666666664,50,0.001888888888888889,0,1
0.1,0.2,0.36666666666666664,50,0.0023333333333333335,1,3
0.1,0.2,0.36666666666666664,50,0.002777777777777778,1,3
0.1,0.2,0.36666666666666664,50,0.0032222222222222222,2,3
0.1,0.2,0.36666666666666664,50,0.003666666666666667,3,4
0.1,0.2,0.36666666666666664,50,0.004111111111111111,3,5
0.1,0.2,0.36666666666666664,50,0.004555555555555556,3,6
0.1,0.2,0.36666666666666664,50,0.005,3,6
0.1,0.2,0.3888888888888889,50,0.001,0,0
0.1,0.2,0.3888888888888889,50,0.0014444444444444444,1,1
0.1,0.2,0.3888888888888889,50,0.001888888888888889,1,2
0.1,0.2,0.3888888888888889,50,0.0023333333333333335,1,3
0.1,0.2,0.3888888888888889,50,0.002777777777777778,2,3
0.1,0.2,0.3888888888888889,50,0.0032222222222222222,2,5
0.1,0.2,0.3888888888888889,50,0.003666666666666667,3,5
0.1,0.2,0.3888888888888889,50,0.004111111111111111,3,6
0.1,0.2,0.3888888888888889,50,0.004555555555555556,3,6
0.1,0.2,0.3888888888888889,50,0.005,3,7
0.1,0.2,0.4111111111111111,50,0.001,0,0
0.1,0.2,0.4111111111111111,50,0.0014444444444444444,0,1
0.1,0.2,0.4111111111111111,50,0.001888888888888889,1,3
0.1,0.2,0.4111111111111111,50,0.0023333333333333335,1,3
0.1,0.2,0.4111111111111111,50,0.002777777777777778,2,3
0.1,0.2,0.4111111111111111,50,0.0032222222222222222,2,5
0.1,0.2,0.4111111111111111,50,0.003666666666666667,3,5
0.1,0.2,0.4111111111111111,50,0.004111111111111111,3,6
0.1,0.2,0.4111111111111111,50,0.004555555555555556,4,6
0.1,0.2,0.4111111111111111,50,0.005,4,7
0.1,0.2,0.43333333333333335,50,0.001,0,0
0.1,0.2,0.43333333333333335,50,0.0014444444444444444,0,1
0.1,0.2,0.43333333333333335,50,0.001888888888888889,1,2
0.1,0.2,0.43333333333333335,50,0.0023333333333333335,1,3
0.1,0.2,0.43333333333333335,50,0.002777777777777778,2,3
0.1,0.2,0.43333333333333335,50,0.0032222222222222222,3,5
0.1,0.2,0.43333333333333335,50,0.003666666666666667,3,5
0.1,0.2,0.43333333333333335,50,0.004111111111111111,3,6
0.1,0.2,0.43333333333333335,50,0.004555555555555556,4,7
0.1,0.2,0.43333333333333335,50,0.005,3,8
0.1,0.2,0.45555555555555555,50,0.001,0,1
0.1,0.2,0.45555555555555555,50,0.0014444444444444444,1,1
0.1,0.2,0.45555555555555555,50,0.001888888888888889,1,2
0.1,0.2,0.45555555555555555,50,0.0023333333333333335,1,3
0.1,0.2,0.45555555555555555,50,0.002777777777777778,3,3
0.1,0.2,0.45555555555555555,50,0.0032222222222222222,3,4
0.1,0.2,0.45555555555555555,50,0.003666666666666667,3,5
0.1,0.2,0.45555555555555555,50,0.004111111111111111,3,7
0.1,0.2,0.45555555555555555,50,0.004555555555555556,3,6
0.1,0.2,0.45555555555555555,50,0.005,4,8
0.1,0.2,0.47777777777777775,50,0.001,0,1
0.1,0.2,0.47777777777777775,50,0.0014444444444444444,1,2
0.1,0.2,0.47777777777777775,50,0.001888888888888889,1,3
0.1,0.2,0.47777777777777775,50,0.0023333333333333335,1,3
0.1,0.2,0.47777777777777775,50,0.002777777777777778,2,4
0.1,0.2,0.47777777777777775,50,0.0032222222222222222,3,4
0.1,0.2,0.47777777777777775,50,0.003666666666666667,4,5
0.1,0.2,0.47777777777777775,50,0.004111111111111111,3,7
0.1,0.2,0.47777777777777775,50,0.004555555555555556,3,7
0.1,0.2,0.47777777777777775,50,0.005,4,8
0.1,0.2,0.5,50,0.001,0,1
0.1,0.2,0.5,50,0.0014444444444444444,1,1
0.1,0.2,0.5,50,0.001888888888888889,1,3
0.1,0.2,0.5,50,0.0023333333333333335,1,3
0.1,0.2,0.5,50,0.002777777777777778,2,4
0.1,0.2,0.5,50,0.0032222222222222222,3,5
0.1,0.2,0.5,50,0.003666666666666667,3,5
0.1,0.2,0.5,50,0.004111111111111111,3,6
0.1,0.2,0.5,50,0.004555555555555556,4,7
0.1,0.2,0.5,50,0.005,5,8
0.1,0.22222222222222224,0.3,50,0.001,0,0
0.1,0.22222222222222224,0.3,50,0.0014444444444444444,0,0
0.1,0.22222222222222224,0.3,50,0.001888888888888889,0,1
0.1,0.22222222222222224,0.3,50,0.0023333333333333335,0,2
0.1,0.22222222222222224,0.3,50,0.002777777777777778,1,3
0.1,0.22222222222222224,0.3,50,0.0032222222222222222,1,3
0.1,0.22222222222222224,0.3,50,0.003666666666666667,1,4
0.1,0.22222222222222224,0.3,50,0.004111111111111111,3,5
0.1,0.22222222222222224,0.3,50,0.004555555555555556,3,5
0.1,0.22222222222222224,0.3,50,0.005,4,7
0.1,0.22222222222222224,0.3222222222222222,50,0.001,0,0
0.1,0.22222222222222224,0.3222222222222222,50,0.0014444444444444444,0,1
0.1,0.22222222222222224,0.3222222222222222,50,0.001888888888888889,0,1
0.1,0.22222222222222224,0.3222222222222222,50,0.0023333333333333335,1,3
0.1,0.22222222222222224,0.3222222222222222,50,0.002777777777777778,1,3
0.1,0.22222222222222224,0.3222222222222222,50,0.0032222222222222222,2,4
0.1,0.22222222222222224,0.3222222222222222,50,0.003666666666666667,2,5
0.1,0.22222222222222224,0.3222222222222222,50,0.004111111111111111,3,5
0.1,0.22222222222222224,0.3222222222222222,50,0.004555555555555556,2,6
0.1,0.22222222222222224,0.3222222222222222,50,0.005,2,5
0.1,0.22222222222222224,0.34444444444444444,50,0.001,0,0
0.1,0.22222222222222224,0.34444444444444444,50,0.0014444444444444444,0,1
0.1,0.22222222222222224,0.34444444444444444,50,0.001888888888888889,0,1
0.1,0.22222222222222224,0.34444444444444444,50,0.0023333333333333335,1,3
0.1,0.22222222222222224,0.34444444444444444,50,0.002777777777777778,2,3
0.1,0.22222222222222224,0.34444444444444444,50,0.0032222222222222222,2,4
0.1,0.22222222222222224,0.34444444444444444,50,0.003666666666666667,2,4
0.1,0.22222222222222224,0.34444444444444444,50,0.004111111111111111,3,5
0.1,0.22222222222222224,0.34444444444444444,50,0.004555555555555556,3,6
0.1,0.22222222222222224,0.34444444444444444,50,0.005,4,6
0.1,0.22222222222222224,0.36666666666666664,50,0.001,0,0
0.1,0.22222222222222224,0.36666666666666664,50,0.0014444444444444444,0,1
0.1,0.22222222222222224,0.36666666666666664,50,0.001888888888888889,0,2
0.1,0.22222222222222224,0.36666666666666664,50,0.0023333333333333335,1,4
0.1,0.22222222222222224,0.36666666666666664,50,0.002777777777777778,2,3
0.1,0.22222222222222224,0.36666666666666664,50,0.0032222222222222222,2,4
0.1,0.22222222222222224,0.36666666666666664,50,0.003666666666666667,3,5
0.1,0.22222222222222224,0.36666666666666664,50,0.004111111111111111,3,6
0.1,0.22222222222222224,0.36666666666666664,50,0.004555555555555556,3,5
0.1,0.22222222222222224,0.36666666666666664,50,0.005,4,8
0.1,0.22222222222222224,0.3888888888888889,50,0.001,0,0
0.1,0.22222222222222224,0.3888888888888889,50,0.0014444444444444444,0,1
0.1,0.22222222222222224,0.3888888888888889,50,0.001888888888888889,1,3
0.1,0.22222222222222224,0.3888888888888889,50,0.0023333333333333335,1,3
0.1,0.22222222222222224,0.3888888888888889,50,0.002777777777777778,2,5
0.1,0.22222222222222224,0.3888888888888889,50,0.0032222222222222222,2,5
0.1,0.22222222222222224,0.3888888888888889,50,0.003666666666666667,3,5
0.1,0.22222222222222224,0.3888888888888889,50,0.004111111111111111,4,6
0.1,0.22222222222222224,0.3888888888888889,50,0.004555555555555556,5,6
0.1,0.22222222222222224,0.3888888888888889,50,0.005,4,7
0.1,0.22222222222222224,0.4111111111111111,50,0.001,0,0
0.1,0.22222222222222224,0.4111111111111111,50,0.0014444444444444444,0,1
0.1,0.22222222222222224,0.4111111111111111,50,0.001888888888888889,1,2
0.1,0.22222222222222224,0.4111111111111111,50,0.0023333333333333335,1,3
0.1,0.22222222222222224,0.4111111111111111,50,0.002777777777777778,2,4
0.1,0.22222222222222224,0.4111111111111111,50,0.0032222222222222222,3,5
0.1,0.22222222222222224,0.4111111111111111,50,0.003666666666666667,3,5
0.1,0.22222222222222224,0.4111111111111111,50,0.004111111111111111,3,6
0.1,0.22222222222222224,0.4111111111111111,50,0.004555555555555556,3,7
0.1,0.22222222222222224,0.4111111111111111,50,0.005,4,7
0.1,0.22222222222222224,0.43333333333333335,50,0.001,0,0
0.1,0.22222222222222224,0.43333333333333335,50,0.0014444444444444444,1,2
0.1,0.22222222222222224,0.43333333333333335,50,0.001888888888888889,1,2
0.1,0.22222222222222224,0.43333333333333335,50,0.0023333333333333335,1,3
0.1,0.22222222222222224,0.43333333333333335,50,0.002777777777777778,2,5
0.1,0.22222222222222224,0.43333333333333335,50,0.0032222222222222222,2,6
0.1,0.22222222222222224,0.43333333333333335,50,0.003666666666666667,3,6
0.1,0.22222222222222224,0.43333333333333335,50,0.004111111111111111,4,6
0.1,0.22222222222222224,0.43333333333333335,50,0.004555555555555556,4,7
0.1,0.22222222222222224,0.43333333333333335,50,0.005,5,7
0.1,0.22222222222222224,0.45555555555555555,50,0.001,0,1
0.1,0.22222222222222224,0.45555555555555555,50,0.0014444444444444444,1,2
0.1,0.22222222222222224,0.45555555555555555,50,0.001888888888888889,1,3
0.1,0.22222222222222224,0.45555555555555555,50,0.0023333333333333335,1,3
0.1,0.22222222222222224,0.45555555555555555,50,0.002777777777777778,3,5
0.1,0.22222222222222224,0.45555555555555555,50,0.0032222222222222222,3,5
0.1,0.22222222222222224,0.45555555555555555,50,0.003666666666666667,4,6
0.1,0.22222222222222224,0.45555555555555555,50,0.004111111111111111,3,8
0.1,0.22222222222222224,0.45555555555555555,50,0.004555555555555556,5,8
0.1,0.22222222222222224,0.45555555555555555,50,0.005,5,9
0.1,0.22222222222222224,0.47777777777777775,50,0.001,0,1
0.1,0.22222222222222224,0.47777777777777775,50,0.0014444444444444444,1,2
0.1,0.22222222222222224,0.47777777777777775,50,0.001888888888888889,1,3
0.1,0.22222222222222224,0.47777777777777775,50,0.0023333333333333335,3,4
0.1,0.22222222222222224,0.47777777777777775,50,0.002777777777777778,3,5
0.1,0.22222222222222224,0.47777777777777775,50,0.0032222222222222222,3,5
0.1,0.22222222222222224,0.47777777777777775,50,0.003666666666666667,4,6
0.1,0.22222222222222224,0.47777777777777775,50,0.004111111111111111,4,7
0.1,0.22222222222222224,0.47777777777777775,50,0.004555555555555556,5,8
0.1,0.22222222222222224,0.47777777777777775,50,0.005,5,10
0.1,0.22222222222222224,0.5,50,0.001,0,1
0.1,0.22222222222222224,0.5,50,0.0014444444444444444,1,2
0.1,0.22222222222222224,0.5,50,0.001888888888888889,1,3
0.1,0.22222222222222224,0.5,50,0.0023333333333333335,2,4
0.1,0.22222222222222224,0.5,50,0.002777777777777778,3,4
0.1,0.22222222222222224,0.5,50,0.0032222222222222222,3,5
0.1,0.22222222222222224,0.5,50,0.003666666666666667,4,6
0.1,0.22222222222222224,0.5,50,0.004111111111111111,4,7
0.1,0.22222222222222224,0.5,50,0.004555555555555556,5,7
0.1,0.22222222222222224,0.5,50,0.005,5,9
0.1,0.24444444444444446,0.3,50,0.001,0,0
0.1,0.24444444444444446,0.3,50,0.0014444444444444444,0,0
0.1,0.24444444444444446,0.3,50,0.001888888888888889,0,1
0.1,0.24444444444444446,0.3,50,0.0023333333333333335,1,2
0.1,0.24444444444444446,0.3,50,0.002777777777777778,1,3
0.1,0.24444444444444446,0.3,50,0.0032222222222222222,2,4
0.1,0.24444444444444446,0.3,50,0.003666666666666667,2,5
0.1,0.24444444444444446,0.3,50,0.004111111111111111,2,5
0.1,0.24444444444444446,0.3,50,0.004555555555555556,3,5
0.1,0.24444444444444446,0.3,50,0.005,3,6
0.1,0.24444444444444446,0.3222222222222222,50,0.001,0,0
0.1,0.24444444444444446,0.3222222222222222,50,0.0014444444444444444,0,0
0.1,0.24444444444444446,0.3222222222222222,50,0.001888888888888889,0,2
0.1,0.24444444444444446,0.3222222222222222,50,0.0023333333333333335,0,3
0.1,0.24444444444444446,0.3222222222222222,50,0.002777777777777778,1,3
0.1,0.24444444444444446,0.3222222222222222,50,0.0032222222222222222,2,4
0.1,0.24444444444444446,0.3222222222222222,50,0.003666666666666667,3,5
0.1,0.24444444444444446,0.3222222222222222,50,0.004111111111111111,2,6
0.1,0.24444444444444446,0.3222222222222222,50,0.004555555555555556,3,7
0.1,0.24444444444444446,0.3222222222222222,50,0.005,4,7
0.1,0.24444444444444446,0.34444444444444444,50,0.001,0,0
0.1,0.24444444444444446,0.34444444444444444,50,0.0014444444444444444,0,0
0.1,0.24444444444444446,0.34444444444444444,50,0.001888888888888889,0,2
0.1,0.24444444444444446,0.34444444444444444,50,0.0023333333333333335,1,3
0.1,0.24444444444444446,0.34444444444444444,50,0.002777777777777778,2,4
0.1,0.24444444444444446,0.34444444444444444,50,0.0032222222222222222,3,5
0.1,0.24444444444444446,0.34444444444444444,50,0.003666666666666667,3,5
0.1,0.24444444444444446,0.34444444444444444,50,0.004111111111111111,3,6
0.1,0.24444444444444446,0.34444444444444444,50,0.004555555555555556,3,6
0.1,0.24444444444444446,0.34444444444444444,50,0.005,4,8
0.1,0.24444444444444446,0.36666666666666664,50,0.001,0,0
0.1,0.24444444444444446,0.36666666666666664,50,0.0014444444444444444,0,1
0.1,0.24444444444444446,0.36666666666666664,50,0.001888888888888889,0,2
0.1,0.24444444444444446,0.36666666666666664,50,0.0023333333333333335,1,3
0.1,0.24444444444444446,0.36666666666666664,50,0.002777777777777778,2,4
0.1,0.24444444444444446,0.36666666666666664,50,0.0032222222222222222,2,5
0.1,0.24444444444444446,0.36666666666666664,50,0.003666666666666667,3,6
0.1,0.24444444444444446,0.36666666666666664,50,0.004111111111111111,3,7
0.1,0.24444444444444446,0.36666666666666664,50,0.004555555555555556,4,7
0.1,0.24444444444444446,0.36666666666666664,50,0.005,4,8
0.1,0.24444444444444446,0.3888888888888889,50,0.001,0,0
0.1,0.24444444444444446,0.3888888888888889,50,0.0014444444444444444,0,1
0.1,0.24444444444444446,0.3888888888888889,50,0.001888888888888889,1,2
0.1,0.24444444444444446,0.3888888888888889,50,0.0023333333333333335,2,3
0.1,0.24444444444444446,0.3888888888888889,50,0.002777777777777778,2,4
0.1,0.24444444444444446,0.3888888888888889,50,0.0032222222222222222,3,5
0.1,0.24444444444444446,0.3888888888888889,50,0.003666666666666667,3,6
0.1,0.24444444444444446,0.3888888888888889,50,0.004111111111111111,3,6
0.1,0.24444444444444446,0.3888888888888889,50,0.004555555555555556,4,7
0.1,0.24444444444444446,0.3888888888888889,50,0.005,4,9
0.1,0.24444444444444446,0.4111111111111111,50,0.001,0,0
0.1,0.24444444444444446,0.4111111111111111,50,0.0014444444444444444,0,2
0.1,0.24444444444444446,0.4111111111111111,50,0.001888888888888889,1,3
0.1,0.24444444444444446,0.4111111111111111,50,0.0023333333333333335,2,4
0.1,0.24444444444444446,0.4111111111111111,50,0.002777777777777778,3,5
0.1,0.24444444444444446,0.4111111111111111,50,0.0032222222222222222,2,5
0.1,0.24444444444444446,0.4111111111111111,50,0.003666666666666667,3,7
0.1,0.24444444444444446,0.4111111111111111,50,0.004111111111111111,5,8
0.1,0.24444444444444446,0.4111111111111111,50,0.004555555555555556,5,9
0.1,0.24444444444444446,0.4111111111111111,50,0.005,4,8
0.1,0.24444444444444446,0.43333333333333335,50,0.001,0,0
0.1,0.24444444444444446,0.43333333333333335,50,0.0014444444444444444,0,2
0.1,0.24444444444444446,0.43333333333333335,50,0.001888888888888889,1,3
0.1,0.24444444444444446,0.43333333333333335,50,0.0023333333333333335,2,4
0.1,0.24444444444444446,0.43333333333333335,50,0.002777777777777778,3,5
0.1,0.24444444444444446,0.43333333333333335,50,0.0032222222222222222,3,6
0.1,0.24444444444444446,0.43333333333333335,50,0.003666666666666667,3,6
0.1,0.24444444444444446,0.43333333333333335,50,0.004111111111111111,5,8
0.1,0.24444444444444446,0.43333333333333335,50,0.004555555555555556,4,7
0.1,0.24444444444444446,0.43333333333333335,50,0.005,5,9
0.1,0.24444444444444446,0.45555555555555555,50,0.001,0,1
0.1,0.24444444444444446,0.45555555555555555,50,0.0014444444444444444,1,1
0.1,0.24444444444444446,0.45555555555555555,50,0.001888888888888889,1,3
0.1,0.24444444444444446,0.45555555555555555,50,0.0023333333333333335,3,4
0.1,0.24444444444444446,0.45555555555555555,50,0.002777777777777778,2,5
0.1,0.24444444444444446,0.45555555555555555,50,0.0032222222222222222,3,6
0.1,0.24444444444444446,0.45555555555555555,50,0.003666666666666667,3,6
0.1,0.24444444444444446,0.45555555555555555,50,0.004111111111111111,5,7
0.1,0.24444444444444446,0.45555555555555555,50,0.004555555555555556,3,8
0.1,0.24444444444444446,0.45555555555555555,50,0.005,5,9
0.1,0.24444444444444446,0.47777777777777775,50,0.001,0,0
0.1,0.24444444444444446,0.47777777777777775,50,0.0014444444444444444,1,3
0.1,0.24444444444444446,0.47777777777777775,50,0.001888888888888889,1,3
0.1,0.24444444444444446,0.47777777777777775,50,0.0023333333333333335,3,5
0.1,0.24444444444444446,0.47777777777777775,50,0.002777777777777778,3,5
0.1,0.24444444444444446,0.47777777777777775,50,0.0032222222222222222,3,5
0.1,0.24444444444444446,0.47777777777777775,50,0.003666666666666667,3,7
0.1,0.24444444444444446,0.47777777777777775,50,0.004111111111111111,5,8
0.1,0.24444444444444446,0.47777777777777775,50,0.004555555555555556,3,9
0.1,0.24444444444444446,0.47777777777777775,50,0.005,5,10
0.1,0.24444444444444446,0.5,50,0.001,0,1
0.1,0.24444444444444446,0.5,50,0.0014444444444444444,1,1
0.1,0.24444444444444446,0.5,50,0.001888888888888889,1,3
0.1,0.24444444444444446,0.5,50,0.0023333333333333335,3,5
0.1,0.24444444444444446,0.5,50,0.002777777777777778,3,5
0.1,0.24444444444444446,0.5,50,0.0032222222222222222,3,6
0.1,0.24444444444444446,0.5,50,0.003666666666666667,4,6
0.1,0.24444444444444446,0.5,50,0.004111111111111111,4,8
0.1,0.24444444444444446,0.5,50,0.004555555555555556,4,8
0.1,0.24444444444444446,0.5,50,0.005,5,9
0.1,0.26666666666666666,0.3,50,0.001,0,0
0.1,0.26666666666666666,0.3,50,0.0014444444444444444,0,0
0.1,0.26666666666666666,0.3,50,0.001888888888888889,0,1
0.1,0.26666666666666666,0.3,50,0.0023333333333333335,0,2
0.1,0.26666666666666666,0.3,50,0.002777777777777778,1,4
0.1,0.26666666666666666,0.3,50,0.0032222222222222222,2,5
0.1,0.26666666666666666,0.3,50,0.003666666666666667,3,6
0.1,0.26666666666666666,0.3,50,0.004111111111111111,3,5
0.1,0.26666666666666666,0.3,50,0.004555555555555556,3,7
0.1,0.26666666666666666,0.3,50,0.005,4,7
0.1,0.26666666666666666,0.3222222222222222,50,0.001,0,0
0.1,0.26666666666666666,0.3222222222222222,50,0.0014444444444444444,0,0
0.1,0.26666666666666666,0.3222222222222222,50,0.001888888888888889,0,1
0.1,0.26666666666666666,0.3222222222222222,50,0.0023333333333333335,0,3
0.1,0.26666666666666666,0.3222222222222222,50,0.002777777777777778,2,4
0.1,0.26666666666666666,0.3222222222222222,50,0.0032222222222222222,2,5
0.1,0.26666666666666666,0.3222222222222222,50,0.003666666666666667,3,5
0.1,0.26666666666666666,0.3222222222222222,50,0.004111111111111111,3,6
0.1,0.26666666666666666,0.3222222222222222,50,0.004555555555555556,3,7
0.1,0.26666666666666666,0.3222222222222222,50,0.005,4,8
0.1,0.26666666666666666,0.34444444444444444,50,0.001,0,0
0.1,0.26666666666666666,0.34444444444444444,50,0.0014444444444444444,0,1
0.1,0.26666666666666666,0.34444444444444444,50,0.001888888888888889,0,2
0.1,0.26666666666666666,0.34444444444444444,50,0.0023333333333333335,1,3
0.1,0.26666666666666666,0.34444444444444444,50,0.002777777777777778,2,4
0.1,0.26666666666666666,0.34444444444444444,50,0.0032222222222222222,2,5
0.1,0.26666666666666666,0.34444444444444444,50,0.003666666666666667,3,6
0.1,0.26666666666666666,0.34444444444444444,50,0.004111111111111111,3,7
0.1,0.26666666666666666,0.34444444444444444,50,0.004555555555555556,4,8
0.1,0.26666666666666666,0.34444444444444444,50,0.005,4,8
0.1,0.26666666666666666,0.36666666666666664,50,0.001,0,0
0.1,0.26666666666666666,0.36666666666666664,50,0.0014444444444444444,0,1
0.1,0.26666666666666666,0.36666666666666664,50,0.001888888888888889,0,2
0.1,0.26666666666666666,0.36666666666666664,50,0.0023333333333333335,2,3
0.1,0.26666666666666666,0.36666666666666664,50,0.002777777777777778,3,4
0.1,0.26666666666666666,0.36666666666666664,50,0.0032222222222222222,2,5
0.1,0.26666666666666666,0.36666666666666664,50,0.003666666666666667,3,6
0.1,0.26666666666666666,0.36666666666666664,50,0.004111111111111111,3,7
0.1,0.26666666666666666,0.36666666666666664,50,0.004555555555555556,4,8
0.1,0.26666666666666666,0.36666666666666664,50,0.005,5,9
0.1,0.26666666666666666,0.3888888888888889,50,0.001,0,0
0.1,0.26666666666666666,0.3888888888888889,50,0.0014444444444444444,0,1
0.1,0.26666666666666666,0.3888888888888889,50,0.001888888888888889,1,3
0.1,0.26666666666666666,0.3888888888888889,50,0.0023333333333333335,2,5
0.1,0.26666666666666666,0.3888888888888889,50,0.002777777777777778,3,5
0.1,0.26666666666666666,0.3888888888888889,50,0.0032222222222222222,3,6
0.1,0.26666666666666666,0.3888888888888889,50,0.003666666666666667,3,5
0.1,0.26666666666666666,0.3888888888888889,50,0.004111111111111111,5,8
0.1,0.26666666666666666,0.3888888888888889,50,0.004555555555555556,5,8
0.1,0.26666666666666666,0.3888888888888889,50,0.005,5,10
0.1,0.26666666666666666,0.4111111111111111,50,0.001,0,0
0.1,0.26666666666666666,0.4111111111111111,50,0.0014444444444444444,0,1
0.1,0.26666666666666666,0.4111111111111111,50,0.001888888888888889,1,3
0.1,0.26666666666666666,0.4111111111111111,50,0.0023333333333333335,2,5
0.1,0.26666666666666666,0.4111111111111111,50,0.002777777777777778,3,6
0.1,0.26666666666666666,0.4111111111111111,50,0.0032222222222222222,3,7
0.1,0.26666666666666666,0.4111111111111111,50,0.003666666666666667,3,7
0.1,0.26666666666666666,0.4111111111111111,50,0.004111111111111111,5,7
0.1,0.26666666666666666,0.4111111111111111,50,0.004555555555555556,4,8
0.1,0.26666666666666666,0.4111111111111111,50,0.005,5,9
0.1,0.26666666666666666,0.43333333333333335,50,0.001,0,1
0.1,0.26666666666666666,0.43333333333333335,50,0.0014444444444444444,1,2
0.1,0.26666666666666666,0.43333333333333335,50,0.001888888888888889,1,3
0.1,0.26666666666666666,0.43333333333333335,50,0.0023333333333333335,2,4
0.1,0.26666666666666666,0.43333333333333335,50,0.002777777777777778,3,5
0.1,0.26666666666666666,0.43333333333333335,50,0.0032222222222222222,3,6
0.1,0.26666666666666666,0.43333333333333335,50,0.003666666666666667,5,7
0.1,0.26666666666666666,0.43333333333333335,50,0.004111111111111111,4,8
0.1,0.26666666666666666,0.43333333333333335,50,0.004555555555555556,4,8
0.1,0.26666666666666666,0.43333333333333335,50,0.005,5,10
0.1,0.26666666666666666,0.45555555555555555,50,0.001,0,0
0.1,0.26666666666666666,0.45555555555555555,50,0.0014444444444444444,1,2
0.1,0.26666666666666666,0.45555555555555555,50,0.001888888888888889,1,4
0.1,0.26666666666666666,0.45555555555555555,50,0.0023333333333333335,3,4
0.1,0.26666666666666666,0.45555555555555555,50,0.002777777777777778,3,5
0.1,0.26666666666666666,0.45555555555555555,50,0.0032222222222222222,3,6
0.1,0.26666666666666666,0.45555555555555555,50,0.003666666666666667,4,7
0.1,0.26666666666666666,0.45555555555555555,50,0.004111111111111111,5,8
0.1,0.26666666666666666,0.45555555555555555,50,0.004555555555555556,5,9
0.1,0.26666666666666666,0.45555555555555555,50,0.005,5,11
0.1,0.26666666666666666,0.47777777777777775,50,0.001,0,1
0.1,0.26666666666666666,0.47777777777777775,50,0.0014444444444444444,1,2
0.1,0.26666666666666666,0.47777777777777775,50,0.001888888888888889,1,3
0.1,0.26666666666666666,0.47777777777777775,50,0.0023333333333333335,2,5
0.1,0.26666666666666666,0.47777777777777775,50,0.002777777777777778,3,5
0.1,0.26666666666666666,0.47777777777777775,50,0.0032222222222222222,4,7
0.1,0.26666666666666666,0.47777777777777775,50,0.003666666666666667,4,7
0.1,0.26666666666666666,0.47777777777777775,50,0.004111111111111111,5,9
0.1,0.26666666666666666,0.47777777777777775,50,0.004555555555555556,5,9
0.1,0.26666666666666666,0.47777777777777775,50,0.005,5,11
0.1,0.26666666666666666,0.5,50,0.001,0,1
0.1,0.26666666666666666,0.5,50,0.0014444444444444444,1,3
0.1,0.26666666666666666,0.5,50,0.001888888888888889,2,3
0.1,0.26666666666666666,0.5,50,0.0023333333333333335,3,4
0.1,0.26666666666666666,0.5,50,0.002777777777777778,3,6
0.1,0.26666666666666666,0.5,50,0.0032222222222222222,4,6
0.1,0.26666666666666666,0.5,50,0.003666666666666667,5,8
0.1,0.26666666666666666,0.5,50,0.004111111111111111,5,9
0.1,0.26666666666666666,0.5,50,0.004555555555555556,5,10
0.1,0.26666666666666666,0.5,50,0.005,6,11
0.1,0.2888888888888889,0.3,50,0.001,0,0
0.1,0.2888888888888889,0.3,50,0.0014444444444444444,0,0
0.1,0.2888888888888889,0.3,50,0.001888888888888889,0,2
0.1,0.2888888888888889,0.3,50,0.0023333333333333335,1,3
0.1,0.2888888888888889,0.3,50,0.002777777777777778,1,3
0.1,0.2888888888888889,0.3,50,0.0032222222222222222,3,4
0.1,0.2888888888888889,0.3,50,0.003666666666666667,3,5
0.1,0.2888888888888889,0.3,50,0.004111111111111111,4,7
0.1,0.2888888888888889,0.3,50,0.004555555555555556,4,8
0.1,0.2888888888888889,0.3,50,0.005,4,7
0.1,0.2888888888888889,0.3222222222222222,50,0.001,0,0
0.1,0.2888888888888889,0.3222222222222222,50,0.0014444444444444444,0,0
0.1,0.2888888888888889,0.3222222222222222,50,0.001888888888888889,1,2
0.1,0.2888888888888889,0.3222222222222222,50,0.0023333333333333335,1,3
0.1,0.2888888888888889,0.3222222222222222,50,0.002777777777777778,2,5
0.1,0.2888888888888889,0.3222222222222222,50,0.0032222222222222222,2,5
0.1,0.2888888888888889,0.3222222222222222,50,0.003666666666666667,3,6
0.1,0.2888888888888889,0.3222222222222222,50,0.004111111111111111,3,6
0.1,0.2888888888888889,0.3222222222222222,50,0.004555555555555556,4,8
0.1,0.2888888888888889,0.3222222222222222,50,0.005,5,9
0.1,0.2888888888888889,0.34444444444444444,50,0.001,0,0
0.1,0.2888888888888889,0.34444444444444444,50,0.0014444444444444444,0,1
0.1,0.2888888888888889,0.34444444444444444,50,0.001888888888888889,0,2
0.1,0.2888888888888889,0.34444444444444444,50,0.0023333333333333335,1,3
0.1,0.2888888888888889,0.34444444444444444,50,0.002777777777777778,2,4
0.1,0.2888888888888889,0.34444444444444444,50,0.0032222222222222222,3,5
0.1,0.2888888888888889,0.34444444444444444,50,0.003666666666666667,3,6
0.1,0.2888888888888889,0.34444444444444444,50,0.004111111111111111,3,7
0.1,0.2888888888888889,0.34444444444444444,50,0.004555555555555556,4,9
0.1,0.2888888888888889,0.34444444444444444,50,0.005,4,9
0.1,0.2888888888888889,0.36666666666666664,50,0.001,0,0
0.1,0.2888888888888889,0.36666666666666664,50,0.0014444444444444444,0,1
0.1,0.2888888888888889,0.36666666666666664,50,0.001888888888888889,1,3
0.1,0.2888888888888889,0.36666666666666664,50,0.0023333333333333335,1,4
0.1,0.2888888888888889,0.36666666666666664,50,0.002777777777777778,3,5
0.1,0.2888888888888889,0.36666666666666664,50,0.0032222222222222222,3,6
0.1,0.2888888888888889,0.36666666666666664,50,0.003666666666666667,3,6
0.1,0.2888888888888889,0.36666666666666664,50,0.004111111111111111,4,7
0.1,0.2888888888888889,0.36666666666666664,50,0.004555555555555556,5,8
0.1,0.2888888888888889,0.36666666666666664,50,0.005,5,9
0.1,0.2888888888888889,0.3888888888888889,50,0.001,0,0
0.1,0.2888888888888889,0.3888888888888889,50,0.0014444444444444444,0,2
0.1,0.2888888888888889,0.3888888888888889,50,0.001888888888888889,1,3
0.1,0.2888888888888889,0.3888888888888889,50,0.0023333333333333335,2,4
0.1,0.2888888888888889,0.3888888888888889,50,0.002777777777777778,3,5
0.1,0.2888888888888889,0.3888888888888889,50,0.0032222222222222222,3,7
0.1,0.2888888888888889,0.3888888888888889,50,0.003666666666666667,4,7
0.1,0.2888888888888889,0.3888888888888889,50,0.004111111111111111,5,9
0.1,0.2888888888888889,0.3888888888888889,50,0.004555555555555556,5,9
0.1,0.2888888888888889,0.3888888888888889,50,0.005,5,10
0.1,0.2888888888888889,0.4111111111111111,50,0.001,0,0
0.1,0.2888888888888889,0.4111111111111111,50,0.0014444444444444444,1,2
0.1,0.2888888888888889,0.4111111111111111,50,0.001888888888888889,1,3
0.1,0.2888888888888889,0.4111111111111111,50,0.0023333333333333335,2,4
0.1,0.2888888888888889,0.4111111111111111,50,0.002777777777777778,3,5
0.1,0.2888888888888889,0.4111111111111111,50,0.0032222222222222222,3,7
0.1,0.2888888888888889,0.4111111111111111,50,0.003666666666666667,4,8
0.1,0.2888888888888889,0.4111111111111111,50,0.004111111111111111,4,9
0.1,0.2888888888888889,0.4111111111111111,50,0.004555555555555556,5,9
0.1,0.2888888888888889,0.4111111111111111,50,0.005,6,10
0.1,0.2888888888888889,0.43333333333333335,50,0.001,0,1
0.1,0.2888888888888889,0.43333333333333335,50,0.0014444444444444444,1,3
0.1,0.2888888888888889,0.43333333333333335,50,0.001888888888888889,1,3
0.1,0.2888888888888889,0.43333333333333335,50,0.0023333333333333335,3,4
0.1,0.2888888888888889,0.43333333333333335,50,0.002777777777777778,4,5
0.1,0.2888888888888889,0.43333333333333335,50,0.0032222222222222222,3,7
0.1,0.2888888888888889,0.43333333333333335,50,0.003666666666666667,4,7
0.1,0.2888888888888889,0.43333333333333335,50,0.004111111111111111,5,9
0.1,0.2888888888888889,0.43333333333333335,50,0.004555555555555556,6,9
0.1,0.2888888888888889,0.43333333333333335,50,0.005,6,11
0.1,0.2888888888888889,0.45555555555555555,50,0.001,0,1
0.1,0.2888888888888889,0.45555555555555555,50,0.0014444444444444444,1,2
0.1,0.2888888888888889,0.45555555555555555,50,0.001888888888888889,2,3
0.1,0.2888888888888889,0.45555555555555555,50,0.0023333333333333335,3,4
0.1,0.2888888888888889,0.45555555555555555,50,0.002777777777777778,4,6
0.1,0.2888888888888889,0.45555555555555555,50,0.0032222222222222222,3,6
0.1,0.2888888888888889,0.45555555555555555,50,0.003666666666666667,4,8
0.1,0.2888888888888889,0.45555555555555555,50,0.004111111111111111,5,9
0.1,0.2888888888888889,0.45555555555555555,50,0.004555555555555556,6,10
0.1,0.2888888888888889,0.45555555555555555,50,0.005,6,12
0.1,0.2888888888888889,0.47777777777777775,50,0.001,0,1
0.1,0.2888888888888889,0.47777777777777775,50,0.0014444444444444444,1,3
0.1,0.2888888888888889,0.47777777777777775,50,0.001888888888888889,2,4
0.1,0.2888888888888889,0.47777777777777775,50,0.0023333333333333335,3,4
0.1,0.2888888888888889,0.47777777777777775,50,0.002777777777777778,4,6
0.1,0.2888888888888889,0.47777777777777775,50,0.0032222222222222222,4,7
0.1,0.2888888888888889,0.47777777777777775,50,0.003666666666666667,4,8
0.1,0.2888888888888889,0.47777777777777775,50,0.004111111111111111,5,9
0.1,0.2888888888888889,0.47777777777777775,50,0.004555555555555556,6,11
0.1,0.2888888888888889,0.47777777777777775,50,0.005,7,12
0.1,0.2888888888888889,0.5,50,0.001,0,1
0.1,0.2888888888888889,0.5,50,0.0014444444444444444,1,3
0.1,0.2888888888888889,0.5,50,0.001888888888888889,2,4
0.1,0.2888888888888889,0.5,50,0.0023333333333333335,3,5
0.1,0.2888888888888889,0.5,50,0.002777777777777778,3,7
0.1,0.2888888888888889,0.5,50,0.0032222222222222222,5,8
0.1,0.2888888888888889,0.5,50,0.003666666666666667,4,8
0.1,0.2888888888888889,0.5,50,0.004111111111111111,6,10
0.1,0.2888888888888889,0.5,50,0.004555555555555556,5,11
0.1,0.2888888888888889,0.5,50,0.005,7,12
0.1,0.3111111111111111,0.3,50,0.001,0,0
0.1,0.3111111111111111,0.3,50,0.0014444444444444444,0,0
0.1,0.3111111111111111,0.3,50,0.001888888888888889,0,1
0.1,0.3111111111111111,0.3,50,0.0023333333333333335,1,3
0.1,0.3111111111111111,0.3,50,0.002777777777777778,2,4
0.1,0.3111111111111111,0.3,50,0.0032222222222222222,2,5
0.1,0.3111111111111111,0.3,50,0.003666666666666667,3,6
0.1,0.3111111111111111,0.3,50,0.004111111111111111,3,6
0.1,0.3111111111111111,0.3,50,0.004555555555555556,4,7
0.1,0.3111111111111111,0.3,50,0.005,4,9
0.1,0.3111111111111111,0.3222222222222222,50,0.001,0,0
0.1,0.3111111111111111,0.3222222222222222,50,0.0014444444444444444,0,1
0.1,0.3111111111111111,0.3222222222222222,50,0.001888888888888889,0,2
0.1,0.3111111111111111,0.3222222222222222,50,0.0023333333333333335,1,4
0.1,0.3111111111111111,0.3222222222222222,50,0.002777777777777778,2,5
0.1,0.3111111111111111,0.3222222222222222,50,0.0032222222222222222,2,6
0.1,0.3111111111111111,0.3222222222222222,50,0.003666666666666667,2,7
0.1,0.3111111111111111,0.3222222222222222,50,0.004111111111111111,4,6
0.1,0.3111111111111111,0.3222222222222222,50,0.004555555555555556,4,8
0.1,0.3111111111111111,0.3222222222222222,50,0.005,5,10
0.1,0.3111111111111111,0.34444444444444444,50,0.001,0,0
0.1,0.3111111111111111,0.34444444444444444,50,0.0014444444444444444,0,1
0.1,0.3111111111111111,0.34444444444444444,50,0.001888888888888889,0,3
0.1,0.3111111111111111,0.34444444444444444,50,0.0023333333333333335,1,3
0.1,0.3111111111111111,0.34444444444444444,50,0.002777777777777778,2,5
0.1,0.3111111111111111,0.34444444444444444,50,0.0032222222222222222,3,6
0.1,0.3111111111111111,0.34444444444444444,50,0.003666666666666667,3,7
0.1,0.3111111111111111,0.34444444444444444,50,0.004111111111111111,4,8
0.1,0.3111111111111111,0.34444444444444444,50,0.004555555555555556,4,8
0.1,0.3111111111111111,0.34444444444444444,50,0.005,5,9
0.1,0.3111111111111111,0.36666666666666664,50,0.001,0,0
0.1,0.3111111111111111,0.36666666666666664,50,0.0014444444444444444,0,1
0.1,0.3111111111111111,0.36666666666666664,50,0.001888888888888889,1,3
0.1,0.3111111111111111,0.36666666666666664,50,0.0023333333333333335,1,4
0.1,0.3111111111111111,0.36666666666666664,50,0.002777777777777778,3,5
0.1,0.3111111111111111,0.36666666666666664,50,0.0032222222222222222,3,6
0.1,0.3111111111111111,0.36666666666666664,50,0.003666666666666667,4,7
0.1,0.3111111111111111,0.36666666666666664,50,0.004111111111111111,4,8
0.1,0.3111111111111111,0.36666666666666664,50,0.004555555555555556,5,10
0.1,0.3111111111111111,0.36666666666666664,50,0.005,6,10
0.1,0.3111111111111111,0.3888888888888889,50,0.001,0,0
0.1,0.3111111111111111,0.3888888888888889,50,0.0014444444444444444,1,1
0.1,0.3111111111111111,0.3888888888888889,50,0.001888888888888889,2,4
0.1,0.3111111111111111,0.3888888888888889,50,0.0023333333333333335,2,4
0.1,0.3111111111111111,0.3888888888888889,50,0.002777777777777778,3,6
0.1,0.3111111111111111,0.3888888888888889,50,0.0032222222222222222,4,7
0.1,0.3111111111111111,0.3888888888888889,50,0.003666666666666667,4,7
0.1,0.3111111111111111,0.3888888888888889,50,0.004111111111111111,4,9
0.1,0.3111111111111111,0.3888888888888889,50,0.004555555555555556,6,9
0.1,0.3111111111111111,0.3888888888888889,50,0.005,5,12
0.1,0.3111111111111111,0.4111111111111111,50,0.001,0,1
0.1,0.3111111111111111,0.4111111111111111,50,0.0014444444444444444,1,2
0.1,0.3111111111111111,0.4111111111111111,50,0.001888888888888889,1,3
0.1,0.3111111111111111,0.4111111111111111,50,0.0023333333333333335,2,5
0.1,0.3111111111111111,0.4111111111111111,50,0.002777777777777778,3,6
0.1,0.3111111111111111,0.4111111111111111,50,0.0032222222222222222,3,6
0.1,0.3111111111111111,0.4111111111111111,50,0.003666666666666667,4,8
0.1,0.3111111111111111,0.4111111111111111,50,0.004111111111111111,5,9
0.1,0.3111111111111111,0.4111111111111111,50,0.004555555555555556,5,10
0.1,0.3111111111111111,0.4111111111111111,50,0.005,7,11
0.1,0.3111111111111111,0.43333333333333335,50,0.001,0,0
0.1,0.3111111111111111,0.43333333333333335,50,0.0014444444444444444,1,2
0.1,0.3111111111111111,0.43333333333333335,50,0.001888888888888889,1,3
0.1,0.3111111111111111,0.43333333333333335,50,0.0023333333333333335,3,5
0.1,0.3111111111111111,0.43333333333333335,50,0.002777777777777778,4,7
0.1,0.3111111111111111,0.43333333333333335,50,0.0032222222222222222,5,7
0.1,0.3111111111111111,0.43333333333333335,50,0.003666666666666667,5,9
0.1,0.3111111111111111,0.43333333333333335,50,0.004111111111111111,5,9
0.1,0.3111111111111111,0.43333333333333335,50,0.004555555555555556,6,11
0.1,0.3111111111111111,0.43333333333333335,50,0.005,7,11
0.1,0.3111111111111111,0.45555555555555555,50,0.001,0,1
0.1,0.3111111111111111,0.45555555555555555,50,0.0014444444444444444,1,2
0.1,0.3111111111111111,0.45555555555555555,50,0.001888888888888889,1,3
0.1,0.3111111111111111,0.45555555555555555,50,0.0023333333333333335,2,4
0.1,0.3111111111111111,0.45555555555555555,50,0.002777777777777778,4,7
0.1,0.3111111111111111,0.45555555555555555,50,0.0032222222222222222,4,7
0.1,0.3111111111111111,0.45555555555555555,50,0.003666666666666667,5,9
0.1,0.3111111111111111,0.45555555555555555,50,0.004111111111111111,5,10
0.1,0.3111111111111111,0.45555555555555555,50,0.004555555555555556,6,11
0.1,0.3111111111111111,0.45555555555555555,50,0.005,7,12
0.1,0.3111111111111111,0.47777777777777775,50,0.001,1,1
0.1,0.3111111111111111,0.47777777777777775,50,0.0014444444444444444,2,3
0.1,0.3111111111111111,0.47777777777777775,50,0.001888888888888889,2,4
0.1,0.3111111111111111,0.47777777777777775,50,0.0023333333333333335,2,5
0.1,0.3111111111111111,0.47777777777777775,50,0.002777777777777778,3,7
0.1,0.3111111111111111,0.47777777777777775,50,0.0032222222222222222,4,8
0.1,0.3111111111111111,0.47777777777777775,50,0.003666666666666667,5,9
0.1,0.3111111111111111,0.47777777777777775,50,0.004111111111111111,5,10
0.1,0.3111111111111111,0.47777777777777775,50,0.004555555555555556,7,12
0.1,0.3111111111111111,0.47777777777777775,50,0.005,7,12
0.1,0.3111111111111111,0.5,50,0.001,1,1
0.1,0.3111111111111111,0.5,50,0.0014444444444444444,1,3
0.1,0.3111111111111111,0.5,50,0.001888888888888889,2,4
0.1,0.3111111111111111,0.5,50,0.0023333333333333335,3,5
0.1,0.3111111111111111,0.5,50,0.002777777777777778,5,7
0.1,0.3111111111111111,0.5,50,0.0032222222222222222,5,9
0.1,0.3111111111111111,0.5,50,0.003666666666666667,5,9
0.1,0.3111111111111111,0.5,50,0.004111111111111111,6,11
0.1,0.3111111111111111,0.5,50,0.004555555555555556,6,11
0.1,0.3111111111111111,0.5,50,0.005,8,12
0.1,0.33333333333333337,0.3,50,0.001,0,0
0.1,0.33333333333333337,0.3,50,0.0014444444444444444,0,0
0.1,0.33333333333333337,0.3,50,0.001888888888888889,0,1
0.1,0.33333333333333337,0.3,50,0.0023333333333333335,0,3
0.1,0.33333333333333337,0.3,50,0.002777777777777778,2,4
0.1,0.33333333333333337,0.3,50,0.0032222222222222222,3,5
0.1,0.33333333333333337,0.3,50,0.003666666666666667,3,5
0.1,0.33333333333333337,0.3,50,0.004111111111111111,3,8
0.1,0.33333333333333337,0.3,50,0.004555555555555556,4,8
0.1,0.33333333333333337,0.3,50,0.005,5,9
0.1,0.33333333333333337,0.3222222222222222,50,0.001,0,0
0.1,0.33333333333333337,0.3222222222222222,50,0.0014444444444444444,0,0
0.1,0.33333333333333337,0.3222222222222222,50,0.001888888888888889,0,2
0.1,0.33333333333333337,0.3222222222222222,50,0.0023333333333333335,1,3
0.1,0.33333333333333337,0.3222222222222222,50,0.002777777777777778,2,5
0.1,0.33333333333333337,0.3222222222222222,50,0.0032222222222222222,3,5
0.1,0.33333333333333337,0.3222222222222222,50,0.003666666666666667,4,6
0.1,0.33333333333333337,0.3222222222222222,50,0.004111111111111111,4,8
0.1,0.33333333333333337,0.3222222222222222,50,0.004555555555555556,5,9
0.1,0.33333333333333337,0.3222222222222222,50,0.005,5,10
0.1,0.33333333333333337,0.34444444444444444,50,0.001,0,0
0.1,0.33333333333333337,0.34444444444444444,50,0.0014444444444444444,0,1
0.1,0.33333333333333337,0.34444444444444444,50,0.001888888888888889,0,3
0.1,0.33333333333333337,0.34444444444444444,50,0.0023333333333333335,1,4
0.1,0.33333333333333337,0.34444444444444444,50,0.002777777777777778,2,5
0.1,0.33333333333333337,0.34444444444444444,50,0.0032222222222222222,3,7
0.1,0.33333333333333337,0.34444444444444444,50,0.003666666666666667,4,7
0.1,0.33333333333333337,0.34444444444444444,50,0.004111111111111111,5,9
0.1,0.33333333333333337,0.34444444444444444,50,0.004555555555555556,5,10
0.1,0.33333333333333337,0.34444444444444444,50,0.005,5,10
0.1,0.33333333333333337,0.36666666666666664,50,0.001,0,0
0.1,0.33333333333333337,0.36666666666666664,50,0.0014444444444444444,0,1
0.1,0.33333333333333337,0.36666666666666664,50,0.001888888888888889,1,3
0.1,0.33333333333333337,0.36666666666666664,50,0.0023333333333333335,1,5
0.1,0.33333333333333337,0.36666666666666664,50,0.002777777777777778,3,5
0.1,0.33333333333333337,0.36666666666666664,50,0.0032222222222222222,4,7
0.1,0.33333333333333337,0.36666666666666664,50,0.003666666666666667,4,7
0.1,0.33333333333333337,0.36666666666666664,50,0.004111111111111111,4,9
0.1,0.33333333333333337,0.36666666666666664,50,0.004555555555555556,6,10
0.1,0.33333333333333337,0.36666666666666664,50,0.005,6,11
0.1,0.33333333333333337,0.3888888888888889,50,0.001,0,0
0.1,0.33333333333333337,0.3888888888888889,50,0.0014444444444444444,0,2
0.1,0.33333333333333337,0.3888888888888889,50,0.001888888888888889,1,3
0.1,0.33333333333333337,0.3888888888888889,50,0.0023333333333333335,2,5
0.1,0.33333333333333337,0.3888888888888889,50,0.002777777777777778,3,6
0.1,0.33333333333333337,0.3888888888888889,50,0.0032222222222222222,3,7
0.1,0.33333333333333337,0.3888888888888889,50,0.003666666666666667,5,8
0.1,0.33333333333333337,0.3888888888888889,50,0.004111111111111111,4,10
0.1,0.33333333333333337,0.3888888888888889,50,0.004555555555555556,6,10
0.1,0.33333333333333337,0.3888888888888889,50,0.005,7,12
0.1,0.33333333333333337,0.4111111111111111,50,0.001,0,1
0.1,0.33333333333333337,0.4111111111111111,50,0.0014444444444444444,1,2
0.1,0.33333333333333337,0.4111111111111111,50,0.001888888888888889,2,3
0.1,0.33333333333333337,0.4111111111111111,50,0.0023333333333333335,2,5
0.1,0.33333333333333337,0.4111111111111111,50,0.002777777777777778,3,6
0.1,0.33333333333333337,0.4111111111111111,50,0.0032222222222222222,4,8
0.1,0.33333333333333337,0.4111111111111111,50,0.003666666666666667,4,9
0.1,0.33333333333333337,0.4111111111111111,50,0.004111111111111111,5,11
0.1,0.33333333333333337,0.4111111111111111,50,0.004555555555555556,6,11
0.1,0.33333333333333337,0.4111111111111111,50,0.005,6,11
0.1,0.33333333333333337,0.43333333333333335,50,0.001,0,1
0.1,0.33333333333333337,0.43333333333333335,50,0.0014444444444444444,1,3
0.1,0.33333333333333337,0.43333333333333335,50,0.001888888888888889,2,4
0.1,0.33333333333333337,0.43333333333333335,50,0.0023333333333333335,3,5
0.1,0.33333333333333337,0.43333333333333335,50,0.002777777777777778,3,6
0.1,0.33333333333333337,0.43333333333333335,50,0.0032222222222222222,3,7
0.1,0.33333333333333337,0.43333333333333335,50,0.003666666666666667,5,9
0.1,0.33333333333333337,0.43333333333333335,50,0.004111111111111111,5,10
0.1,0.33333333333333337,0.43333333333333335,50,0.004555555555555556,5,13
0.1,0.33333333333333337,0.43333333333333335,50,0.005,7,12
0.1,0.33333333333333337,0.45555555555555555,50,0.001,0,1
0.1,0.33333333333333337,0.45555555555555555,50,0.0014444444444444444,1,3
0.1,0.33333333333333337,0.45555555555555555,50,0.001888888888888889,2,5
0.1,0.33333333333333337,0.45555555555555555,50,0.0023333333333333335,3,5
0.1,0.33333333333333337,0.45555555555555555,50,0.002777777777777778,4,7
0.1,0.33333333333333337,0.45555555555555555,50,0.0032222222222222222,4,9
0.1,0.33333333333333337,0.45555555555555555,50,0.003666666666666667,5,8
0.1,0.33333333333333337,0.45555555555555555,50,0.004111111111111111,5,10
0.1,0.33333333333333337,0.45555555555555555,50,0.004555555555555556,6,11
0.1,0.33333333333333337,0.45555555555555555,50,0.005,7,13
0.1,0.33333333333333337,0.47777777777777775,50,0.001,0,1
0.1,0.33333333333333337,0.47777777777777775,50,0.0014444444444444444,1,3
0.1,0.33333333333333337,0.47777777777777775,50,0.001888888888888889,2,4
0.1,0.33333333333333337,0.47777777777777775,50,0.0023333333333333335,3,5
0.1,0.33333333333333337,0.47777777777777775,50,0.002777777777777778,3,7
0.1,0.33333333333333337,0.47777777777777775,50,0.0032222222222222222,4,9
0.1,0.33333333333333337,0.47777777777777775,50,0.003666666666666667,6,10
0.1,0.33333333333333337,0.47777777777777775,50,0.004111111111111111,6,11
0.1,0.33333333333333337,0.47777777777777775,50,0.004555555555555556,6,12
0.1,0.33333333333333337,0.47777777777777775,50,0.005,8,13
0.1,0.33333333333333337,0.5,50,0.001,0,1
0.1,0.33333333333333337,0.5,50,0.0014444444444444444,1,3
0.1,0.33333333333333337,0.5,50,0.001888888888888889,3,5
0.1,0.33333333333333337,0.5,50,0.0023333333333333335,3,7
0.1,0.33333333333333337,0.5,50,0.002777777777777778,5,7
0.1,0.33333333333333337,0.5,50,0.0032222222222222222,4,9
0.1,0.33333333333333337,0.5,50,0.003666666666666667,5,10
0.1,0.33333333333333337,0.5,50,0.004111111111111111,6,10
0.1,0.33333333333333337,0.5,50,0.004555555555555556,8,11
0.1,0.33333333333333337,0.5,50,0.005,8,14
0.1,0.35555555555555557,0.3,50,0.001,0,0
0.1,0.35555555555555557,0.3,50,0.0014444444444444444,0,0
0.1,0.35555555555555557,0.3,50,0.001888888888888889,0,2
0.1,0.35555555555555557,0.3,50,0.0023333333333333335,1,3
0.1,0.35555555555555557,0.3,50,0.002777777777777778,1,4
0.1,0.35555555555555557,0.3,50,0.0032222222222222222,2,6
0.1,0.35555555555555557,0.3,50,0.003666666666666667,3,7
0.1,0.35555555555555557,0.3,50,0.004111111111111111,3,8
0.1,0.35555555555555557,0.3,50,0.004555555555555556,4,9
0.1,0.35555555555555557,0.3,50,0.005,6,10
0.1,0.35555555555555557,0.3222222222222222,50,0.001,0,0
0.1,0.35555555555555557,0.3222222222222222,50,0.0014444444444444444,0,1
0.1,0.35555555555555557,0.3222222222222222,50,0.001888888888888889,0,2
0.1,0.35555555555555557,0.3222222222222222,50,0.0023333333333333335,1,4
0.1,0.35555555555555557,0.3222222222222222,50,0.002777777777777778,3,5
0.1,0.35555555555555557,0.3222222222222222,50,0.0032222222222222222,3,6
0.1,0.35555555555555557,0.3222222222222222,50,0.003666666666666667,3,7
0.1,0.35555555555555557,0.3222222222222222,50,0.004111111111111111,4,9
0.1,0.35555555555555557,0.3222222222222222,50,0.004555555555555556,4,9
0.1,0.35555555555555557,0.3222222222222222,50,0.005,6,11
0.1,0.35555555555555557,0.34444444444444444,50,0.001,0,0
0.1,0.35555555555555557,0.34444444444444444,50,0.0014444444444444444,0,1
0.1,0.35555555555555557,0.34444444444444444,50,0.001888888888888889,1,2
0.1,0.35555555555555557,0.34444444444444444,50,0.0023333333333333335,2,4
0.1,0.35555555555555557,0.34444444444444444,50,0.002777777777777778,2,6
0.1,0.35555555555555557,0.34444444444444444,50,0.0032222222222222222,3,7
0.1,0.35555555555555557,0.34444444444444444,50,0.003666666666666667,4,8
0.1,0.35555555555555557,0.34444444444444444,50,0.004111111111111111,5,9
0.1,0.35555555555555557,0.34444444444444444,50,0.004555555555555556,5,9
0.1,0.35555555555555557,0.34444444444444444,50,0.005,5,10
0.1,0.35555555555555557,0.36666666666666664,50,0.001,0,0
0.1,0.35555555555555557,0.36666666666666664,50,0.0014444444444444444,0,2
0.1,0.35555555555555557,0.36666666666666664,50,0.001888888888888889,2,3
0.1,0.35555555555555557,0.36666666666666664,50,0.0023333333333333335,2,5
0.1,0.35555555555555557,0.36666666666666664,50,0.002777777777777778,3,6
0.1,0.35555555555555557,0.36666666666666664,50,0.0032222222222222222,3,7
0.1,0.35555555555555557,0.36666666666666664,50,0.003666666666666667,5,8
0.1,0.35555555555555557,0.36666666666666664,50,0.004111111111111111,5,9
0.1,0.35555555555555557,0.36666666666666664,50,0.004555555555555556,5,11
0.1,0.35555555555555557,0.36666666666666664,50,0.005,7,12
0.1,0.35555555555555557,0.3888888888888889,50,0.001,0,0
0.1,0.35555555555555557,0.3888888888888889,50,0.0014444444444444444,0,2
0.1,0.35555555555555557,0.3888888888888889,50,0.001888888888888889,1,5
0.1,0.35555555555555557,0.3888888888888889,50,0.0023333333333333335,2,5
0.1,0.35555555555555557,0.3888888888888889,50,0.002777777777777778,3,7
0.1,0.35555555555555557,0.3888888888888889,50,0.0032222222222222222,3,7
0.1,0.35555555555555557,0.3888888888888889,50,0.003666666666666667,4,10
0.1,0.35555555555555557,0.3888888888888889,50,0.004111111111111111,6,10
0.1,0.35555555555555557,0.3888888888888889,50,0.004555555555555556,6,11
0.1,0.35555555555555557,0.3888888888888889,50,0.005,7,11
0.1,0.35555555555555557,0.4111111111111111,50,0.001,0,0
0.1,0.35555555555555557,0.4111111111111111,50,0.0014444444444444444,0,2
0.1,0.35555555555555557,0.4111111111111111,50,0.001888888888888889,1,4
0.1,0.35555555555555557,0.4111111111111111,50,0.0023333333333333335,3,5
0.1,0.35555555555555557,0.4111111111111111,50,0.002777777777777778,3,7
0.1,0.35555555555555557,0.4111111111111111,50,0.0032222222222222222,4,7
0.1,0.35555555555555557,0.4111111111111111,50,0.003666666666666667,5,9
0.1,0.35555555555555557,0.4111111111111111,50,0.004111111111111111,5,10
0.1,0.35555555555555557,0.4111111111111111,50,0.004555555555555556,7,11
0.1,0.35555555555555557,0.4111111111111111,50,0.005,7,13
0.1,0.35555555555555557,0.43333333333333335,50,0.001,0,1
0.1,0.35555555555555557,0.43333333333333335,50,0.0014444444444444444,1,3
0.1,0.35555555555555557,0.43333333333333335,50,0.001888888888888889,2,4
0.1,0.35555555555555557,0.43333333333333335,50,0.0023333333333333335,4,5
0.1,0.35555555555555557,0.43333333333333335,50,0.002777777777777778,3,7
0.1,0.35555555555555557,0.43333333333333335,50,0.0032222222222222222,5,8
0.1,0.35555555555555557,0.43333333333333335,50,0.003666666666666667,4,10
0.1,0.35555555555555557,0.43333333333333335,50,0.004111111111111111,5,11
0.1,0.35555555555555557,0.43333333333333335,50,0.004555555555555556,6,12
0.1,0.35555555555555557,0.43333333333333335,50,0.005,7,13
0.1,0.35555555555555557,0.45555555555555555,50,0.001,0,1
0.1,0.35555555555555557,0.45555555555555555,50,0.0014444444444444444,1,2
0.1,0.35555555555555557,0.45555555555555555,50,0.001888888888888889,3,5
0.1,0.35555555555555557,0.45555555555555555,50,0.0023333333333333335,3,5
0.1,0.35555555555555557,0.45555555555555555,50,0.002777777777777778,3,7
0.1,0.35555555555555557,0.45555555555555555,50,0.0032222222222222222,6,9
0.1,0.35555555555555557,0.45555555555555555,50,0.003666666666666667,6,11
0.1,0.35555555555555557,0.45555555555555555,50,0.004111111111111111,6,11
0.1,0.35555555555555557,0.45555555555555555,50,0.004555555555555556,7,13
0.1,0.35555555555555557,0.45555555555555555,50,0.005,8,13
0.1,0.35555555555555557,0.47777777777777775,50,0.001,0,1
0.1,0.35555555555555557,0.47777777777777775,50,0.0014444444444444444,1,4
0.1,0.35555555555555557,0.47777777777777775,50,0.001888888888888889,3,4
0.1,0.35555555555555557,0.47777777777777775,50,0.0023333333333333335,4,6
0.1,0.35555555555555557,0.47777777777777775,50,0.002777777777777778,4,7
0.1,0.35555555555555557,0.47777777777777775,50,0.0032222222222222222,6,9
0.1,0.35555555555555557,0.47777777777777775,50,0.003666666666666667,6,10
0.1,0.35555555555555557,0.47777777777777775,50,0.004111111111111111,6,11
0.1,0.35555555555555557,0.47777777777777775,50,0.004555555555555556,7,13
0.1,0.35555555555555557,0.47777777777777775,50,0.005,8,14
0.1,0.35555555555555557,0.5,50,0.001,0,1
0.1,0.35555555555555557,0.5,50,0.0014444444444444444,1,3
0.1,0.35555555555555557,0.5,50,0.001888888888888889,2,6
0.1,0.35555555555555557,0.5,50,0.0023333333333333335,3,6
0.1,0.35555555555555557,0.5,50,0.002777777777777778,5,7
0.1,0.35555555555555557,0.5,50,0.0032222222222222222,5,9
0.1,0.35555555555555557,0.5,50,0.003666666666666667,6,11
0.1,0.35555555555555557,0.5,50,0.004111111111111111,6,12
0.1,0.35555555555555557,0.5,50,0.004555555555555556,9,13
0.1,0.35555555555555557,0.5,50,0.005,9,14
0.1,0.37777777777777777,0.3,50,0.001,0,0
0.1,0.37777777777777777,0.3,50,0.0014444444444444444,0,0
0.1,0.37777777777777777,0.3,50,0.001888888888888889,0,2
0.1,0.37777777777777777,0.3,50,0.0023333333333333335,1,4
0.1,0.37777777777777777,0.3,50,0.002777777777777778,2,5
0.1,0.37777777777777777,0.3,50,0.0032222222222222222,3,7
0.1,0.37777777777777777,0.3,50,0.003666666666666667,4,6
0.1,0.37777777777777777,0.3,50,0.004111111111111111,4,9
0.1,0.37777777777777777,0.3,50,0.004555555555555556,5,9
0.1,0.37777777777777777,0.3,50,0.005,5,11
0.1,0.37777777777777777,0.3222222222222222,50,0.001,0,0
0.1,0.37777777777777777,0.3222222222222222,50,0.0014444444444444444,0,1
0.1,0.37777777777777777,0.3222222222222222,50,0.001888888888888889,0,2
0.1,0.37777777777777777,0.3222222222222222,50,0.0023333333333333335,1,3
0.1,0.37777777777777777,0.3222222222222222,50,0.002777777777777778,2,6
0.1,0.37777777777777777,0.3222222222222222,50,0.0032222222222222222,3,7
0.1,0.37777777777777777,0.3222222222222222,50,0.003666666666666667,3,8
0.1,0.37777777777777777,0.3222222222222222,50,0.004111111111111111,5,8
0.1,0.37777777777777777,0.3222222222222222,50,0.004555555555555556,4,10
0.1,0.37777777777777777,0.3222222222222222,50,0.005,6,10
0.1,0.37777777777777777,0.34444444444444444,50,0.001,0,0
0.1,0.37777777777777777,0.34444444444444444,50,0.0014444444444444444,0,1
0.1,0.37777777777777777,0.34444444444444444,50,0.001888888888888889,0,3
0.1,0.37777777777777777,0.34444444444444444,50,0.0023333333333333335,1,5
0.1,0.37777777777777777,0.34444444444444444,50,0.002777777777777778,3,5
0.1,0.37777777777777777,0.34444444444444444,50,0.0032222222222222222,4,6
0.1,0.37777777777777777,0.34444444444444444,50,0.003666666666666667,5,8
0.1,0.37777777777777777,0.34444444444444444,50,0.004111111111111111,5,9
0.1,0.37777777777777777,0.34444444444444444,50,0.004555555555555556,5,11
0.1,0.37777777777777777,0.34444444444444444,50,0.005,6,12
0.1,0.37777777777777777,0.36666666666666664,50,0.001,0,0
0.1,0.37777777777777777,0.36666666666666664,50,0.0014444444444444444,0,2
0.1,0.37777777777777777,0.36666666666666664,50,0.001888888888888889,0,3
0.1,0.37777777777777777,0.36666666666666664,50,0.0023333333333333335,2,5
0.1,0.37777777777777777,0.36666666666666664,50,0.002777777777777778,3,7
0.1,0.37777777777777777,0.36666666666666664,50,0.0032222222222222222,4,8
0.1,0.37777777777777777,0.36666666666666664,50,0.003666666666666667,5,9
0.1,0.37777777777777777,0.36666666666666664,50,0.004111111111111111,6,10
0.1,0.37777777777777777,0.36666666666666664,50,0.004555555555555556,6,11
0.1,0.37777777777777777,0.36666666666666664,50,0.005,7,12
0.1,0.37777777777777777,0.3888888888888889,50,0.001,0,0
0.1,0.37777777777777777,0.3888888888888889,50,0.0014444444444444444,0,3
0.1,0.37777777777777777,0.3888888888888889,50,0.001888888888888889,0,4
0.1,0.37777777777777777,0.3888888888888889,50,0.0023333333333333335,3,5
0.1,0.37777777777777777,0.3888888888888889,50,0.002777777777777778,4,7
0.1,0.37777777777777777,0.3888888888888889,50,0.0032222222222222222,4,8
0.1,0.37777777777777777,0.3888888888888889,50,0.003666666666666667,5,10
0.1,0.37777777777777777,0.3888888888888889,50,0.004111111111111111,5,11
0.1,0.37777777777777777,0.3888888888888889,50,0.004555555555555556,7,12
0.1,0.37777777777777777,0.3888888888888889,50,0.005,8,14
0.1,0.37777777777777777,0.4111111111111111,50,0.001,0,1
0.1,0.37777777777777777,0.4111111111111111,50,0.0014444444444444444,1,3
0.1,0.37777777777777777,0.4111111111111111,50,0.001888888888888889,3,4
0.1,0.37777777777777777,0.4111111111111111,50,0.0023333333333333335,3,6
0.1,0.37777777777777777,0.4111111111111111,50,0.002777777777777778,4,7
0.1,0.37777777777777777,0.4111111111111111,50,0.0032222222222222222,4,9
0.1,0.37777777777777777,0.4111111111111111,50,0.003666666666666667,5,10
0.1,0.37777777777777777,0.4111111111111111,50,0.004111111111111111,6,12
0.1,0.37777777777777777,0.4111111111111111,50,0.004555555555555556,7,13
0.1,0.37777777777777777,0.4111111111111111,50,0.005,8,14
0.1,0.37777777777777777,0.43333333333333335,50,0.001,0,1
0.1,0.37777777777777777,0.43333333333333335,50,0.0014444444444444444,1,3
0.1,0.37777777777777777,0.43333333333333335,50,0.001888888888888889,2,4
0.1,0.37777777777777777,0.43333333333333335,50,0.0023333333333333335,3,5
0.1,0.37777777777777777,0.43333333333333335,50,0.002777777777777778,4,7
0.1,0.37777777777777777,0.43333333333333335,50,0.0032222222222222222,4,9
0.1,0.37777777777777777,0.43333333333333335,50,0.003666666666666667,5,11
0.1,0.37777777777777777,0.43333333333333335,50,0.004111111111111111,6,13
0.1,0.37777777777777777,0.43333333333333335,50,0.004555555555555556,8,14
0.1,0.37777777777777777,0.43333333333333335,50,0.005,8,14
0.1,0.37777777777777777,0.45555555555555555,50,0.001,0,1
0.1,0.37777777777777777,0.45555555555555555,50,0.0014444444444444444,2,3
0.1,0.37777777777777777,0.45555555555555555,50,0.001888888888888889,2,4
0.1,0.37777777777777777,0.45555555555555555,50,0.0023333333333333335,3,7
0.1,0.37777777777777777,0.45555555555555555,50,0.002777777777777778,4,7
0.1,0.37777777777777777,0.45555555555555555,50,0.0032222222222222222,5,9
0.1,0.37777777777777777,0.45555555555555555,50,0.003666666666666667,5,11
0.1,0.37777777777777777,0.45555555555555555,50,0.004111111111111111,6,13
0.1,0.37777777777777777,0.45555555555555555,50,0.004555555555555556,8,13
0.1,0.37777777777777777,0.45555555555555555,50,0.005,8,15
0.1,0.37777777777777777,0.47777777777777775,50,0.001,0,1
0.1,0.37777777777777777,0.47777777777777775,50,0.0014444444444444444,2,3
0.1,0.37777777777777777,0.47777777777777775,50,0.001888888888888889,3,4
0.1,0.37777777777777777,0.47777777777777775,50,0.0023333333333333335,3,6
0.1,0.37777777777777777,0.47777777777777775,50,0.002777777777777778,5,7
0.1,0.37777777777777777,0.47777777777777775,50,0.0032222222222222222,6,9
0.1,0.37777777777777777,0.47777777777777775,50,0.003666666666666667,5,11
0.1,0.37777777777777777,0.47777777777777775,50,0.004111111111111111,7,13
0.1,0.37777777777777777,0.47777777777777775,50,0.004555555555555556,8,14
0.1,0.37777777777777777,0.47777777777777775,50,0.005,8,15
0.1,0.37777777777777777,0.5,50,0.001,0,1
0.1,0.37777777777777777,0.5,50,0.0014444444444444444,2,3
0.1,0.37777777777777777,0.5,50,0.001888888888888889,3,5
0.1,0.37777777777777777,0.5,50,0.0023333333333333335,3,6
0.1,0.37777777777777777,0.5,50,0.002777777777777778,5,8
0.1,0.37777777777777777,0.5,50,0.0032222222222222222,5,9
0.1,0.37777777777777777,0.5,50,0.003666666666666667,6,11
0.1,0.37777777777777777,0.5,50,0.004111111111111111,7,12
0.1,0.37777777777777777,0.5,50,0.004555555555555556,8,14
0.1,0.37777777777777777,0.5,50,0.005,8,15
0.1,0.4,0.3,50,0.001,0,0
0.1,0.4,0.3,50,0.0014444444444444444,0,0
0.1,0.4,0.3,50,0.001888888888888889,0,3
0.1,0.4,0.3,50,0.0023333333333333335,1,4
0.1,0.4,0.3,50,0.002777777777777778,2,5
0.1,0.4,0.3,50,0.0032222222222222222,2,6
0.1,0.4,0.3,50,0.003666666666666667,2,7
0.1,0.4,0.3,50,0.004111111111111111,4,9
0.1,0.4,0.3,50,0.004555555555555556,4,10
0.1,0.4,0.3,50,0.005,6,12
0.1,0.4,0.3222222222222222,50,0.001,0,0
0.1,0.4,0.3222222222222222,50,0.0014444444444444444,0,1
0.1,0.4,0.3222222222222222,50,0.001888888888888889,0,4
0.1,0.4,0.3222222222222222,50,0.0023333333333333335,1,5
0.1,0.4,0.3222222222222222,50,0.002777777777777778,1,5
0.1,0.4,0.3222222222222222,50,0.0032222222222222222,3,7
0.1,0.4,0.3222222222222222,50,0.003666666666666667,3,8
0.1,0.4,0.3222222222222222,50,0.004111111111111111,6,9
0.1,0.4,0.3222222222222222,50,0.004555555555555556,6,11
0.1,0.4,0.3222222222222222,50,0.005,6,12
0.1,0.4,0.34444444444444444,50,0.001,0,0
0.1,0.4,0.34444444444444444,50,0.0014444444444444444,0,1
0.1,0.4,0.34444444444444444,50,0.001888888888888889,0,3
0.1,0.4,0.34444444444444444,50,0.0023333333333333335,2,5
0.1,0.4,0.34444444444444444,50,0.002777777777777778,3,6
0.1,0.4,0.34444444444444444,50,0.0032222222222222222,4,9
0.1,0.4,0.34444444444444444,50,0.003666666666666667,4,9
0.1,0.4,0.34444444444444444,50,0.004111111111111111,4,11
0.1,0.4,0.34444444444444444,50,0.004555555555555556,7,13
0.1,0.4,0.34444444444444444,50,0.005,7,14
0.1,0.4,0.36666666666666664,50,0.001,0,0
0.1,0.4,0.36666666666666664,50,0.0014444444444444444,0,2
0.1,0.4,0.36666666666666664,50,0.001888888888888889,2,5
0.1,0.4,0.36666666666666664,50,0.0023333333333333335,2,4
0.1,0.4,0.36666666666666664,50,0.002777777777777778,2,6
0.1,0.4,0.36666666666666664,50,0.0032222222222222222,5,8
0.1,0.4,0.36666666666666664,50,0.003666666666666667,5,10
0.1,0.4,0.36666666666666664,50,0.004111111111111111,6,11
0.1,0.4,0.36666666666666664,50,0.004555555555555556,7,12
0.1,0.4,0.36666666666666664,50,0.005,7,13
0.1,0.4,0.3888888888888889,50,0.001,0,0
0.1,0.4,0.3888888888888889,50,0.0014444444444444444,1,2
0.1,0.4,0.3888888888888889,50,0.001888888888888889,1,4
0.1,0.4,0.3888888888888889,50,0.0023333333333333335,2,6
0.1,0.4,0.3888888888888889,50,0.002777777777777778,4,8
0.1,0.4,0.3888888888888889,50,0.0032222222222222222,4,9
0.1,0.4,0.3888888888888889,50,0.003666666666666667,6,10
0.1,0.4,0.3888888888888889,50,0.004111111111111111,5,12
0.1,0.4,0.3888888888888889,50,0.004555555555555556,6,13
0.1,0.4,0.3888888888888889,50,0.005,8,15
0.1,0.4,0.4111111111111111,50,0.001,0,0
0.1,0.4,0.4111111111111111,50,0.0014444444444444444,1,3
0.1,0.4,0.4111111111111111,50,0.001888888888888889,1,4
0.1,0.4,0.4111111111111111,50,0.0023333333333333335,3,6
0.1,0.4,0.4111111111111111,50,0.002777777777777778,3,8
0.1,0.4,0.4111111111111111,50,0.0032222222222222222,5,10
0.1,0.4,0.4111111111111111,50,0.003666666666666667,6,11
0.1,0.4,0.4111111111111111,50,0.004111111111111111,7,12
0.1,0.4,0.4111111111111111,50,0.004555555555555556,7,13
0.1,0.4,0.4111111111111111,50,0.005,8,14
0.1,0.4,0.43333333333333335,50,0.001,0,1
0.1,0.4,0.43333333333333335,50,0.0014444444444444444,0,3
0.1,0.4,0.43333333333333335,50,0.001888888888888889,3,4
0.1,0.4,0.43333333333333335,50,0.0023333333333333335,3,6
0.1,0.4,0.43333333333333335,50,0.002777777777777778,5,8
0.1,0.4,0.43333333333333335,50,0.0032222222222222222,5,9
0.1,0.4,0.43333333333333335,50,0.003666666666666667,6,11
0.1,0.4,0.43333333333333335,50,0.004111111111111111,6,12
0.1,0.4,0.43333333333333335,50,0.004555555555555556,8,14
0.1,0.4,0.43333333333333335,50,0.005,8,15
0.1,0.4,0.45555555555555555,50,0.001,0,0
0.1,0.4,0.45555555555555555,50,0.0014444444444444444,1,3
0.1,0.4,0.45555555555555555,50,0.001888888888888889,3,5
0.1,0.4,0.45555555555555555,50,0.0023333333333333335,3,6
0.1,0.4,0.45555555555555555,50,0.002777777777777778,4,8
0.1,0.4,0.45555555555555555,50,0.0032222222222222222,5,11
0.1,0.4,0.45555555555555555,50,0.003666666666666667,7,12
0.1,0.4,0.45555555555555555,50,0.004111111111111111,7,12
0.1,0.4,0.45555555555555555,50,0.004555555555555556,9,14
0.1,0.4,0.45555555555555555,50,0.005,9,16
0.1,0.4,0.47777777777777775,50,0.001,0,1
0.1,0.4,0.47777777777777775,50,0.0014444444444444444,2,4
0.1,0.4,0.47777777777777775,50,0.001888888888888889,3,5
0.1,0.4,0.47777777777777775,50,0.0023333333333333335,3,7
0.1,0.4,0.47777777777777775,50,0.002777777777777778,5,9
0.1,0.4,0.47777777777777775,50,0.0032222222222222222,5,11
0.1,0.4,0.47777777777777775,50,0.003666666666666667,7,12
0.1,0.4,0.47777777777777775,50,0.004111111111111111,8,14
0.1,0.4,0.47777777777777775,50,0.004555555555555556,8,15
0.1,0.4,0.47777777777777775,50,0.005,9,16
0.1,0.4,0.5,50,0.001,1,1
0.1,0.4,0.5,50,0.0014444444444444444,0,3
0.1,0.4,0.5,50,0.001888888888888889,3,6
0.1,0.4,0.5,50,0.0023333333333333335,3,8
0.1,0.4,0.5,50,0.002777777777777778,5,8
0.1,0.4,0.5,50,0.0032222222222222222,5,10
0.1,0.4,0.5,50,0.003666666666666667,6,12
0.1,0.4,0.5,50,0.004111111111111111,7,14
0.1,0.4,0.5,50,0.004555555555555556,9,15
0.1,0.4,0.5,50,0.005,10,17
0.11666666666666668,0.2,0.3,50,0.001,0,0
0.11666666666666668,0.2,0.3,50,0.0014444444444444444,0,1
0.11666666666666668,0.2,0.3,50,0.001888888888888889,0,1
0.11666666666666668,0.2,0.3,50,0.0023333333333333335,1,2
0.11666666666666668,0.2,0.3,50,0.002777777777777778,1,3
0.11666666666666668,0.2,0.3,50,0.0032222222222222222,1,3
0.11666666666666668,0.2,0.3,50,0.003666666666666667,3,4
0.11666666666666668,0.2,0.3,50,0.004111111111111111,2,3
0.11666666666666668,0.2,0.3,50,0.004555555555555556,2,5
0.11666666666666668,0.2,0.3,50,0.005,3,5
0.11666666666666668,0.2,0.3222222222222222,50,0.001,0,0
0.11666666666666668,0.2,0.3222222222222222,50,0.0014444444444444444,0,1
0.11666666666666668,0.2,0.3222222222222222,50,0.001888888888888889,0,1
0.11666666666666668,0.2,0.3222222222222222,50,0.0023333333333333335,1,2
0.11666666666666668,0.2,0.3222222222222222,50,0.002777777777777778,1,3
0.11666666666666668,0.2,0.3222222222222222,50,0.0032222222222222222,2,3
0.11666666666666668,0.2,0.3222222222222222,50,0.003666666666666667,2,4
0.11666666666666668,0.2,0.3222222222222222,50,0.004111111111111111,3,5
0.11666666666666668,0.2,0.3222222222222222,50,0.004555555555555556,3,5
0.11666666666666668,0.2,0.3222222222222222,50,0.005,3,6
0.11666666666666668,0.2,0.34444444444444444,50,0.001,0,0
0.11666666666666668,0.2,0.34444444444444444,50,0.0014444444444444444,0,1
0.11666666666666668,0.2,0.34444444444444444,50,0.001888888888888889,1,2
0.11666666666666668,0.2,0.34444444444444444,50,0.0023333333333333335,1,3
0.11666666666666668,0.2,0.34444444444444444,50,0.002777777777777778,1,3
0.11666666666666668,0.2,0.34444444444444444,50,0.0032222222222222222,2,3
0.11666666666666668,0.2,0.34444444444444444,50,0.003666666666666667,2,4
0.11666666666666668,0.2,0.34444444444444444,50,0.004111111111111111,3,6
0.11666666666666668,0.2,0.34444444444444444,50,0.004555555555555556,3,6
0.11666666666666668,0.2,0.34444444444444444,50,0.005,3,6
0.11666666666666668,0.2,0.36666666666666664,50,0.001,0,0
0.11666666666666668,0.2,0.36666666666666664,50,0.0014444444444444444,0,1
0.11666666666666668,0.2,0.36666666666666664,50,0.001888888888888889,1,1
0.11666666666666668,0.2,0.36666666666666664,50,0.0023333333333333335,1,3
0.11666666666666668,0.2,0.36666666666666664,50,0.002777777777777778,1,3
0.11666666666666668,0.2,0.36666666666666664,50,0.0032222222222222222,3,4
0.11666666666666668,0.2,0.36666666666666664,50,0.003666666666666667,3,4
0.11666666666666668,0.2,0.36666666666666664,50,0.004111111111111111,3,5
0.11666666666666668,0.2,0.36666666666666664,50,0.004555555555555556,4,6
0.11666666666666668,0.2,0.36666666666666664,50,0.005,4,6
0.11666666666666668,0.2,0.3888888888888889,50,0.001,0,1
0.11666666666666668,0.2,0.3888888888888889,50,0.0014444444444444444,1,1
0.11666666666666668,0.2,0.3888888888888889,50,0.001888888888888889,1,2
0.11666666666666668,0.2,0.3888888888888889,50,0.0023333333333333335,1,3
0.11666666666666668,0.2,0.3888888888888889,50,0.002777777777777778,2,4
0.11666666666666668,0.2,0.3888888888888889,50,0.0032222222222222222,3,4
0.11666666666666668,0.2,0.3888888888888889,50,0.003666666666666667,3,5
0.11666666666666668,0.2,0.3888888888888889,50,0.004111111111111111,3,5
0.11666666666666668,0.2,0.3888888888888889,50,0.004555555555555556,4,7
0.11666666666666668,0.2,0.3888888888888889,50,0.005,3,7
0.11666666666666668,0.2,0.4111111111111111,50,0.001,1,1
0.11666666666666668,0.2,0.4111111111111111,50,0.0014444444444444444,1,2
0.11666666666666668,0.2,0.4111111111111111,50,0.001888888888888889,1,2
0.11666666666666668,0.2,0.4111111111111111,50,0.0023333333333333335,1,3
0.11666666666666668,0.2,0.4111111111111111,50,0.002777777777777778,2,3
0.11666666666666668,0.2,0.4111111111111111,50,0.0032222222222222222,3,5
0.11666666666666668,0.2,0.4111111111111111,50,0.003666666666666667,3,5
0.11666666666666668,0.2,0.4111111111111111,50,0.004111111111111111,3,6
0.11666666666666668,0.2,0.4111111111111111,50,0.004555555555555556,3,6
0.11666666666666668,0.2,0.4111111111111111,50,0.005,4,8
0.11666666666666668,0.2,0.43333333333333335,50,0.001,1,1
0.11666666666666668,0.2,0.43333333333333335,50,0.0014444444444444444,1,1
0.11666666666666668,0.2,0.43333333333333335,50,0.001888888888888889,1,3
0.11666666666666668,0.2,0.43333333333333335,50,0.0023333333333333335,1,3
0.11666666666666668,0.2,0.43333333333333335,50,0.002777777777777778,2,4
0.11666666666666668,0.2,0.43333333333333335,50,0.0032222222222222222,3,4
0.11666666666666668,0.2,0.43333333333333335,50,0.003666666666666667,3,5
0.11666666666666668,0.2,0.43333333333333335,50,0.004111111111111111,4,6
0.11666666666666668,0.2,0.43333333333333335,50,0.004555555555555556,4,7
0.11666666666666668,0.2,0.43333333333333335,50,0.005,4,7
0.11666666666666668,0.2,0.45555555555555555,50,0.001,0,1
0.11666666666666668,0.2,0.45555555555555555,50,0.0014444444444444444,1,1
0.11666666666666668,0.2,0.45555555555555555,50,0.001888888888888889,1,2
0.11666666666666668,0.2,0.45555555555555555,50,0.0023333333333333335,2,3
0.11666666666666668,0.2,0.45555555555555555,50,0.002777777777777778,3,3
0.11666666666666668,0.2,0.45555555555555555,50,0.0032222222222222222,3,5
0.11666666666666668,0.2,0.45555555555555555,50,0.003666666666666667,3,5
0.11666666666666668,0.2,0.45555555555555555,50,0.004111111111111111,3,6
0.11666666666666668,0.2,0.45555555555555555,50,0.004555555555555556,4,7
0.11666666666666668,0.2,0.45555555555555555,50,0.005,3,7
0.11666666666666668,0.2,0.47777777777777775,50,0.001,1,1
0.11666666666666668,0.2,0.47777777777777775,50,0.0014444444444444444,1,1
0.11666666666666668,0.2,0.47777777777777775,50,0.001888888888888889,1,2
0.11666666666666668,0.2,0.47777777777777775,50,0.0023333333333333335,2,3
0.11666666666666668,0.2,0.47777777777777775,50,0.002777777777777778,3,5
0.11666666666666668,0.2,0.47777777777777775,50,0.0032222222222222222,3,5
0.11666666666666668,0.2,0.47777777777777775,50,0.003666666666666667,3,6
0.11666666666666668,0.2,0.47777777777777775,50,0.004111111111111111,4,6
0.11666666666666668,0.2,0.47777777777777775,50,0.004555555555555556,4,7
0.11666666666666668,0.2,0.47777777777777775,50,0.005,4,9
0.11666666666666668,0.2,0.5,50,0.001,1,1
0.11666666666666668,0.2,0.5,50,0.0014444444444444444,1,1
0.11666666666666668,0.2,0.5,50,0.001888888888888889,2,2
0.11666666666666668,0.2,0.5,50,0.0023333333333333335,2,3
0.11666666666666668,0.2,0.5,50,0.002777777777777778,3,4
0.11666666666666668,0.2,0.5,50,0.0032222222222222222,3,5
0.11666666666666668,0.2,0.5,50,0.003666666666666667,3,7
0.11666666666666668,0.2,0.5,50,0.004111111111111111,4,7
0.11666666666666668,0.2,0.5,50,0.004555555555555556,4,8
0.11666666666666668,0.2,0.5,50,0.005,4,8
0.11666666666666668,0.22222222222222224,0.3,50,0.001,0,0
0.11666666666666668,0.22222222222222224,0.3,50,0.0014444444444444444,0,0
0.11666666666666668,0.22222222222222224,0.3,50,0.001888888888888889,0,1
0.11666666666666668,0.22222222222222224,0.3,50,0.0023333333333333335,1,2
0.11666666666666668,0.22222222222222224,0.3,50,0.002777777777777778,2,3
0.11666666666666668,0.22222222222222224,0.3,50,0.0032222222222222222,2,3
0.11666666666666668,0.22222222222222224,0.3,50,0.003666666666666667,2,5
0.11666666666666668,0.22222222222222224,0.3,50,0.004111111111111111,2,5
0.11666666666666668,0.22222222222222224,0.3,50,0.004555555555555556,3,6
0.11666666666666668,0.22222222222222224,0.3,50,0.005,3,6
0.11666666666666668,0.22222222222222224,0.3222222222222222,50,0.001,0,0
0.11666666666666668,0.22222222222222224,0.3222222222222222,50,0.0014444444444444444,0,0
0.11666666666666668,0.22222222222222224,0.3222222222222222,50,0.001888888888888889,1,2
0.11666666666666668,0.22222222222222224,0.3222222222222222,50,0.0023333333333333335,1,2
0.11666666666666668,0.22222222222222224,0.3222222222222222,50,0.002777777777777778,1,3
0.11666666666666668,0.22222222222222224,0.3222222222222222,50,0.0032222222222222222,2,3
0.11666666666666668,0.22222222222222224,0.3222222222222222,50,0.003666666666666667,3,4
0.11666666666666668,0.22222222222222224,0.3222222222222222,50,0.004111111111111111,3,5
0.11666666666666668,0.22222222222222224,0.3222222222222222,50,0.004555555555555556,3,6
0.11666666666666668,0.22222222222222224,0.3222222222222222,50,0.005,4,7
0.11666666666666668,0.22222222222222224,0.34444444444444444,50,0.001,0,0
0.11666666666666668,0.22222222222222224,0.34444444444444444,50,0.0014444444444444444,0,1
0.11666666666666668,0.22222222222222224,0.34444444444444444,50,0.001888888888888889,1,1
0.11666666666666668,0.22222222222222224,0.34444444444444444,50,0.0023333333333333335,2,3
0.11666666666666668,0.22222222222222224,0.34444444444444444,50,0.002777777777777778,2,4
0.11666666666666668,0.22222222222222224,0.34444444444444444,50,0.0032222222222222222,2,4
0.11666666666666668,0.22222222222222224,0.34444444444444444,50,0.003666666666666667,3,5
0.11666666666666668,0.22222222222222224,0.34444444444444444,50,0.004111111111111111,3,6
0.11666666666666668,0.22222222222222224,0.34444444444444444,50,0.004555555555555556,3,7
0.11666666666666668,0.22222222222222224,0.34444444444444444,50,0.005,5,7
0.11666666666666668,0.22222222222222224,0.36666666666666664,50,0.001,0,1
0.11666666666666668,0.22222222222222224,0.36666666666666664,50,0.0014444444444444444,1,1
0.11666666666666668,0.22222222222222224,0.36666666666666664,50,0.001888888888888889,1,2
0.11666666666666668,0.22222222222222224,0.36666666666666664,50,0.0023333333333333335,1,3
0.11666666666666668,0.22222222222222224,0.36666666666666664,50,0.002777777777777778,3,4
0.11666666666666668,0.22222222222222224,0.36666666666666664,50,0.0032222222222222222,3,4
0.11666666666666668,0.22222222222222224,0.36666666666666664,50,0.003666666666666667,3,5
0.11666666666666668,0.22222222222222224,0.36666666666666664,50,0.004111111111111111,3,7
0.11666666666666668,0.22222222222222224,0.36666666666666664,50,0.004555555555555556,3,7
0.11666666666666668,0.22222222222222224,0.36666666666666664,50,0.005,3,7
0.11666666666666668,0.22222222222222224,0.3888888888888889,50,0.001,0,1
0.11666666666666668,0.22222222222222224,0.3888888888888889,50,0.0014444444444444444,1,1
0.11666666666666668,0.22222222222222224,0.3888888888888889,50,0.001888888888888889,1,3
0.11666666666666668,0.22222222222222224,0.3888888888888889,50,0.0023333333333333335,2,3
0.11666666666666668,0.22222222222222224,0.3888888888888889,50,0.002777777777777778,3,4
0.11666666666666668,0.22222222222222224,0.3888888888888889,50,0.0032222222222222222,3,5
0.11666666666666668,0.22222222222222224,0.3888888888888889,50,0.003666666666666667,3,6
0.11666666666666668,0.22222222222222224,0.3888888888888889,50,0.004111111111111111,4,6
0.11666666666666668,0.22222222222222224,0.3888888888888889,50,0.004555555555555556,4,7
0.11666666666666668,0.22222222222222224,0.3888888888888889,50,0.005,4,7
0.11666666666666668,0.22222222222222224,0.4111111111111111,50,0.001,1,1
0.11666666666666668,0.22222222222222224,0.4111111111111111,50,0.0014444444444444444,1,1
0.11666666666666668,0.22222222222222224,0.4111111111111111,50,0.001888888888888889,1,2
0.11666666666666668,0.22222222222222224,0.4111111111111111,50,0.0023333333333333335,1,3
0.11666666666666668,0.22222222222222224,0.4111111111111111,50,0.002777777777777778,2,4
0.11666666666666668,0.22222222222222224,0.4111111111111111,50,0.0032222222222222222,3,4
0.11666666666666668,0.22222222222222224,0.4111111111111111,50,0.003666666666666667,3,7
0.11666666666666668,0.22222222222222224,0.4111111111111111,50,0.004111111111111111,3,6
0.11666666666666668,0.22222222222222224,0.4111111111111111,50,0.004555555555555556,4,7
0.11666666666666668,0.22222222222222224,0.4111111111111111,50,0.005,4,9
0.11666666666666668,0.22222222222222224,0.43333333333333335,50,0.001,1,1
0.11666666666666668,0.22222222222222224,0.43333333333333335,50,0.0014444444444444444,1,1
0.11666666666666668,0.22222222222222224,0.43333333333333335,50,0.001888888888888889,1,3
0.11666666666666668,0.22222222222222224,0.43333333333333335,50,0.0023333333333333335,2,3
0.11666666666666668,0.22222222222222224,0.43333333333333335,50,0.002777777777777778,3,5
0.11666666666666668,0.22222222222222224,0.43333333333333335,50,0.0032222222222222222,3,5
0.11666666666666668,0.22222222222222224,0.43333333333333335,50,0.003666666666666667,3,6
0.11666666666666668,0.22222222222222224,0.43333333333333335,50,0.004111111111111111,4,7
0.11666666666666668,0.22222222222222224,0.43333333333333335,50,0.004555555555555556,4,8
0.11666666666666668,0.22222222222222224,0.43333333333333335,50,0.005,5,7
0.11666666666666668,0.22222222222222224,0.45555555555555555,50,0.001,1,1
0.11666666666666668,0.22222222222222224,0.45555555555555555,50,0.0014444444444444444,1,1
0.11666666666666668,0.22222222222222224,0.45555555555555555,50,0.001888888888888889,2,3
0.11666666666666668,0.22222222222222224,0.45555555555555555,50,0.0023333333333333335,2,4
0.11666666666666668,0.22222222222222224,0.45555555555555555,50,0.002777777777777778,3,5
0.11666666666666668,0.22222222222222224,0.45555555555555555,50,0.0032222222222222222,3,5
0.11666666666666668,0.22222222222222224,0.45555555555555555,50,0.003666666666666667,4,6
0.11666666666666668,0.22222222222222224,0.45555555555555555,50,0.004111111111111111,4,7
0.11666666666666668,0.22222222222222224,0.45555555555555555,50,0.004555555555555556,4,9
0.11666666666666668,0.22222222222222224,0.45555555555555555,50,0.005,4,8
0.11666666666666668,0.22222222222222224,0.47777777777777775,50,0.001,1,1
0.11666666666666668,0.22222222222222224,0.47777777777777775,50,0.0014444444444444444,1,1
0.11666666666666668,0.22222222222222224,0.47777777777777775,50,0.001888888888888889,1,2
0.11666666666666668,0.22222222222222224,0.47777777777777775,50,0.0023333333333333335,2,3
0.11666666666666668,0.22222222222222224,0.47777777777777775,50,0.002777777777777778,3,5
0.11666666666666668,0.22222222222222224,0.47777777777777775,50,0.0032222222222222222,3,6
0.11666666666666668,0.22222222222222224,0.47777777777777775,50,0.003666666666666667,4,6
0.11666666666666668,0.22222222222222224,0.47777777777777775,50,0.004111111111111111,5,7
0.11666666666666668,0.22222222222222224,0.47777777777777775,50,0.004555555555555556,4,7
0.11666666666666668,0.22222222222222224,0.47777777777777775,50,0.005,5,9
0.11666666666666668,0.22222222222222224,0.5,50,0.001,1,1
0.11666666666666668,0.22222222222222224,0.5,50,0.0014444444444444444,1,2
0.11666666666666668,0.22222222222222224,0.5,50,0.001888888888888889,1,3
0.11666666666666668,0.22222222222222224,0.5,50,0.0023333333333333335,3,4
0.11666666666666668,0.22222222222222224,0.5,50,0.002777777777777778,3,5
0.11666666666666668,0.22222222222222224,0.5,50,0.0032222222222222222,3,6
0.11666666666666668,0.22222222222222224,0.5,50,0.003666666666666667,4,6
0.11666666666666668,0.22222222222222224,0.5,50,0.004111111111111111,4,7
0.11666666666666668,0.22222222222222224,0.5,50,0.004555555555555556,5,8
0.11666666666666668,0.22222222222222224,0.5,50,0.005,6,9
0.11666666666666668,0.24444444444444446,0.3,50,0.001,0,0
0.11666666666666668,0.24444444444444446,0.3,50,0.0014444444444444444,0,1
0.11666666666666668,0.24444444444444446,0.3,50,0.001888888888888889,0,2
0.11666666666666668,0.24444444444444446,0.3,50,0.0023333333333333335,1,3
0.11666666666666668,0.24444444444444446,0.3,50,0.002777777777777778,1,3
0.11666666666666668,0.24444444444444446,0.3,50,0.0032222222222222222,1,4
0.11666666666666668,0.24444444444444446,0.3,50,0.003666666666666667,3,5
0.11666666666666668,0.24444444444444446,0.3,50,0.004111111111111111,3,5
0.11666666666666668,0.24444444444444446,0.3,50,0.004555555555555556,3,6
0.11666666666666668,0.24444444444444446,0.3,50,0.005,4,7
0.11666666666666668,0.24444444444444446,0.3222222222222222,50,0.001,0,0
0.11666666666666668,0.24444444444444446,0.3222222222222222,50,0.0014444444444444444,0,1
0.11666666666666668,0.24444444444444446,0.3222222222222222,50,0.001888888888888889,1,2
0.11666666666666668,0.24444444444444446,0.3222222222222222,50,0.0023333333333333335,1,3
0.11666666666666668,0.24444444444444446,0.3222222222222222,50,0.002777777777777778,2,4
0.11666666666666668,0.24444444444444446,0.3222222222222222,50,0.0032222222222222222,2,4
0.11666666666666668,0.24444444444444446,0.3222222222222222,50,0.003666666666666667,3,6
0.11666666666666668,0.24444444444444446,0.3222222222222222,50,0.004111111111111111,3,6
0.11666666666666668,0.24444444444444446,0.3222222222222222,50,0.004555555555555556,3,6
0.11666666666666668,0.24444444444444446,0.3222222222222222,50,0.005,4,8
0.11666666666666668,0.24444444444444446,0.34444444444444444,50,0.001,0,1
0.11666666666666668,0.24444444444444446,0.34444444444444444,50,0.0014444444444444444,0,1
0.11666666666666668,0.24444444444444446,0.34444444444444444,50,0.001888888888888889,1,3
0.11666666666666668,0.24444444444444446,0.34444444444444444,50,0.0023333333333333335,1,3
0.11666666666666668,0.24444444444444446,0.34444444444444444,50,0.002777777777777778,2,4
0.11666666666666668,0.24444444444444446,0.34444444444444444,50,0.0032222222222222222,3,5
0.11666666666666668,0.24444444444444446,0.34444444444444444,50,0.003666666666666667,3,6
0.11666666666666668,0.24444444444444446,0.34444444444444444,50,0.004111111111111111,3,6
0.11666666666666668,0.24444444444444446,0.34444444444444444,50,0.004555555555555556,4,7
0.11666666666666668,0.24444444444444446,0.34444444444444444,50,0.005,4,8
0.11666666666666668,0.24444444444444446,0.36666666666666664,50,0.001,0,1
0.11666666666666668,0.24444444444444446,0.36666666666666664,50,0.0014444444444444444,1,1
0.11666666666666668,0.24444444444444446,0.36666666666666664,50,0.001888888888888889,1,2
0.11666666666666668,0.24444444444444446,0.36666666666666664,50,0.0023333333333333335,1,3
0.11666666666666668,0.24444444444444446,0.36666666666666664,50,0.002777777777777778,3,4
0.11666666666666668,0.24444444444444446,0.36666666666666664,50,0.0032222222222222222,3,5
0.11666666666666668,0.24444444444444446,0.36666666666666664,50,0.003666666666666667,3,5
0.11666666666666668,0.24444444444444446,0.36666666666666664,50,0.004111111111111111,4,7
0.11666666666666668,0.24444444444444446,0.36666666666666664,50,0.004555555555555556,4,7
0.11666666666666668,0.24444444444444446,0.36666666666666664,50,0.005,4,9
0.11666666666666668,0.24444444444444446,0.3888888888888889,50,0.001,0,1
0.11666666666666668,0.24444444444444446,0.3888888888888889,50,0.0014444444444444444,1,1
0.11666666666666668,0.24444444444444446,0.3888888888888889,50,0.001888888888888889,1,2
0.11666666666666668,0.24444444444444446,0.3888888888888889,50,0.0023333333333333335,2,3
0.11666666666666668,0.24444444444444446,0.3888888888888889,50,0.002777777777777778,2,5
0.11666666666666668,0.24444444444444446,0.3888888888888889,50,0.0032222222222222222,3,6
0.11666666666666668,0.24444444444444446,0.3888888888888889,50,0.003666666666666667,3,6
0.11666666666666668,0.24444444444444446,0.3888888888888889,50,0.004111111111111111,3,7
0.11666666666666668,0.24444444444444446,0.3888888888888889,50,0.004555555555555556,5,7
0.11666666666666668,0.24444444444444446,0.3888888888888889,50,0.005,4,8
0.11666666666666668,0.24444444444444446,0.4111111111111111,50,0.001,0,1
0.11666666666666668,0.24444444444444446,0.4111111111111111,50,0.0014444444444444444,1,2
0.11666666666666668,0.24444444444444446,0.4111111111111111,50,0.001888888888888889,2,3
0.11666666666666668,0.24444444444444446,0.4111111111111111,50,0.0023333333333333335,3,3
0.11666666666666668,0.24444444444444446,0.4111111111111111,50,0.002777777777777778,3,5
0.11666666666666668,0.24444444444444446,0.4111111111111111,50,0.0032222222222222222,3,5
0.11666666666666668,0.24444444444444446,0.4111111111111111,50,0.003666666666666667,3,7
0.11666666666666668,0.24444444444444446,0.4111111111111111,50,0.004111111111111111,5,7
0.11666666666666668,0.24444444444444446,0.4111111111111111,50,0.004555555555555556,4,8
0.11666666666666668,0.24444444444444446,0.4111111111111111,50,0.005,4,8
0.11666666666666668,0.24444444444444446,0.43333333333333335,50,0.001,0,1
0.11666666666666668,0.24444444444444446,0.43333333333333335,50,0.0014444444444444444,1,2
0.11666666666666668,0.24444444444444446,0.43333333333333335,50,0.001888888888888889,1,3
0.11666666666666668,0.24444444444444446,0.43333333333333335,50,0.0023333333333333335,3,4
0.11666666666666668,0.24444444444444446,0.43333333333333335,50,0.002777777777777778,3,4
0.11666666666666668,0.24444444444444446,0.43333333333333335,50,0.0032222222222222222,3,6
0.11666666666666668,0.24444444444444446,0.43333333333333335,50,0.003666666666666667,3,7
0.11666666666666668,0.24444444444444446,0.43333333333333335,50,0.004111111111111111,5,8
0.11666666666666668,0.24444444444444446,0.43333333333333335,50,0.004555555555555556,4,8
0.11666666666666668,0.24444444444444446,0.43333333333333335,50,0.005,5,9
0.11666666666666668,0.24444444444444446,0.45555555555555555,50,0.001,0,1
0.11666666666666668,0.24444444444444446,0.45555555555555555,50,0.0014444444444444444,1,2
0.11666666666666668,0.24444444444444446,0.45555555555555555,50,0.001888888888888889,2,3
0.11666666666666668,0.24444444444444446,0.45555555555555555,50,0.0023333333333333335,3,4
0.11666666666666668,0.24444444444444446,0.45555555555555555,50,0.002777777777777778,3,5
0.11666666666666668,0.24444444444444446,0.45555555555555555,50,0.0032222222222222222,3,6
0.11666666666666668,0.24444444444444446,0.45555555555555555,50,0.003666666666666667,4,7
0.11666666666666668,0.24444444444444446,0.45555555555555555,50,0.004111111111111111,4,7
0.11666666666666668,0.24444444444444446,0.45555555555555555,50,0.004555555555555556,5,9
0.11666666666666668,0.24444444444444446,0.45555555555555555,50,0.005,6,9
0.11666666666666668,0.24444444444444446,0.47777777777777775,50,0.001,1,1
0.11666666666666668,0.24444444444444446,0.47777777777777775,50,0.0014444444444444444,1,2
0.11666666666666668,0.24444444444444446,0.47777777777777775,50,0.001888888888888889,3,3
0.11666666666666668,0.24444444444444446,0.47777777777777775,50,0.0023333333333333335,3,4
0.11666666666666668,0.24444444444444446,0.47777777777777775,50,0.002777777777777778,3,5
0.11666666666666668,0.24444444444444446,0.47777777777777775,50,0.0032222222222222222,3,7
0.11666666666666668,0.24444444444444446,0.47777777777777775,50,0.003666666666666667,4,7
0.11666666666666668,0.24444444444444446,0.47777777777777775,50,0.004111111111111111,4,8
0.11666666666666668,0.24444444444444446,0.47777777777777775,50,0.004555555555555556,5,9
0.11666666666666668,0.24444444444444446,0.47777777777777775,50,0.005,5,10
0.11666666666666668,0.24444444444444446,0.5,50,0.001,1,1
0.11666666666666668,0.24444444444444446,0.5,50,0.0014444444444444444,1,2
0.11666666666666668,0.24444444444444446,0.5,50,0.001888888888888889,2,3
0.11666666666666668,0.24444444444444446,0.5,50,0.0023333333333333335,3,4
0.11666666666666668,0.24444444444444446,0.5,50,0.002777777777777778,3,6
0.11666666666666668,0.24444444444444446,0.5,50,0.0032222222222222222,3,6
0.11666666666666668,0.24444444444444446,0.5,50,0.003666666666666667,5,7
0.11666666666666668,0.24444444444444446,0.5,50,0.004111111111111111,4,8
0.11666666666666668,0.24444444444444446,0.5,50,0.004555555555555556,5,8
0.11666666666666668,0.24444444444444446,0.5,50,0.005,5,10
0.11666666666666668,0.26666666666666666,0.3,50,0.001,0,0
0.11666666666666668,0.26666666666666666,0.3,50,0.0014444444444444444,0,1
0.11666666666666668,0.26666666666666666,0.3,50,0.001888888888888889,0,1
0.11666666666666668,0.26666666666666666,0.3,50,0.0023333333333333335,1,3
0.11666666666666668,0.26666666666666666,0.3,50,0.002777777777777778,1,4
0.11666666666666668,0.26666666666666666,0.3,50,0.0032222222222222222,2,5
0.11666666666666668,0.26666666666666666,0.3,50,0.003666666666666667,3,5
0.11666666666666668,0.26666666666666666,0.3,50,0.004111111111111111,3,6
0.11666666666666668,0.26666666666666666,0.3,50,0.004555555555555556,4,7
0.11666666666666668,0.26666666666666666,0.3,50,0.005,4,8
0.11666666666666668,0.26666666666666666,0.3222222222222222,50,0.001,0,0
0.11666666666666668,0.26666666666666666,0.3222222222222222,50,0.0014444444444444444,0,1
0.11666666666666668,0.26666666666666666,0.3222222222222222,50,0.001888888888888889,0,2
0.11666666666666668,0.26666666666666666,0.3222222222222222,50,0.0023333333333333335,1,3
0.11666666666666668,0.26666666666666666,0.3222222222222222,50,0.002777777777777778,2,4
0.11666666666666668,0.26666666666666666,0.3222222222222222,50,0.0032222222222222222,3,5
0.11666666666666668,0.26666666666666666,0.3222222222222222,50,0.003666666666666667,3,5
0.11666666666666668,0.26666666666666666,0.3222222222222222,50,0.004111111111111111,3,6
0.11666666666666668,0.26666666666666666,0.3222222222222222,50,0.004555555555555556,4,7
0.11666666666666668,0.26666666666666666,0.3222222222222222,50,0.005,4,7
0.11666666666666668,0.26666666666666666,0.34444444444444444,50,0.001,0,0
0.11666666666666668,0.26666666666666666,0.34444444444444444,50,0.0014444444444444444,0,1
0.11666666666666668,0.26666666666666666,0.34444444444444444,50,0.001888888888888889,1,2
0.11666666666666668,0.26666666666666666,0.34444444444444444,50,0.0023333333333333335,2,3
0.11666666666666668,0.26666666666666666,0.34444444444444444,50,0.002777777777777778,1,4
0.11666666666666668,0.26666666666666666,0.34444444444444444,50,0.0032222222222222222,3,5
0.11666666666666668,0.26666666666666666,0.34444444444444444,50,0.003666666666666667,3,6
0.11666666666666668,0.26666666666666666,0.34444444444444444,50,0.004111111111111111,4,7
0.11666666666666668,0.26666666666666666,0.34444444444444444,50,0.004555555555555556,4,7
0.11666666666666668,0.26666666666666666,0.34444444444444444,50,0.005,4,8
0.11666666666666668,0.26666666666666666,0.36666666666666664,50,0.001,0,1
0.11666666666666668,0.26666666666666666,0.36666666666666664,50,0.0014444444444444444,0,1
0.11666666666666668,0.26666666666666666,0.36666666666666664,50,0.001888888888888889,1,3
0.11666666666666668,0.26666666666666666,0.36666666666666664,50,0.0023333333333333335,1,3
0.11666666666666668,0.26666666666666666,0.36666666666666664,50,0.002777777777777778,3,5
0.11666666666666668,0.26666666666666666,0.36666666666666664,50,0.0032222222222222222,3,5
0.11666666666666668,0.26666666666666666,0.36666666666666664,50,0.003666666666666667,4,6
0.11666666666666668,0.26666666666666666,0.36666666666666664,50,0.004111111111111111,4,8
0.11666666666666668,0.26666666666666666,0.36666666666666664,50,0.004555555555555556,5,7
0.11666666666666668,0.26666666666666666,0.36666666666666664,50,0.005,5,9
0.11666666666666668,0.26666666666666666,0.3888888888888889,50,0.001,0,1
0.11666666666666668,0.26666666666666666,0.3888888888888889,50,0.0014444444444444444,1,2
0.11666666666666668,0.26666666666666666,0.3888888888888889,50,0.001888888888888889,2,3
0.11666666666666668,0.26666666666666666,0.3888888888888889,50,0.0023333333333333335,2,4
0.11666666666666668,0.26666666666666666,0.3888888888888889,50,0.002777777777777778,3,5
0.11666666666666668,0.26666666666666666,0.3888888888888889,50,0.0032222222222222222,3,6
0.11666666666666668,0.26666666666666666,0.3888888888888889,50,0.003666666666666667,3,7
0.11666666666666668,0.26666666666666666,0.3888888888888889,50,0.004111111111111111,3,7
0.11666666666666668,0.26666666666666666,0.3888888888888889,50,0.004555555555555556,5,8
0.11666666666666668,0.26666666666666666,0.3888888888888889,50,0.005,6,10
0.11666666666666668,0.26666666666666666,0.4111111111111111,50,0.001,1,1
0.11666666666666668,0.26666666666666666,0.4111111111111111,50,0.0014444444444444444,1,2
0.11666666666666668,0.26666666666666666,0.4111111111111111,50,0.001888888888888889,1,3
0.11666666666666668,0.26666666666666666,0.4111111111111111,50,0.0023333333333333335,2,4
0.11666666666666668,0.26666666666666666,0.4111111111111111,50,0.002777777777777778,3,5
0.11666666666666668,0.26666666666666666,0.4111111111111111,50,0.0032222222222222222,3,6
0.11666666666666668,0.26666666666666666,0.4111111111111111,50,0.003666666666666667,4,7
0.11666666666666668,0.26666666666666666,0.4111111111111111,50,0.004111111111111111,4,8
0.11666666666666668,0.26666666666666666,0.4111111111111111,50,0.004555555555555556,5,8
0.11666666666666668,0.26666666666666666,0.4111111111111111,50,0.005,6,10
0.11666666666666668,0.26666666666666666,0.43333333333333335,50,0.001,1,1
0.11666666666666668,0.26666666666666666,0.43333333333333335,50,0.0014444444444444444,1,2
0.11666666666666668,0.26666666666666666,0.43333333333333335,50,0.001888888888888889,1,3
0.11666666666666668,0.26666666666666666,0.43333333333333335,50,0.0023333333333333335,3,4
0.11666666666666668,0.26666666666666666,0.43333333333333335,50,0.002777777777777778,3,5
0.11666666666666668,0.26666666666666666,0.43333333333333335,50,0.0032222222222222222,3,7
0.11666666666666668,0.26666666666666666,0.43333333333333335,50,0.003666666666666667,4,7
0.11666666666666668,0.26666666666666666,0.43333333333333335,50,0.004111111111111111,5,8
0.11666666666666668,0.26666666666666666,0.43333333333333335,50,0.004555555555555556,5,10
0.11666666666666668,0.26666666666666666,0.43333333333333335,50,0.005,6,10
0.11666666666666668,0.26666666666666666,0.45555555555555555,50,0.001,1,1
0.11666666666666668,0.26666666666666666,0.45555555555555555,50,0.0014444444444444444,1,2
0.11666666666666668,0.26666666666666666,0.45555555555555555,50,0.001888888888888889,3,4
0.11666666666666668,0.26666666666666666,0.45555555555555555,50,0.0023333333333333335,3,4
0.11666666666666668,0.26666666666666666,0.45555555555555555,50,0.002777777777777778,3,5
0.11666666666666668,0.26666666666666666,0.45555555555555555,50,0.0032222222222222222,4,7
0.11666666666666668,0.26666666666666666,0.45555555555555555,50,0.003666666666666667,4,6
0.11666666666666668,0.26666666666666666,0.45555555555555555,50,0.004111111111111111,5,7
0.11666666666666668,0.26666666666666666,0.45555555555555555,50,0.004555555555555556,6,9
0.11666666666666668,0.26666666666666666,0.45555555555555555,50,0.005,5,11
0.11666666666666668,0.26666666666666666,0.47777777777777775,50,0.001,1,1
0.11666666666666668,0.26666666666666666,0.47777777777777775,50,0.0014444444444444444,1,3
0.11666666666666668,0.26666666666666666,0.47777777777777775,50,0.001888888888888889,2,4
0.11666666666666668,0.26666666666666666,0.47777777777777775,50,0.0023333333333333335,3,5
0.11666666666666668,0.26666666666666666,0.47777777777777775,50,0.002777777777777778,3,6
0.11666666666666668,0.26666666666666666,0.47777777777777775,50,0.0032222222222222222,4,6
0.11666666666666668,0.26666666666666666,0.47777777777777775,50,0.003666666666666667,5,8
0.11666666666666668,0.26666666666666666,0.47777777777777775,50,0.004111111111111111,5,9
0.11666666666666668,0.26666666666666666,0.47777777777777775,50,0.004555555555555556,5,10
0.11666666666666668,0.26666666666666666,0.47777777777777775,50,0.005,7,11
0.11666666666666668,0.26666666666666666,0.5,50,0.001,1,1
0.11666666666666668,0.26666666666666666,0.5,50,0.0014444444444444444,1,2
0.11666666666666668,0.26666666666666666,0.5,50,0.001888888888888889,3,3
0.11666666666666668,0.26666666666666666,0.5,50,0.0023333333333333335,3,5
0.11666666666666668,0.26666666666666666,0.5,50,0.002777777777777778,3,6
0.11666666666666668,0.26666666666666666,0.5,50,0.0032222222222222222,4,7
0.11666666666666668,0.26666666666666666,0.5,50,0.003666666666666667,4,8
0.11666666666666668,0.26666666666666666,0.5,50,0.004111111111111111,5,9
0.11666666666666668,0.26666666666666666,0.5,50,0.004555555555555556,5,10
0.11666666666666668,0.26666666666666666,0.5,50,0.005,5,10
0.11666666666666668,0.2888888888888889,0.3,50,0.001,0,0
0.11666666666666668,0.2888888888888889,0.3,50,0.0014444444444444444,0,0
0.11666666666666668,0.2888888888888889,0.3,50,0.001888888888888889,0,1
0.11666666666666668,0.2888888888888889,0.3,50,0.0023333333333333335,2,3
0.11666666666666668,0.2888888888888889,0.3,50,0.002777777777777778,1,3
0.11666666666666668,0.2888888888888889,0.3,50,0.0032222222222222222,2,5
0.11666666666666668,0.2888888888888889,0.3,50,0.003666666666666667,3,6
0.11666666666666668,0.2888888888888889,0.3,50,0.004111111111111111,3,6
0.11666666666666668,0.2888888888888889,0.3,50,0.004555555555555556,4,7
0.11666666666666668,0.2888888888888889,0.3,50,0.005,4,9
0.11666666666666668,0.2888888888888889,0.3222222222222222,50,0.001,0,0
0.11666666666666668,0.2888888888888889,0.3222222222222222,50,0.0014444444444444444,0,1
0.11666666666666668,0.2888888888888889,0.3222222222222222,50,0.001888888888888889,1,2
0.11666666666666668,0.2888888888888889,0.3222222222222222,50,0.0023333333333333335,1,3
0.11666666666666668,0.2888888888888889,0.3222222222222222,50,0.002777777777777778,2,4
0.11666666666666668,0.2888888888888889,0.3222222222222222,50,0.0032222222222222222,3,6
0.11666666666666668,0.2888888888888889,0.3222222222222222,50,0.003666666666666667,4,6
0.11666666666666668,0.2888888888888889,0.3222222222222222,50,0.004111111111111111,5,7
0.11666666666666668,0.2888888888888889,0.3222222222222222,50,0.004555555555555556,5,7
0.11666666666666668,0.2888888888888889,0.3222222222222222,50,0.005,4,9
0.11666666666666668,0.2888888888888889,0.34444444444444444,50,0.001,0,0
0.11666666666666668,0.2888888888888889,0.34444444444444444,50,0.0014444444444444444,1,1
0.11666666666666668,0.2888888888888889,0.34444444444444444,50,0.001888888888888889,1,3
0.11666666666666668,0.2888888888888889,0.34444444444444444,50,0.0023333333333333335,2,3
0.11666666666666668,0.2888888888888889,0.34444444444444444,50,0.002777777777777778,3,5
0.11666666666666668,0.2888888888888889,0.34444444444444444,50,0.0032222222222222222,3,5
0.11666666666666668,0.2888888888888889,0.34444444444444444,50,0.003666666666666667,4,7
0.11666666666666668,0.2888888888888889,0.34444444444444444,50,0.004111111111111111,3,7
0.11666666666666668,0.2888888888888889,0.34444444444444444,50,0.004555555555555556,5,8
0.11666666666666668,0.2888888888888889,0.34444444444444444,50,0.005,5,9
0.11666666666666668,0.2888888888888889,0.36666666666666664,50,0.001,0,0
0.11666666666666668,0.2888888888888889,0.36666666666666664,50,0.0014444444444444444,1,1
0.11666666666666668,0.2888888888888889,0.36666666666666664,50,0.001888888888888889,1,3
0.11666666666666668,0.2888888888888889,0.36666666666666664,50,0.0023333333333333335,2,3
0.11666666666666668,0.2888888888888889,0.36666666666666664,50,0.002777777777777778,3,6
0.11666666666666668,0.2888888888888889,0.36666666666666664,50,0.0032222222222222222,3,6
0.11666666666666668,0.2888888888888889,0.36666666666666664,50,0.003666666666666667,3,7
0.11666666666666668,0.2888888888888889,0.36666666666666664,50,0.004111111111111111,4,8
0.11666666666666668,0.2888888888888889,0.36666666666666664,50,0.004555555555555556,4,9
0.11666666666666668,0.2888888888888889,0.36666666666666664,50,0.005,5,10
0.11666666666666668,0.2888888888888889,0.3888888888888889,50,0.001,0,1
0.11666666666666668,0.2888888888888889,0.3888888888888889,50,0.0014444444444444444,1,2
0.11666666666666668,0.2888888888888889,0.3888888888888889,50,0.001888888888888889,2,3
0.11666666666666668,0.2888888888888889,0.3888888888888889,50,0.0023333333333333335,3,4
0.11666666666666668,0.2888888888888889,0.3888888888888889,50,0.002777777777777778,3,4
0.11666666666666668,0.2888888888888889,0.3888888888888889,50,0.0032222222222222222,3,6
0.11666666666666668,0.2888888888888889,0.3888888888888889,50,0.003666666666666667,4,7
0.11666666666666668,0.2888888888888889,0.3888888888888889,50,0.004111111111111111,5,8
0.11666666666666668,0.2888888888888889,0.3888888888888889,50,0.004555555555555556,6,9
0.11666666666666668,0.2888888888888889,0.3888888888888889,50,0.005,6,10
0.11666666666666668,0.2888888888888889,0.4111111111111111,50,0.001,0,1
0.11666666666666668,0.2888888888888889,0.4111111111111111,50,0.0014444444444444444,1,2
0.11666666666666668,0.2888888888888889,0.4111111111111111,50,0.001888888888888889,3,3
0.11666666666666668,0.2888888888888889,0.4111111111111111,50,0.0023333333333333335,3,5
0.11666666666666668,0.2888888888888889,0.4111111111111111,50,0.002777777777777778,3,6
0.11666666666666668,0.2888888888888889,0.4111111111111111,50,0.0032222222222222222,4,7
0.11666666666666668,0.2888888888888889,0.4111111111111111,50,0.003666666666666667,5,8
0.11666666666666668,0.2888888888888889,0.4111111111111111,50,0.004111111111111111,5,8
0.11666666666666668,0.2888888888888889,0.4111111111111111,50,0.004555555555555556,5,10
0.11666666666666668,0.2888888888888889,0.4111111111111111,50,0.005,6,11
0.11666666666666668,0.2888888888888889,0.43333333333333335,50,0.001,1,1
0.11666666666666668,0.2888888888888889,0.43333333333333335,50,0.0014444444444444444,1,2
0.11666666666666668,0.2888888888888889,0.43333333333333335,50,0.001888888888888889,3,4
0.11666666666666668,0.2888888888888889,0.43333333333333335,50,0.0023333333333333335,3,5
0.11666666666666668,0.2888888888888889,0.43333333333333335,50,0.002777777777777778,3,6
0.11666666666666668,0.2888888888888889,0.43333333333333335,50,0.0032222222222222222,5,7
0.11666666666666668,0.2888888888888889,0.43333333333333335,50,0.003666666666666667,4,8
0.11666666666666668,0.2888888888888889,0.43333333333333335,50,0.004111111111111111,6,9
0.11666666666666668,0.2888888888888889,0.43333333333333335,50,0.004555555555555556,6,10
0.11666666666666668,0.2888888888888889,0.43333333333333335,50,0.005,6,10
0.11666666666666668,0.2888888888888889,0.45555555555555555,50,0.001,1,1
0.11666666666666668,0.2888888888888889,0.45555555555555555,50,0.0014444444444444444,1,3
0.11666666666666668,0.2888888888888889,0.45555555555555555,50,0.001888888888888889,3,3
0.11666666666666668,0.2888888888888889,0.45555555555555555,50,0.0023333333333333335,3,4
0.11666666666666668,0.2888888888888889,0.45555555555555555,50,0.002777777777777778,3,5
0.11666666666666668,0.2888888888888889,0.45555555555555555,50,0.0032222222222222222,5,7
0.11666666666666668,0.2888888888888889,0.45555555555555555,50,0.003666666666666667,5,8
0.11666666666666668,0.2888888888888889,0.45555555555555555,50,0.004111111111111111,5,10
0.11666666666666668,0.2888888888888889,0.45555555555555555,50,0.004555555555555556,6,10
0.11666666666666668,0.2888888888888889,0.45555555555555555,50,0.005,7,11
0.11666666666666668,0.2888888888888889,0.47777777777777775,50,0.001,1,1
0.11666666666666668,0.2888888888888889,0.47777777777777775,50,0.0014444444444444444,2,3
0.11666666666666668,0.2888888888888889,0.47777777777777775,50,0.001888888888888889,3,4
0.11666666666666668,0.2888888888888889,0.47777777777777775,50,0.0023333333333333335,3,5
0.11666666666666668,0.2888888888888889,0.47777777777777775,50,0.002777777777777778,3,6
0.11666666666666668,0.2888888888888889,0.47777777777777775,50,0.0032222222222222222,3,7
0.11666666666666668,0.2888888888888889,0.47777777777777775,50,0.003666666666666667,5,8
0.11666666666666668,0.2888888888888889,0.47777777777777775,50,0.004111111111111111,5,9
0.11666666666666668,0.2888888888888889,0.47777777777777775,50,0.004555555555555556,6,11
0.11666666666666668,0.2888888888888889,0.47777777777777775,50,0.005,7,11
0.11666666666666668,0.2888888888888889,0.5,50,0.001,1,1
0.11666666666666668,0.2888888888888889,0.5,50,0.0014444444444444444,2,3
0.11666666666666668,0.2888888888888889,0.5,50,0.001888888888888889,3,4
0.11666666666666668,0.2888888888888889,0.5,50,0.0023333333333333335,4,5
0.11666666666666668,0.2888888888888889,0.5,50,0.002777777777777778,3,6
0.11666666666666668,0.2888888888888889,0.5,50,0.0032222222222222222,4,8
0.11666666666666668,0.2888888888888889,0.5,50,0.003666666666666667,4,9
0.11666666666666668,0.2888888888888889,0.5,50,0.004111111111111111,5,10
0.11666666666666668,0.2888888888888889,0.5,50,0.004555555555555556,6,11
0.11666666666666668,0.2888888888888889,0.5,50,0.005,6,12
0.11666666666666668,0.3111111111111111,0.3,50,0.001,0,0
0.11666666666666668,0.3111111111111111,0.3,50,0.0014444444444444444,0,1
0.11666666666666668,0.3111111111111111,0.3,50,0.001888888888888889,0,2
0.11666666666666668,0.3111111111111111,0.3,50,0.0023333333333333335,2,3
0.11666666666666668,0.3111111111111111,0.3,50,0.002777777777777778,2,4
0.11666666666666668,0.3111111111111111,0.3,50,0.0032222222222222222,3,5
0.11666666666666668,0.3111111111111111,0.3,50,0.003666666666666667,3,7
0.11666666666666668,0.3111111111111111,0.3,50,0.004111111111111111,4,7
0.11666666666666668,0.3111111111111111,0.3,50,0.004555555555555556,3,8
0.11666666666666668,0.3111111111111111,0.3,50,0.005,5,9
0.11666666666666668,0.3111111111111111,0.3222222222222222,50,0.001,0,0
0.11666666666666668,0.3111111111111111,0.3222222222222222,50,0.0014444444444444444,0,1
0.11666666666666668,0.3111111111111111,0.3222222222222222,50,0.001888888888888889,1,2
0.11666666666666668,0.3111111111111111,0.3222222222222222,50,0.0023333333333333335,2,4
0.11666666666666668,0.3111111111111111,0.3222222222222222,50,0.002777777777777778,2,4
0.11666666666666668,0.3111111111111111,0.3222222222222222,50,0.0032222222222222222,2,5
0.11666666666666668,0.3111111111111111,0.3222222222222222,50,0.003666666666666667,3,7
0.11666666666666668,0.3111111111111111,0.3222222222222222,50,0.004111111111111111,4,7
0.11666666666666668,0.3111111111111111,0.3222222222222222,50,0.004555555555555556,5,8
0.11666666666666668,0.3111111111111111,0.3222222222222222,50,0.005,4,9
0.11666666666666668,0.3111111111111111,0.34444444444444444,50,0.001,0,0
0.11666666666666668,0.3111111111111111,0.34444444444444444,50,0.0014444444444444444,0,1
0.11666666666666668,0.3111111111111111,0.34444444444444444,50,0.001888888888888889,1,3
0.11666666666666668,0.3111111111111111,0.34444444444444444,50,0.0023333333333333335,3,4
0.11666666666666668,0.3111111111111111,0.34444444444444444,50,0.002777777777777778,3,5
0.11666666666666668,0.3111111111111111,0.34444444444444444,50,0.0032222222222222222,3,6
0.11666666666666668,0.3111111111111111,0.34444444444444444,50,0.003666666666666667,3,7
0.11666666666666668,0.3111111111111111,0.34444444444444444,50,0.004111111111111111,5,8
0.11666666666666668,0.3111111111111111,0.34444444444444444,50,0.004555555555555556,5,10
0.11666666666666668,0.3111111111111111,0.34444444444444444,50,0.005,5,10
0.11666666666666668,0.3111111111111111,0.36666666666666664,50,0.001,0,0
0.11666666666666668,0.3111111111111111,0.36666666666666664,50,0.0014444444444444444,1,2
0.11666666666666668,0.3111111111111111,0.36666666666666664,50,0.001888888888888889,2,4
0.11666666666666668,0.3111111111111111,0.36666666666666664,50,0.0023333333333333335,2,5
0.11666666666666668,0.3111111111111111,0.36666666666666664,50,0.002777777777777778,3,6
0.11666666666666668,0.3111111111111111,0.36666666666666664,50,0.0032222222222222222,3,7
0.11666666666666668,0.3111111111111111,0.36666666666666664,50,0.003666666666666667,4,7
0.11666666666666668,0.3111111111111111,0.36666666666666664,50,0.004111111111111111,5,8
0.11666666666666668,0.3111111111111111,0.36666666666666664,50,0.004555555555555556,5,9
0.11666666666666668,0.3111111111111111,0.36666666666666664,50,0.005,6,11
0.11666666666666668,0.3111111111111111,0.3888888888888889,50,0.001,0,1
0.11666666666666668,0.3111111111111111,0.3888888888888889,50,0.0014444444444444444,1,1
0.11666666666666668,0.3111111111111111,0.3888888888888889,50,0.001888888888888889,2,3
0.11666666666666668,0.3111111111111111,0.3888888888888889,50,0.0023333333333333335,3,5
0.11666666666666668,0.3111111111111111,0.3888888888888889,50,0.002777777777777778,3,6
0.11666666666666668,0.3111111111111111,0.3888888888888889,50,0.0032222222222222222,4,7
0.11666666666666668,0.3111111111111111,0.3888888888888889,50,0.003666666666666667,5,7
0.11666666666666668,0.3111111111111111,0.3888888888888889,50,0.004111111111111111,5,9
0.11666666666666668,0.3111111111111111,0.3888888888888889,50,0.004555555555555556,6,11
0.11666666666666668,0.3111111111111111,0.3888888888888889,50,0.005,5,11
0.11666666666666668,0.3111111111111111,0.4111111111111111,50,0.001,1,1
0.11666666666666668,0.3111111111111111,0.4111111111111111,50,0.0014444444444444444,1,3
0.11666666666666668,0.3111111111111111,0.4111111111111111,50,0.001888888888888889,3,5
0.11666666666666668,0.3111111111111111,0.4111111111111111,50,0.0023333333333333335,3,5
0.11666666666666668,0.3111111111111111,0.4111111111111111,50,0.002777777777777778,3,6
0.11666666666666668,0.3111111111111111,0.4111111111111111,50,0.0032222222222222222,3,7
0.11666666666666668,0.3111111111111111,0.4111111111111111,50,0.003666666666666667,4,8
0.11666666666666668,0.3111111111111111,0.4111111111111111,50,0.004111111111111111,6,9
0.11666666666666668,0.3111111111111111,0.4111111111111111,50,0.004555555555555556,6,11
0.11666666666666668,0.3111111111111111,0.4111111111111111,50,0.005,6,11
0.11666666666666668,0.3111111111111111,0.43333333333333335,50,0.001,1,1
0.11666666666666668,0.3111111111111111,0.43333333333333335,50,0.0014444444444444444,2,3
0.11666666666666668,0.3111111111111111,0.43333333333333335,50,0.001888888888888889,3,3
0.11666666666666668,0.3111111111111111,0.43333333333333335,50,0.0023333333333333335,3,5
0.11666666666666668,0.3111111111111111,0.43333333333333335,50,0.002777777777777778,4,6
0.11666666666666668,0.3111111111111111,0.43333333333333335,50,0.0032222222222222222,4,7
0.11666666666666668,0.3111111111111111,0.43333333333333335,50,0.003666666666666667,4,9
0.11666666666666668,0.3111111111111111,0.43333333333333335,50,0.004111111111111111,5,10
0.11666666666666668,0.3111111111111111,0.43333333333333335,50,0.004555555555555556,6,10
0.11666666666666668,0.3111111111111111,0.43333333333333335,50,0.005,7,13
0.11666666666666668,0.3111111111111111,0.45555555555555555,50,0.001,0,1
0.11666666666666668,0.3111111111111111,0.45555555555555555,50,0.0014444444444444444,2,3
0.11666666666666668,0.3111111111111111,0.45555555555555555,50,0.001888888888888889,3,4
0.11666666666666668,0.3111111111111111,0.45555555555555555,50,0.0023333333333333335,3,5
0.11666666666666668,0.3111111111111111,0.45555555555555555,50,0.002777777777777778,3,6
0.11666666666666668,0.3111111111111111,0.45555555555555555,50,0.0032222222222222222,4,7
0.11666666666666668,0.3111111111111111,0.45555555555555555,50,0.003666666666666667,5,9
0.11666666666666668,0.3111111111111111,0.45555555555555555,50,0.004111111111111111,7,10
0.11666666666666668,0.3111111111111111,0.45555555555555555,50,0.004555555555555556,6,11
0.11666666666666668,0.3111111111111111,0.45555555555555555,50,0.005,7,12
0.11666666666666668,0.3111111111111111,0.47777777777777775,50,0.001,1,2
0.11666666666666668,0.3111111111111111,0.47777777777777775,50,0.0014444444444444444,2,3
0.11666666666666668,0.3111111111111111,0.47777777777777775,50,0.001888888888888889,3,5
0.11666666666666668,0.3111111111111111,0.47777777777777775,50,0.0023333333333333335,3,5
0.11666666666666668,0.3111111111111111,0.47777777777777775,50,0.002777777777777778,3,7
0.11666666666666668,0.3111111111111111,0.47777777777777775,50,0.0032222222222222222,4,8
0.11666666666666668,0.3111111111111111,0.47777777777777775,50,0.003666666666666667,5,9
0.11666666666666668,0.3111111111111111,0.47777777777777775,50,0.004111111111111111,5,11
0.11666666666666668,0.3111111111111111,0.47777777777777775,50,0.004555555555555556,6,11
0.11666666666666668,0.3111111111111111,0.47777777777777775,50,0.005,7,13
0.11666666666666668,0.3111111111111111,0.5,50,0.001,1,2
0.11666666666666668,0.3111111111111111,0.5,50,0.0014444444444444444,3,3
0.11666666666666668,0.3111111111111111,0.5,50,0.001888888888888889,3,5
0.11666666666666668,0.3111111111111111,0.5,50,0.0023333333333333335,3,6
0.11666666666666668,0.3111111111111111,0.5,50,0.002777777777777778,4,8
0.11666666666666668,0.3111111111111111,0.5,50,0.0032222222222222222,5,8
0.11666666666666668,0.3111111111111111,0.5,50,0.003666666666666667,5,9
0.11666666666666668,0.3111111111111111,0.5,50,0.004111111111111111,6,11
0.11666666666666668,0.3111111111111111,0.5,50,0.004555555555555556,7,11
0.11666666666666668,0.3111111111111111,0.5,50,0.005,7,13
0.11666666666666668,0.33333333333333337,0.3,50,0.001,0,0
0.11666666666666668,0.33333333333333337,0.3,50,0.0014444444444444444,0,1
0.11666666666666668,0.33333333333333337,0.3,50,0.001888888888888889,1,3
0.11666666666666668,0.33333333333333337,0.3,50,0.0023333333333333335,1,4
0.11666666666666668,0.33333333333333337,0.3,50,0.002777777777777778,2,5
0.11666666666666668,0.33333333333333337,0.3,50,0.0032222222222222222,3,6
0.11666666666666668,0.33333333333333337,0.3,50,0.003666666666666667,3,7
0.11666666666666668,0.33333333333333337,0.3,50,0.004111111111111111,5,7
0.11666666666666668,0.33333333333333337,0.3,50,0.004555555555555556,5,8
0.11666666666666668,0.33333333333333337,0.3,50,0.005,5,10
0.11666666666666668,0.33333333333333337,0.3222222222222222,50,0.001,0,0
0.11666666666666668,0.33333333333333337,0.3222222222222222,50,0.0014444444444444444,0,1
0.11666666666666668,0.33333333333333337,0.3222222222222222,50,0.001888888888888889,1,3
0.11666666666666668,0.33333333333333337,0.3222222222222222,50,0.0023333333333333335,2,4
0.11666666666666668,0.33333333333333337,0.3222222222222222,50,0.002777777777777778,3,5
0.11666666666666668,0.33333333333333337,0.3222222222222222,50,0.0032222222222222222,3,6
0.11666666666666668,0.33333333333333337,0.3222222222222222,50,0.003666666666666667,4,8
0.11666666666666668,0.33333333333333337,0.3222222222222222,50,0.004111111111111111,4,8
0.11666666666666668,0.33333333333333337,0.3222222222222222,50,0.004555555555555556,5,10
0.11666666666666668,0.33333333333333337,0.3222222222222222,50,0.005,5,10
0.11666666666666668,0.33333333333333337,0.34444444444444444,50,0.001,0,0
0.11666666666666668,0.33333333333333337,0.34444444444444444,50,0.0014444444444444444,0,2
0.11666666666666668,0.33333333333333337,0.34444444444444444,50,0.001888888888888889,1,3
0.11666666666666668,0.33333333333333337,0.34444444444444444,50,0.0023333333333333335,2,4
0.11666666666666668,0.33333333333333337,0.34444444444444444,50,0.002777777777777778,3,5
0.11666666666666668,0.33333333333333337,0.34444444444444444,50,0.0032222222222222222,4,6
0.11666666666666668,0.33333333333333337,0.34444444444444444,50,0.003666666666666667,4,6
0.11666666666666668,0.33333333333333337,0.34444444444444444,50,0.004111111111111111,5,9
0.11666666666666668,0.33333333333333337,0.34444444444444444,50,0.004555555555555556,5,10
0.11666666666666668,0.33333333333333337,0.34444444444444444,50,0.005,6,10
0.11666666666666668,0.33333333333333337,0.36666666666666664,50,0.001,0,0
0.11666666666666668,0.33333333333333337,0.36666666666666664,50,0.0014444444444444444,0,2
0.11666666666666668,0.33333333333333337,0.36666666666666664,50,0.001888888888888889,1,3
0.11666666666666668,0.33333333333333337,0.36666666666666664,50,0.0023333333333333335,3,4
0.11666666666666668,0.33333333333333337,0.36666666666666664,50,0.002777777777777778,3,6
0.11666666666666668,0.33333333333333337,0.36666666666666664,50,0.0032222222222222222,4,7
0.11666666666666668,0.33333333333333337,0.36666666666666664,50,0.003666666666666667,4,8
0.11666666666666668,0.33333333333333337,0.36666666666666664,50,0.004111111111111111,6,9
0.11666666666666668,0.33333333333333337,0.36666666666666664,50,0.004555555555555556,5,10
0.11666666666666668,0.33333333333333337,0.36666666666666664,50,0.005,6,11
0.11666666666666668,0.33333333333333337,0.3888888888888889,50,0.001,0,1
0.11666666666666668,0.33333333333333337,0.3888888888888889,50,0.0014444444444444444,1,3
0.11666666666666668,0.33333333333333337,0.3888888888888889,50,0.001888888888888889,3,4
0.11666666666666668,0.33333333333333337,0.3888888888888889,50,0.0023333333333333335,3,4
0.11666666666666668,0.33333333333333337,0.3888888888888889,50,0.002777777777777778,3,6
0.11666666666666668,0.33333333333333337,0.3888888888888889,50,0.0032222222222222222,5,7
0.11666666666666668,0.33333333333333337,0.3888888888888889,50,0.003666666666666667,4,10
0.11666666666666668,0.33333333333333337,0.3888888888888889,50,0.004111111111111111,5,10
0.11666666666666668,0.33333333333333337,0.3888888888888889,50,0.004555555555555556,6,10
0.11666666666666668,0.33333333333333337,0.3888888888888889,50,0.005,6,12
0.11666666666666668,0.33333333333333337,0.4111111111111111,50,0.001,0,1
0.11666666666666668,0.33333333333333337,0.4111111111111111,50,0.0014444444444444444,1,3
0.11666666666666668,0.33333333333333337,0.4111111111111111,50,0.001888888888888889,3,4
0.11666666666666668,0.33333333333333337,0.4111111111111111,50,0.0023333333333333335,3,6
0.11666666666666668,0.33333333333333337,0.4111111111111111,50,0.002777777777777778,4,6
0.11666666666666668,0.33333333333333337,0.4111111111111111,50,0.0032222222222222222,4,8
0.11666666666666668,0.33333333333333337,0.4111111111111111,50,0.003666666666666667,5,9
0.11666666666666668,0.33333333333333337,0.4111111111111111,50,0.004111111111111111,6,11
0.11666666666666668,0.33333333333333337,0.4111111111111111,50,0.004555555555555556,7,12
0.11666666666666668,0.33333333333333337,0.4111111111111111,50,0.005,8,13
0.11666666666666668,0.33333333333333337,0.43333333333333335,50,0.001,1,1
0.11666666666666668,0.33333333333333337,0.43333333333333335,50,0.0014444444444444444,2,3
0.11666666666666668,0.33333333333333337,0.43333333333333335,50,0.001888888888888889,3,4
0.11666666666666668,0.33333333333333337,0.43333333333333335,50,0.0023333333333333335,3,5
0.11666666666666668,0.33333333333333337,0.43333333333333335,50,0.002777777777777778,4,7
0.11666666666666668,0.33333333333333337,0.43333333333333335,50,0.0032222222222222222,5,8
0.11666666666666668,0.33333333333333337,0.43333333333333335,50,0.003666666666666667,5,10
0.11666666666666668,0.33333333333333337,0.43333333333333335,50,0.004111111111111111,5,11
0.11666666666666668,0.33333333333333337,0.43333333333333335,50,0.004555555555555556,6,12
0.11666666666666668,0.33333333333333337,0.43333333333333335,50,0.005,8,13
0.11666666666666668,0.33333333333333337,0.45555555555555555,50,0.001,1,1
0.11666666666666668,0.33333333333333337,0.45555555555555555,50,0.0014444444444444444,2,3
0.11666666666666668,0.33333333333333337,0.45555555555555555,50,0.001888888888888889,3,4
0.11666666666666668,0.33333333333333337,0.45555555555555555,50,0.0023333333333333335,3,5
0.11666666666666668,0.33333333333333337,0.45555555555555555,50,0.002777777777777778,4,7
0.11666666666666668,0.33333333333333337,0.45555555555555555,50,0.0032222222222222222,5,8
0.11666666666666668,0.33333333333333337,0.45555555555555555,50,0.003666666666666667,6,9
0.11666666666666668,0.33333333333333337,0.45555555555555555,50,0.004111111111111111,6,11
0.11666666666666668,0.33333333333333337,0.45555555555555555,50,0.004555555555555556,7,13
0.11666666666666668,0.33333333333333337,0.45555555555555555,50,0.005,8,13
0.11666666666666668,0.33333333333333337,0.47777777777777775,50,0.001,1,2
0.11666666666666668,0.33333333333333337,0.47777777777777775,50,0.0014444444444444444,2,3
0.11666666666666668,0.33333333333333337,0.47777777777777775,50,0.001888888888888889,3,5
0.11666666666666668,0.33333333333333337,0.47777777777777775,50,0.0023333333333333335,3,7
0.11666666666666668,0.33333333333333337,0.47777777777777775,50,0.002777777777777778,4,7
0.11666666666666668,0.33333333333333337,0.47777777777777775,50,0.0032222222222222222,5,8
0.11666666666666668,0.33333333333333337,0.47777777777777775,50,0.003666666666666667,5,9
0.11666666666666668,0.33333333333333337,0.47777777777777775,50,0.004111111111111111,6,11
0.11666666666666668,0.33333333333333337,0.47777777777777775,50,0.004555555555555556,7,12
0.11666666666666668,0.33333333333333337,0.47777777777777775,50,0.005,8,13
0.11666666666666668,0.33333333333333337,0.5,50,0.001,1,2
0.11666666666666668,0.33333333333333337,0.5,50,0.0014444444444444444,3,3
0.11666666666666668,0.33333333333333337,0.5,50,0.001888888888888889,3,5
0.11666666666666668,0.33333333333333337,0.5,50,0.0023333333333333335,3,6
0.11666666666666668,0.33333333333333337,0.5,50,0.002777777777777778,5,8
0.11666666666666668,0.33333333333333337,0.5,50,0.0032222222222222222,5,9
0.11666666666666668,0.33333333333333337,0.5,50,0.003666666666666667,6,10
0.11666666666666668,0.33333333333333337,0.5,50,0.004111111111111111,6,12
0.11666666666666668,0.33333333333333337,0.5,50,0.004555555555555556,7,12
0.11666666666666668,0.33333333333333337,0.5,50,0.005,7,14
0.11666666666666668,0.35555555555555557,0.3,50,0.001,0,0
0.11666666666666668,0.35555555555555557,0.3,50,0.0014444444444444444,0,0
0.11666666666666668,0.35555555555555557,0.3,50,0.001888888888888889,0,2
0.11666666666666668,0.35555555555555557,0.3,50,0.0023333333333333335,1,4
0.11666666666666668,0.35555555555555557,0.3,50,0.002777777777777778,2,5
0.11666666666666668,0.35555555555555557,0.3,50,0.0032222222222222222,3,6
0.11666666666666668,0.35555555555555557,0.3,50,0.003666666666666667,3,7
0.11666666666666668,0.35555555555555557,0.3,50,0.004111111111111111,5,9
0.11666666666666668,0.35555555555555557,0.3,50,0.004555555555555556,5,9
0.11666666666666668,0.35555555555555557,0.3,50,0.005,6,10
0.11666666666666668,0.35555555555555557,0.3222222222222222,50,0.001,0,0
0.11666666666666668,0.35555555555555557,0.3222222222222222,50,0.0014444444444444444,0,1
0.11666666666666668,0.35555555555555557,0.3222222222222222,50,0.001888888888888889,1,3
0.11666666666666668,0.35555555555555557,0.3222222222222222,50,0.0023333333333333335,3,4
0.11666666666666668,0.35555555555555557,0.3222222222222222,50,0.002777777777777778,3,6
0.11666666666666668,0.35555555555555557,0.3222222222222222,50,0.0032222222222222222,3,7
0.11666666666666668,0.35555555555555557,0.3222222222222222,50,0.003666666666666667,4,8
0.11666666666666668,0.35555555555555557,0.3222222222222222,50,0.004111111111111111,5,8
0.11666666666666668,0.35555555555555557,0.3222222222222222,50,0.004555555555555556,5,10
0.11666666666666668,0.35555555555555557,0.3222222222222222,50,0.005,6,11
0.11666666666666668,0.35555555555555557,0.34444444444444444,50,0.001,0,0
0.11666666666666668,0.35555555555555557,0.34444444444444444,50,0.0014444444444444444,0,2
0.11666666666666668,0.35555555555555557,0.34444444444444444,50,0.001888888888888889,1,3
0.11666666666666668,0.35555555555555557,0.34444444444444444,50,0.0023333333333333335,2,5
0.11666666666666668,0.35555555555555557,0.34444444444444444,50,0.002777777777777778,3,6
0.11666666666666668,0.35555555555555557,0.34444444444444444,50,0.0032222222222222222,3,8
0.11666666666666668,0.35555555555555557,0.34444444444444444,50,0.003666666666666667,5,9
0.11666666666666668,0.35555555555555557,0.34444444444444444,50,0.004111111111111111,5,9
0.11666666666666668,0.35555555555555557,0.34444444444444444,50,0.004555555555555556,5,11
0.11666666666666668,0.35555555555555557,0.34444444444444444,50,0.005,6,11
0.11666666666666668,0.35555555555555557,0.36666666666666664,50,0.001,0,0
0.11666666666666668,0.35555555555555557,0.36666666666666664,50,0.0014444444444444444,1,2
0.11666666666666668,0.35555555555555557,0.36666666666666664,50,0.001888888888888889,1,4
0.11666666666666668,0.35555555555555557,0.36666666666666664,50,0.0023333333333333335,3,5
0.11666666666666668,0.35555555555555557,0.36666666666666664,50,0.002777777777777778,3,7
0.11666666666666668,0.35555555555555557,0.36666666666666664,50,0.0032222222222222222,4,7
0.11666666666666668,0.35555555555555557,0.36666666666666664,50,0.003666666666666667,5,9
0.11666666666666668,0.35555555555555557,0.36666666666666664,50,0.004111111111111111,6,10
0.11666666666666668,0.35555555555555557,0.36666666666666664,50,0.004555555555555556,5,11
0.11666666666666668,0.35555555555555557,0.36666666666666664,50,0.005,7,13
0.11666666666666668,0.35555555555555557,0.3888888888888889,50,0.001,1,1
0.11666666666666668,0.35555555555555557,0.3888888888888889,50,0.0014444444444444444,1,3
0.11666666666666668,0.35555555555555557,0.3888888888888889,50,0.001888888888888889,3,3
0.11666666666666668,0.35555555555555557,0.3888888888888889,50,0.0023333333333333335,3,6
0.11666666666666668,0.35555555555555557,0.3888888888888889,50,0.002777777777777778,3,7
0.11666666666666668,0.35555555555555557,0.3888888888888889,50,0.0032222222222222222,4,8
0.11666666666666668,0.35555555555555557,0.3888888888888889,50,0.003666666666666667,5,9
0.11666666666666668,0.35555555555555557,0.3888888888888889,50,0.004111111111111111,7,11
0.11666666666666668,0.35555555555555557,0.3888888888888889,50,0.004555555555555556,7,10
0.11666666666666668,0.35555555555555557,0.3888888888888889,50,0.005,6,13
0.11666666666666668,0.35555555555555557,0.4111111111111111,50,0.001,1,1
0.11666666666666668,0.35555555555555557,0.4111111111111111,50,0.0014444444444444444,2,3
0.11666666666666668,0.35555555555555557,0.4111111111111111,50,0.001888888888888889,3,4
0.11666666666666668,0.35555555555555557,0.4111111111111111,50,0.0023333333333333335,3,5
0.11666666666666668,0.35555555555555557,0.4111111111111111,50,0.002777777777777778,4,8
0.11666666666666668,0.35555555555555557,0.4111111111111111,50,0.0032222222222222222,5,8
0.11666666666666668,0.35555555555555557,0.4111111111111111,50,0.003666666666666667,6,9
0.11666666666666668,0.35555555555555557,0.4111111111111111,50,0.004111111111111111,6,12
0.11666666666666668,0.35555555555555557,0.4111111111111111,50,0.004555555555555556,6,12
0.11666666666666668,0.35555555555555557,0.4111111111111111,50,0.005,7,14
0.11666666666666668,0.35555555555555557,0.43333333333333335,50,0.001,1,1
0.11666666666666668,0.35555555555555557,0.43333333333333335,50,0.0014444444444444444,2,3
0.11666666666666668,0.35555555555555557,0.43333333333333335,50,0.001888888888888889,3,4
0.11666666666666668,0.35555555555555557,0.43333333333333335,50,0.0023333333333333335,3,5
0.11666666666666668,0.35555555555555557,0.43333333333333335,50,0.002777777777777778,4,7
0.11666666666666668,0.35555555555555557,0.43333333333333335,50,0.0032222222222222222,4,9
0.11666666666666668,0.35555555555555557,0.43333333333333335,50,0.003666666666666667,7,10
0.11666666666666668,0.35555555555555557,0.43333333333333335,50,0.004111111111111111,7,12
0.11666666666666668,0.35555555555555557,0.43333333333333335,50,0.004555555555555556,7,12
0.11666666666666668,0.35555555555555557,0.43333333333333335,50,0.005,8,14
0.11666666666666668,0.35555555555555557,0.45555555555555555,50,0.001,1,1
0.11666666666666668,0.35555555555555557,0.45555555555555555,50,0.0014444444444444444,3,3
0.11666666666666668,0.35555555555555557,0.45555555555555555,50,0.001888888888888889,3,4
0.11666666666666668,0.35555555555555557,0.45555555555555555,50,0.0023333333333333335,4,6
0.11666666666666668,0.35555555555555557,0.45555555555555555,50,0.002777777777777778,5,8
0.11666666666666668,0.35555555555555557,0.45555555555555555,50,0.0032222222222222222,5,9
0.11666666666666668,0.35555555555555557,0.45555555555555555,50,0.003666666666666667,6,9
0.11666666666666668,0.35555555555555557,0.45555555555555555,50,0.004111111111111111,7,11
0.11666666666666668,0.35555555555555557,0.45555555555555555,50,0.004555555555555556,7,13
0.11666666666666668,0.35555555555555557,0.45555555555555555,50,0.005,8,13
0.11666666666666668,0.35555555555555557,0.47777777777777775,50,0.001,1,2
0.11666666666666668,0.35555555555555557,0.47777777777777775,50,0.0014444444444444444,3,3
0.11666666666666668,0.35555555555555557,0.47777777777777775,50,0.001888888888888889,3,4
0.11666666666666668,0.35555555555555557,0.47777777777777775,50,0.0023333333333333335,4,6
0.11666666666666668,0.35555555555555557,0.47777777777777775,50,0.002777777777777778,5,7
0.11666666666666668,0.35555555555555557,0.47777777777777775,50,0.0032222222222222222,5,9
0.11666666666666668,0.35555555555555557,0.47777777777777775,50,0.003666666666666667,5,10
0.11666666666666668,0.35555555555555557,0.47777777777777775,50,0.004111111111111111,7,12
0.11666666666666668,0.35555555555555557,0.47777777777777775,50,0.004555555555555556,7,13
0.11666666666666668,0.35555555555555557,0.47777777777777775,50,0.005,8,14
0.11666666666666668,0.35555555555555557,0.5,50,0.001,1,2
0.11666666666666668,0.35555555555555557,0.5,50,0.0014444444444444444,3,4
0.11666666666666668,0.35555555555555557,0.5,50,0.001888888888888889,3,4
0.11666666666666668,0.35555555555555557,0.5,50,0.0023333333333333335,4,7
0.11666666666666668,0.35555555555555557,0.5,50,0.002777777777777778,4,9
0.11666666666666668,0.35555555555555557,0.5,50,0.0032222222222222222,5,10
0.11666666666666668,0.35555555555555557,0.5,50,0.003666666666666667,7,11
0.11666666666666668,0.35555555555555557,0.5,50,0.004111111111111111,7,12
0.11666666666666668,0.35555555555555557,0.5,50,0.004555555555555556,8,14
0.11666666666666668,0.35555555555555557,0.5,50,0.005,9,15
0.11666666666666668,0.37777777777777777,0.3,50,0.001,0,0
0.11666666666666668,0.37777777777777777,0.3,50,0.0014444444444444444,0,2
0.11666666666666668,0.37777777777777777,0.3,50,0.001888888888888889,0,3
0.11666666666666668,0.37777777777777777,0.3,50,0.0023333333333333335,1,3
0.11666666666666668,0.37777777777777777,0.3,50,0.002777777777777778,3,5
0.11666666666666668,0.37777777777777777,0.3,50,0.0032222222222222222,3,7
0.11666666666666668,0.37777777777777777,0.3,50,0.003666666666666667,3,7
0.11666666666666668,0.37777777777777777,0.3,50,0.004111111111111111,4,8
0.11666666666666668,0.37777777777777777,0.3,50,0.004555555555555556,5,11
0.11666666666666668,0.37777777777777777,0.3,50,0.005,6,11
0.11666666666666668,0.37777777777777777,0.3222222222222222,50,0.001,0,0
0.11666666666666668,0.37777777777777777,0.3222222222222222,50,0.0014444444444444444,0,2
0.11666666666666668,0.37777777777777777,0.3222222222222222,50,0.001888888888888889,1,3
0.11666666666666668,0.37777777777777777,0.3222222222222222,50,0.0023333333333333335,2,4
0.11666666666666668,0.37777777777777777,0.3222222222222222,50,0.002777777777777778,3,5
0.11666666666666668,0.37777777777777777,0.3222222222222222,50,0.0032222222222222222,4,7
0.11666666666666668,0.37777777777777777,0.3222222222222222,50,0.003666666666666667,5,8
0.11666666666666668,0.37777777777777777,0.3222222222222222,50,0.004111111111111111,5,9
0.11666666666666668,0.37777777777777777,0.3222222222222222,50,0.004555555555555556,6,10
0.11666666666666668,0.37777777777777777,0.3222222222222222,50,0.005,6,12
0.11666666666666668,0.37777777777777777,0.34444444444444444,50,0.001,0,1
0.11666666666666668,0.37777777777777777,0.34444444444444444,50,0.0014444444444444444,1,2
0.11666666666666668,0.37777777777777777,0.34444444444444444,50,0.001888888888888889,2,4
0.11666666666666668,0.37777777777777777,0.34444444444444444,50,0.0023333333333333335,2,5
0.11666666666666668,0.37777777777777777,0.34444444444444444,50,0.002777777777777778,3,6
0.11666666666666668,0.37777777777777777,0.34444444444444444,50,0.0032222222222222222,4,8
0.11666666666666668,0.37777777777777777,0.34444444444444444,50,0.003666666666666667,5,10
0.11666666666666668,0.37777777777777777,0.34444444444444444,50,0.004111111111111111,6,9
0.11666666666666668,0.37777777777777777,0.34444444444444444,50,0.004555555555555556,6,10
0.11666666666666668,0.37777777777777777,0.34444444444444444,50,0.005,6,12
0.11666666666666668,0.37777777777777777,0.36666666666666664,50,0.001,0,0
0.11666666666666668,0.37777777777777777,0.36666666666666664,50,0.0014444444444444444,1,3
0.11666666666666668,0.37777777777777777,0.36666666666666664,50,0.001888888888888889,2,5
0.11666666666666668,0.37777777777777777,0.36666666666666664,50,0.0023333333333333335,3,6
0.11666666666666668,0.37777777777777777,0.36666666666666664,50,0.002777777777777778,3,6
0.11666666666666668,0.37777777777777777,0.36666666666666664,50,0.0032222222222222222,5,9
0.11666666666666668,0.37777777777777777,0.36666666666666664,50,0.003666666666666667,5,10
0.11666666666666668,0.37777777777777777,0.36666666666666664,50,0.004111111111111111,5,10
0.11666666666666668,0.37777777777777777,0.36666666666666664,50,0.004555555555555556,7,12
0.11666666666666668,0.37777777777777777,0.36666666666666664,50,0.005,6,13
0.11666666666666668,0.37777777777777777,0.3888888888888889,50,0.001,0,1
0.11666666666666668,0.37777777777777777,0.3888888888888889,50,0.0014444444444444444,1,3
0.11666666666666668,0.37777777777777777,0.3888888888888889,50,0.001888888888888889,3,4
0.11666666666666668,0.37777777777777777,0.3888888888888889,50,0.0023333333333333335,3,5
0.11666666666666668,0.37777777777777777,0.3888888888888889,50,0.002777777777777778,4,8
0.11666666666666668,0.37777777777777777,0.3888888888888889,50,0.0032222222222222222,5,9
0.11666666666666668,0.37777777777777777,0.3888888888888889,50,0.003666666666666667,6,10
0.11666666666666668,0.37777777777777777,0.3888888888888889,50,0.004111111111111111,7,11
0.11666666666666668,0.37777777777777777,0.3888888888888889,50,0.004555555555555556,7,13
0.11666666666666668,0.37777777777777777,0.3888888888888889,50,0.005,8,13
0.11666666666666668,0.37777777777777777,0.4111111111111111,50,0.001,1,1
0.11666666666666668,0.37777777777777777,0.4111111111111111,50,0.0014444444444444444,2,3
0.11666666666666668,0.37777777777777777,0.4111111111111111,50,0.001888888888888889,3,4
0.11666666666666668,0.37777777777777777,0.4111111111111111,50,0.0023333333333333335,3,5
0.11666666666666668,0.37777777777777777,0.4111111111111111,50,0.002777777777777778,4,8
0.11666666666666668,0.37777777777777777,0.4111111111111111,50,0.0032222222222222222,5,9
0.11666666666666668,0.37777777777777777,0.4111111111111111,50,0.003666666666666667,5,10
0.11666666666666668,0.37777777777777777,0.4111111111111111,50,0.004111111111111111,6,11
0.11666666666666668,0.37777777777777777,0.4111111111111111,50,0.004555555555555556,8,13
0.11666666666666668,0.37777777777777777,0.4111111111111111,50,0.005,8,14
0.11666666666666668,0.37777777777777777,0.43333333333333335,50,0.001,1,2
0.11666666666666668,0.37777777777777777,0.43333333333333335,50,0.0014444444444444444,2,3
0.11666666666666668,0.37777777777777777,0.43333333333333335,50,0.001888888888888889,3,5
0.11666666666666668,0.37777777777777777,0.43333333333333335,50,0.0023333333333333335,4,6
0.11666666666666668,0.37777777777777777,0.43333333333333335,50,0.002777777777777778,5,8
0.11666666666666668,0.37777777777777777,0.43333333333333335,50,0.0032222222222222222,5,9
0.11666666666666668,0.37777777777777777,0.43333333333333335,50,0.003666666666666667,6,11
0.11666666666666668,0.37777777777777777,0.43333333333333335,50,0.004111111111111111,6,11
0.11666666666666668,0.37777777777777777,0.43333333333333335,50,0.004555555555555556,8,13
0.11666666666666668,0.37777777777777777,0.43333333333333335,50,0.005,8,14
0.11666666666666668,0.37777777777777777,0.45555555555555555,50,0.001,1,2
0.11666666666666668,0.37777777777777777,0.45555555555555555,50,0.0014444444444444444,2,3
0.11666666666666668,0.37777777777777777,0.45555555555555555,50,0.001888888888888889,3,5
0.11666666666666668,0.37777777777777777,0.45555555555555555,50,0.0023333333333333335,4,6
0.11666666666666668,0.37777777777777777,0.45555555555555555,50,0.002777777777777778,5,7
0.11666666666666668,0.37777777777777777,0.45555555555555555,50,0.0032222222222222222,6,10
0.11666666666666668,0.37777777777777777,0.45555555555555555,50,0.003666666666666667,7,11
0.11666666666666668,0.37777777777777777,0.45555555555555555,50,0.004111111111111111,7,13
0.11666666666666668,0.37777777777777777,0.45555555555555555,50,0.004555555555555556,9,15
0.11666666666666668,0.37777777777777777,0.45555555555555555,50,0.005,8,15
0.11666666666666668,0.37777777777777777,0.47777777777777775,50,0.001,1,2
0.11666666666666668,0.37777777777777777,0.47777777777777775,50,0.0014444444444444444,3,4
0.11666666666666668,0.37777777777777777,0.47777777777777775,50,0.001888888888888889,3,5
0.11666666666666668,0.37777777777777777,0.47777777777777775,50,0.0023333333333333335,4,7
0.11666666666666668,0.37777777777777777,0.47777777777777775,50,0.002777777777777778,5,9
0.11666666666666668,0.37777777777777777,0.47777777777777775,50,0.0032222222222222222,6,10
0.11666666666666668,0.37777777777777777,0.47777777777777775,50,0.003666666666666667,7,11
0.11666666666666668,0.37777777777777777,0.47777777777777775,50,0.004111111111111111,8,13
0.11666666666666668,0.37777777777777777,0.47777777777777775,50,0.004555555555555556,8,14
0.11666666666666668,0.37777777777777777,0.47777777777777775,50,0.005,9,15
0.11666666666666668,0.37777777777777777,0.5,50,0.001,2,3
0.11666666666666668,0.37777777777777777,0.5,50,0.0014444444444444444,3,3
0.11666666666666668,0.37777777777777777,0.5,50,0.001888888888888889,3,4
0.11666666666666668,0.37777777777777777,0.5,50,0.0023333333333333335,4,7
0.11666666666666668,0.37777777777777777,0.5,50,0.002777777777777778,5,9
0.11666666666666668,0.37777777777777777,0.5,50,0.0032222222222222222,6,10
0.11666666666666668,0.37777777777777777,0.5,50,0.003666666666666667,7,11
0.11666666666666668,0.37777777777777777,0.5,50,0.004111111111111111,7,12
0.11666666666666668,0.37777777777777777,0.5,50,0.004555555555555556,7,15
0.11666666666666668,0.37777777777777777,0.5,50,0.005,9,15
0.11666666666666668,0.4,0.3,50,0.001,0,0
0.11666666666666668,0.4,0.3,50,0.0014444444444444444,0,1
0.11666666666666668,0.4,0.3,50,0.001888888888888889,1,3
0.11666666666666668,0.4,0.3,50,0.0023333333333333335,1,5
0.11666666666666668,0.4,0.3,50,0.002777777777777778,2,6
0.11666666666666668,0.4,0.3,50,0.0032222222222222222,3,7
0.11666666666666668,0.4,0.3,50,0.003666666666666667,4,8
0.11666666666666668,0.4,0.3,50,0.004111111111111111,4,9
0.11666666666666668,0.4,0.3,50,0.004555555555555556,5,11
0.11666666666666668,0.4,0.3,50,0.005,5,11
0.11666666666666668,0.4,0.3222222222222222,50,0.001,0,0
0.11666666666666668,0.4,0.3222222222222222,50,0.0014444444444444444,0,1
0.11666666666666668,0.4,0.3222222222222222,50,0.001888888888888889,1,4
0.11666666666666668,0.4,0.3222222222222222,50,0.0023333333333333335,3,4
0.11666666666666668,0.4,0.3222222222222222,50,0.002777777777777778,3,6
0.11666666666666668,0.4,0.3222222222222222,50,0.0032222222222222222,4,8
0.11666666666666668,0.4,0.3222222222222222,50,0.003666666666666667,5,9
0.11666666666666668,0.4,0.3222222222222222,50,0.004111111111111111,5,10
0.11666666666666668,0.4,0.3222222222222222,50,0.004555555555555556,6,12
0.11666666666666668,0.4,0.3222222222222222,50,0.005,6,12
0.11666666666666668,0.4,0.34444444444444444,50,0.001,0,0
0.11666666666666668,0.4,0.34444444444444444,50,0.0014444444444444444,0,2
0.11666666666666668,0.4,0.34444444444444444,50,0.001888888888888889,1,3
0.11666666666666668,0.4,0.34444444444444444,50,0.0023333333333333335,3,4
0.11666666666666668,0.4,0.34444444444444444,50,0.002777777777777778,3,6
0.11666666666666668,0.4,0.34444444444444444,50,0.0032222222222222222,4,7
0.11666666666666668,0.4,0.34444444444444444,50,0.003666666666666667,6,9
0.11666666666666668,0.4,0.34444444444444444,50,0.004111111111111111,6,10
0.11666666666666668,0.4,0.34444444444444444,50,0.004555555555555556,7,13
0.11666666666666668,0.4,0.34444444444444444,50,0.005,7,14
0.11666666666666668,0.4,0.36666666666666664,50,0.001,0,1
0.11666666666666668,0.4,0.36666666666666664,50,0.0014444444444444444,1,2
0.11666666666666668,0.4,0.36666666666666664,50,0.001888888888888889,3,4
0.11666666666666668,0.4,0.36666666666666664,50,0.0023333333333333335,3,6
0.11666666666666668,0.4,0.36666666666666664,50,0.002777777777777778,4,7
0.11666666666666668,0.4,0.36666666666666664,50,0.0032222222222222222,5,9
0.11666666666666668,0.4,0.36666666666666664,50,0.003666666666666667,6,10
0.11666666666666668,0.4,0.36666666666666664,50,0.004111111111111111,6,11
0.11666666666666668,0.4,0.36666666666666664,50,0.004555555555555556,7,13
0.11666666666666668,0.4,0.36666666666666664,50,0.005,7,14
0.11666666666666668,0.4,0.3888888888888889,50,0.001,0,1
0.11666666666666668,0.4,0.3888888888888889,50,0.0014444444444444444,1,3
0.11666666666666668,0.4,0.3888888888888889,50,0.001888888888888889,3,4
0.11666666666666668,0.4,0.3888888888888889,50,0.0023333333333333335,4,7
0.11666666666666668,0.4,0.3888888888888889,50,0.002777777777777778,5,8
0.11666666666666668,0.4,0.3888888888888889,50,0.0032222222222222222,5,9
0.11666666666666668,0.4,0.3888888888888889,50,0.003666666666666667,5,10
0.11666666666666668,0.4,0.3888888888888889,50,0.004111111111111111,6,12
0.11666666666666668,0.4,0.3888888888888889,50,0.004555555555555556,8,13
0.11666666666666668,0.4,0.3888888888888889,50,0.005,8,14
0.11666666666666668,0.4,0.4111111111111111,50,0.001,1,1
0.11666666666666668,0.4,0.4111111111111111,50,0.0014444444444444444,1,3
0.11666666666666668,0.4,0.4111111111111111,50,0.001888888888888889,2,5
0.11666666666666668,0.4,0.4111111111111111,50,0.0023333333333333335,4,7
0.11666666666666668,0.4,0.4111111111111111,50,0.002777777777777778,5,8
0.11666666666666668,0.4,0.4111111111111111,50,0.0032222222222222222,5,10
0.11666666666666668,0.4,0.4111111111111111,50,0.003666666666666667,6,11
0.11666666666666668,0.4,0.4111111111111111,50,0.004111111111111111,7,12
0.11666666666666668,0.4,0.4111111111111111,50,0.004555555555555556,8,13
0.11666666666666668,0.4,0.4111111111111111,50,0.005,8,14
0.11666666666666668,0.4,0.43333333333333335,50,0.001,1,2
0.11666666666666668,0.4,0.43333333333333335,50,0.0014444444444444444,2,4
0.11666666666666668,0.4,0.43333333333333335,50,0.001888888888888889,3,5
0.11666666666666668,0.4,0.43333333333333335,50,0.0023333333333333335,4,6
0.11666666666666668,0.4,0.43333333333333335,50,0.002777777777777778,5,8
0.11666666666666668,0.4,0.43333333333333335,50,0.0032222222222222222,6,10
0.11666666666666668,0.4,0.43333333333333335,50,0.003666666666666667,7,11
0.11666666666666668,0.4,0.43333333333333335,50,0.004111111111111111,8,13
0.11666666666666668,0.4,0.43333333333333335,50,0.004555555555555556,8,13
0.11666666666666668,0.4,0.43333333333333335,50,0.005,9,16
0.11666666666666668,0.4,0.45555555555555555,50,0.001,1,2
0.11666666666666668,0.4,0.45555555555555555,50,0.0014444444444444444,3,4
0.11666666666666668,0.4,0.45555555555555555,50,0.001888888888888889,3,5
0.11666666666666668,0.4,0.45555555555555555,50,0.0023333333333333335,4,6
0.11666666666666668,0.4,0.45555555555555555,50,0.002777777777777778,4,9
0.11666666666666668,0.4,0.45555555555555555,50,0.0032222222222222222,6,10
0.11666666666666668,0.4,0.45555555555555555,50,0.003666666666666667,7,12
0.11666666666666668,0.4,0.45555555555555555,50,0.004111111111111111,7,13
0.11666666666666668,0.4,0.45555555555555555,50,0.004555555555555556,9,14
0.11666666666666668,0.4,0.45555555555555555,50,0.005,9,15
0.11666666666666668,0.4,0.47777777777777775,50,0.001,1,2
0.11666666666666668,0.4,0.47777777777777775,50,0.0014444444444444444,3,3
0.11666666666666668,0.4,0.47777777777777775,50,0.001888888888888889,3,5
0.11666666666666668,0.4,0.47777777777777775,50,0.0023333333333333335,4,7
0.11666666666666668,0.4,0.47777777777777775,50,0.002777777777777778,6,8
0.11666666666666668,0.4,0.47777777777777775,50,0.0032222222222222222,7,10
0.11666666666666668,0.4,0.47777777777777775,50,0.003666666666666667,6,13
0.11666666666666668,0.4,0.47777777777777775,50,0.004111111111111111,8,13
0.11666666666666668,0.4,0.47777777777777775,50,0.004555555555555556,9,16
0.11666666666666668,0.4,0.47777777777777775,50,0.005,9,16
0.11666666666666668,0.4,0.5,50,0.001,2,3
0.11666666666666668,0.4,0.5,50,0.0014444444444444444,3,4
0.11666666666666668,0.4,0.5,50,0.001888888888888889,4,6
0.11666666666666668,0.4,0.5,50,0.0023333333333333335,4,7
0.11666666666666668,0.4,0.5,50,0.002777777777777778,5,9
0.11666666666666668,0.4,0.5,50,0.0032222222222222222,7,10
0.11666666666666668,0.4,0.5,50,0.003666666666666667,7,13
0.11666666666666668,0.4,0.5,50,0.004111111111111111,8,14
0.11666666666666668,0.4,0.5,50,0.004555555555555556,8,16
0.11666666666666668,0.4,0.5,50,0.005,10,17
0.13333333333333336,0.2,0.3,50,0.001,0,0
0.13333333333333336,0.2,0.3,50,0.0014444444444444444,0,1
0.13333333333333336,0.2,0.3,50,0.001888888888888889,1,1
0.13333333333333336,0.2,0.3,50,0.0023333333333333335,1,2
0.13333333333333336,0.2,0.3,50,0.002777777777777778,1,2
0.13333333333333336,0.2,0.3,50,0.0032222222222222222,2,3
0.13333333333333336,0.2,0.3,50,0.003666666666666667,2,4
0.13333333333333336,0.2,0.3,50,0.004111111111111111,3,5
0.13333333333333336,0.2,0.3,50,0.004555555555555556,3,5
0.13333333333333336,0.2,0.3,50,0.005,3,5
0.13333333333333336,0.2,0.3222222222222222,50,0.001,0,0
0.13333333333333336,0.2,0.3222222222222222,50,0.0014444444444444444,0,1
0.13333333333333336,0.2,0.3222222222222222,50,0.001888888888888889,1,1
0.13333333333333336,0.2,0.3222222222222222,50,0.0023333333333333335,1,2
0.13333333333333336,0.2,0.3222222222222222,50,0.002777777777777778,1,3
0.13333333333333336,0.2,0.3222222222222222,50,0.0032222222222222222,2,3
0.13333333333333336,0.2,0.3222222222222222,50,0.003666666666666667,2,5
0.13333333333333336,0.2,0.3222222222222222,50,0.004111111111111111,3,5
0.13333333333333336,0.2,0.3222222222222222,50,0.004555555555555556,3,5
0.13333333333333336,0.2,0.3222222222222222,50,0.005,3,5
0.13333333333333336,0.2,0.34444444444444444,50,0.001,0,1
0.13333333333333336,0.2,0.34444444444444444,50,0.0014444444444444444,1,1
0.13333333333333336,0.2,0.34444444444444444,50,0.001888888888888889,1,1
0.13333333333333336,0.2,0.34444444444444444,50,0.0023333333333333335,1,3
0.13333333333333336,0.2,0.34444444444444444,50,0.002777777777777778,1,3
0.13333333333333336,0.2,0.34444444444444444,50,0.0032222222222222222,3,4
0.13333333333333336,0.2,0.34444444444444444,50,0.003666666666666667,2,5
0.13333333333333336,0.2,0.34444444444444444,50,0.004111111111111111,3,5
0.13333333333333336,0.2,0.34444444444444444,50,0.004555555555555556,3,5
0.13333333333333336,0.2,0.34444444444444444,50,0.005,4,6
0.13333333333333336,0.2,0.36666666666666664,50,0.001,1,1
0.13333333333333336,0.2,0.36666666666666664,50,0.0014444444444444444,1,1
0.13333333333333336,0.2,0.36666666666666664,50,0.001888888888888889,1,2
0.13333333333333336,0.2,0.36666666666666664,50,0.0023333333333333335,1,3
0.13333333333333336,0.2,0.36666666666666664,50,0.002777777777777778,2,4
0.13333333333333336,0.2,0.36666666666666664,50,0.0032222222222222222,3,4
0.13333333333333336,0.2,0.36666666666666664,50,0.003666666666666667,3,5
0.13333333333333336,0.2,0.36666666666666664,50,0.004111111111111111,3,5
0.13333333333333336,0.2,0.36666666666666664,50,0.004555555555555556,3,6
0.13333333333333336,0.2,0.36666666666666664,50,0.005,3,7
0.13333333333333336,0.2,0.3888888888888889,50,0.001,1,1
0.13333333333333336,0.2,0.3888888888888889,50,0.0014444444444444444,1,2
0.13333333333333336,0.2,0.3888888888888889,50,0.001888888888888889,1,3
0.13333333333333336,0.2,0.3888888888888889,50,0.0023333333333333335,1,3
0.13333333333333336,0.2,0.3888888888888889,50,0.002777777777777778,2,3
0.13333333333333336,0.2,0.3888888888888889,50,0.0032222222222222222,3,5
0.13333333333333336,0.2,0.3888888888888889,50,0.003666666666666667,3,5
0.13333333333333336,0.2,0.3888888888888889,50,0.004111111111111111,3,5
0.13333333333333336,0.2,0.3888888888888889,50,0.004555555555555556,4,5
0.13333333333333336,0.2,0.3888888888888889,50,0.005,4,7
0.13333333333333336,0.2,0.4111111111111111,50,0.001,1,1
0.13333333333333336,0.2,0.4111111111111111,50,0.0014444444444444444,1,2
0.13333333333333336,0.2,0.4111111111111111,50,0.001888888888888889,1,3
0.13333333333333336,0.2,0.4111111111111111,50,0.0023333333333333335,2,3
0.13333333333333336,0.2,0.4111111111111111,50,0.002777777777777778,3,3
0.13333333333333336,0.2,0.4111111111111111,50,0.0032222222222222222,3,5
0.13333333333333336,0.2,0.4111111111111111,50,0.003666666666666667,4,5
0.13333333333333336,0.2,0.4111111111111111,50,0.004111111111111111,3,6
0.13333333333333336,0.2,0.4111111111111111,50,0.004555555555555556,4,7
0.13333333333333336,0.2,0.4111111111111111,50,0.005,4,6
0.13333333333333336,0.2,0.43333333333333335,50,0.001,1,1
0.13333333333333336,0.2,0.43333333333333335,50,0.0014444444444444444,1,1
0.13333333333333336,0.2,0.43333333333333335,50,0.001888888888888889,1,3
0.13333333333333336,0.2,0.43333333333333335,50,0.0023333333333333335,2,3
0.13333333333333336,0.2,0.43333333333333335,50,0.002777777777777778,3,4
0.13333333333333336,0.2,0.43333333333333335,50,0.0032222222222222222,3,5
0.13333333333333336,0.2,0.43333333333333335,50,0.003666666666666667,3,5
0.13333333333333336,0.2,0.43333333333333335,50,0.004111111111111111,3,6
0.13333333333333336,0.2,0.43333333333333335,50,0.004555555555555556,5,7
0.13333333333333336,0.2,0.43333333333333335,50,0.005,5,7
0.13333333333333336,0.2,0.45555555555555555,50,0.001,1,1
0.13333333333333336,0.2,0.45555555555555555,50,0.0014444444444444444,1,2
0.13333333333333336,0.2,0.45555555555555555,50,0.001888888888888889,1,2
0.13333333333333336,0.2,0.45555555555555555,50,0.0023333333333333335,3,3
0.13333333333333336,0.2,0.45555555555555555,50,0.002777777777777778,3,4
0.13333333333333336,0.2,0.45555555555555555,50,0.0032222222222222222,3,5
0.13333333333333336,0.2,0.45555555555555555,50,0.003666666666666667,3,5
0.13333333333333336,0.2,0.45555555555555555,50,0.004111111111111111,4,6
0.13333333333333336,0.2,0.45555555555555555,50,0.004555555555555556,3,7
0.13333333333333336,0.2,0.45555555555555555,50,0.005,4,9
0.13333333333333336,0.2,0.47777777777777775,50,0.001,1,1
0.13333333333333336,0.2,0.47777777777777775,50,0.0014444444444444444,1,2
0.13333333333333336,0.2,0.47777777777777775,50,0.001888888888888889,2,3
0.13333333333333336,0.2,0.47777777777777775,50,0.0023333333333333335,2,3
0.13333333333333336,0.2,0.47777777777777775,50,0.002777777777777778,3,3
0.13333333333333336,0.2,0.47777777777777775,50,0.0032222222222222222,3,5
0.13333333333333336,0.2,0.47777777777777775,50,0.003666666666666667,3,6
0.13333333333333336,0.2,0.47777777777777775,50,0.004111111111111111,4,6
0.13333333333333336,0.2,0.47777777777777775,50,0.004555555555555556,4,7
0.13333333333333336,0.2,0.47777777777777775,50,0.005,4,8
0.13333333333333336,0.2,0.5,50,0.001,1,1
0.13333333333333336,0.2,0.5,50,0.0014444444444444444,1,1
0.13333333333333336,0.2,0.5,50,0.001888888888888889,2,2
0.13333333333333336,0.2,0.5,50,0.0023333333333333335,3,3
0.13333333333333336,0.2,0.5,50,0.002777777777777778,3,4
0.13333333333333336,0.2,0.5,50,0.0032222222222222222,3,5
0.13333333333333336,0.2,0.5,50,0.003666666666666667,3,6
0.13333333333333336,0.2,0.5,50,0.004111111111111111,4,7
0.13333333333333336,0.2,0.5,50,0.004555555555555556,5,7
0.13333333333333336,0.2,0.5,50,0.005,5,8
0.13333333333333336,0.22222222222222224,0.3,50,0.001,0,0
0.13333333333333336,0.22222222222222224,0.3,50,0.0014444444444444444,1,1
0.13333333333333336,0.22222222222222224,0.3,50,0.001888888888888889,1,1
0.13333333333333336,0.22222222222222224,0.3,50,0.0023333333333333335,1,3
0.13333333333333336,0.22222222222222224,0.3,50,0.002777777777777778,1,3
0.13333333333333336,0.22222222222222224,0.3,50,0.0032222222222222222,2,4
0.13333333333333336,0.22222222222222224,0.3,50,0.003666666666666667,2,4
0.13333333333333336,0.22222222222222224,0.3,50,0.004111111111111111,3,5
0.13333333333333336,0.22222222222222224,0.3,50,0.004555555555555556,3,6
0.13333333333333336,0.22222222222222224,0.3,50,0.005,3,6
0.13333333333333336,0.22222222222222224,0.3222222222222222,50,0.001,0,0
0.13333333333333336,0.22222222222222224,0.3222222222222222,50,0.0014444444444444444,1,1
0.13333333333333336,0.22222222222222224,0.3222222222222222,50,0.001888888888888889,1,2
0.13333333333333336,0.22222222222222224,0.3222222222222222,50,0.0023333333333333335,1,3
0.13333333333333336,0.22222222222222224,0.3222222222222222,50,0.002777777777777778,2,3
0.13333333333333336,0.22222222222222224,0.3222222222222222,50,0.0032222222222222222,2,4
0.13333333333333336,0.22222222222222224,0.3222222222222222,50,0.003666666666666667,3,5
0.13333333333333336,0.22222222222222224,0.3222222222222222,50,0.004111111111111111,3,5
0.13333333333333336,0.22222222222222224,0.3222222222222222,50,0.004555555555555556,3,6
0.13333333333333336,0.22222222222222224,0.3222222222222222,50,0.005,4,7
0.13333333333333336,0.22222222222222224,0.34444444444444444,50,0.001,0,1
0.13333333333333336,0.22222222222222224,0.34444444444444444,50,0.0014444444444444444,1,1
0.13333333333333336,0.22222222222222224,0.34444444444444444,50,0.001888888888888889,1,2
0.13333333333333336,0.22222222222222224,0.34444444444444444,50,0.0023333333333333335,1,2
0.13333333333333336,0.22222222222222224,0.34444444444444444,50,0.002777777777777778,1,3
0.13333333333333336,0.22222222222222224,0.34444444444444444,50,0.0032222222222222222,2,4
0.13333333333333336,0.22222222222222224,0.34444444444444444,50,0.003666666666666667,3,5
0.13333333333333336,0.22222222222222224,0.34444444444444444,50,0.004111111111111111,3,5
0.13333333333333336,0.22222222222222224,0.34444444444444444,50,0.004555555555555556,3,6
0.13333333333333336,0.22222222222222224,0.34444444444444444,50,0.005,4,7
0.13333333333333336,0.22222222222222224,0.36666666666666664,50,0.001,1,1
0.13333333333333336,0.22222222222222224,0.36666666666666664,50,0.0014444444444444444,1,1
0.13333333333333336,0.22222222222222224,0.36666666666666664,50,0.001888888888888889,1,2
0.13333333333333336,0.22222222222222224,0.36666666666666664,50,0.0023333333333333335,2,3
0.13333333333333336,0.22222222222222224,0.36666666666666664,50,0.002777777777777778,2,4
0.13333333333333336,0.22222222222222224,0.36666666666666664,50,0.0032222222222222222,3,5
0.13333333333333336,0.22222222222222224,0.36666666666666664,50,0.003666666666666667,3,5
0.13333333333333336,0.22222222222222224,0.36666666666666664,50,0.004111111111111111,3,6
0.13333333333333336,0.22222222222222224,0.36666666666666664,50,0.004555555555555556,5,6
0.13333333333333336,0.22222222222222224,0.36666666666666664,50,0.005,4,7
0.13333333333333336,0.22222222222222224,0.3888888888888889,50,0.001,1,1
0.13333333333333336,0.22222222222222224,0.3888888888888889,50,0.0014444444444444444,1,1
0.13333333333333336,0.22222222222222224,0.3888888888888889,50,0.001888888888888889,3,3
0.13333333333333336,0.22222222222222224,0.3888888888888889,50,0.0023333333333333335,3,3
0.13333333333333336,0.22222222222222224,0.3888888888888889,50,0.002777777777777778,3,5
0.13333333333333336,0.22222222222222224,0.3888888888888889,50,0.0032222222222222222,3,4
0.13333333333333336,0.22222222222222224,0.3888888888888889,50,0.003666666666666667,3,6
0.13333333333333336,0.22222222222222224,0.3888888888888889,50,0.004111111111111111,3,7
0.13333333333333336,0.22222222222222224,0.3888888888888889,50,0.004555555555555556,5,8
0.13333333333333336,0.22222222222222224,0.3888888888888889,50,0.005,5,9
0.13333333333333336,0.22222222222222224,0.4111111111111111,50,0.001,1,1
0.13333333333333336,0.22222222222222224,0.4111111111111111,50,0.0014444444444444444,1,2
0.13333333333333336,0.22222222222222224,0.4111111111111111,50,0.001888888888888889,1,3
0.13333333333333336,0.22222222222222224,0.4111111111111111,50,0.0023333333333333335,2,4
0.13333333333333336,0.22222222222222224,0.4111111111111111,50,0.002777777777777778,3,4
0.13333333333333336,0.22222222222222224,0.4111111111111111,50,0.0032222222222222222,3,5
0.13333333333333336,0.22222222222222224,0.4111111111111111,50,0.003666666666666667,3,6
0.13333333333333336,0.22222222222222224,0.4111111111111111,50,0.004111111111111111,3,7
0.13333333333333336,0.22222222222222224,0.4111111111111111,50,0.004555555555555556,4,8
0.13333333333333336,0.22222222222222224,0.4111111111111111,50,0.005,4,8
0.13333333333333336,0.22222222222222224,0.43333333333333335,50,0.001,1,1
0.13333333333333336,0.22222222222222224,0.43333333333333335,50,0.0014444444444444444,1,2
0.13333333333333336,0.22222222222222224,0.43333333333333335,50,0.001888888888888889,2,3
0.13333333333333336,0.22222222222222224,0.43333333333333335,50,0.0023333333333333335,3,3
0.13333333333333336,0.22222222222222224,0.43333333333333335,50,0.002777777777777778,3,5
0.13333333333333336,0.22222222222222224,0.43333333333333335,50,0.0032222222222222222,3,5
0.13333333333333336,0.22222222222222224,0.43333333333333335,50,0.003666666666666667,4,6
0.13333333333333336,0.22222222222222224,0.43333333333333335,50,0.004111111111111111,4,7
0.13333333333333336,0.22222222222222224,0.43333333333333335,50,0.004555555555555556,5,7
0.13333333333333336,0.22222222222222224,0.43333333333333335,50,0.005,5,8
0.13333333333333336,0.22222222222222224,0.45555555555555555,50,0.001,1,1
0.13333333333333336,0.22222222222222224,0.45555555555555555,50,0.0014444444444444444,1,1
0.13333333333333336,0.22222222222222224,0.45555555555555555,50,0.001888888888888889,2,3
0.13333333333333336,0.22222222222222224,0.45555555555555555,50,0.0023333333333333335,3,3
0.13333333333333336,0.22222222222222224,0.45555555555555555,50,0.002777777777777778,3,5
0.13333333333333336,0.22222222222222224,0.45555555555555555,50,0.0032222222222222222,3,5
0.13333333333333336,0.22222222222222224,0.45555555555555555,50,0.003666666666666667,4,6
0.13333333333333336,0.22222222222222224,0.45555555555555555,50,0.004111111111111111,4,7
0.13333333333333336,0.22222222222222224,0.45555555555555555,50,0.004555555555555556,5,8
0.13333333333333336,0.22222222222222224,0.45555555555555555,50,0.005,5,10
0.13333333333333336,0.22222222222222224,0.47777777777777775,50,0.001,1,1
0.13333333333333336,0.22222222222222224,0.47777777777777775,50,0.0014444444444444444,1,2
0.13333333333333336,0.22222222222222224,0.47777777777777775,50,0.001888888888888889,3,3
0.13333333333333336,0.22222222222222224,0.47777777777777775,50,0.0023333333333333335,3,4
0.13333333333333336,0.22222222222222224,0.47777777777777775,50,0.002777777777777778,3,5
0.13333333333333336,0.22222222222222224,0.47777777777777775,50,0.0032222222222222222,3,5
0.13333333333333336,0.22222222222222224,0.47777777777777775,50,0.003666666666666667,4,6
0.13333333333333336,0.22222222222222224,0.47777777777777775,50,0.004111111111111111,4,7
0.13333333333333336,0.22222222222222224,0.47777777777777775,50,0.004555555555555556,5,9
0.13333333333333336,0.22222222222222224,0.47777777777777775,50,0.005,4,9
0.13333333333333336,0.22222222222222224,0.5,50,0.001,1,1
0.13333333333333336,0.22222222222222224,0.5,50,0.0014444444444444444,2,2
0.13333333333333336,0.22222222222222224,0.5,50,0.001888888888888889,3,3
0.13333333333333336,0.22222222222222224,0.5,50,0.0023333333333333335,3,4
0.13333333333333336,0.22222222222222224,0.5,50,0.002777777777777778,3,5
0.13333333333333336,0.22222222222222224,0.5,50,0.0032222222222222222,3,5
0.13333333333333336,0.22222222222222224,0.5,50,0.003666666666666667,3,7
0.13333333333333336,0.22222222222222224,0.5,50,0.004111111111111111,5,7
0.13333333333333336,0.22222222222222224,0.5,50,0.004555555555555556,4,8
0.13333333333333336,0.22222222222222224,0.5,50,0.005,5,9
0.13333333333333336,0.24444444444444446,0.3,50,0.001,0,0
0.13333333333333336,0.24444444444444446,0.3,50,0.0014444444444444444,0,1
0.13333333333333336,0.24444444444444446,0.3,50,0.001888888888888889,1,1
0.13333333333333336,0.24444444444444446,0.3,50,0.0023333333333333335,1,3
0.13333333333333336,0.24444444444444446,0.3,50,0.002777777777777778,2,3
0.13333333333333336,0.24444444444444446,0.3,50,0.0032222222222222222,3,4
0.13333333333333336,0.24444444444444446,0.3,50,0.003666666666666667,3,4
0.13333333333333336,0.24444444444444446,0.3,50,0.004111111111111111,3,5
0.13333333333333336,0.24444444444444446,0.3,50,0.004555555555555556,3,6
0.13333333333333336,0.24444444444444446,0.3,50,0.005,4,7
0.13333333333333336,0.24444444444444446,0.3222222222222222,50,0.001,0,0
0.13333333333333336,0.24444444444444446,0.3222222222222222,50,0.0014444444444444444,0,1
0.13333333333333336,0.24444444444444446,0.3222222222222222,50,0.001888888888888889,1,2
0.13333333333333336,0.24444444444444446,0.3222222222222222,50,0.0023333333333333335,1,3
0.13333333333333336,0.24444444444444446,0.3222222222222222,50,0.002777777777777778,2,4
0.13333333333333336,0.24444444444444446,0.3222222222222222,50,0.0032222222222222222,3,5
0.13333333333333336,0.24444444444444446,0.3222222222222222,50,0.003666666666666667,3,5
0.13333333333333336,0.24444444444444446,0.3222222222222222,50,0.004111111111111111,3,7
0.13333333333333336,0.24444444444444446,0.3222222222222222,50,0.004555555555555556,4,6
0.13333333333333336,0.24444444444444446,0.3222222222222222,50,0.005,4,8
0.13333333333333336,0.24444444444444446,0.34444444444444444,50,0.001,0,1
0.13333333333333336,0.24444444444444446,0.34444444444444444,50,0.0014444444444444444,1,1
0.13333333333333336,0.24444444444444446,0.34444444444444444,50,0.001888888888888889,1,3
0.13333333333333336,0.24444444444444446,0.34444444444444444,50,0.0023333333333333335,2,3
0.13333333333333336,0.24444444444444446,0.34444444444444444,50,0.002777777777777778,3,5
0.13333333333333336,0.24444444444444446,0.34444444444444444,50,0.0032222222222222222,3,4
0.13333333333333336,0.24444444444444446,0.34444444444444444,50,0.003666666666666667,3,5
0.13333333333333336,0.24444444444444446,0.34444444444444444,50,0.004111111111111111,3,7
0.13333333333333336,0.24444444444444446,0.34444444444444444,50,0.004555555555555556,5,7
0.13333333333333336,0.24444444444444446,0.34444444444444444,50,0.005,4,8
0.13333333333333336,0.24444444444444446,0.36666666666666664,50,0.001,0,1
0.13333333333333336,0.24444444444444446,0.36666666666666664,50,0.0014444444444444444,1,1
0.13333333333333336,0.24444444444444446,0.36666666666666664,50,0.001888888888888889,1,3
0.13333333333333336,0.24444444444444446,0.36666666666666664,50,0.0023333333333333335,2,4
0.13333333333333336,0.24444444444444446,0.36666666666666664,50,0.002777777777777778,3,4
0.13333333333333336,0.24444444444444446,0.36666666666666664,50,0.0032222222222222222,3,5
0.13333333333333336,0.24444444444444446,0.36666666666666664,50,0.003666666666666667,4,6
0.13333333333333336,0.24444444444444446,0.36666666666666664,50,0.004111111111111111,3,7
0.13333333333333336,0.24444444444444446,0.36666666666666664,50,0.004555555555555556,3,8
0.13333333333333336,0.24444444444444446,0.36666666666666664,50,0.005,5,8
0.13333333333333336,0.24444444444444446,0.3888888888888889,50,0.001,1,1
0.13333333333333336,0.24444444444444446,0.3888888888888889,50,0.0014444444444444444,1,2
0.13333333333333336,0.24444444444444446,0.3888888888888889,50,0.001888888888888889,2,3
0.13333333333333336,0.24444444444444446,0.3888888888888889,50,0.0023333333333333335,2,3
0.13333333333333336,0.24444444444444446,0.3888888888888889,50,0.002777777777777778,3,4
0.13333333333333336,0.24444444444444446,0.3888888888888889,50,0.0032222222222222222,3,5
0.13333333333333336,0.24444444444444446,0.3888888888888889,50,0.003666666666666667,4,6
0.13333333333333336,0.24444444444444446,0.3888888888888889,50,0.004111111111111111,3,6
0.13333333333333336,0.24444444444444446,0.3888888888888889,50,0.004555555555555556,5,8
0.13333333333333336,0.24444444444444446,0.3888888888888889,50,0.005,4,9
0.13333333333333336,0.24444444444444446,0.4111111111111111,50,0.001,1,1
0.13333333333333336,0.24444444444444446,0.4111111111111111,50,0.0014444444444444444,2,2
0.13333333333333336,0.24444444444444446,0.4111111111111111,50,0.001888888888888889,3,3
0.13333333333333336,0.24444444444444446,0.4111111111111111,50,0.0023333333333333335,3,4
0.13333333333333336,0.24444444444444446,0.4111111111111111,50,0.002777777777777778,3,4
0.13333333333333336,0.24444444444444446,0.4111111111111111,50,0.0032222222222222222,4,5
0.13333333333333336,0.24444444444444446,0.4111111111111111,50,0.003666666666666667,4,7
0.13333333333333336,0.24444444444444446,0.4111111111111111,50,0.004111111111111111,5,7
0.13333333333333336,0.24444444444444446,0.4111111111111111,50,0.004555555555555556,5,8
0.13333333333333336,0.24444444444444446,0.4111111111111111,50,0.005,5,9
0.13333333333333336,0.24444444444444446,0.43333333333333335,50,0.001,1,1
0.13333333333333336,0.24444444444444446,0.43333333333333335,50,0.0014444444444444444,1,2
0.13333333333333336,0.24444444444444446,0.43333333333333335,50,0.001888888888888889,3,3
0.13333333333333336,0.24444444444444446,0.43333333333333335,50,0.0023333333333333335,3,4
0.13333333333333336,0.24444444444444446,0.43333333333333335,50,0.002777777777777778,3,5
0.13333333333333336,0.24444444444444446,0.43333333333333335,50,0.0032222222222222222,4,5
0.13333333333333336,0.24444444444444446,0.43333333333333335,50,0.003666666666666667,4,7
0.13333333333333336,0.24444444444444446,0.43333333333333335,50,0.004111111111111111,5,8
0.13333333333333336,0.24444444444444446,0.43333333333333335,50,0.004555555555555556,5,9
0.13333333333333336,0.24444444444444446,0.43333333333333335,50,0.005,5,9
0.13333333333333336,0.24444444444444446,0.45555555555555555,50,0.001,1,1
0.13333333333333336,0.24444444444444446,0.45555555555555555,50,0.0014444444444444444,2,2
0.13333333333333336,0.24444444444444446,0.45555555555555555,50,0.001888888888888889,3,3
0.13333333333333336,0.24444444444444446,0.45555555555555555,50,0.0023333333333333335,3,4
0.13333333333333336,0.24444444444444446,0.45555555555555555,50,0.002777777777777778,3,5
0.13333333333333336,0.24444444444444446,0.45555555555555555,50,0.0032222222222222222,3,6
0.13333333333333336,0.24444444444444446,0.45555555555555555,50,0.003666666666666667,4,7
0.13333333333333336,0.24444444444444446,0.45555555555555555,50,0.004111111111111111,5,8
0.13333333333333336,0.24444444444444446,0.45555555555555555,50,0.004555555555555556,5,9
0.13333333333333336,0.24444444444444446,0.45555555555555555,50,0.005,6,9
0.13333333333333336,0.24444444444444446,0.47777777777777775,50,0.001,1,1
0.13333333333333336,0.24444444444444446,0.47777777777777775,50,0.0014444444444444444,1,1
0.13333333333333336,0.24444444444444446,0.47777777777777775,50,0.001888888888888889,3,3
0.13333333333333336,0.24444444444444446,0.47777777777777775,50,0.0023333333333333335,3,4
0.13333333333333336,0.24444444444444446,0.47777777777777775,50,0.002777777777777778,3,5
0.13333333333333336,0.24444444444444446,0.47777777777777775,50,0.0032222222222222222,4,6
0.13333333333333336,0.24444444444444446,0.47777777777777775,50,0.003666666666666667,4,7
0.13333333333333336,0.24444444444444446,0.47777777777777775,50,0.004111111111111111,4,8
0.13333333333333336,0.24444444444444446,0.47777777777777775,50,0.004555555555555556,5,10
0.13333333333333336,0.24444444444444446,0.47777777777777775,50,0.005,6,10
0.13333333333333336,0.24444444444444446,0.5,50,0.001,1,1
0.13333333333333336,0.24444444444444446,0.5,50,0.0014444444444444444,1,2
0.13333333333333336,0.24444444444444446,0.5,50,0.001888888888888889,3,3
0.13333333333333336,0.24444444444444446,0.5,50,0.0023333333333333335,3,4
0.13333333333333336,0.24444444444444446,0.5,50,0.002777777777777778,4,5
0.13333333333333336,0.24444444444444446,0.5,50,0.0032222222222222222,4,7
0.13333333333333336,0.24444444444444446,0.5,50,0.003666666666666667,3,6
0.13333333333333336,0.24444444444444446,0.5,50,0.004111111111111111,5,8
0.13333333333333336,0.24444444444444446,0.5,50,0.004555555555555556,6,9
0.13333333333333336,0.24444444444444446,0.5,50,0.005,5,9
0.13333333333333336,0.26666666666666666,0.3,50,0.001,0,0
0.13333333333333336,0.26666666666666666,0.3,50,0.0014444444444444444,0,1
0.13333333333333336,0.26666666666666666,0.3,50,0.001888888888888889,1,2
0.13333333333333336,0.26666666666666666,0.3,50,0.0023333333333333335,1,3
0.13333333333333336,0.26666666666666666,0.3,50,0.002777777777777778,2,3
0.13333333333333336,0.26666666666666666,0.3,50,0.0032222222222222222,2,4
0.13333333333333336,0.26666666666666666,0.3,50,0.003666666666666667,3,5
0.13333333333333336,0.26666666666666666,0.3,50,0.004111111111111111,3,6
0.13333333333333336,0.26666666666666666,0.3,50,0.004555555555555556,4,6
0.13333333333333336,0.26666666666666666,0.3,50,0.005,4,7
0.13333333333333336,0.26666666666666666,0.3222222222222222,50,0.001,0,1
0.13333333333333336,0.26666666666666666,0.3222222222222222,50,0.0014444444444444444,1,1
0.13333333333333336,0.26666666666666666,0.3222222222222222,50,0.001888888888888889,1,2
0.13333333333333336,0.26666666666666666,0.3222222222222222,50,0.0023333333333333335,2,3
0.13333333333333336,0.26666666666666666,0.3222222222222222,50,0.002777777777777778,3,4
0.13333333333333336,0.26666666666666666,0.3222222222222222,50,0.0032222222222222222,3,5
0.13333333333333336,0.26666666666666666,0.3222222222222222,50,0.003666666666666667,3,5
0.13333333333333336,0.26666666666666666,0.3222222222222222,50,0.004111111111111111,4,7
0.13333333333333336,0.26666666666666666,0.3222222222222222,50,0.004555555555555556,5,8
0.13333333333333336,0.26666666666666666,0.3222222222222222,50,0.005,4,8
0.13333333333333336,0.26666666666666666,0.34444444444444444,50,0.001,0,1
0.13333333333333336,0.26666666666666666,0.34444444444444444,50,0.0014444444444444444,1,1
0.13333333333333336,0.26666666666666666,0.34444444444444444,50,0.001888888888888889,1,3
0.13333333333333336,0.26666666666666666,0.34444444444444444,50,0.0023333333333333335,2,3
0.13333333333333336,0.26666666666666666,0.34444444444444444,50,0.002777777777777778,3,4
0.13333333333333336,0.26666666666666666,0.34444444444444444,50,0.0032222222222222222,3,6
0.13333333333333336,0.26666666666666666,0.34444444444444444,50,0.003666666666666667,4,6
0.13333333333333336,0.26666666666666666,0.34444444444444444,50,0.004111111111111111,3,7
0.13333333333333336,0.26666666666666666,0.34444444444444444,50,0.004555555555555556,4,8
0.13333333333333336,0.26666666666666666,0.34444444444444444,50,0.005,5,9
0.13333333333333336,0.26666666666666666,0.36666666666666664,50,0.001,0,1
0.13333333333333336,0.26666666666666666,0.36666666666666664,50,0.0014444444444444444,1,1
0.13333333333333336,0.26666666666666666,0.36666666666666664,50,0.001888888888888889,2,2
0.13333333333333336,0.26666666666666666,0.36666666666666664,50,0.0023333333333333335,3,4
0.13333333333333336,0.26666666666666666,0.36666666666666664,50,0.002777777777777778,3,5
0.13333333333333336,0.26666666666666666,0.36666666666666664,50,0.0032222222222222222,4,6
0.13333333333333336,0.26666666666666666,0.36666666666666664,50,0.003666666666666667,3,6
0.13333333333333336,0.26666666666666666,0.36666666666666664,50,0.004111111111111111,4,8
0.13333333333333336,0.26666666666666666,0.36666666666666664,50,0.004555555555555556,4,8
0.13333333333333336,0.26666666666666666,0.36666666666666664,50,0.005,5,9
0.13333333333333336,0.26666666666666666,0.3888888888888889,50,0.001,1,1
0.13333333333333336,0.26666666666666666,0.3888888888888889,50,0.0014444444444444444,1,2
0.13333333333333336,0.26666666666666666,0.3888888888888889,50,0.001888888888888889,2,3
0.13333333333333336,0.26666666666666666,0.3888888888888889,50,0.0023333333333333335,3,4
0.13333333333333336,0.26666666666666666,0.3888888888888889,50,0.002777777777777778,3,5
0.13333333333333336,0.26666666666666666,0.3888888888888889,50,0.0032222222222222222,3,6
0.13333333333333336,0.26666666666666666,0.3888888888888889,50,0.003666666666666667,4,7
0.13333333333333336,0.26666666666666666,0.3888888888888889,50,0.004111111111111111,5,7
0.13333333333333336,0.26666666666666666,0.3888888888888889,50,0.004555555555555556,4,8
0.13333333333333336,0.26666666666666666,0.3888888888888889,50,0.005,6,10
0.13333333333333336,0.26666666666666666,0.4111111111111111,50,0.001,1,1
0.13333333333333336,0.26666666666666666,0.4111111111111111,50,0.0014444444444444444,1,1
0.13333333333333336,0.26666666666666666,0.4111111111111111,50,0.001888888888888889,3,4
0.13333333333333336,0.26666666666666666,0.4111111111111111,50,0.0023333333333333335,3,4
0.13333333333333336,0.26666666666666666,0.4111111111111111,50,0.002777777777777778,3,5
0.13333333333333336,0.26666666666666666,0.4111111111111111,50,0.0032222222222222222,4,6
0.13333333333333336,0.26666666666666666,0.4111111111111111,50,0.003666666666666667,4,8
0.13333333333333336,0.26666666666666666,0.4111111111111111,50,0.004111111111111111,5,8
0.13333333333333336,0.26666666666666666,0.4111111111111111,50,0.004555555555555556,5,9
0.13333333333333336,0.26666666666666666,0.4111111111111111,50,0.005,6,10
0.13333333333333336,0.26666666666666666,0.43333333333333335,50,0.001,1,1
0.13333333333333336,0.26666666666666666,0.43333333333333335,50,0.0014444444444444444,2,2
0.13333333333333336,0.26666666666666666,0.43333333333333335,50,0.001888888888888889,3,3
0.13333333333333336,0.26666666666666666,0.43333333333333335,50,0.0023333333333333335,3,5
0.13333333333333336,0.26666666666666666,0.43333333333333335,50,0.002777777777777778,3,5
0.13333333333333336,0.26666666666666666,0.43333333333333335,50,0.0032222222222222222,4,6
0.13333333333333336,0.26666666666666666,0.43333333333333335,50,0.003666666666666667,5,7
0.13333333333333336,0.26666666666666666,0.43333333333333335,50,0.004111111111111111,5,9
0.13333333333333336,0.26666666666666666,0.43333333333333335,50,0.004555555555555556,5,8
0.13333333333333336,0.26666666666666666,0.43333333333333335,50,0.005,5,10
0.13333333333333336,0.26666666666666666,0.45555555555555555,50,0.001,1,1
0.13333333333333336,0.26666666666666666,0.45555555555555555,50,0.0014444444444444444,2,2
0.13333333333333336,0.26666666666666666,0.45555555555555555,50,0.001888888888888889,3,4
0.13333333333333336,0.26666666666666666,0.45555555555555555,50,0.0023333333333333335,3,5
0.13333333333333336,0.26666666666666666,0.45555555555555555,50,0.002777777777777778,3,6
0.13333333333333336,0.26666666666666666,0.45555555555555555,50,0.0032222222222222222,3,7
0.13333333333333336,0.26666666666666666,0.45555555555555555,50,0.003666666666666667,5,8
0.13333333333333336,0.26666666666666666,0.45555555555555555,50,0.004111111111111111,5,9
0.13333333333333336,0.26666666666666666,0.45555555555555555,50,0.004555555555555556,6,10
0.13333333333333336,0.26666666666666666,0.45555555555555555,50,0.005,6,10
0.13333333333333336,0.26666666666666666,0.47777777777777775,50,0.001,1,1
0.13333333333333336,0.26666666666666666,0.47777777777777775,50,0.0014444444444444444,2,2
0.13333333333333336,0.26666666666666666,0.47777777777777775,50,0.001888888888888889,3,3
0.13333333333333336,0.26666666666666666,0.47777777777777775,50,0.0023333333333333335,3,5
0.13333333333333336,0.26666666666666666,0.47777777777777775,50,0.002777777777777778,3,5
0.13333333333333336,0.26666666666666666,0.47777777777777775,50,0.0032222222222222222,5,6
0.13333333333333336,0.26666666666666666,0.47777777777777775,50,0.003666666666666667,4,7
0.13333333333333336,0.26666666666666666,0.47777777777777775,50,0.004111111111111111,5,9
0.13333333333333336,0.26666666666666666,0.47777777777777775,50,0.004555555555555556,5,10
0.13333333333333336,0.26666666666666666,0.47777777777777775,50,0.005,6,10
0.13333333333333336,0.26666666666666666,0.5,50,0.001,1,1
0.13333333333333336,0.26666666666666666,0.5,50,0.0014444444444444444,3,3
0.13333333333333336,0.26666666666666666,0.5,50,0.001888888888888889,3,4
0.13333333333333336,0.26666666666666666,0.5,50,0.0023333333333333335,3,5
0.13333333333333336,0.26666666666666666,0.5,50,0.002777777777777778,4,6
0.13333333333333336,0.26666666666666666,0.5,50,0.0032222222222222222,4,7
0.13333333333333336,0.26666666666666666,0.5,50,0.003666666666666667,5,8
0.13333333333333336,0.26666666666666666,0.5,50,0.004111111111111111,5,9
0.13333333333333336,0.26666666666666666,0.5,50,0.004555555555555556,6,10
0.13333333333333336,0.26666666666666666,0.5,50,0.005,7,10
0.13333333333333336,0.2888888888888889,0.3,50,0.001,0,0
0.13333333333333336,0.2888888888888889,0.3,50,0.0014444444444444444,0,1
0.13333333333333336,0.2888888888888889,0.3,50,0.001888888888888889,1,3
0.13333333333333336,0.2888888888888889,0.3,50,0.0023333333333333335,1,3
0.13333333333333336,0.2888888888888889,0.3,50,0.002777777777777778,3,5
0.13333333333333336,0.2888888888888889,0.3,50,0.0032222222222222222,3,6
0.13333333333333336,0.2888888888888889,0.3,50,0.003666666666666667,3,5
0.13333333333333336,0.2888888888888889,0.3,50,0.004111111111111111,4,6
0.13333333333333336,0.2888888888888889,0.3,50,0.004555555555555556,5,7
0.13333333333333336,0.2888888888888889,0.3,50,0.005,3,7
0.13333333333333336,0.2888888888888889,0.3222222222222222,50,0.001,0,0
0.13333333333333336,0.2888888888888889,0.3222222222222222,50,0.0014444444444444444,1,2
0.13333333333333336,0.2888888888888889,0.3222222222222222,50,0.001888888888888889,1,3
0.13333333333333336,0.2888888888888889,0.3222222222222222,50,0.0023333333333333335,2,3
0.13333333333333336,0.2888888888888889,0.3222222222222222,50,0.002777777777777778,3,5
0.13333333333333336,0.2888888888888889,0.3222222222222222,50,0.0032222222222222222,3,6
0.13333333333333336,0.2888888888888889,0.3222222222222222,50,0.003666666666666667,4,6
0.13333333333333336,0.2888888888888889,0.3222222222222222,50,0.004111111111111111,4,7
0.13333333333333336,0.2888888888888889,0.3222222222222222,50,0.004555555555555556,5,8
0.13333333333333336,0.2888888888888889,0.3222222222222222,50,0.005,5,9
0.13333333333333336,0.2888888888888889,0.34444444444444444,50,0.001,0,1
0.13333333333333336,0.2888888888888889,0.34444444444444444,50,0.0014444444444444444,1,2
0.13333333333333336,0.2888888888888889,0.34444444444444444,50,0.001888888888888889,2,3
0.13333333333333336,0.2888888888888889,0.34444444444444444,50,0.0023333333333333335,3,4
0.13333333333333336,0.2888888888888889,0.34444444444444444,50,0.002777777777777778,3,5
0.13333333333333336,0.2888888888888889,0.34444444444444444,50,0.0032222222222222222,3,6
0.13333333333333336,0.2888888888888889,0.34444444444444444,50,0.003666666666666667,3,6
0.13333333333333336,0.2888888888888889,0.34444444444444444,50,0.004111111111111111,4,7
0.13333333333333336,0.2888888888888889,0.34444444444444444,50,0.004555555555555556,5,8
0.13333333333333336,0.2888888888888889,0.34444444444444444,50,0.005,6,9
0.13333333333333336,0.2888888888888889,0.36666666666666664,50,0.001,1,1
0.13333333333333336,0.2888888888888889,0.36666666666666664,50,0.0014444444444444444,1,2
0.13333333333333336,0.2888888888888889,0.36666666666666664,50,0.001888888888888889,2,3
0.13333333333333336,0.2888888888888889,0.36666666666666664,50,0.0023333333333333335,3,4
0.13333333333333336,0.2888888888888889,0.36666666666666664,50,0.002777777777777778,3,5
0.13333333333333336,0.2888888888888889,0.36666666666666664,50,0.0032222222222222222,3,6
0.13333333333333336,0.2888888888888889,0.36666666666666664,50,0.003666666666666667,4,7
0.13333333333333336,0.2888888888888889,0.36666666666666664,50,0.004111111111111111,5,7
0.13333333333333336,0.2888888888888889,0.36666666666666664,50,0.004555555555555556,5,9
0.13333333333333336,0.2888888888888889,0.36666666666666664,50,0.005,6,10
0.13333333333333336,0.2888888888888889,0.3888888888888889,50,0.001,1,1
0.13333333333333336,0.2888888888888889,0.3888888888888889,50,0.0014444444444444444,1,2
0.13333333333333336,0.2888888888888889,0.3888888888888889,50,0.001888888888888889,3,3
0.13333333333333336,0.2888888888888889,0.3888888888888889,50,0.0023333333333333335,3,5
0.13333333333333336,0.2888888888888889,0.3888888888888889,50,0.002777777777777778,3,6
0.13333333333333336,0.2888888888888889,0.3888888888888889,50,0.0032222222222222222,4,7
0.13333333333333336,0.2888888888888889,0.3888888888888889,50,0.003666666666666667,4,8
0.13333333333333336,0.2888888888888889,0.3888888888888889,50,0.004111111111111111,5,9
0.13333333333333336,0.2888888888888889,0.3888888888888889,50,0.004555555555555556,5,9
0.13333333333333336,0.2888888888888889,0.3888888888888889,50,0.005,6,9
0.13333333333333336,0.2888888888888889,0.4111111111111111,50,0.001,1,1
0.13333333333333336,0.2888888888888889,0.4111111111111111,50,0.0014444444444444444,3,3
0.13333333333333336,0.2888888888888889,0.4111111111111111,50,0.001888888888888889,3,3
0.13333333333333336,0.2888888888888889,0.4111111111111111,50,0.0023333333333333335,3,5
0.13333333333333336,0.2888888888888889,0.4111111111111111,50,0.002777777777777778,3,6
0.13333333333333336,0.2888888888888889,0.4111111111111111,50,0.0032222222222222222,4,7
0.13333333333333336,0.2888888888888889,0.4111111111111111,50,0.003666666666666667,4,8
0.13333333333333336,0.2888888888888889,0.4111111111111111,50,0.004111111111111111,5,9
0.13333333333333336,0.2888888888888889,0.4111111111111111,50,0.004555555555555556,5,10
0.13333333333333336,0.2888888888888889,0.4111111111111111,50,0.005,6,11
0.13333333333333336,0.2888888888888889,0.43333333333333335,50,0.001,1,1
0.13333333333333336,0.2888888888888889,0.43333333333333335,50,0.0014444444444444444,3,3
0.13333333333333336,0.2888888888888889,0.43333333333333335,50,0.001888888888888889,3,3
0.13333333333333336,0.2888888888888889,0.43333333333333335,50,0.0023333333333333335,3,5
0.13333333333333336,0.2888888888888889,0.43333333333333335,50,0.002777777777777778,3,6
0.13333333333333336,0.2888888888888889,0.43333333333333335,50,0.0032222222222222222,3,7
0.13333333333333336,0.2888888888888889,0.43333333333333335,50,0.003666666666666667,5,9
0.13333333333333336,0.2888888888888889,0.43333333333333335,50,0.004111111111111111,5,9
0.13333333333333336,0.2888888888888889,0.43333333333333335,50,0.004555555555555556,5,10
0.13333333333333336,0.2888888888888889,0.43333333333333335,50,0.005,6,11
0.13333333333333336,0.2888888888888889,0.45555555555555555,50,0.001,1,1
0.13333333333333336,0.2888888888888889,0.45555555555555555,50,0.0014444444444444444,3,3
0.13333333333333336,0.2888888888888889,0.45555555555555555,50,0.001888888888888889,3,4
0.13333333333333336,0.2888888888888889,0.45555555555555555,50,0.0023333333333333335,3,4
0.13333333333333336,0.2888888888888889,0.45555555555555555,50,0.002777777777777778,3,6
0.13333333333333336,0.2888888888888889,0.45555555555555555,50,0.0032222222222222222,4,7
0.13333333333333336,0.2888888888888889,0.45555555555555555,50,0.003666666666666667,5,8
0.13333333333333336,0.2888888888888889,0.45555555555555555,50,0.004111111111111111,4,9
0.13333333333333336,0.2888888888888889,0.45555555555555555,50,0.004555555555555556,5,10
0.13333333333333336,0.2888888888888889,0.45555555555555555,50,0.005,7,12
0.13333333333333336,0.2888888888888889,0.47777777777777775,50,0.001,2,2
0.13333333333333336,0.2888888888888889,0.47777777777777775,50,0.0014444444444444444,3,3
0.13333333333333336,0.2888888888888889,0.47777777777777775,50,0.001888888888888889,3,4
0.13333333333333336,0.2888888888888889,0.47777777777777775,50,0.0023333333333333335,3,5
0.13333333333333336,0.2888888888888889,0.47777777777777775,50,0.002777777777777778,4,5
0.13333333333333336,0.2888888888888889,0.47777777777777775,50,0.0032222222222222222,4,8
0.13333333333333336,0.2888888888888889,0.47777777777777775,50,0.003666666666666667,5,9
0.13333333333333336,0.2888888888888889,0.47777777777777775,50,0.004111111111111111,6,10
0.13333333333333336,0.2888888888888889,0.47777777777777775,50,0.004555555555555556,6,10
0.13333333333333336,0.2888888888888889,0.47777777777777775,50,0.005,8,11
0.13333333333333336,0.2888888888888889,0.5,50,0.001,1,1
0.13333333333333336,0.2888888888888889,0.5,50,0.0014444444444444444,3,3
0.13333333333333336,0.2888888888888889,0.5,50,0.001888888888888889,3,4
0.13333333333333336,0.2888888888888889,0.5,50,0.0023333333333333335,3,5
0.13333333333333336,0.2888888888888889,0.5,50,0.002777777777777778,4,7
0.13333333333333336,0.2888888888888889,0.5,50,0.0032222222222222222,5,8
0.13333333333333336,0.2888888888888889,0.5,50,0.003666666666666667,6,10
0.13333333333333336,0.2888888888888889,0.5,50,0.004111111111111111,6,10
0.13333333333333336,0.2888888888888889,0.5,50,0.004555555555555556,6,11
0.13333333333333336,0.2888888888888889,0.5,50,0.005,7,13
0.13333333333333336,0.3111111111111111,0.3,50,0.001,0,0
0.13333333333333336,0.3111111111111111,0.3,50,0.0014444444444444444,0,1
0.13333333333333336,0.3111111111111111,0.3,50,0.001888888888888889,1,3
0.13333333333333336,0.3111111111111111,0.3,50,0.0023333333333333335,1,3
0.13333333333333336,0.3111111111111111,0.3,50,0.002777777777777778,2,3
0.13333333333333336,0.3111111111111111,0.3,50,0.0032222222222222222,2,5
0.13333333333333336,0.3111111111111111,0.3,50,0.003666666666666667,3,6
0.13333333333333336,0.3111111111111111,0.3,50,0.004111111111111111,3,7
0.13333333333333336,0.3111111111111111,0.3,50,0.004555555555555556,4,8
0.13333333333333336,0.3111111111111111,0.3,50,0.005,5,9
0.13333333333333336,0.3111111111111111,0.3222222222222222,50,0.001,0,0
0.13333333333333336,0.3111111111111111,0.3222222222222222,50,0.0014444444444444444,0,2
0.13333333333333336,0.3111111111111111,0.3222222222222222,50,0.001888888888888889,2,3
0.13333333333333336,0.3111111111111111,0.3222222222222222,50,0.0023333333333333335,2,4
0.13333333333333336,0.3111111111111111,0.3222222222222222,50,0.002777777777777778,3,5
0.13333333333333336,0.3111111111111111,0.3222222222222222,50,0.0032222222222222222,3,6
0.13333333333333336,0.3111111111111111,0.3222222222222222,50,0.003666666666666667,4,6
0.13333333333333336,0.3111111111111111,0.3222222222222222,50,0.004111111111111111,5,8
0.13333333333333336,0.3111111111111111,0.3222222222222222,50,0.004555555555555556,5,9
0.13333333333333336,0.3111111111111111,0.3222222222222222,50,0.005,5,10
0.13333333333333336,0.3111111111111111,0.34444444444444444,50,0.001,0,1
0.13333333333333336,0.3111111111111111,0.34444444444444444,50,0.0014444444444444444,1,2
0.13333333333333336,0.3111111111111111,0.34444444444444444,50,0.001888888888888889,2,3
0.13333333333333336,0.3111111111111111,0.34444444444444444,50,0.0023333333333333335,3,4
0.13333333333333336,0.3111111111111111,0.34444444444444444,50,0.002777777777777778,3,5
0.13333333333333336,0.3111111111111111,0.34444444444444444,50,0.0032222222222222222,4,6
0.13333333333333336,0.3111111111111111,0.34444444444444444,50,0.003666666666666667,4,7
0.13333333333333336,0.3111111111111111,0.34444444444444444,50,0.004111111111111111,5,8
0.13333333333333336,0.3111111111111111,0.34444444444444444,50,0.004555555555555556,5,8
0.13333333333333336,0.3111111111111111,0.34444444444444444,50,0.005,5,10
0.13333333333333336,0.3111111111111111,0.36666666666666664,50,0.001,1,1
0.13333333333333336,0.3111111111111111,0.36666666666666664,50,0.0014444444444444444,1,3
0.13333333333333336,0.3111111111111111,0.36666666666666664,50,0.001888888888888889,2,3
0.13333333333333336,0.3111111111111111,0.36666666666666664,50,0.0023333333333333335,3,4
0.13333333333333336,0.3111111111111111,0.36666666666666664,50,0.002777777777777778,3,6
0.13333333333333336,0.3111111111111111,0.36666666666666664,50,0.0032222222222222222,4,6
0.13333333333333336,0.3111111111111111,0.36666666666666664,50,0.003666666666666667,5,7
0.13333333333333336,0.3111111111111111,0.36666666666666664,50,0.004111111111111111,4,9
0.13333333333333336,0.3111111111111111,0.36666666666666664,50,0.004555555555555556,6,10
0.13333333333333336,0.3111111111111111,0.36666666666666664,50,0.005,6,10
0.13333333333333336,0.3111111111111111,0.3888888888888889,50,0.001,1,1
0.13333333333333336,0.3111111111111111,0.3888888888888889,50,0.0014444444444444444,2,3
0.13333333333333336,0.3111111111111111,0.3888888888888889,50,0.001888888888888889,3,4
0.13333333333333336,0.3111111111111111,0.3888888888888889,50,0.0023333333333333335,3,5
0.13333333333333336,0.3111111111111111,0.3888888888888889,50,0.002777777777777778,3,7
0.13333333333333336,0.3111111111111111,0.3888888888888889,50,0.0032222222222222222,4,8
0.13333333333333336,0.3111111111111111,0.3888888888888889,50,0.003666666666666667,4,8
0.13333333333333336,0.3111111111111111,0.3888888888888889,50,0.004111111111111111,6,10
0.13333333333333336,0.3111111111111111,0.3888888888888889,50,0.004555555555555556,5,9
0.13333333333333336,0.3111111111111111,0.3888888888888889,50,0.005,7,10
0.13333333333333336,0.3111111111111111,0.4111111111111111,50,0.001,1,1
0.13333333333333336,0.3111111111111111,0.4111111111111111,50,0.0014444444444444444,2,3
0.13333333333333336,0.3111111111111111,0.4111111111111111,50,0.001888888888888889,3,3
0.13333333333333336,0.3111111111111111,0.4111111111111111,50,0.0023333333333333335,3,5
0.13333333333333336,0.3111111111111111,0.4111111111111111,50,0.002777777777777778,4,5
0.13333333333333336,0.3111111111111111,0.4111111111111111,50,0.0032222222222222222,5,7
0.13333333333333336,0.3111111111111111,0.4111111111111111,50,0.003666666666666667,4,9
0.13333333333333336,0.3111111111111111,0.4111111111111111,50,0.004111111111111111,6,10
0.13333333333333336,0.3111111111111111,0.4111111111111111,50,0.004555555555555556,6,11
0.13333333333333336,0.3111111111111111,0.4111111111111111,50,0.005,7,12
0.13333333333333336,0.3111111111111111,0.43333333333333335,50,0.001,1,1
0.13333333333333336,0.3111111111111111,0.43333333333333335,50,0.0014444444444444444,2,3
0.13333333333333336,0.3111111111111111,0.43333333333333335,50,0.001888888888888889,3,3
0.13333333333333336,0.3111111111111111,0.43333333333333335,50,0.0023333333333333335,3,5
0.13333333333333336,0.3111111111111111,0.43333333333333335,50,0.002777777777777778,4,7
0.13333333333333336,0.3111111111111111,0.43333333333333335,50,0.0032222222222222222,4,8
0.13333333333333336,0.3111111111111111,0.43333333333333335,50,0.003666666666666667,5,9
0.13333333333333336,0.3111111111111111,0.43333333333333335,50,0.004111111111111111,6,10
0.13333333333333336,0.3111111111111111,0.43333333333333335,50,0.004555555555555556,6,10
0.13333333333333336,0.3111111111111111,0.43333333333333335,50,0.005,7,12
0.13333333333333336,0.3111111111111111,0.45555555555555555,50,0.001,1,1
0.13333333333333336,0.3111111111111111,0.45555555555555555,50,0.0014444444444444444,3,3
0.13333333333333336,0.3111111111111111,0.45555555555555555,50,0.001888888888888889,3,4
0.13333333333333336,0.3111111111111111,0.45555555555555555,50,0.0023333333333333335,3,5
0.13333333333333336,0.3111111111111111,0.45555555555555555,50,0.002777777777777778,4,6
0.13333333333333336,0.3111111111111111,0.45555555555555555,50,0.0032222222222222222,4,9
0.13333333333333336,0.3111111111111111,0.45555555555555555,50,0.003666666666666667,5,10
0.13333333333333336,0.3111111111111111,0.45555555555555555,50,0.004111111111111111,7,10
0.13333333333333336,0.3111111111111111,0.45555555555555555,50,0.004555555555555556,6,10
0.13333333333333336,0.3111111111111111,0.45555555555555555,50,0.005,7,12
0.13333333333333336,0.3111111111111111,0.47777777777777775,50,0.001,2,2
0.13333333333333336,0.3111111111111111,0.47777777777777775,50,0.0014444444444444444,3,3
0.13333333333333336,0.3111111111111111,0.47777777777777775,50,0.001888888888888889,3,4
0.13333333333333336,0.3111111111111111,0.47777777777777775,50,0.0023333333333333335,3,6
0.13333333333333336,0.3111111111111111,0.47777777777777775,50,0.002777777777777778,4,7
0.13333333333333336,0.3111111111111111,0.47777777777777775,50,0.0032222222222222222,5,8
0.13333333333333336,0.3111111111111111,0.47777777777777775,50,0.003666666666666667,5,9
0.13333333333333336,0.3111111111111111,0.47777777777777775,50,0.004111111111111111,7,10
0.13333333333333336,0.3111111111111111,0.47777777777777775,50,0.004555555555555556,6,12
0.13333333333333336,0.3111111111111111,0.47777777777777775,50,0.005,8,12
0.13333333333333336,0.3111111111111111,0.5,50,0.001,2,2
0.13333333333333336,0.3111111111111111,0.5,50,0.0014444444444444444,3,3
0.13333333333333336,0.3111111111111111,0.5,50,0.001888888888888889,3,4
0.13333333333333336,0.3111111111111111,0.5,50,0.0023333333333333335,4,6
0.13333333333333336,0.3111111111111111,0.5,50,0.002777777777777778,4,7
0.13333333333333336,0.3111111111111111,0.5,50,0.0032222222222222222,5,8
0.13333333333333336,0.3111111111111111,0.5,50,0.003666666666666667,6,10
0.13333333333333336,0.3111111111111111,0.5,50,0.004111111111111111,6,10
0.13333333333333336,0.3111111111111111,0.5,50,0.004555555555555556,7,11
0.13333333333333336,0.3111111111111111,0.5,50,0.005,7,13
0.13333333333333336,0.33333333333333337,0.3,50,0.001,0,0
0.13333333333333336,0.33333333333333337,0.3,50,0.0014444444444444444,0,1
0.13333333333333336,0.33333333333333337,0.3,50,0.001888888888888889,1,3
0.13333333333333336,0.33333333333333337,0.3,50,0.0023333333333333335,2,4
0.13333333333333336,0.33333333333333337,0.3,50,0.002777777777777778,3,5
0.13333333333333336,0.33333333333333337,0.3,50,0.0032222222222222222,3,6
0.13333333333333336,0.33333333333333337,0.3,50,0.003666666666666667,4,6
0.13333333333333336,0.33333333333333337,0.3,50,0.004111111111111111,5,7
0.13333333333333336,0.33333333333333337,0.3,50,0.004555555555555556,5,9
0.13333333333333336,0.33333333333333337,0.3,50,0.005,4,10
0.13333333333333336,0.33333333333333337,0.3222222222222222,50,0.001,0,1
0.13333333333333336,0.33333333333333337,0.3222222222222222,50,0.0014444444444444444,1,2
0.13333333333333336,0.33333333333333337,0.3222222222222222,50,0.001888888888888889,1,3
0.13333333333333336,0.33333333333333337,0.3222222222222222,50,0.0023333333333333335,3,4
0.13333333333333336,0.33333333333333337,0.3222222222222222,50,0.002777777777777778,3,5
0.13333333333333336,0.33333333333333337,0.3222222222222222,50,0.0032222222222222222,4,6
0.13333333333333336,0.33333333333333337,0.3222222222222222,50,0.003666666666666667,5,8
0.13333333333333336,0.33333333333333337,0.3222222222222222,50,0.004111111111111111,5,8
0.13333333333333336,0.33333333333333337,0.3222222222222222,50,0.004555555555555556,5,10
0.13333333333333336,0.33333333333333337,0.3222222222222222,50,0.005,6,11
0.13333333333333336,0.33333333333333337,0.34444444444444444,50,0.001,0,0
0.13333333333333336,0.33333333333333337,0.34444444444444444,50,0.0014444444444444444,1,2
0.13333333333333336,0.33333333333333337,0.34444444444444444,50,0.001888888888888889,3,3
0.13333333333333336,0.33333333333333337,0.34444444444444444,50,0.0023333333333333335,3,5
0.13333333333333336,0.33333333333333337,0.34444444444444444,50,0.002777777777777778,3,5
0.13333333333333336,0.33333333333333337,0.34444444444444444,50,0.0032222222222222222,4,7
0.13333333333333336,0.33333333333333337,0.34444444444444444,50,0.003666666666666667,4,7
0.13333333333333336,0.33333333333333337,0.34444444444444444,50,0.004111111111111111,5,9
0.13333333333333336,0.33333333333333337,0.34444444444444444,50,0.004555555555555556,6,10
0.13333333333333336,0.33333333333333337,0.34444444444444444,50,0.005,6,11
0.13333333333333336,0.33333333333333337,0.36666666666666664,50,0.001,1,1
0.13333333333333336,0.33333333333333337,0.36666666666666664,50,0.0014444444444444444,2,3
0.13333333333333336,0.33333333333333337,0.36666666666666664,50,0.001888888888888889,3,3
0.13333333333333336,0.33333333333333337,0.36666666666666664,50,0.0023333333333333335,3,5
0.13333333333333336,0.33333333333333337,0.36666666666666664,50,0.002777777777777778,3,6
0.13333333333333336,0.33333333333333337,0.36666666666666664,50,0.0032222222222222222,4,7
0.13333333333333336,0.33333333333333337,0.36666666666666664,50,0.003666666666666667,5,7
0.13333333333333336,0.33333333333333337,0.36666666666666664,50,0.004111111111111111,6,10
0.13333333333333336,0.33333333333333337,0.36666666666666664,50,0.004555555555555556,7,10
0.13333333333333336,0.33333333333333337,0.36666666666666664,50,0.005,7,11
0.13333333333333336,0.33333333333333337,0.3888888888888889,50,0.001,1,1
0.13333333333333336,0.33333333333333337,0.3888888888888889,50,0.0014444444444444444,2,3
0.13333333333333336,0.33333333333333337,0.3888888888888889,50,0.001888888888888889,3,4
0.13333333333333336,0.33333333333333337,0.3888888888888889,50,0.0023333333333333335,3,5
0.13333333333333336,0.33333333333333337,0.3888888888888889,50,0.002777777777777778,5,7
0.13333333333333336,0.33333333333333337,0.3888888888888889,50,0.0032222222222222222,4,8
0.13333333333333336,0.33333333333333337,0.3888888888888889,50,0.003666666666666667,5,9
0.13333333333333336,0.33333333333333337,0.3888888888888889,50,0.004111111111111111,6,10
0.13333333333333336,0.33333333333333337,0.3888888888888889,50,0.004555555555555556,7,11
0.13333333333333336,0.33333333333333337,0.3888888888888889,50,0.005,6,12
0.13333333333333336,0.33333333333333337,0.4111111111111111,50,0.001,1,1
0.13333333333333336,0.33333333333333337,0.4111111111111111,50,0.0014444444444444444,2,3
0.13333333333333336,0.33333333333333337,0.4111111111111111,50,0.001888888888888889,3,4
0.13333333333333336,0.33333333333333337,0.4111111111111111,50,0.0023333333333333335,3,6
0.13333333333333336,0.33333333333333337,0.4111111111111111,50,0.002777777777777778,4,7
0.13333333333333336,0.33333333333333337,0.4111111111111111,50,0.0032222222222222222,5,7
0.13333333333333336,0.33333333333333337,0.4111111111111111,50,0.003666666666666667,5,9
0.13333333333333336,0.33333333333333337,0.4111111111111111,50,0.004111111111111111,6,10
0.13333333333333336,0.33333333333333337,0.4111111111111111,50,0.004555555555555556,7,12
0.13333333333333336,0.33333333333333337,0.4111111111111111,50,0.005,8,12
0.13333333333333336,0.33333333333333337,0.43333333333333335,50,0.001,2,2
0.13333333333333336,0.33333333333333337,0.43333333333333335,50,0.0014444444444444444,3,3
0.13333333333333336,0.33333333333333337,0.43333333333333335,50,0.001888888888888889,3,4
0.13333333333333336,0.33333333333333337,0.43333333333333335,50,0.0023333333333333335,4,6
0.13333333333333336,0.33333333333333337,0.43333333333333335,50,0.002777777777777778,4,7
0.13333333333333336,0.33333333333333337,0.43333333333333335,50,0.0032222222222222222,5,8
0.13333333333333336,0.33333333333333337,0.43333333333333335,50,0.003666666666666667,5,9
0.13333333333333336,0.33333333333333337,0.43333333333333335,50,0.004111111111111111,6,11
0.13333333333333336,0.33333333333333337,0.43333333333333335,50,0.004555555555555556,7,12
0.13333333333333336,0.33333333333333337,0.43333333333333335,50,0.005,8,13
0.13333333333333336,0.33333333333333337,0.45555555555555555,50,0.001,3,3
0.13333333333333336,0.33333333333333337,0.45555555555555555,50,0.0014444444444444444,3,3
0.13333333333333336,0.33333333333333337,0.45555555555555555,50,0.001888888888888889,3,4
0.13333333333333336,0.33333333333333337,0.45555555555555555,50,0.0023333333333333335,3,6
0.13333333333333336,0.33333333333333337,0.45555555555555555,50,0.002777777777777778,5,6
0.13333333333333336,0.33333333333333337,0.45555555555555555,50,0.0032222222222222222,5,9
0.13333333333333336,0.33333333333333337,0.45555555555555555,50,0.003666666666666667,6,10
0.13333333333333336,0.33333333333333337,0.45555555555555555,50,0.004111111111111111,7,12
0.13333333333333336,0.33333333333333337,0.45555555555555555,50,0.004555555555555556,7,13
0.13333333333333336,0.33333333333333337,0.45555555555555555,50,0.005,8,14
0.13333333333333336,0.33333333333333337,0.47777777777777775,50,0.001,2,2
0.13333333333333336,0.33333333333333337,0.47777777777777775,50,0.0014444444444444444,3,3
0.13333333333333336,0.33333333333333337,0.47777777777777775,50,0.001888888888888889,3,5
0.13333333333333336,0.33333333333333337,0.47777777777777775,50,0.0023333333333333335,4,6
0.13333333333333336,0.33333333333333337,0.47777777777777775,50,0.002777777777777778,4,8
0.13333333333333336,0.33333333333333337,0.47777777777777775,50,0.0032222222222222222,5,9
0.13333333333333336,0.33333333333333337,0.47777777777777775,50,0.003666666666666667,6,10
0.13333333333333336,0.33333333333333337,0.47777777777777775,50,0.004111111111111111,7,11
0.13333333333333336,0.33333333333333337,0.47777777777777775,50,0.004555555555555556,7,12
0.13333333333333336,0.33333333333333337,0.47777777777777775,50,0.005,8,13
0.13333333333333336,0.33333333333333337,0.5,50,0.001,2,2
0.13333333333333336,0.33333333333333337,0.5,50,0.0014444444444444444,3,3
0.13333333333333336,0.33333333333333337,0.5,50,0.001888888888888889,4,4
0.13333333333333336,0.33333333333333337,0.5,50,0.0023333333333333335,4,7
0.13333333333333336,0.33333333333333337,0.5,50,0.002777777777777778,5,7
0.13333333333333336,0.33333333333333337,0.5,50,0.0032222222222222222,5,9
0.13333333333333336,0.33333333333333337,0.5,50,0.003666666666666667,6,11
0.13333333333333336,0.33333333333333337,0.5,50,0.004111111111111111,6,12
0.13333333333333336,0.33333333333333337,0.5,50,0.004555555555555556,8,13
0.13333333333333336,0.33333333333333337,0.5,50,0.005,8,15
0.13333333333333336,0.35555555555555557,0.3,50,0.001,0,0
0.13333333333333336,0.35555555555555557,0.3,50,0.0014444444444444444,0,1
0.13333333333333336,0.35555555555555557,0.3,50,0.001888888888888889,1,3
0.13333333333333336,0.35555555555555557,0.3,50,0.0023333333333333335,2,4
0.13333333333333336,0.35555555555555557,0.3,50,0.002777777777777778,3,5
0.13333333333333336,0.35555555555555557,0.3,50,0.0032222222222222222,4,7
0.13333333333333336,0.35555555555555557,0.3,50,0.003666666666666667,4,7
0.13333333333333336,0.35555555555555557,0.3,50,0.004111111111111111,4,8
0.13333333333333336,0.35555555555555557,0.3,50,0.004555555555555556,6,10
0.13333333333333336,0.35555555555555557,0.3,50,0.005,6,11
0.13333333333333336,0.35555555555555557,0.3222222222222222,50,0.001,0,1
0.13333333333333336,0.35555555555555557,0.3222222222222222,50,0.0014444444444444444,1,2
0.13333333333333336,0.35555555555555557,0.3222222222222222,50,0.001888888888888889,2,3
0.13333333333333336,0.35555555555555557,0.3222222222222222,50,0.0023333333333333335,3,4
0.13333333333333336,0.35555555555555557,0.3222222222222222,50,0.002777777777777778,4,6
0.13333333333333336,0.35555555555555557,0.3222222222222222,50,0.0032222222222222222,4,7
0.13333333333333336,0.35555555555555557,0.3222222222222222,50,0.003666666666666667,4,8
0.13333333333333336,0.35555555555555557,0.3222222222222222,50,0.004111111111111111,5,8
0.13333333333333336,0.35555555555555557,0.3222222222222222,50,0.004555555555555556,5,9
0.13333333333333336,0.35555555555555557,0.3222222222222222,50,0.005,6,11
0.13333333333333336,0.35555555555555557,0.34444444444444444,50,0.001,0,1
0.13333333333333336,0.35555555555555557,0.34444444444444444,50,0.0014444444444444444,1,2
0.13333333333333336,0.35555555555555557,0.34444444444444444,50,0.001888888888888889,3,4
0.13333333333333336,0.35555555555555557,0.34444444444444444,50,0.0023333333333333335,3,5
0.13333333333333336,0.35555555555555557,0.34444444444444444,50,0.002777777777777778,3,6
0.13333333333333336,0.35555555555555557,0.34444444444444444,50,0.0032222222222222222,4,7
0.13333333333333336,0.35555555555555557,0.34444444444444444,50,0.003666666666666667,4,7
0.13333333333333336,0.35555555555555557,0.34444444444444444,50,0.004111111111111111,5,9
0.13333333333333336,0.35555555555555557,0.34444444444444444,50,0.004555555555555556,6,10
0.13333333333333336,0.35555555555555557,0.34444444444444444,50,0.005,7,12
0.13333333333333336,0.35555555555555557,0.36666666666666664,50,0.001,1,1
0.13333333333333336,0.35555555555555557,0.36666666666666664,50,0.0014444444444444444,2,3
0.13333333333333336,0.35555555555555557,0.36666666666666664,50,0.001888888888888889,3,4
0.13333333333333336,0.35555555555555557,0.36666666666666664,50,0.0023333333333333335,3,5
0.13333333333333336,0.35555555555555557,0.36666666666666664,50,0.002777777777777778,3,6
0.13333333333333336,0.35555555555555557,0.36666666666666664,50,0.0032222222222222222,4,8
0.13333333333333336,0.35555555555555557,0.36666666666666664,50,0.003666666666666667,5,9
0.13333333333333336,0.35555555555555557,0.36666666666666664,50,0.004111111111111111,5,9
0.13333333333333336,0.35555555555555557,0.36666666666666664,50,0.004555555555555556,6,11
0.13333333333333336,0.35555555555555557,0.36666666666666664,50,0.005,6,13
0.13333333333333336,0.35555555555555557,0.3888888888888889,50,0.001,1,1
0.13333333333333336,0.35555555555555557,0.3888888888888889,50,0.0014444444444444444,3,3
0.13333333333333336,0.35555555555555557,0.3888888888888889,50,0.001888888888888889,2,3
0.13333333333333336,0.35555555555555557,0.3888888888888889,50,0.0023333333333333335,4,5
0.13333333333333336,0.35555555555555557,0.3888888888888889,50,0.002777777777777778,4,7
0.13333333333333336,0.35555555555555557,0.3888888888888889,50,0.0032222222222222222,4,8
0.13333333333333336,0.35555555555555557,0.3888888888888889,50,0.003666666666666667,4,10
0.13333333333333336,0.35555555555555557,0.3888888888888889,50,0.004111111111111111,6,11
0.13333333333333336,0.35555555555555557,0.3888888888888889,50,0.004555555555555556,6,12
0.13333333333333336,0.35555555555555557,0.3888888888888889,50,0.005,8,12
0.13333333333333336,0.35555555555555557,0.4111111111111111,50,0.001,1,1
0.13333333333333336,0.35555555555555557,0.4111111111111111,50,0.0014444444444444444,3,3
0.13333333333333336,0.35555555555555557,0.4111111111111111,50,0.001888888888888889,3,5
0.13333333333333336,0.35555555555555557,0.4111111111111111,50,0.0023333333333333335,3,6
0.13333333333333336,0.35555555555555557,0.4111111111111111,50,0.002777777777777778,5,7
0.13333333333333336,0.35555555555555557,0.4111111111111111,50,0.0032222222222222222,5,8
0.13333333333333336,0.35555555555555557,0.4111111111111111,50,0.003666666666666667,6,9
0.13333333333333336,0.35555555555555557,0.4111111111111111,50,0.004111111111111111,6,10
0.13333333333333336,0.35555555555555557,0.4111111111111111,50,0.004555555555555556,7,12
0.13333333333333336,0.35555555555555557,0.4111111111111111,50,0.005,7,13
0.13333333333333336,0.35555555555555557,0.43333333333333335,50,0.001,2,3
0.13333333333333336,0.35555555555555557,0.43333333333333335,50,0.0014444444444444444,3,3
0.13333333333333336,0.35555555555555557,0.43333333333333335,50,0.001888888888888889,3,5
0.13333333333333336,0.35555555555555557,0.43333333333333335,50,0.0023333333333333335,4,6
0.13333333333333336,0.35555555555555557,0.43333333333333335,50,0.002777777777777778,4,8
0.13333333333333336,0.35555555555555557,0.43333333333333335,50,0.0032222222222222222,6,8
0.13333333333333336,0.35555555555555557,0.43333333333333335,50,0.003666666666666667,6,10
0.13333333333333336,0.35555555555555557,0.43333333333333335,50,0.004111111111111111,7,11
0.13333333333333336,0.35555555555555557,0.43333333333333335,50,0.004555555555555556,6,13
0.13333333333333336,0.35555555555555557,0.43333333333333335,50,0.005,8,15
0.13333333333333336,0.35555555555555557,0.45555555555555555,50,0.001,2,2
0.13333333333333336,0.35555555555555557,0.45555555555555555,50,0.0014444444444444444,3,3
0.13333333333333336,0.35555555555555557,0.45555555555555555,50,0.001888888888888889,4,6
0.13333333333333336,0.35555555555555557,0.45555555555555555,50,0.0023333333333333335,4,6
0.13333333333333336,0.35555555555555557,0.45555555555555555,50,0.002777777777777778,5,8
0.13333333333333336,0.35555555555555557,0.45555555555555555,50,0.0032222222222222222,5,8
0.13333333333333336,0.35555555555555557,0.45555555555555555,50,0.003666666666666667,7,10
0.13333333333333336,0.35555555555555557,0.45555555555555555,50,0.004111111111111111,7,12
0.13333333333333336,0.35555555555555557,0.45555555555555555,50,0.004555555555555556,8,13
0.13333333333333336,0.35555555555555557,0.45555555555555555,50,0.005,8,14
0.13333333333333336,0.35555555555555557,0.47777777777777775,50,0.001,3,3
0.13333333333333336,0.35555555555555557,0.47777777777777775,50,0.0014444444444444444,3,3
0.13333333333333336,0.35555555555555557,0.47777777777777775,50,0.001888888888888889,3,5
0.13333333333333336,0.35555555555555557,0.47777777777777775,50,0.0023333333333333335,4,7
0.13333333333333336,0.35555555555555557,0.47777777777777775,50,0.002777777777777778,5,8
0.13333333333333336,0.35555555555555557,0.47777777777777775,50,0.0032222222222222222,5,10
0.13333333333333336,0.35555555555555557,0.47777777777777775,50,0.003666666666666667,6,11
0.13333333333333336,0.35555555555555557,0.47777777777777775,50,0.004111111111111111,7,12
0.13333333333333336,0.35555555555555557,0.47777777777777775,50,0.004555555555555556,7,13
0.13333333333333336,0.35555555555555557,0.47777777777777775,50,0.005,9,15
0.13333333333333336,0.35555555555555557,0.5,50,0.001,3,3
0.13333333333333336,0.35555555555555557,0.5,50,0.0014444444444444444,3,3
0.13333333333333336,0.35555555555555557,0.5,50,0.001888888888888889,3,5
0.13333333333333336,0.35555555555555557,0.5,50,0.0023333333333333335,4,7
0.13333333333333336,0.35555555555555557,0.5,50,0.002777777777777778,5,8
0.13333333333333336,0.35555555555555557,0.5,50,0.0032222222222222222,6,9
0.13333333333333336,0.35555555555555557,0.5,50,0.003666666666666667,6,9
0.13333333333333336,0.35555555555555557,0.5,50,0.004111111111111111,7,13
0.13333333333333336,0.35555555555555557,0.5,50,0.004555555555555556,9,14
0.13333333333333336,0.35555555555555557,0.5,50,0.005,9,15
0.13333333333333336,0.37777777777777777,0.3,50,0.001,0,0
0.13333333333333336,0.37777777777777777,0.3,50,0.0014444444444444444,0,1
0.13333333333333336,0.37777777777777777,0.3,50,0.001888888888888889,1,3
0.13333333333333336,0.37777777777777777,0.3,50,0.0023333333333333335,2,5
0.13333333333333336,0.37777777777777777,0.3,50,0.002777777777777778,3,6
0.13333333333333336,0.37777777777777777,0.3,50,0.0032222222222222222,4,6
0.13333333333333336,0.37777777777777777,0.3,50,0.003666666666666667,4,8
0.13333333333333336,0.37777777777777777,0.3,50,0.004111111111111111,5,9
0.13333333333333336,0.37777777777777777,0.3,50,0.004555555555555556,5,9
0.13333333333333336,0.37777777777777777,0.3,50,0.005,6,10
0.13333333333333336,0.37777777777777777,0.3222222222222222,50,0.001,0,0
0.13333333333333336,0.37777777777777777,0.3222222222222222,50,0.0014444444444444444,1,3
0.13333333333333336,0.37777777777777777,0.3222222222222222,50,0.001888888888888889,2,4
0.13333333333333336,0.37777777777777777,0.3222222222222222,50,0.0023333333333333335,3,5
0.13333333333333336,0.37777777777777777,0.3222222222222222,50,0.002777777777777778,3,5
0.13333333333333336,0.37777777777777777,0.3222222222222222,50,0.0032222222222222222,5,7
0.13333333333333336,0.37777777777777777,0.3222222222222222,50,0.003666666666666667,5,9
0.13333333333333336,0.37777777777777777,0.3222222222222222,50,0.004111111111111111,5,9
0.13333333333333336,0.37777777777777777,0.3222222222222222,50,0.004555555555555556,6,10
0.13333333333333336,0.37777777777777777,0.3222222222222222,50,0.005,6,12
0.13333333333333336,0.37777777777777777,0.34444444444444444,50,0.001,0,1
0.13333333333333336,0.37777777777777777,0.34444444444444444,50,0.0014444444444444444,1,2
0.13333333333333336,0.37777777777777777,0.34444444444444444,50,0.001888888888888889,2,4
0.13333333333333336,0.37777777777777777,0.34444444444444444,50,0.0023333333333333335,3,5
0.13333333333333336,0.37777777777777777,0.34444444444444444,50,0.002777777777777778,4,7
0.13333333333333336,0.37777777777777777,0.34444444444444444,50,0.0032222222222222222,5,8
0.13333333333333336,0.37777777777777777,0.34444444444444444,50,0.003666666666666667,6,9
0.13333333333333336,0.37777777777777777,0.34444444444444444,50,0.004111111111111111,5,10
0.13333333333333336,0.37777777777777777,0.34444444444444444,50,0.004555555555555556,6,11
0.13333333333333336,0.37777777777777777,0.34444444444444444,50,0.005,8,13
0.13333333333333336,0.37777777777777777,0.36666666666666664,50,0.001,0,1
0.13333333333333336,0.37777777777777777,0.36666666666666664,50,0.0014444444444444444,2,3
0.13333333333333336,0.37777777777777777,0.36666666666666664,50,0.001888888888888889,3,5
0.13333333333333336,0.37777777777777777,0.36666666666666664,50,0.0023333333333333335,4,6
0.13333333333333336,0.37777777777777777,0.36666666666666664,50,0.002777777777777778,5,7
0.13333333333333336,0.37777777777777777,0.36666666666666664,50,0.0032222222222222222,5,8
0.13333333333333336,0.37777777777777777,0.36666666666666664,50,0.003666666666666667,5,10
0.13333333333333336,0.37777777777777777,0.36666666666666664,50,0.004111111111111111,7,11
0.13333333333333336,0.37777777777777777,0.36666666666666664,50,0.004555555555555556,8,12
0.13333333333333336,0.37777777777777777,0.36666666666666664,50,0.005,7,13
0.13333333333333336,0.37777777777777777,0.3888888888888889,50,0.001,1,2
0.13333333333333336,0.37777777777777777,0.3888888888888889,50,0.0014444444444444444,2,3
0.13333333333333336,0.37777777777777777,0.3888888888888889,50,0.001888888888888889,3,5
0.13333333333333336,0.37777777777777777,0.3888888888888889,50,0.0023333333333333335,3,5
0.13333333333333336,0.37777777777777777,0.3888888888888889,50,0.002777777777777778,5,7
0.13333333333333336,0.37777777777777777,0.3888888888888889,50,0.0032222222222222222,5,9
0.13333333333333336,0.37777777777777777,0.3888888888888889,50,0.003666666666666667,5,9
0.13333333333333336,0.37777777777777777,0.3888888888888889,50,0.004111111111111111,7,11
0.13333333333333336,0.37777777777777777,0.3888888888888889,50,0.004555555555555556,8,12
0.13333333333333336,0.37777777777777777,0.3888888888888889,50,0.005,8,14
0.13333333333333336,0.37777777777777777,0.4111111111111111,50,0.001,1,3
0.13333333333333336,0.37777777777777777,0.4111111111111111,50,0.0014444444444444444,3,3
0.13333333333333336,0.37777777777777777,0.4111111111111111,50,0.001888888888888889,3,5
0.13333333333333336,0.37777777777777777,0.4111111111111111,50,0.0023333333333333335,3,6
0.13333333333333336,0.37777777777777777,0.4111111111111111,50,0.002777777777777778,5,8
0.13333333333333336,0.37777777777777777,0.4111111111111111,50,0.0032222222222222222,5,9
0.13333333333333336,0.37777777777777777,0.4111111111111111,50,0.003666666666666667,7,11
0.13333333333333336,0.37777777777777777,0.4111111111111111,50,0.004111111111111111,7,12
0.13333333333333336,0.37777777777777777,0.4111111111111111,50,0.004555555555555556,7,13
0.13333333333333336,0.37777777777777777,0.4111111111111111,50,0.005,9,15
0.13333333333333336,0.37777777777777777,0.43333333333333335,50,0.001,2,2
0.13333333333333336,0.37777777777777777,0.43333333333333335,50,0.0014444444444444444,3,4
0.13333333333333336,0.37777777777777777,0.43333333333333335,50,0.001888888888888889,3,4
0.13333333333333336,0.37777777777777777,0.43333333333333335,50,0.0023333333333333335,4,6
0.13333333333333336,0.37777777777777777,0.43333333333333335,50,0.002777777777777778,5,8
0.13333333333333336,0.37777777777777777,0.43333333333333335,50,0.0032222222222222222,5,10
0.13333333333333336,0.37777777777777777,0.43333333333333335,50,0.003666666666666667,7,10
0.13333333333333336,0.37777777777777777,0.43333333333333335,50,0.004111111111111111,7,12
0.13333333333333336,0.37777777777777777,0.43333333333333335,50,0.004555555555555556,8,13
0.13333333333333336,0.37777777777777777,0.43333333333333335,50,0.005,9,15
0.13333333333333336,0.37777777777777777,0.45555555555555555,50,0.001,2,3
0.13333333333333336,0.37777777777777777,0.45555555555555555,50,0.0014444444444444444,3,3
0.13333333333333336,0.37777777777777777,0.45555555555555555,50,0.001888888888888889,4,6
0.13333333333333336,0.37777777777777777,0.45555555555555555,50,0.0023333333333333335,5,7
0.13333333333333336,0.37777777777777777,0.45555555555555555,50,0.002777777777777778,5,8
0.13333333333333336,0.37777777777777777,0.45555555555555555,50,0.0032222222222222222,5,10
0.13333333333333336,0.37777777777777777,0.45555555555555555,50,0.003666666666666667,7,11
0.13333333333333336,0.37777777777777777,0.45555555555555555,50,0.004111111111111111,7,13
0.13333333333333336,0.37777777777777777,0.45555555555555555,50,0.004555555555555556,8,14
0.13333333333333336,0.37777777777777777,0.45555555555555555,50,0.005,9,15
0.13333333333333336,0.37777777777777777,0.47777777777777775,50,0.001,2,3
0.13333333333333336,0.37777777777777777,0.47777777777777775,50,0.0014444444444444444,3,3
0.13333333333333336,0.37777777777777777,0.47777777777777775,50,0.001888888888888889,3,5
0.13333333333333336,0.37777777777777777,0.47777777777777775,50,0.0023333333333333335,5,7
0.13333333333333336,0.37777777777777777,0.47777777777777775,50,0.002777777777777778,5,7
0.13333333333333336,0.37777777777777777,0.47777777777777775,50,0.0032222222222222222,6,9
0.13333333333333336,0.37777777777777777,0.47777777777777775,50,0.003666666666666667,6,12
0.13333333333333336,0.37777777777777777,0.47777777777777775,50,0.004111111111111111,7,12
0.13333333333333336,0.37777777777777777,0.47777777777777775,50,0.004555555555555556,8,14
0.13333333333333336,0.37777777777777777,0.47777777777777775,50,0.005,10,16
0.13333333333333336,0.37777777777777777,0.5,50,0.001,3,3
0.13333333333333336,0.37777777777777777,0.5,50,0.0014444444444444444,3,3
0.13333333333333336,0.37777777777777777,0.5,50,0.001888888888888889,3,5
0.13333333333333336,0.37777777777777777,0.5,50,0.0023333333333333335,5,7
0.13333333333333336,0.37777777777777777,0.5,50,0.002777777777777778,5,9
0.13333333333333336,0.37777777777777777,0.5,50,0.0032222222222222222,6,10
0.13333333333333336,0.37777777777777777,0.5,50,0.003666666666666667,7,12
0.13333333333333336,0.37777777777777777,0.5,50,0.004111111111111111,8,13
0.13333333333333336,0.37777777777777777,0.5,50,0.004555555555555556,8,15
0.13333333333333336,0.37777777777777777,0.5,50,0.005,9,16
0.13333333333333336,0.4,0.3,50,0.001,0,0
0.13333333333333336,0.4,0.3,50,0.0014444444444444444,0,1
0.13333333333333336,0.4,0.3,50,0.001888888888888889,3,3
0.13333333333333336,0.4,0.3,50,0.0023333333333333335,3,4
0.13333333333333336,0.4,0.3,50,0.002777777777777778,3,6
0.13333333333333336,0.4,0.3,50,0.0032222222222222222,4,8
0.13333333333333336,0.4,0.3,50,0.003666666666666667,5,8
0.13333333333333336,0.4,0.3,50,0.004111111111111111,4,10
0.13333333333333336,0.4,0.3,50,0.004555555555555556,6,10
0.13333333333333336,0.4,0.3,50,0.005,7,12
0.13333333333333336,0.4,0.3222222222222222,50,0.001,0,1
0.13333333333333336,0.4,0.3222222222222222,50,0.0014444444444444444,2,2
0.13333333333333336,0.4,0.3222222222222222,50,0.001888888888888889,2,3
0.13333333333333336,0.4,0.3222222222222222,50,0.0023333333333333335,3,4
0.13333333333333336,0.4,0.3222222222222222,50,0.002777777777777778,3,7
0.13333333333333336,0.4,0.3222222222222222,50,0.0032222222222222222,5,8
0.13333333333333336,0.4,0.3222222222222222,50,0.003666666666666667,5,9
0.13333333333333336,0.4,0.3222222222222222,50,0.004111111111111111,5,11
0.13333333333333336,0.4,0.3222222222222222,50,0.004555555555555556,6,11
0.13333333333333336,0.4,0.3222222222222222,50,0.005,8,12
0.13333333333333336,0.4,0.34444444444444444,50,0.001,0,1
0.13333333333333336,0.4,0.34444444444444444,50,0.0014444444444444444,1,2
0.13333333333333336,0.4,0.34444444444444444,50,0.001888888888888889,3,3
0.13333333333333336,0.4,0.34444444444444444,50,0.0023333333333333335,3,5
0.13333333333333336,0.4,0.34444444444444444,50,0.002777777777777778,4,8
0.13333333333333336,0.4,0.34444444444444444,50,0.0032222222222222222,5,8
0.13333333333333336,0.4,0.34444444444444444,50,0.003666666666666667,5,9
0.13333333333333336,0.4,0.34444444444444444,50,0.004111111111111111,6,11
0.13333333333333336,0.4,0.34444444444444444,50,0.004555555555555556,6,11
0.13333333333333336,0.4,0.34444444444444444,50,0.005,7,13
0.13333333333333336,0.4,0.36666666666666664,50,0.001,1,1
0.13333333333333336,0.4,0.36666666666666664,50,0.0014444444444444444,3,3
0.13333333333333336,0.4,0.36666666666666664,50,0.001888888888888889,2,4
0.13333333333333336,0.4,0.36666666666666664,50,0.0023333333333333335,3,6
0.13333333333333336,0.4,0.36666666666666664,50,0.002777777777777778,5,7
0.13333333333333336,0.4,0.36666666666666664,50,0.0032222222222222222,5,9
0.13333333333333336,0.4,0.36666666666666664,50,0.003666666666666667,6,10
0.13333333333333336,0.4,0.36666666666666664,50,0.004111111111111111,6,12
0.13333333333333336,0.4,0.36666666666666664,50,0.004555555555555556,8,13
0.13333333333333336,0.4,0.36666666666666664,50,0.005,9,13
0.13333333333333336,0.4,0.3888888888888889,50,0.001,1,2
0.13333333333333336,0.4,0.3888888888888889,50,0.0014444444444444444,2,4
0.13333333333333336,0.4,0.3888888888888889,50,0.001888888888888889,3,5
0.13333333333333336,0.4,0.3888888888888889,50,0.0023333333333333335,4,6
0.13333333333333336,0.4,0.3888888888888889,50,0.002777777777777778,4,7
0.13333333333333336,0.4,0.3888888888888889,50,0.0032222222222222222,6,9
0.13333333333333336,0.4,0.3888888888888889,50,0.003666666666666667,7,11
0.13333333333333336,0.4,0.3888888888888889,50,0.004111111111111111,7,13
0.13333333333333336,0.4,0.3888888888888889,50,0.004555555555555556,8,13
0.13333333333333336,0.4,0.3888888888888889,50,0.005,7,14
0.13333333333333336,0.4,0.4111111111111111,50,0.001,2,2
0.13333333333333336,0.4,0.4111111111111111,50,0.0014444444444444444,3,4
0.13333333333333336,0.4,0.4111111111111111,50,0.001888888888888889,3,5
0.13333333333333336,0.4,0.4111111111111111,50,0.0023333333333333335,4,7
0.13333333333333336,0.4,0.4111111111111111,50,0.002777777777777778,5,8
0.13333333333333336,0.4,0.4111111111111111,50,0.0032222222222222222,6,10
0.13333333333333336,0.4,0.4111111111111111,50,0.003666666666666667,7,12
0.13333333333333336,0.4,0.4111111111111111,50,0.004111111111111111,7,13
0.13333333333333336,0.4,0.4111111111111111,50,0.004555555555555556,9,14
0.13333333333333336,0.4,0.4111111111111111,50,0.005,9,15
0.13333333333333336,0.4,0.43333333333333335,50,0.001,2,3
0.13333333333333336,0.4,0.43333333333333335,50,0.0014444444444444444,3,3
0.13333333333333336,0.4,0.43333333333333335,50,0.001888888888888889,3,5
0.13333333333333336,0.4,0.43333333333333335,50,0.0023333333333333335,4,6
0.13333333333333336,0.4,0.43333333333333335,50,0.002777777777777778,6,8
0.13333333333333336,0.4,0.43333333333333335,50,0.0032222222222222222,6,10
0.13333333333333336,0.4,0.43333333333333335,50,0.003666666666666667,6,12
0.13333333333333336,0.4,0.43333333333333335,50,0.004111111111111111,8,12
0.13333333333333336,0.4,0.43333333333333335,50,0.004555555555555556,7,15
0.13333333333333336,0.4,0.43333333333333335,50,0.005,10,16
0.13333333333333336,0.4,0.45555555555555555,50,0.001,3,3
0.13333333333333336,0.4,0.45555555555555555,50,0.0014444444444444444,3,3
0.13333333333333336,0.4,0.45555555555555555,50,0.001888888888888889,4,6
0.13333333333333336,0.4,0.45555555555555555,50,0.0023333333333333335,5,7
0.13333333333333336,0.4,0.45555555555555555,50,0.002777777777777778,5,8
0.13333333333333336,0.4,0.45555555555555555,50,0.0032222222222222222,6,10
0.13333333333333336,0.4,0.45555555555555555,50,0.003666666666666667,7,12
0.13333333333333336,0.4,0.45555555555555555,50,0.004111111111111111,7,14
0.13333333333333336,0.4,0.45555555555555555,50,0.004555555555555556,9,15
0.13333333333333336,0.4,0.45555555555555555,50,0.005,9,16
0.13333333333333336,0.4,0.47777777777777775,50,0.001,3,3
0.13333333333333336,0.4,0.47777777777777775,50,0.0014444444444444444,3,4
0.13333333333333336,0.4,0.47777777777777775,50,0.001888888888888889,4,5
0.13333333333333336,0.4,0.47777777777777775,50,0.0023333333333333335,5,8
0.13333333333333336,0.4,0.47777777777777775,50,0.002777777777777778,6,10
0.13333333333333336,0.4,0.47777777777777775,50,0.0032222222222222222,6,11
0.13333333333333336,0.4,0.47777777777777775,50,0.003666666666666667,7,13
0.13333333333333336,0.4,0.47777777777777775,50,0.004111111111111111,8,14
0.13333333333333336,0.4,0.47777777777777775,50,0.004555555555555556,9,17
0.13333333333333336,0.4,0.47777777777777775,50,0.005,10,17
0.13333333333333336,0.4,0.5,50,0.001,3,3
0.13333333333333336,0.4,0.5,50,0.0014444444444444444,3,4
0.13333333333333336,0.4,0.5,50,0.001888888888888889,4,6
0.13333333333333336,0.4,0.5,50,0.0023333333333333335,5,7
0.13333333333333336,0.4,0.5,50,0.002777777777777778,5,9
0.13333333333333336,0.4,0.5,50,0.0032222222222222222,6,10
0.13333333333333336,0.4,0.5,50,0.003666666666666667,9,12
0.13333333333333336,0.4,0.5,50,0.004111111111111111,8,15
0.13333333333333336,0.4,0.5,50,0.004555555555555556,8,16
0.13333333333333336,0.4,0.5,50,0.005,10,18
0.15000000000000002,0.2,0.3,50,0.001,0,1
0.15000000000000002,0.2,0.3,50,0.0014444444444444444,0,1
0.15000000000000002,0.2,0.3,50,0.001888888888888889,1,1
0.15000000000000002,0.2,0.3,50,0.0023333333333333335,1,3
0.15000000000000002,0.2,0.3,50,0.002777777777777778,1,3
0.15000000000000002,0.2,0.3,50,0.0032222222222222222,1,4
0.15000000000000002,0.2,0.3,50,0.003666666666666667,3,4
0.15000000000000002,0.2,0.3,50,0.004111111111111111,2,5
0.15000000000000002,0.2,0.3,50,0.004555555555555556,3,5
0.15000000000000002,0.2,0.3,50,0.005,3,6
0.15000000000000002,0.2,0.3222222222222222,50,0.001,1,1
0.15000000000000002,0.2,0.3222222222222222,50,0.0014444444444444444,1,1
0.15000000000000002,0.2,0.3222222222222222,50,0.001888888888888889,1,1
0.15000000000000002,0.2,0.3222222222222222,50,0.0023333333333333335,1,3
0.15000000000000002,0.2,0.3222222222222222,50,0.002777777777777778,2,4
0.15000000000000002,0.2,0.3222222222222222,50,0.0032222222222222222,2,3
0.15000000000000002,0.2,0.3222222222222222,50,0.003666666666666667,2,5
0.15000000000000002,0.2,0.3222222222222222,50,0.004111111111111111,3,5
0.15000000000000002,0.2,0.3222222222222222,50,0.004555555555555556,3,5
0.15000000000000002,0.2,0.3222222222222222,50,0.005,3,6
0.15000000000000002,0.2,0.34444444444444444,50,0.001,1,1
0.15000000000000002,0.2,0.34444444444444444,50,0.0014444444444444444,1,1
0.15000000000000002,0.2,0.34444444444444444,50,0.001888888888888889,1,2
0.15000000000000002,0.2,0.34444444444444444,50,0.0023333333333333335,1,3
0.15000000000000002,0.2,0.34444444444444444,50,0.002777777777777778,2,3
0.15000000000000002,0.2,0.34444444444444444,50,0.0032222222222222222,3,4
0.15000000000000002,0.2,0.34444444444444444,50,0.003666666666666667,3,5
0.15000000000000002,0.2,0.34444444444444444,50,0.004111111111111111,3,6
0.15000000000000002,0.2,0.34444444444444444,50,0.004555555555555556,3,5
0.15000000000000002,0.2,0.34444444444444444,50,0.005,4,7
0.15000000000000002,0.2,0.36666666666666664,50,0.001,1,1
0.15000000000000002,0.2,0.36666666666666664,50,0.0014444444444444444,1,1
0.15000000000000002,0.2,0.36666666666666664,50,0.001888888888888889,1,2
0.15000000000000002,0.2,0.36666666666666664,50,0.0023333333333333335,2,3
0.15000000000000002,0.2,0.36666666666666664,50,0.002777777777777778,2,3
0.15000000000000002,0.2,0.36666666666666664,50,0.0032222222222222222,3,4
0.15000000000000002,0.2,0.36666666666666664,50,0.003666666666666667,3,5
0.15000000000000002,0.2,0.36666666666666664,50,0.004111111111111111,3,6
0.15000000000000002,0.2,0.36666666666666664,50,0.004555555555555556,3,7
0.15000000000000002,0.2,0.36666666666666664,50,0.005,4,7
0.15000000000000002,0.2,0.3888888888888889,50,0.001,1,1
0.15000000000000002,0.2,0.3888888888888889,50,0.0014444444444444444,1,1
0.15000000000000002,0.2,0.3888888888888889,50,0.001888888888888889,1,2
0.15000000000000002,0.2,0.3888888888888889,50,0.0023333333333333335,1,3
0.15000000000000002,0.2,0.3888888888888889,50,0.002777777777777778,3,4
0.15000000000000002,0.2,0.3888888888888889,50,0.0032222222222222222,3,3
0.15000000000000002,0.2,0.3888888888888889,50,0.003666666666666667,3,5
0.15000000000000002,0.2,0.3888888888888889,50,0.004111111111111111,3,6
0.15000000000000002,0.2,0.3888888888888889,50,0.004555555555555556,3,7
0.15000000000000002,0.2,0.3888888888888889,50,0.005,4,7
0.15000000000000002,0.2,0.4111111111111111,50,0.001,1,1
0.15000000000000002,0.2,0.4111111111111111,50,0.0014444444444444444,1,1
0.15000000000000002,0.2,0.4111111111111111,50,0.001888888888888889,1,2
0.15000000000000002,0.2,0.4111111111111111,50,0.0023333333333333335,3,3
0.15000000000000002,0.2,0.4111111111111111,50,0.002777777777777778,3,4
0.15000000000000002,0.2,0.4111111111111111,50,0.0032222222222222222,3,5
0.15000000000000002,0.2,0.4111111111111111,50,0.003666666666666667,3,5
0.15000000000000002,0.2,0.4111111111111111,50,0.004111111111111111,4,7
0.15000000000000002,0.2,0.4111111111111111,50,0.004555555555555556,4,7
0.15000000000000002,0.2,0.4111111111111111,50,0.005,5,7
0.15000000000000002,0.2,0.43333333333333335,50,0.001,1,1
0.15000000000000002,0.2,0.43333333333333335,50,0.0014444444444444444,1,1
0.15000000000000002,0.2,0.43333333333333335,50,0.001888888888888889,2,2
0.15000000000000002,0.2,0.43333333333333335,50,0.0023333333333333335,2,4
0.15000000000000002,0.2,0.43333333333333335,50,0.002777777777777778,3,4
0.15000000000000002,0.2,0.43333333333333335,50,0.0032222222222222222,3,5
0.15000000000000002,0.2,0.43333333333333335,50,0.003666666666666667,3,5
0.15000000000000002,0.2,0.43333333333333335,50,0.004111111111111111,4,7
0.15000000000000002,0.2,0.43333333333333335,50,0.004555555555555556,4,7
0.15000000000000002,0.2,0.43333333333333335,50,0.005,4,8
0.15000000000000002,0.2,0.45555555555555555,50,0.001,1,1
0.15000000000000002,0.2,0.45555555555555555,50,0.0014444444444444444,1,1
0.15000000000000002,0.2,0.45555555555555555,50,0.001888888888888889,3,2
0.15000000000000002,0.2,0.45555555555555555,50,0.0023333333333333335,3,3
0.15000000000000002,0.2,0.45555555555555555,50,0.002777777777777778,3,4
0.15000000000000002,0.2,0.45555555555555555,50,0.0032222222222222222,3,5
0.15000000000000002,0.2,0.45555555555555555,50,0.003666666666666667,3,5
0.15000000000000002,0.2,0.45555555555555555,50,0.004111111111111111,3,7
0.15000000000000002,0.2,0.45555555555555555,50,0.004555555555555556,5,7
0.15000000000000002,0.2,0.45555555555555555,50,0.005,5,8
0.15000000000000002,0.2,0.47777777777777775,50,0.001,1,1
0.15000000000000002,0.2,0.47777777777777775,50,0.0014444444444444444,1,1
0.15000000000000002,0.2,0.47777777777777775,50,0.001888888888888889,2,2
0.15000000000000002,0.2,0.47777777777777775,50,0.0023333333333333335,3,2
0.15000000000000002,0.2,0.47777777777777775,50,0.002777777777777778,3,4
0.15000000000000002,0.2,0.47777777777777775,50,0.0032222222222222222,3,5
0.15000000000000002,0.2,0.47777777777777775,50,0.003666666666666667,4,6
0.15000000000000002,0.2,0.47777777777777775,50,0.004111111111111111,4,7
0.15000000000000002,0.2,0.47777777777777775,50,0.004555555555555556,4,8
0.15000000000000002,0.2,0.47777777777777775,50,0.005,4,9
0.15000000000000002,0.2,0.5,50,0.001,1,1
0.15000000000000002,0.2,0.5,50,0.0014444444444444444,2,1
0.15000000000000002,0.2,0.5,50,0.001888888888888889,3,2
0.15000000000000002,0.2,0.5,50,0.0023333333333333335,3,3
0.15000000000000002,0.2,0.5,50,0.002777777777777778,3,4
0.15000000000000002,0.2,0.5,50,0.0032222222222222222,3,4
0.15000000000000002,0.2,0.5,50,0.003666666666666667,3,7
0.15000000000000002,0.2,0.5,50,0.004111111111111111,4,7
0.15000000000000002,0.2,0.5,50,0.004555555555555556,5,7
0.15000000000000002,0.2,0.5,50,0.005,4,8
0.15000000000000002,0.22222222222222224,0.3,50,0.001,0,0
0.15000000000000002,0.22222222222222224,0.3,50,0.0014444444444444444,0,1
0.15000000000000002,0.22222222222222224,0.3,50,0.001888888888888889,1,1
0.15000000000000002,0.22222222222222224,0.3,50,0.0023333333333333335,1,3
0.15000000000000002,0.22222222222222224,0.3,50,0.002777777777777778,3,3
0.15000000000000002,0.22222222222222224,0.3,50,0.0032222222222222222,3,3
0.15000000000000002,0.22222222222222224,0.3,50,0.003666666666666667,3,5
0.15000000000000002,0.22222222222222224,0.3,50,0.004111111111111111,3,5
0.15000000000000002,0.22222222222222224,0.3,50,0.004555555555555556,3,5
0.15000000000000002,0.22222222222222224,0.3,50,0.005,3,5
0.15000000000000002,0.22222222222222224,0.3222222222222222,50,0.001,1,1
0.15000000000000002,0.22222222222222224,0.3222222222222222,50,0.0014444444444444444,1,1
0.15000000000000002,0.22222222222222224,0.3222222222222222,50,0.001888888888888889,1,1
0.15000000000000002,0.22222222222222224,0.3222222222222222,50,0.0023333333333333335,1,3
0.15000000000000002,0.22222222222222224,0.3222222222222222,50,0.002777777777777778,2,4
0.15000000000000002,0.22222222222222224,0.3222222222222222,50,0.0032222222222222222,3,4
0.15000000000000002,0.22222222222222224,0.3222222222222222,50,0.003666666666666667,3,5
0.15000000000000002,0.22222222222222224,0.3222222222222222,50,0.004111111111111111,3,5
0.15000000000000002,0.22222222222222224,0.3222222222222222,50,0.004555555555555556,3,6
0.15000000000000002,0.22222222222222224,0.3222222222222222,50,0.005,3,7
0.15000000000000002,0.22222222222222224,0.34444444444444444,50,0.001,1,1
0.15000000000000002,0.22222222222222224,0.34444444444444444,50,0.0014444444444444444,1,1
0.15000000000000002,0.22222222222222224,0.34444444444444444,50,0.001888888888888889,1,1
0.15000000000000002,0.22222222222222224,0.34444444444444444,50,0.0023333333333333335,2,3
0.15000000000000002,0.22222222222222224,0.34444444444444444,50,0.002777777777777778,2,4
0.15000000000000002,0.22222222222222224,0.34444444444444444,50,0.0032222222222222222,3,4
0.15000000000000002,0.22222222222222224,0.34444444444444444,50,0.003666666666666667,3,6
0.15000000000000002,0.22222222222222224,0.34444444444444444,50,0.004111111111111111,3,6
0.15000000000000002,0.22222222222222224,0.34444444444444444,50,0.004555555555555556,3,7
0.15000000000000002,0.22222222222222224,0.34444444444444444,50,0.005,4,7
0.15000000000000002,0.22222222222222224,0.36666666666666664,50,0.001,1,1
0.15000000000000002,0.22222222222222224,0.36666666666666664,50,0.0014444444444444444,1,1
0.15000000000000002,0.22222222222222224,0.36666666666666664,50,0.001888888888888889,2,2
0.15000000000000002,0.22222222222222224,0.36666666666666664,50,0.0023333333333333335,3,3
0.15000000000000002,0.22222222222222224,0.36666666666666664,50,0.002777777777777778,3,4
0.15000000000000002,0.22222222222222224,0.36666666666666664,50,0.0032222222222222222,3,5
0.15000000000000002,0.22222222222222224,0.36666666666666664,50,0.003666666666666667,3,6
0.15000000000000002,0.22222222222222224,0.36666666666666664,50,0.004111111111111111,4,6
0.15000000000000002,0.22222222222222224,0.36666666666666664,50,0.004555555555555556,4,7
0.15000000000000002,0.22222222222222224,0.36666666666666664,50,0.005,4,8
0.15000000000000002,0.22222222222222224,0.3888888888888889,50,0.001,1,1
0.15000000000000002,0.22222222222222224,0.3888888888888889,50,0.0014444444444444444,1,1
0.15000000000000002,0.22222222222222224,0.3888888888888889,50,0.001888888888888889,2,2
0.15000000000000002,0.22222222222222224,0.3888888888888889,50,0.0023333333333333335,3,3
0.15000000000000002,0.22222222222222224,0.3888888888888889,50,0.002777777777777778,3,4
0.15000000000000002,0.22222222222222224,0.3888888888888889,50,0.0032222222222222222,3,5
0.15000000000000002,0.22222222222222224,0.3888888888888889,50,0.003666666666666667,3,6
0.15000000000000002,0.22222222222222224,0.3888888888888889,50,0.004111111111111111,3,6
0.15000000000000002,0.22222222222222224,0.3888888888888889,50,0.004555555555555556,4,8
0.15000000000000002,0.22222222222222224,0.3888888888888889,50,0.005,5,8
0.15000000000000002,0.22222222222222224,0.4111111111111111,50,0.001,1,1
0.15000000000000002,0.22222222222222224,0.4111111111111111,50,0.0014444444444444444,1,1
0.15000000000000002,0.22222222222222224,0.4111111111111111,50,0.001888888888888889,2,2
0.15000000000000002,0.22222222222222224,0.4111111111111111,50,0.0023333333333333335,3,3
0.15000000000000002,0.22222222222222224,0.4111111111111111,50,0.002777777777777778,3,4
0.15000000000000002,0.22222222222222224,0.4111111111111111,50,0.0032222222222222222,3,5
0.15000000000000002,0.22222222222222224,0.4111111111111111,50,0.003666666666666667,3,6
0.15000000000000002,0.22222222222222224,0.4111111111111111,50,0.004111111111111111,4,7
0.15000000000000002,0.22222222222222224,0.4111111111111111,50,0.004555555555555556,5,8
0.15000000000000002,0.22222222222222224,0.4111111111111111,50,0.005,5,8
0.15000000000000002,0.22222222222222224,0.43333333333333335,50,0.001,1,1
0.15000000000000002,0.22222222222222224,0.43333333333333335,50,0.0014444444444444444,2,1
0.15000000000000002,0.22222222222222224,0.43333333333333335,50,0.001888888888888889,3,3
0.15000000000000002,0.22222222222222224,0.43333333333333335,50,0.0023333333333333335,3,3
0.15000000000000002,0.22222222222222224,0.43333333333333335,50,0.002777777777777778,3,4
0.15000000000000002,0.22222222222222224,0.43333333333333335,50,0.0032222222222222222,3,6
0.15000000000000002,0.22222222222222224,0.43333333333333335,50,0.003666666666666667,4,7
0.15000000000000002,0.22222222222222224,0.43333333333333335,50,0.004111111111111111,3,6
0.15000000000000002,0.22222222222222224,0.43333333333333335,50,0.004555555555555556,5,7
0.15000000000000002,0.22222222222222224,0.43333333333333335,50,0.005,5,8
0.15000000000000002,0.22222222222222224,0.45555555555555555,50,0.001,1,1
0.15000000000000002,0.22222222222222224,0.45555555555555555,50,0.0014444444444444444,2,1
0.15000000000000002,0.22222222222222224,0.45555555555555555,50,0.001888888888888889,3,3
0.15000000000000002,0.22222222222222224,0.45555555555555555,50,0.0023333333333333335,3,4
0.15000000000000002,0.22222222222222224,0.45555555555555555,50,0.002777777777777778,3,5
0.15000000000000002,0.22222222222222224,0.45555555555555555,50,0.0032222222222222222,3,5
0.15000000000000002,0.22222222222222224,0.45555555555555555,50,0.003666666666666667,4,6
0.15000000000000002,0.22222222222222224,0.45555555555555555,50,0.004111111111111111,4,7
0.15000000000000002,0.22222222222222224,0.45555555555555555,50,0.004555555555555556,5,8
0.15000000000000002,0.22222222222222224,0.45555555555555555,50,0.005,4,9
0.15000000000000002,0.22222222222222224,0.47777777777777775,50,0.001,1,1
0.15000000000000002,0.22222222222222224,0.47777777777777775,50,0.0014444444444444444,2,1
0.15000000000000002,0.22222222222222224,0.47777777777777775,50,0.001888888888888889,3,2
0.15000000000000002,0.22222222222222224,0.47777777777777775,50,0.0023333333333333335,3,3
0.15000000000000002,0.22222222222222224,0.47777777777777775,50,0.002777777777777778,3,5
0.15000000000000002,0.22222222222222224,0.47777777777777775,50,0.0032222222222222222,3,6
0.15000000000000002,0.22222222222222224,0.47777777777777775,50,0.003666666666666667,4,7
0.15000000000000002,0.22222222222222224,0.47777777777777775,50,0.004111111111111111,5,8
0.15000000000000002,0.22222222222222224,0.47777777777777775,50,0.004555555555555556,5,8
0.15000000000000002,0.22222222222222224,0.47777777777777775,50,0.005,5,10
0.15000000000000002,0.22222222222222224,0.5,50,0.001,1,1
0.15000000000000002,0.22222222222222224,0.5,50,0.0014444444444444444,3,2
0.15000000000000002,0.22222222222222224,0.5,50,0.001888888888888889,3,2
0.15000000000000002,0.22222222222222224,0.5,50,0.0023333333333333335,3,4
0.15000000000000002,0.22222222222222224,0.5,50,0.002777777777777778,3,5
0.15000000000000002,0.22222222222222224,0.5,50,0.0032222222222222222,3,5
0.15000000000000002,0.22222222222222224,0.5,50,0.003666666666666667,4,7
0.15000000000000002,0.22222222222222224,0.5,50,0.004111111111111111,4,8
0.15000000000000002,0.22222222222222224,0.5,50,0.004555555555555556,5,8
0.15000000000000002,0.22222222222222224,0.5,50,0.005,5,10
0.15000000000000002,0.24444444444444446,0.3,50,0.001,0,1
0.15000000000000002,0.24444444444444446,0.3,50,0.0014444444444444444,1,1
0.15000000000000002,0.24444444444444446,0.3,50,0.001888888888888889,1,1
0.15000000000000002,0.24444444444444446,0.3,50,0.0023333333333333335,2,3
0.15000000000000002,0.24444444444444446,0.3,50,0.002777777777777778,2,3
0.15000000000000002,0.24444444444444446,0.3,50,0.0032222222222222222,3,5
0.15000000000000002,0.24444444444444446,0.3,50,0.003666666666666667,3,5
0.15000000000000002,0.24444444444444446,0.3,50,0.004111111111111111,4,6
0.15000000000000002,0.24444444444444446,0.3,50,0.004555555555555556,4,6
0.15000000000000002,0.24444444444444446,0.3,50,0.005,3,7
0.15000000000000002,0.24444444444444446,0.3222222222222222,50,0.001,0,1
0.15000000000000002,0.24444444444444446,0.3222222222222222,50,0.0014444444444444444,1,2
0.15000000000000002,0.24444444444444446,0.3222222222222222,50,0.001888888888888889,1,3
0.15000000000000002,0.24444444444444446,0.3222222222222222,50,0.0023333333333333335,2,3
0.15000000000000002,0.24444444444444446,0.3222222222222222,50,0.002777777777777778,3,4
0.15000000000000002,0.24444444444444446,0.3222222222222222,50,0.0032222222222222222,3,5
0.15000000000000002,0.24444444444444446,0.3222222222222222,50,0.003666666666666667,3,5
0.15000000000000002,0.24444444444444446,0.3222222222222222,50,0.004111111111111111,4,7
0.15000000000000002,0.24444444444444446,0.3222222222222222,50,0.004555555555555556,4,6
0.15000000000000002,0.24444444444444446,0.3222222222222222,50,0.005,4,8
0.15000000000000002,0.24444444444444446,0.34444444444444444,50,0.001,1,1
0.15000000000000002,0.24444444444444446,0.34444444444444444,50,0.0014444444444444444,1,1
0.15000000000000002,0.24444444444444446,0.34444444444444444,50,0.001888888888888889,2,2
0.15000000000000002,0.24444444444444446,0.34444444444444444,50,0.0023333333333333335,3,3
0.15000000000000002,0.24444444444444446,0.34444444444444444,50,0.002777777777777778,3,5
0.15000000000000002,0.24444444444444446,0.34444444444444444,50,0.0032222222222222222,3,5
0.15000000000000002,0.24444444444444446,0.34444444444444444,50,0.003666666666666667,3,6
0.15000000000000002,0.24444444444444446,0.34444444444444444,50,0.004111111111111111,3,6
0.15000000000000002,0.24444444444444446,0.34444444444444444,50,0.004555555555555556,4,7
0.15000000000000002,0.24444444444444446,0.34444444444444444,50,0.005,4,8
0.15000000000000002,0.24444444444444446,0.36666666666666664,50,0.001,1,1
0.15000000000000002,0.24444444444444446,0.36666666666666664,50,0.0014444444444444444,1,1
0.15000000000000002,0.24444444444444446,0.36666666666666664,50,0.001888888888888889,3,3
0.15000000000000002,0.24444444444444446,0.36666666666666664,50,0.0023333333333333335,3,4
0.15000000000000002,0.24444444444444446,0.36666666666666664,50,0.002777777777777778,3,4
0.15000000000000002,0.24444444444444446,0.36666666666666664,50,0.0032222222222222222,3,5
0.15000000000000002,0.24444444444444446,0.36666666666666664,50,0.003666666666666667,4,5
0.15000000000000002,0.24444444444444446,0.36666666666666664,50,0.004111111111111111,4,6
0.15000000000000002,0.24444444444444446,0.36666666666666664,50,0.004555555555555556,5,7
0.15000000000000002,0.24444444444444446,0.36666666666666664,50,0.005,4,8
0.15000000000000002,0.24444444444444446,0.3888888888888889,50,0.001,1,1
0.15000000000000002,0.24444444444444446,0.3888888888888889,50,0.0014444444444444444,2,1
0.15000000000000002,0.24444444444444446,0.3888888888888889,50,0.001888888888888889,2,2
0.15000000000000002,0.24444444444444446,0.3888888888888889,50,0.0023333333333333335,3,3
0.15000000000000002,0.24444444444444446,0.3888888888888889,50,0.002777777777777778,3,4
0.15000000000000002,0.24444444444444446,0.3888888888888889,50,0.0032222222222222222,3,5
0.15000000000000002,0.24444444444444446,0.3888888888888889,50,0.003666666666666667,4,6
0.15000000000000002,0.24444444444444446,0.3888888888888889,50,0.004111111111111111,4,7
0.15000000000000002,0.24444444444444446,0.3888888888888889,50,0.004555555555555556,5,8
0.15000000000000002,0.24444444444444446,0.3888888888888889,50,0.005,6,9
0.15000000000000002,0.24444444444444446,0.4111111111111111,50,0.001,1,1
0.15000000000000002,0.24444444444444446,0.4111111111111111,50,0.0014444444444444444,3,2
0.15000000000000002,0.24444444444444446,0.4111111111111111,50,0.001888888888888889,3,3
0.15000000000000002,0.24444444444444446,0.4111111111111111,50,0.0023333333333333335,3,4
0.15000000000000002,0.24444444444444446,0.4111111111111111,50,0.002777777777777778,3,5
0.15000000000000002,0.24444444444444446,0.4111111111111111,50,0.0032222222222222222,4,5
0.15000000000000002,0.24444444444444446,0.4111111111111111,50,0.003666666666666667,5,6
0.15000000000000002,0.24444444444444446,0.4111111111111111,50,0.004111111111111111,4,8
0.15000000000000002,0.24444444444444446,0.4111111111111111,50,0.004555555555555556,5,8
0.15000000000000002,0.24444444444444446,0.4111111111111111,50,0.005,5,10
0.15000000000000002,0.24444444444444446,0.43333333333333335,50,0.001,1,1
0.15000000000000002,0.24444444444444446,0.43333333333333335,50,0.0014444444444444444,2,1
0.15000000000000002,0.24444444444444446,0.43333333333333335,50,0.001888888888888889,3,2
0.15000000000000002,0.24444444444444446,0.43333333333333335,50,0.0023333333333333335,3,4
0.15000000000000002,0.24444444444444446,0.43333333333333335,50,0.002777777777777778,3,5
0.15000000000000002,0.24444444444444446,0.43333333333333335,50,0.0032222222222222222,3,6
0.15000000000000002,0.24444444444444446,0.43333333333333335,50,0.003666666666666667,4,7
0.15000000000000002,0.24444444444444446,0.43333333333333335,50,0.004111111111111111,5,8
0.15000000000000002,0.24444444444444446,0.43333333333333335,50,0.004555555555555556,6,9
0.15000000000000002,0.24444444444444446,0.43333333333333335,50,0.005,5,10
0.15000000000000002,0.24444444444444446,0.45555555555555555,50,0.001,1,1
0.15000000000000002,0.24444444444444446,0.45555555555555555,50,0.0014444444444444444,3,1
0.15000000000000002,0.24444444444444446,0.45555555555555555,50,0.001888888888888889,3,2
0.15000000000000002,0.24444444444444446,0.45555555555555555,50,0.0023333333333333335,3,4
0.15000000000000002,0.24444444444444446,0.45555555555555555,50,0.002777777777777778,3,5
0.15000000000000002,0.24444444444444446,0.45555555555555555,50,0.0032222222222222222,4,6
0.15000000000000002,0.24444444444444446,0.45555555555555555,50,0.003666666666666667,5,7
0.15000000000000002,0.24444444444444446,0.45555555555555555,50,0.004111111111111111,5,8
0.15000000000000002,0.24444444444444446,0.45555555555555555,50,0.004555555555555556,5,9
0.15000000000000002,0.24444444444444446,0.45555555555555555,50,0.005,6,9
0.15000000000000002,0.24444444444444446,0.47777777777777775,50,0.001,2,1
0.15000000000000002,0.24444444444444446,0.47777777777777775,50,0.0014444444444444444,3,1
0.15000000000000002,0.24444444444444446,0.47777777777777775,50,0.001888888888888889,3,3
0.15000000000000002,0.24444444444444446,0.47777777777777775,50,0.0023333333333333335,3,4
0.15000000000000002,0.24444444444444446,0.47777777777777775,50,0.002777777777777778,3,5
0.15000000000000002,0.24444444444444446,0.47777777777777775,50,0.0032222222222222222,4,6
0.15000000000000002,0.24444444444444446,0.47777777777777775,50,0.003666666666666667,4,8
0.15000000000000002,0.24444444444444446,0.47777777777777775,50,0.004111111111111111,5,8
0.15000000000000002,0.24444444444444446,0.47777777777777775,50,0.004555555555555556,5,8
0.15000000000000002,0.24444444444444446,0.47777777777777775,50,0.005,6,10
0.15000000000000002,0.24444444444444446,0.5,50,0.001,2,1
0.15000000000000002,0.24444444444444446,0.5,50,0.0014444444444444444,3,3
0.15000000000000002,0.24444444444444446,0.5,50,0.001888888888888889,3,4
0.15000000000000002,0.24444444444444446,0.5,50,0.0023333333333333335,3,4
0.15000000000000002,0.24444444444444446,0.5,50,0.002777777777777778,3,5
0.15000000000000002,0.24444444444444446,0.5,50,0.0032222222222222222,4,6
0.15000000000000002,0.24444444444444446,0.5,50,0.003666666666666667,5,7
0.15000000000000002,0.24444444444444446,0.5,50,0.004111111111111111,5,8
0.15000000000000002,0.24444444444444446,0.5,50,0.004555555555555556,6,9
0.15000000000000002,0.24444444444444446,0.5,50,0.005,7,10
0.15000000000000002,0.26666666666666666,0.3,50,0.001,0,0
0.15000000000000002,0.26666666666666666,0.3,50,0.0014444444444444444,1,1
0.15000000000000002,0.26666666666666666,0.3,50,0.001888888888888889,1,2
0.15000000000000002,0.26666666666666666,0.3,50,0.0023333333333333335,2,3
0.15000000000000002,0.26666666666666666,0.3,50,0.002777777777777778,3,3
0.15000000000000002,0.26666666666666666,0.3,50,0.0032222222222222222,3,5
0.15000000000000002,0.26666666666666666,0.3,50,0.003666666666666667,3,5
0.15000000000000002,0.26666666666666666,0.3,50,0.004111111111111111,3,6
0.15000000000000002,0.26666666666666666,0.3,50,0.004555555555555556,4,8
0.15000000000000002,0.26666666666666666,0.3,50,0.005,5,8
0.15000000000000002,0.26666666666666666,0.3222222222222222,50,0.001,1,1
0.15000000000000002,0.26666666666666666,0.3222222222222222,50,0.0014444444444444444,1,1
0.15000000000000002,0.26666666666666666,0.3222222222222222,50,0.001888888888888889,1,2
0.15000000000000002,0.26666666666666666,0.3222222222222222,50,0.0023333333333333335,3,3
0.15000000000000002,0.26666666666666666,0.3222222222222222,50,0.002777777777777778,3,4
0.15000000000000002,0.26666666666666666,0.3222222222222222,50,0.0032222222222222222,3,5
0.15000000000000002,0.26666666666666666,0.3222222222222222,50,0.003666666666666667,3,5
0.15000000000000002,0.26666666666666666,0.3222222222222222,50,0.004111111111111111,4,6
0.15000000000000002,0.26666666666666666,0.3222222222222222,50,0.004555555555555556,4,8
0.15000000000000002,0.26666666666666666,0.3222222222222222,50,0.005,5,9
0.15000000000000002,0.26666666666666666,0.34444444444444444,50,0.001,1,1
0.15000000000000002,0.26666666666666666,0.34444444444444444,50,0.0014444444444444444,1,2
0.15000000000000002,0.26666666666666666,0.34444444444444444,50,0.001888888888888889,2,3
0.15000000000000002,0.26666666666666666,0.34444444444444444,50,0.0023333333333333335,3,4
0.15000000000000002,0.26666666666666666,0.34444444444444444,50,0.002777777777777778,3,5
0.15000000000000002,0.26666666666666666,0.34444444444444444,50,0.0032222222222222222,3,5
0.15000000000000002,0.26666666666666666,0.34444444444444444,50,0.003666666666666667,3,6
0.15000000000000002,0.26666666666666666,0.34444444444444444,50,0.004111111111111111,4,6
0.15000000000000002,0.26666666666666666,0.34444444444444444,50,0.004555555555555556,4,7
0.15000000000000002,0.26666666666666666,0.34444444444444444,50,0.005,6,9
0.15000000000000002,0.26666666666666666,0.36666666666666664,50,0.001,1,1
0.15000000000000002,0.26666666666666666,0.36666666666666664,50,0.0014444444444444444,1,1
0.15000000000000002,0.26666666666666666,0.36666666666666664,50,0.001888888888888889,2,3
0.15000000000000002,0.26666666666666666,0.36666666666666664,50,0.0023333333333333335,3,3
0.15000000000000002,0.26666666666666666,0.36666666666666664,50,0.002777777777777778,3,5
0.15000000000000002,0.26666666666666666,0.36666666666666664,50,0.0032222222222222222,4,5
0.15000000000000002,0.26666666666666666,0.36666666666666664,50,0.003666666666666667,3,7
0.15000000000000002,0.26666666666666666,0.36666666666666664,50,0.004111111111111111,4,7
0.15000000000000002,0.26666666666666666,0.36666666666666664,50,0.004555555555555556,5,9
0.15000000000000002,0.26666666666666666,0.36666666666666664,50,0.005,5,9
0.15000000000000002,0.26666666666666666,0.3888888888888889,50,0.001,1,1
0.15000000000000002,0.26666666666666666,0.3888888888888889,50,0.0014444444444444444,2,2
0.15000000000000002,0.26666666666666666,0.3888888888888889,50,0.001888888888888889,3,3
0.15000000000000002,0.26666666666666666,0.3888888888888889,50,0.0023333333333333335,3,4
0.15000000000000002,0.26666666666666666,0.3888888888888889,50,0.002777777777777778,3,4
0.15000000000000002,0.26666666666666666,0.3888888888888889,50,0.0032222222222222222,4,6
0.15000000000000002,0.26666666666666666,0.3888888888888889,50,0.003666666666666667,4,7
0.15000000000000002,0.26666666666666666,0.3888888888888889,50,0.004111111111111111,4,8
0.15000000000000002,0.26666666666666666,0.3888888888888889,50,0.004555555555555556,5,9
0.15000000000000002,0.26666666666666666,0.3888888888888889,50,0.005,5,8
0.15000000000000002,0.26666666666666666,0.4111111111111111,50,0.001,1,1
0.15000000000000002,0.26666666666666666,0.4111111111111111,50,0.0014444444444444444,3,2
0.15000000000000002,0.26666666666666666,0.4111111111111111,50,0.001888888888888889,3,3
0.15000000000000002,0.26666666666666666,0.4111111111111111,50,0.0023333333333333335,3,4
0.15000000000000002,0.26666666666666666,0.4111111111111111,50,0.002777777777777778,3,5
0.15000000000000002,0.26666666666666666,0.4111111111111111,50,0.0032222222222222222,3,7
0.15000000000000002,0.26666666666666666,0.4111111111111111,50,0.003666666666666667,4,7
0.15000000000000002,0.26666666666666666,0.4111111111111111,50,0.004111111111111111,5,8
0.15000000000000002,0.26666666666666666,0.4111111111111111,50,0.004555555555555556,6,9
0.15000000000000002,0.26666666666666666,0.4111111111111111,50,0.005,5,10
0.15000000000000002,0.26666666666666666,0.43333333333333335,50,0.001,1,1
0.15000000000000002,0.26666666666666666,0.43333333333333335,50,0.0014444444444444444,3,2
0.15000000000000002,0.26666666666666666,0.43333333333333335,50,0.001888888888888889,3,4
0.15000000000000002,0.26666666666666666,0.43333333333333335,50,0.0023333333333333335,3,5
0.15000000000000002,0.26666666666666666,0.43333333333333335,50,0.002777777777777778,3,6
0.15000000000000002,0.26666666666666666,0.43333333333333335,50,0.0032222222222222222,4,7
0.15000000000000002,0.26666666666666666,0.43333333333333335,50,0.003666666666666667,4,7
0.15000000000000002,0.26666666666666666,0.43333333333333335,50,0.004111111111111111,5,9
0.15000000000000002,0.26666666666666666,0.43333333333333335,50,0.004555555555555556,5,10
0.15000000000000002,0.26666666666666666,0.43333333333333335,50,0.005,5,10
0.15000000000000002,0.26666666666666666,0.45555555555555555,50,0.001,3,1
0.15000000000000002,0.26666666666666666,0.45555555555555555,50,0.0014444444444444444,3,3
0.15000000000000002,0.26666666666666666,0.45555555555555555,50,0.001888888888888889,3,3
0.15000000000000002,0.26666666666666666,0.45555555555555555,50,0.0023333333333333335,3,4
0.15000000000000002,0.26666666666666666,0.45555555555555555,50,0.002777777777777778,3,6
0.15000000000000002,0.26666666666666666,0.45555555555555555,50,0.0032222222222222222,4,6
0.15000000000000002,0.26666666666666666,0.45555555555555555,50,0.003666666666666667,4,7
0.15000000000000002,0.26666666666666666,0.45555555555555555,50,0.004111111111111111,5,8
0.15000000000000002,0.26666666666666666,0.45555555555555555,50,0.004555555555555556,6,9
0.15000000000000002,0.26666666666666666,0.45555555555555555,50,0.005,6,11
0.15000000000000002,0.26666666666666666,0.47777777777777775,50,0.001,2,1
0.15000000000000002,0.26666666666666666,0.47777777777777775,50,0.0014444444444444444,3,3
0.15000000000000002,0.26666666666666666,0.47777777777777775,50,0.001888888888888889,3,3
0.15000000000000002,0.26666666666666666,0.47777777777777775,50,0.0023333333333333335,3,5
0.15000000000000002,0.26666666666666666,0.47777777777777775,50,0.002777777777777778,3,5
0.15000000000000002,0.26666666666666666,0.47777777777777775,50,0.0032222222222222222,5,6
0.15000000000000002,0.26666666666666666,0.47777777777777775,50,0.003666666666666667,5,8
0.15000000000000002,0.26666666666666666,0.47777777777777775,50,0.004111111111111111,5,9
0.15000000000000002,0.26666666666666666,0.47777777777777775,50,0.004555555555555556,6,10
0.15000000000000002,0.26666666666666666,0.47777777777777775,50,0.005,5,11
0.15000000000000002,0.26666666666666666,0.5,50,0.001,3,1
0.15000000000000002,0.26666666666666666,0.5,50,0.0014444444444444444,3,3
0.15000000000000002,0.26666666666666666,0.5,50,0.001888888888888889,3,4
0.15000000000000002,0.26666666666666666,0.5,50,0.0023333333333333335,3,5
0.15000000000000002,0.26666666666666666,0.5,50,0.002777777777777778,4,6
0.15000000000000002,0.26666666666666666,0.5,50,0.0032222222222222222,3,8
0.15000000000000002,0.26666666666666666,0.5,50,0.003666666666666667,5,8
0.15000000000000002,0.26666666666666666,0.5,50,0.004111111111111111,5,10
0.15000000000000002,0.26666666666666666,0.5,50,0.004555555555555556,5,10
0.15000000000000002,0.26666666666666666,0.5,50,0.005,6,11
0.15000000000000002,0.2888888888888889,0.3,50,0.001,0,1
0.15000000000000002,0.2888888888888889,0.3,50,0.0014444444444444444,1,1
0.15000000000000002,0.2888888888888889,0.3,50,0.001888888888888889,1,3
0.15000000000000002,0.2888888888888889,0.3,50,0.0023333333333333335,2,3
0.15000000000000002,0.2888888888888889,0.3,50,0.002777777777777778,3,4
0.15000000000000002,0.2888888888888889,0.3,50,0.0032222222222222222,3,5
0.15000000000000002,0.2888888888888889,0.3,50,0.003666666666666667,3,6
0.15000000000000002,0.2888888888888889,0.3,50,0.004111111111111111,4,6
0.15000000000000002,0.2888888888888889,0.3,50,0.004555555555555556,4,8
0.15000000000000002,0.2888888888888889,0.3,50,0.005,5,8
0.15000000000000002,0.2888888888888889,0.3222222222222222,50,0.001,1,1
0.15000000000000002,0.2888888888888889,0.3222222222222222,50,0.0014444444444444444,1,1
0.15000000000000002,0.2888888888888889,0.3222222222222222,50,0.001888888888888889,2,3
0.15000000000000002,0.2888888888888889,0.3222222222222222,50,0.0023333333333333335,3,4
0.15000000000000002,0.2888888888888889,0.3222222222222222,50,0.002777777777777778,3,4
0.15000000000000002,0.2888888888888889,0.3222222222222222,50,0.0032222222222222222,3,6
0.15000000000000002,0.2888888888888889,0.3222222222222222,50,0.003666666666666667,3,6
0.15000000000000002,0.2888888888888889,0.3222222222222222,50,0.004111111111111111,4,7
0.15000000000000002,0.2888888888888889,0.3222222222222222,50,0.004555555555555556,5,9
0.15000000000000002,0.2888888888888889,0.3222222222222222,50,0.005,5,9
0.15000000000000002,0.2888888888888889,0.34444444444444444,50,0.001,1,1
0.15000000000000002,0.2888888888888889,0.34444444444444444,50,0.0014444444444444444,1,2
0.15000000000000002,0.2888888888888889,0.34444444444444444,50,0.001888888888888889,3,3
0.15000000000000002,0.2888888888888889,0.34444444444444444,50,0.0023333333333333335,3,4
0.15000000000000002,0.2888888888888889,0.34444444444444444,50,0.002777777777777778,3,5
0.15000000000000002,0.2888888888888889,0.34444444444444444,50,0.0032222222222222222,3,6
0.15000000000000002,0.2888888888888889,0.34444444444444444,50,0.003666666666666667,4,7
0.15000000000000002,0.2888888888888889,0.34444444444444444,50,0.004111111111111111,5,8
0.15000000000000002,0.2888888888888889,0.34444444444444444,50,0.004555555555555556,5,9
0.15000000000000002,0.2888888888888889,0.34444444444444444,50,0.005,5,9
0.15000000000000002,0.2888888888888889,0.36666666666666664,50,0.001,1,1
0.15000000000000002,0.2888888888888889,0.36666666666666664,50,0.0014444444444444444,2,2
0.15000000000000002,0.2888888888888889,0.36666666666666664,50,0.001888888888888889,3,3
0.15000000000000002,0.2888888888888889,0.36666666666666664,50,0.0023333333333333335,3,4
0.15000000000000002,0.2888888888888889,0.36666666666666664,50,0.002777777777777778,3,5
0.15000000000000002,0.2888888888888889,0.36666666666666664,50,0.0032222222222222222,3,5
0.15000000000000002,0.2888888888888889,0.36666666666666664,50,0.003666666666666667,5,7
0.15000000000000002,0.2888888888888889,0.36666666666666664,50,0.004111111111111111,5,8
0.15000000000000002,0.2888888888888889,0.36666666666666664,50,0.004555555555555556,5,8
0.15000000000000002,0.2888888888888889,0.36666666666666664,50,0.005,6,10
0.15000000000000002,0.2888888888888889,0.3888888888888889,50,0.001,1,1
0.15000000000000002,0.2888888888888889,0.3888888888888889,50,0.0014444444444444444,2,2
0.15000000000000002,0.2888888888888889,0.3888888888888889,50,0.001888888888888889,3,4
0.15000000000000002,0.2888888888888889,0.3888888888888889,50,0.0023333333333333335,3,5
0.15000000000000002,0.2888888888888889,0.3888888888888889,50,0.002777777777777778,3,6
0.15000000000000002,0.2888888888888889,0.3888888888888889,50,0.0032222222222222222,4,7
0.15000000000000002,0.2888888888888889,0.3888888888888889,50,0.003666666666666667,5,8
0.15000000000000002,0.2888888888888889,0.3888888888888889,50,0.004111111111111111,5,10
0.15000000000000002,0.2888888888888889,0.3888888888888889,50,0.004555555555555556,6,10
0.15000000000000002,0.2888888888888889,0.3888888888888889,50,0.005,6,11
0.15000000000000002,0.2888888888888889,0.4111111111111111,50,0.001,1,1
0.15000000000000002,0.2888888888888889,0.4111111111111111,50,0.0014444444444444444,3,3
0.15000000000000002,0.2888888888888889,0.4111111111111111,50,0.001888888888888889,3,3
0.15000000000000002,0.2888888888888889,0.4111111111111111,50,0.0023333333333333335,3,4
0.15000000000000002,0.2888888888888889,0.4111111111111111,50,0.002777777777777778,3,7
0.15000000000000002,0.2888888888888889,0.4111111111111111,50,0.0032222222222222222,4,6
0.15000000000000002,0.2888888888888889,0.4111111111111111,50,0.003666666666666667,4,8
0.15000000000000002,0.2888888888888889,0.4111111111111111,50,0.004111111111111111,5,10
0.15000000000000002,0.2888888888888889,0.4111111111111111,50,0.004555555555555556,5,11
0.15000000000000002,0.2888888888888889,0.4111111111111111,50,0.005,6,11
0.15000000000000002,0.2888888888888889,0.43333333333333335,50,0.001,2,2
0.15000000000000002,0.2888888888888889,0.43333333333333335,50,0.0014444444444444444,3,3
0.15000000000000002,0.2888888888888889,0.43333333333333335,50,0.001888888888888889,3,3
0.15000000000000002,0.2888888888888889,0.43333333333333335,50,0.0023333333333333335,3,4
0.15000000000000002,0.2888888888888889,0.43333333333333335,50,0.002777777777777778,4,7
0.15000000000000002,0.2888888888888889,0.43333333333333335,50,0.0032222222222222222,5,8
0.15000000000000002,0.2888888888888889,0.43333333333333335,50,0.003666666666666667,5,8
0.15000000000000002,0.2888888888888889,0.43333333333333335,50,0.004111111111111111,5,9
0.15000000000000002,0.2888888888888889,0.43333333333333335,50,0.004555555555555556,6,10
0.15000000000000002,0.2888888888888889,0.43333333333333335,50,0.005,7,11
0.15000000000000002,0.2888888888888889,0.45555555555555555,50,0.001,3,2
0.15000000000000002,0.2888888888888889,0.45555555555555555,50,0.0014444444444444444,3,3
0.15000000000000002,0.2888888888888889,0.45555555555555555,50,0.001888888888888889,3,4
0.15000000000000002,0.2888888888888889,0.45555555555555555,50,0.0023333333333333335,3,5
0.15000000000000002,0.2888888888888889,0.45555555555555555,50,0.002777777777777778,3,6
0.15000000000000002,0.2888888888888889,0.45555555555555555,50,0.0032222222222222222,4,6
0.15000000000000002,0.2888888888888889,0.45555555555555555,50,0.003666666666666667,5,8
0.15000000000000002,0.2888888888888889,0.45555555555555555,50,0.004111111111111111,6,10
0.15000000000000002,0.2888888888888889,0.45555555555555555,50,0.004555555555555556,7,11
0.15000000000000002,0.2888888888888889,0.45555555555555555,50,0.005,6,11
0.15000000000000002,0.2888888888888889,0.47777777777777775,50,0.001,3,2
0.15000000000000002,0.2888888888888889,0.47777777777777775,50,0.0014444444444444444,3,3
0.15000000000000002,0.2888888888888889,0.47777777777777775,50,0.001888888888888889,3,4
0.15000000000000002,0.2888888888888889,0.47777777777777775,50,0.0023333333333333335,3,5
0.15000000000000002,0.2888888888888889,0.47777777777777775,50,0.002777777777777778,4,7
0.15000000000000002,0.2888888888888889,0.47777777777777775,50,0.0032222222222222222,4,8
0.15000000000000002,0.2888888888888889,0.47777777777777775,50,0.003666666666666667,5,8
0.15000000000000002,0.2888888888888889,0.47777777777777775,50,0.004111111111111111,6,9
0.15000000000000002,0.2888888888888889,0.47777777777777775,50,0.004555555555555556,6,11
0.15000000000000002,0.2888888888888889,0.47777777777777775,50,0.005,7,11
0.15000000000000002,0.2888888888888889,0.5,50,0.001,3,3
0.15000000000000002,0.2888888888888889,0.5,50,0.0014444444444444444,3,3
0.15000000000000002,0.2888888888888889,0.5,50,0.001888888888888889,3,4
0.15000000000000002,0.2888888888888889,0.5,50,0.0023333333333333335,3,5
0.15000000000000002,0.2888888888888889,0.5,50,0.002777777777777778,4,6
0.15000000000000002,0.2888888888888889,0.5,50,0.0032222222222222222,4,9
0.15000000000000002,0.2888888888888889,0.5,50,0.003666666666666667,5,8
0.15000000000000002,0.2888888888888889,0.5,50,0.004111111111111111,6,10
0.15000000000000002,0.2888888888888889,0.5,50,0.004555555555555556,7,11
0.15000000000000002,0.2888888888888889,0.5,50,0.005,6,12
0.15000000000000002,0.3111111111111111,0.3,50,0.001,0,1
0.15000000000000002,0.3111111111111111,0.3,50,0.0014444444444444444,1,1
0.15000000000000002,0.3111111111111111,0.3,50,0.001888888888888889,1,3
0.15000000000000002,0.3111111111111111,0.3,50,0.0023333333333333335,3,3
0.15000000000000002,0.3111111111111111,0.3,50,0.002777777777777778,2,4
0.15000000000000002,0.3111111111111111,0.3,50,0.0032222222222222222,3,5
0.15000000000000002,0.3111111111111111,0.3,50,0.003666666666666667,3,6
0.15000000000000002,0.3111111111111111,0.3,50,0.004111111111111111,4,7
0.15000000000000002,0.3111111111111111,0.3,50,0.004555555555555556,5,8
0.15000000000000002,0.3111111111111111,0.3,50,0.005,6,9
0.15000000000000002,0.3111111111111111,0.3222222222222222,50,0.001,0,1
0.15000000000000002,0.3111111111111111,0.3222222222222222,50,0.0014444444444444444,1,2
0.15000000000000002,0.3111111111111111,0.3222222222222222,50,0.001888888888888889,2,3
0.15000000000000002,0.3111111111111111,0.3222222222222222,50,0.0023333333333333335,3,3
0.15000000000000002,0.3111111111111111,0.3222222222222222,50,0.002777777777777778,3,5
0.15000000000000002,0.3111111111111111,0.3222222222222222,50,0.0032222222222222222,3,6
0.15000000000000002,0.3111111111111111,0.3222222222222222,50,0.003666666666666667,5,8
0.15000000000000002,0.3111111111111111,0.3222222222222222,50,0.004111111111111111,5,8
0.15000000000000002,0.3111111111111111,0.3222222222222222,50,0.004555555555555556,5,8
0.15000000000000002,0.3111111111111111,0.3222222222222222,50,0.005,6,10
0.15000000000000002,0.3111111111111111,0.34444444444444444,50,0.001,1,1
0.15000000000000002,0.3111111111111111,0.34444444444444444,50,0.0014444444444444444,2,2
0.15000000000000002,0.3111111111111111,0.34444444444444444,50,0.001888888888888889,3,3
0.15000000000000002,0.3111111111111111,0.34444444444444444,50,0.0023333333333333335,3,5
0.15000000000000002,0.3111111111111111,0.34444444444444444,50,0.002777777777777778,3,5
0.15000000000000002,0.3111111111111111,0.34444444444444444,50,0.0032222222222222222,4,6
0.15000000000000002,0.3111111111111111,0.34444444444444444,50,0.003666666666666667,5,7
0.15000000000000002,0.3111111111111111,0.34444444444444444,50,0.004111111111111111,4,9
0.15000000000000002,0.3111111111111111,0.34444444444444444,50,0.004555555555555556,6,9
0.15000000000000002,0.3111111111111111,0.34444444444444444,50,0.005,6,10
0.15000000000000002,0.3111111111111111,0.36666666666666664,50,0.001,1,1
0.15000000000000002,0.3111111111111111,0.36666666666666664,50,0.0014444444444444444,3,3
0.15000000000000002,0.3111111111111111,0.36666666666666664,50,0.001888888888888889,3,3
0.15000000000000002,0.3111111111111111,0.36666666666666664,50,0.0023333333333333335,3,5
0.15000000000000002,0.3111111111111111,0.36666666666666664,50,0.002777777777777778,3,6
0.15000000000000002,0.3111111111111111,0.36666666666666664,50,0.0032222222222222222,4,6
0.15000000000000002,0.3111111111111111,0.36666666666666664,50,0.003666666666666667,4,7
0.15000000000000002,0.3111111111111111,0.36666666666666664,50,0.004111111111111111,5,9
0.15000000000000002,0.3111111111111111,0.36666666666666664,50,0.004555555555555556,5,10
0.15000000000000002,0.3111111111111111,0.36666666666666664,50,0.005,5,11
0.15000000000000002,0.3111111111111111,0.3888888888888889,50,0.001,2,2
0.15000000000000002,0.3111111111111111,0.3888888888888889,50,0.0014444444444444444,3,3
0.15000000000000002,0.3111111111111111,0.3888888888888889,50,0.001888888888888889,3,4
0.15000000000000002,0.3111111111111111,0.3888888888888889,50,0.0023333333333333335,3,5
0.15000000000000002,0.3111111111111111,0.3888888888888889,50,0.002777777777777778,4,7
0.15000000000000002,0.3111111111111111,0.3888888888888889,50,0.0032222222222222222,5,7
0.15000000000000002,0.3111111111111111,0.3888888888888889,50,0.003666666666666667,5,8
0.15000000000000002,0.3111111111111111,0.3888888888888889,50,0.004111111111111111,6,9
0.15000000000000002,0.3111111111111111,0.3888888888888889,50,0.004555555555555556,6,10
0.15000000000000002,0.3111111111111111,0.3888888888888889,50,0.005,7,12
0.15000000000000002,0.3111111111111111,0.4111111111111111,50,0.001,2,2
0.15000000000000002,0.3111111111111111,0.4111111111111111,50,0.0014444444444444444,3,3
0.15000000000000002,0.3111111111111111,0.4111111111111111,50,0.001888888888888889,3,4
0.15000000000000002,0.3111111111111111,0.4111111111111111,50,0.0023333333333333335,3,5
0.15000000000000002,0.3111111111111111,0.4111111111111111,50,0.002777777777777778,4,7
0.15000000000000002,0.3111111111111111,0.4111111111111111,50,0.0032222222222222222,5,8
0.15000000000000002,0.3111111111111111,0.4111111111111111,50,0.003666666666666667,6,9
0.15000000000000002,0.3111111111111111,0.4111111111111111,50,0.004111111111111111,6,9
0.15000000000000002,0.3111111111111111,0.4111111111111111,50,0.004555555555555556,7,11
0.15000000000000002,0.3111111111111111,0.4111111111111111,50,0.005,8,12
0.15000000000000002,0.3111111111111111,0.43333333333333335,50,0.001,3,3
0.15000000000000002,0.3111111111111111,0.43333333333333335,50,0.0014444444444444444,3,3
0.15000000000000002,0.3111111111111111,0.43333333333333335,50,0.001888888888888889,3,5
0.15000000000000002,0.3111111111111111,0.43333333333333335,50,0.0023333333333333335,3,5
0.15000000000000002,0.3111111111111111,0.43333333333333335,50,0.002777777777777778,4,7
0.15000000000000002,0.3111111111111111,0.43333333333333335,50,0.0032222222222222222,5,8
0.15000000000000002,0.3111111111111111,0.43333333333333335,50,0.003666666666666667,5,9
0.15000000000000002,0.3111111111111111,0.43333333333333335,50,0.004111111111111111,5,10
0.15000000000000002,0.3111111111111111,0.43333333333333335,50,0.004555555555555556,7,11
0.15000000000000002,0.3111111111111111,0.43333333333333335,50,0.005,7,13
0.15000000000000002,0.3111111111111111,0.45555555555555555,50,0.001,3,3
0.15000000000000002,0.3111111111111111,0.45555555555555555,50,0.0014444444444444444,3,3
0.15000000000000002,0.3111111111111111,0.45555555555555555,50,0.001888888888888889,3,4
0.15000000000000002,0.3111111111111111,0.45555555555555555,50,0.0023333333333333335,3,5
0.15000000000000002,0.3111111111111111,0.45555555555555555,50,0.002777777777777778,4,7
0.15000000000000002,0.3111111111111111,0.45555555555555555,50,0.0032222222222222222,5,7
0.15000000000000002,0.3111111111111111,0.45555555555555555,50,0.003666666666666667,5,9
0.15000000000000002,0.3111111111111111,0.45555555555555555,50,0.004111111111111111,6,11
0.15000000000000002,0.3111111111111111,0.45555555555555555,50,0.004555555555555556,7,12
0.15000000000000002,0.3111111111111111,0.45555555555555555,50,0.005,8,12
0.15000000000000002,0.3111111111111111,0.47777777777777775,50,0.001,3,3
0.15000000000000002,0.3111111111111111,0.47777777777777775,50,0.0014444444444444444,3,3
0.15000000000000002,0.3111111111111111,0.47777777777777775,50,0.001888888888888889,3,4
0.15000000000000002,0.3111111111111111,0.47777777777777775,50,0.0023333333333333335,3,5
0.15000000000000002,0.3111111111111111,0.47777777777777775,50,0.002777777777777778,4,7
0.15000000000000002,0.3111111111111111,0.47777777777777775,50,0.0032222222222222222,5,8
0.15000000000000002,0.3111111111111111,0.47777777777777775,50,0.003666666666666667,6,9
0.15000000000000002,0.3111111111111111,0.47777777777777775,50,0.004111111111111111,6,11
0.15000000000000002,0.3111111111111111,0.47777777777777775,50,0.004555555555555556,7,12
0.15000000000000002,0.3111111111111111,0.47777777777777775,50,0.005,7,12
0.15000000000000002,0.3111111111111111,0.5,50,0.001,3,3
0.15000000000000002,0.3111111111111111,0.5,50,0.0014444444444444444,3,3
0.15000000000000002,0.3111111111111111,0.5,50,0.001888888888888889,3,4
0.15000000000000002,0.3111111111111111,0.5,50,0.0023333333333333335,4,6
0.15000000000000002,0.3111111111111111,0.5,50,0.002777777777777778,5,7
0.15000000000000002,0.3111111111111111,0.5,50,0.0032222222222222222,5,8
0.15000000000000002,0.3111111111111111,0.5,50,0.003666666666666667,6,10
0.15000000000000002,0.3111111111111111,0.5,50,0.004111111111111111,7,11
0.15000000000000002,0.3111111111111111,0.5,50,0.004555555555555556,8,12
0.15000000000000002,0.3111111111111111,0.5,50,0.005,8,13
0.15000000000000002,0.33333333333333337,0.3,50,0.001,0,1
0.15000000000000002,0.33333333333333337,0.3,50,0.0014444444444444444,1,2
0.15000000000000002,0.33333333333333337,0.3,50,0.001888888888888889,2,3
0.15000000000000002,0.33333333333333337,0.3,50,0.0023333333333333335,3,3
0.15000000000000002,0.33333333333333337,0.3,50,0.002777777777777778,3,5
0.15000000000000002,0.33333333333333337,0.3,50,0.0032222222222222222,3,6
0.15000000000000002,0.33333333333333337,0.3,50,0.003666666666666667,4,7
0.15000000000000002,0.33333333333333337,0.3,50,0.004111111111111111,4,8
0.15000000000000002,0.33333333333333337,0.3,50,0.004555555555555556,5,9
0.15000000000000002,0.33333333333333337,0.3,50,0.005,5,10
0.15000000000000002,0.33333333333333337,0.3222222222222222,50,0.001,1,1
0.15000000000000002,0.33333333333333337,0.3222222222222222,50,0.0014444444444444444,1,2
0.15000000000000002,0.33333333333333337,0.3222222222222222,50,0.001888888888888889,3,3
0.15000000000000002,0.33333333333333337,0.3222222222222222,50,0.0023333333333333335,3,5
0.15000000000000002,0.33333333333333337,0.3222222222222222,50,0.002777777777777778,3,5
0.15000000000000002,0.33333333333333337,0.3222222222222222,50,0.0032222222222222222,4,7
0.15000000000000002,0.33333333333333337,0.3222222222222222,50,0.003666666666666667,4,8
0.15000000000000002,0.33333333333333337,0.3222222222222222,50,0.004111111111111111,5,8
0.15000000000000002,0.33333333333333337,0.3222222222222222,50,0.004555555555555556,6,11
0.15000000000000002,0.33333333333333337,0.3222222222222222,50,0.005,6,11
0.15000000000000002,0.33333333333333337,0.34444444444444444,50,0.001,1,1
0.15000000000000002,0.33333333333333337,0.34444444444444444,50,0.0014444444444444444,2,3
0.15000000000000002,0.33333333333333337,0.34444444444444444,50,0.001888888888888889,3,3
0.15000000000000002,0.33333333333333337,0.34444444444444444,50,0.0023333333333333335,3,5
0.15000000000000002,0.33333333333333337,0.34444444444444444,50,0.002777777777777778,3,6
0.15000000000000002,0.33333333333333337,0.34444444444444444,50,0.0032222222222222222,4,6
0.15000000000000002,0.33333333333333337,0.34444444444444444,50,0.003666666666666667,5,9
0.15000000000000002,0.33333333333333337,0.34444444444444444,50,0.004111111111111111,5,9
0.15000000000000002,0.33333333333333337,0.34444444444444444,50,0.004555555555555556,6,11
0.15000000000000002,0.33333333333333337,0.34444444444444444,50,0.005,7,11
0.15000000000000002,0.33333333333333337,0.36666666666666664,50,0.001,2,2
0.15000000000000002,0.33333333333333337,0.36666666666666664,50,0.0014444444444444444,3,3
0.15000000000000002,0.33333333333333337,0.36666666666666664,50,0.001888888888888889,3,3
0.15000000000000002,0.33333333333333337,0.36666666666666664,50,0.0023333333333333335,3,5
0.15000000000000002,0.33333333333333337,0.36666666666666664,50,0.002777777777777778,4,6
0.15000000000000002,0.33333333333333337,0.36666666666666664,50,0.0032222222222222222,5,7
0.15000000000000002,0.33333333333333337,0.36666666666666664,50,0.003666666666666667,5,9
0.15000000000000002,0.33333333333333337,0.36666666666666664,50,0.004111111111111111,5,9
0.15000000000000002,0.33333333333333337,0.36666666666666664,50,0.004555555555555556,6,11
0.15000000000000002,0.33333333333333337,0.36666666666666664,50,0.005,7,11
0.15000000000000002,0.33333333333333337,0.3888888888888889,50,0.001,1,2
0.15000000000000002,0.33333333333333337,0.3888888888888889,50,0.0014444444444444444,3,3
0.15000000000000002,0.33333333333333337,0.3888888888888889,50,0.001888888888888889,3,4
0.15000000000000002,0.33333333333333337,0.3888888888888889,50,0.0023333333333333335,4,5
0.15000000000000002,0.33333333333333337,0.3888888888888889,50,0.002777777777777778,4,5
0.15000000000000002,0.33333333333333337,0.3888888888888889,50,0.0032222222222222222,4,8
0.15000000000000002,0.33333333333333337,0.3888888888888889,50,0.003666666666666667,6,8
0.15000000000000002,0.33333333333333337,0.3888888888888889,50,0.004111111111111111,6,10
0.15000000000000002,0.33333333333333337,0.3888888888888889,50,0.004555555555555556,8,11
0.15000000000000002,0.33333333333333337,0.3888888888888889,50,0.005,8,12
0.15000000000000002,0.33333333333333337,0.4111111111111111,50,0.001,3,2
0.15000000000000002,0.33333333333333337,0.4111111111111111,50,0.0014444444444444444,3,3
0.15000000000000002,0.33333333333333337,0.4111111111111111,50,0.001888888888888889,3,3
0.15000000000000002,0.33333333333333337,0.4111111111111111,50,0.0023333333333333335,3,5
0.15000000000000002,0.33333333333333337,0.4111111111111111,50,0.002777777777777778,4,7
0.15000000000000002,0.33333333333333337,0.4111111111111111,50,0.0032222222222222222,6,8
0.15000000000000002,0.33333333333333337,0.4111111111111111,50,0.003666666666666667,5,9
0.15000000000000002,0.33333333333333337,0.4111111111111111,50,0.004111111111111111,6,10
0.15000000000000002,0.33333333333333337,0.4111111111111111,50,0.004555555555555556,7,11
0.15000000000000002,0.33333333333333337,0.4111111111111111,50,0.005,8,14
0.15000000000000002,0.33333333333333337,0.43333333333333335,50,0.001,2,2
0.15000000000000002,0.33333333333333337,0.43333333333333335,50,0.0014444444444444444,3,3
0.15000000000000002,0.33333333333333337,0.43333333333333335,50,0.001888888888888889,3,4
0.15000000000000002,0.33333333333333337,0.43333333333333335,50,0.0023333333333333335,3,6
0.15000000000000002,0.33333333333333337,0.43333333333333335,50,0.002777777777777778,5,8
0.15000000000000002,0.33333333333333337,0.43333333333333335,50,0.0032222222222222222,5,8
0.15000000000000002,0.33333333333333337,0.43333333333333335,50,0.003666666666666667,6,10
0.15000000000000002,0.33333333333333337,0.43333333333333335,50,0.004111111111111111,6,11
0.15000000000000002,0.33333333333333337,0.43333333333333335,50,0.004555555555555556,6,12
0.15000000000000002,0.33333333333333337,0.43333333333333335,50,0.005,8,12
0.15000000000000002,0.33333333333333337,0.45555555555555555,50,0.001,3,3
0.15000000000000002,0.33333333333333337,0.45555555555555555,50,0.0014444444444444444,3,3
0.15000000000000002,0.33333333333333337,0.45555555555555555,50,0.001888888888888889,4,5
0.15000000000000002,0.33333333333333337,0.45555555555555555,50,0.0023333333333333335,4,6
0.15000000000000002,0.33333333333333337,0.45555555555555555,50,0.002777777777777778,5,7
0.15000000000000002,0.33333333333333337,0.45555555555555555,50,0.0032222222222222222,5,9
0.15000000000000002,0.33333333333333337,0.45555555555555555,50,0.003666666666666667,5,10
0.15000000000000002,0.33333333333333337,0.45555555555555555,50,0.004111111111111111,7,11
0.15000000000000002,0.33333333333333337,0.45555555555555555,50,0.004555555555555556,7,13
0.15000000000000002,0.33333333333333337,0.45555555555555555,50,0.005,9,14
0.15000000000000002,0.33333333333333337,0.47777777777777775,50,0.001,3,3
0.15000000000000002,0.33333333333333337,0.47777777777777775,50,0.0014444444444444444,3,3
0.15000000000000002,0.33333333333333337,0.47777777777777775,50,0.001888888888888889,4,5
0.15000000000000002,0.33333333333333337,0.47777777777777775,50,0.0023333333333333335,4,7
0.15000000000000002,0.33333333333333337,0.47777777777777775,50,0.002777777777777778,4,8
0.15000000000000002,0.33333333333333337,0.47777777777777775,50,0.0032222222222222222,5,9
0.15000000000000002,0.33333333333333337,0.47777777777777775,50,0.003666666666666667,6,10
0.15000000000000002,0.33333333333333337,0.47777777777777775,50,0.004111111111111111,7,12
0.15000000000000002,0.33333333333333337,0.47777777777777775,50,0.004555555555555556,7,13
0.15000000000000002,0.33333333333333337,0.47777777777777775,50,0.005,8,13
0.15000000000000002,0.33333333333333337,0.5,50,0.001,3,3
0.15000000000000002,0.33333333333333337,0.5,50,0.0014444444444444444,3,3
0.15000000000000002,0.33333333333333337,0.5,50,0.001888888888888889,4,5
0.15000000000000002,0.33333333333333337,0.5,50,0.0023333333333333335,4,6
0.15000000000000002,0.33333333333333337,0.5,50,0.002777777777777778,5,8
0.15000000000000002,0.33333333333333337,0.5,50,0.0032222222222222222,5,9
0.15000000000000002,0.33333333333333337,0.5,50,0.003666666666666667,7,11
0.15000000000000002,0.33333333333333337,0.5,50,0.004111111111111111,6,11
0.15000000000000002,0.33333333333333337,0.5,50,0.004555555555555556,7,13
0.15000000000000002,0.33333333333333337,0.5,50,0.005,8,15
0.15000000000000002,0.35555555555555557,0.3,50,0.001,0,1
0.15000000000000002,0.35555555555555557,0.3,50,0.0014444444444444444,1,2
0.15000000000000002,0.35555555555555557,0.3,50,0.001888888888888889,3,3
0.15000000000000002,0.35555555555555557,0.3,50,0.0023333333333333335,3,4
0.15000000000000002,0.35555555555555557,0.3,50,0.002777777777777778,3,5
0.15000000000000002,0.35555555555555557,0.3,50,0.0032222222222222222,4,7
0.15000000000000002,0.35555555555555557,0.3,50,0.003666666666666667,4,8
0.15000000000000002,0.35555555555555557,0.3,50,0.004111111111111111,5,8
0.15000000000000002,0.35555555555555557,0.3,50,0.004555555555555556,6,10
0.15000000000000002,0.35555555555555557,0.3,50,0.005,6,11
0.15000000000000002,0.35555555555555557,0.3222222222222222,50,0.001,0,1
0.15000000000000002,0.35555555555555557,0.3222222222222222,50,0.0014444444444444444,1,3
0.15000000000000002,0.35555555555555557,0.3222222222222222,50,0.001888888888888889,2,3
0.15000000000000002,0.35555555555555557,0.3222222222222222,50,0.0023333333333333335,3,4
0.15000000000000002,0.35555555555555557,0.3222222222222222,50,0.002777777777777778,3,6
0.15000000000000002,0.35555555555555557,0.3222222222222222,50,0.0032222222222222222,3,7
0.15000000000000002,0.35555555555555557,0.3222222222222222,50,0.003666666666666667,5,8
0.15000000000000002,0.35555555555555557,0.3222222222222222,50,0.004111111111111111,5,9
0.15000000000000002,0.35555555555555557,0.3222222222222222,50,0.004555555555555556,6,10
0.15000000000000002,0.35555555555555557,0.3222222222222222,50,0.005,7,10
0.15000000000000002,0.35555555555555557,0.34444444444444444,50,0.001,1,1
0.15000000000000002,0.35555555555555557,0.34444444444444444,50,0.0014444444444444444,2,3
0.15000000000000002,0.35555555555555557,0.34444444444444444,50,0.001888888888888889,3,4
0.15000000000000002,0.35555555555555557,0.34444444444444444,50,0.0023333333333333335,3,5
0.15000000000000002,0.35555555555555557,0.34444444444444444,50,0.002777777777777778,3,6
0.15000000000000002,0.35555555555555557,0.34444444444444444,50,0.0032222222222222222,4,7
0.15000000000000002,0.35555555555555557,0.34444444444444444,50,0.003666666666666667,5,9
0.15000000000000002,0.35555555555555557,0.34444444444444444,50,0.004111111111111111,6,9
0.15000000000000002,0.35555555555555557,0.34444444444444444,50,0.004555555555555556,6,11
0.15000000000000002,0.35555555555555557,0.34444444444444444,50,0.005,7,11
0.15000000000000002,0.35555555555555557,0.36666666666666664,50,0.001,1,2
0.15000000000000002,0.35555555555555557,0.36666666666666664,50,0.0014444444444444444,3,3
0.15000000000000002,0.35555555555555557,0.36666666666666664,50,0.001888888888888889,3,3
0.15000000000000002,0.35555555555555557,0.36666666666666664,50,0.0023333333333333335,3,5
0.15000000000000002,0.35555555555555557,0.36666666666666664,50,0.002777777777777778,4,6
0.15000000000000002,0.35555555555555557,0.36666666666666664,50,0.0032222222222222222,4,8
0.15000000000000002,0.35555555555555557,0.36666666666666664,50,0.003666666666666667,5,9
0.15000000000000002,0.35555555555555557,0.36666666666666664,50,0.004111111111111111,7,10
0.15000000000000002,0.35555555555555557,0.36666666666666664,50,0.004555555555555556,8,12
0.15000000000000002,0.35555555555555557,0.36666666666666664,50,0.005,7,12
0.15000000000000002,0.35555555555555557,0.3888888888888889,50,0.001,2,2
0.15000000000000002,0.35555555555555557,0.3888888888888889,50,0.0014444444444444444,3,3
0.15000000000000002,0.35555555555555557,0.3888888888888889,50,0.001888888888888889,3,4
0.15000000000000002,0.35555555555555557,0.3888888888888889,50,0.0023333333333333335,4,5
0.15000000000000002,0.35555555555555557,0.3888888888888889,50,0.002777777777777778,5,7
0.15000000000000002,0.35555555555555557,0.3888888888888889,50,0.0032222222222222222,5,8
0.15000000000000002,0.35555555555555557,0.3888888888888889,50,0.003666666666666667,5,10
0.15000000000000002,0.35555555555555557,0.3888888888888889,50,0.004111111111111111,6,10
0.15000000000000002,0.35555555555555557,0.3888888888888889,50,0.004555555555555556,7,12
0.15000000000000002,0.35555555555555557,0.3888888888888889,50,0.005,8,14
0.15000000000000002,0.35555555555555557,0.4111111111111111,50,0.001,3,3
0.15000000000000002,0.35555555555555557,0.4111111111111111,50,0.0014444444444444444,3,3
0.15000000000000002,0.35555555555555557,0.4111111111111111,50,0.001888888888888889,3,5
0.15000000000000002,0.35555555555555557,0.4111111111111111,50,0.0023333333333333335,4,6
0.15000000000000002,0.35555555555555557,0.4111111111111111,50,0.002777777777777778,5,8
0.15000000000000002,0.35555555555555557,0.4111111111111111,50,0.0032222222222222222,5,8
0.15000000000000002,0.35555555555555557,0.4111111111111111,50,0.003666666666666667,6,10
0.15000000000000002,0.35555555555555557,0.4111111111111111,50,0.004111111111111111,6,11
0.15000000000000002,0.35555555555555557,0.4111111111111111,50,0.004555555555555556,8,12
0.15000000000000002,0.35555555555555557,0.4111111111111111,50,0.005,8,14
0.15000000000000002,0.35555555555555557,0.43333333333333335,50,0.001,3,3
0.15000000000000002,0.35555555555555557,0.43333333333333335,50,0.0014444444444444444,3,3
0.15000000000000002,0.35555555555555557,0.43333333333333335,50,0.001888888888888889,3,5
0.15000000000000002,0.35555555555555557,0.43333333333333335,50,0.0023333333333333335,5,5
0.15000000000000002,0.35555555555555557,0.43333333333333335,50,0.002777777777777778,5,8
0.15000000000000002,0.35555555555555557,0.43333333333333335,50,0.0032222222222222222,6,9
0.15000000000000002,0.35555555555555557,0.43333333333333335,50,0.003666666666666667,6,11
0.15000000000000002,0.35555555555555557,0.43333333333333335,50,0.004111111111111111,6,12
0.15000000000000002,0.35555555555555557,0.43333333333333335,50,0.004555555555555556,9,13
0.15000000000000002,0.35555555555555557,0.43333333333333335,50,0.005,9,14
0.15000000000000002,0.35555555555555557,0.45555555555555555,50,0.001,3,3
0.15000000000000002,0.35555555555555557,0.45555555555555555,50,0.0014444444444444444,3,3
0.15000000000000002,0.35555555555555557,0.45555555555555555,50,0.001888888888888889,4,4
0.15000000000000002,0.35555555555555557,0.45555555555555555,50,0.0023333333333333335,4,6
0.15000000000000002,0.35555555555555557,0.45555555555555555,50,0.002777777777777778,5,8
0.15000000000000002,0.35555555555555557,0.45555555555555555,50,0.0032222222222222222,5,9
0.15000000000000002,0.35555555555555557,0.45555555555555555,50,0.003666666666666667,7,11
0.15000000000000002,0.35555555555555557,0.45555555555555555,50,0.004111111111111111,7,12
0.15000000000000002,0.35555555555555557,0.45555555555555555,50,0.004555555555555556,8,13
0.15000000000000002,0.35555555555555557,0.45555555555555555,50,0.005,9,14
0.15000000000000002,0.35555555555555557,0.47777777777777775,50,0.001,3,3
0.15000000000000002,0.35555555555555557,0.47777777777777775,50,0.0014444444444444444,3,3
0.15000000000000002,0.35555555555555557,0.47777777777777775,50,0.001888888888888889,4,5
0.15000000000000002,0.35555555555555557,0.47777777777777775,50,0.0023333333333333335,5,7
0.15000000000000002,0.35555555555555557,0.47777777777777775,50,0.002777777777777778,5,8
0.15000000000000002,0.35555555555555557,0.47777777777777775,50,0.0032222222222222222,6,10
0.15000000000000002,0.35555555555555557,0.47777777777777775,50,0.003666666666666667,7,11
0.15000000000000002,0.35555555555555557,0.47777777777777775,50,0.004111111111111111,7,12
0.15000000000000002,0.35555555555555557,0.47777777777777775,50,0.004555555555555556,8,14
0.15000000000000002,0.35555555555555557,0.47777777777777775,50,0.005,8,14
0.15000000000000002,0.35555555555555557,0.5,50,0.001,3,3
0.15000000000000002,0.35555555555555557,0.5,50,0.0014444444444444444,3,3
0.15000000000000002,0.35555555555555557,0.5,50,0.001888888888888889,5,6
0.15000000000000002,0.35555555555555557,0.5,50,0.0023333333333333335,4,7
0.15000000000000002,0.35555555555555557,0.5,50,0.002777777777777778,5,8
0.15000000000000002,0.35555555555555557,0.5,50,0.0032222222222222222,6,10
0.15000000000000002,0.35555555555555557,0.5,50,0.003666666666666667,8,11
0.15000000000000002,0.35555555555555557,0.5,50,0.004111111111111111,7,12
0.15000000000000002,0.35555555555555557,0.5,50,0.004555555555555556,8,13
0.15000000000000002,0.35555555555555557,0.5,50,0.005,8,15
0.15000000000000002,0.37777777777777777,0.3,50,0.001,0,1
0.15000000000000002,0.37777777777777777,0.3,50,0.0014444444444444444,1,2
0.15000000000000002,0.37777777777777777,0.3,50,0.001888888888888889,2,3
0.15000000000000002,0.37777777777777777,0.3,50,0.0023333333333333335,3,5
0.15000000000000002,0.37777777777777777,0.3,50,0.002777777777777778,4,6
0.15000000000000002,0.37777777777777777,0.3,50,0.0032222222222222222,4,7
0.15000000000000002,0.37777777777777777,0.3,50,0.003666666666666667,5,8
0.15000000000000002,0.37777777777777777,0.3,50,0.004111111111111111,4,9
0.15000000000000002,0.37777777777777777,0.3,50,0.004555555555555556,6,9
0.15000000000000002,0.37777777777777777,0.3,50,0.005,7,11
0.15000000000000002,0.37777777777777777,0.3222222222222222,50,0.001,1,1
0.15000000000000002,0.37777777777777777,0.3222222222222222,50,0.0014444444444444444,1,3
0.15000000000000002,0.37777777777777777,0.3222222222222222,50,0.001888888888888889,3,4
0.15000000000000002,0.37777777777777777,0.3222222222222222,50,0.0023333333333333335,3,4
0.15000000000000002,0.37777777777777777,0.3222222222222222,50,0.002777777777777778,3,6
0.15000000000000002,0.37777777777777777,0.3222222222222222,50,0.0032222222222222222,4,8
0.15000000000000002,0.37777777777777777,0.3222222222222222,50,0.003666666666666667,5,9
0.15000000000000002,0.37777777777777777,0.3222222222222222,50,0.004111111111111111,6,10
0.15000000000000002,0.37777777777777777,0.3222222222222222,50,0.004555555555555556,6,11
0.15000000000000002,0.37777777777777777,0.3222222222222222,50,0.005,6,12
0.15000000000000002,0.37777777777777777,0.34444444444444444,50,0.001,1,2
0.15000000000000002,0.37777777777777777,0.34444444444444444,50,0.0014444444444444444,2,3
0.15000000000000002,0.37777777777777777,0.34444444444444444,50,0.001888888888888889,3,4
0.15000000000000002,0.37777777777777777,0.34444444444444444,50,0.0023333333333333335,3,5
0.15000000000000002,0.37777777777777777,0.34444444444444444,50,0.002777777777777778,4,7
0.15000000000000002,0.37777777777777777,0.34444444444444444,50,0.0032222222222222222,5,8
0.15000000000000002,0.37777777777777777,0.34444444444444444,50,0.003666666666666667,6,8
0.15000000000000002,0.37777777777777777,0.34444444444444444,50,0.004111111111111111,5,11
0.15000000000000002,0.37777777777777777,0.34444444444444444,50,0.004555555555555556,7,11
0.15000000000000002,0.37777777777777777,0.34444444444444444,50,0.005,8,12
0.15000000000000002,0.37777777777777777,0.36666666666666664,50,0.001,1,2
0.15000000000000002,0.37777777777777777,0.36666666666666664,50,0.0014444444444444444,3,3
0.15000000000000002,0.37777777777777777,0.36666666666666664,50,0.001888888888888889,3,4
0.15000000000000002,0.37777777777777777,0.36666666666666664,50,0.0023333333333333335,4,6
0.15000000000000002,0.37777777777777777,0.36666666666666664,50,0.002777777777777778,5,7
0.15000000000000002,0.37777777777777777,0.36666666666666664,50,0.0032222222222222222,5,8
0.15000000000000002,0.37777777777777777,0.36666666666666664,50,0.003666666666666667,6,10
0.15000000000000002,0.37777777777777777,0.36666666666666664,50,0.004111111111111111,7,11
0.15000000000000002,0.37777777777777777,0.36666666666666664,50,0.004555555555555556,8,12
0.15000000000000002,0.37777777777777777,0.36666666666666664,50,0.005,7,14
0.15000000000000002,0.37777777777777777,0.3888888888888889,50,0.001,3,3
0.15000000000000002,0.37777777777777777,0.3888888888888889,50,0.0014444444444444444,3,3
0.15000000000000002,0.37777777777777777,0.3888888888888889,50,0.001888888888888889,3,4
0.15000000000000002,0.37777777777777777,0.3888888888888889,50,0.0023333333333333335,4,5
0.15000000000000002,0.37777777777777777,0.3888888888888889,50,0.002777777777777778,5,7
0.15000000000000002,0.37777777777777777,0.3888888888888889,50,0.0032222222222222222,5,9
0.15000000000000002,0.37777777777777777,0.3888888888888889,50,0.003666666666666667,7,10
0.15000000000000002,0.37777777777777777,0.3888888888888889,50,0.004111111111111111,7,11
0.15000000000000002,0.37777777777777777,0.3888888888888889,50,0.004555555555555556,8,12
0.15000000000000002,0.37777777777777777,0.3888888888888889,50,0.005,8,14
0.15000000000000002,0.37777777777777777,0.4111111111111111,50,0.001,3,3
0.15000000000000002,0.37777777777777777,0.4111111111111111,50,0.0014444444444444444,3,3
0.15000000000000002,0.37777777777777777,0.4111111111111111,50,0.001888888888888889,3,5
0.15000000000000002,0.37777777777777777,0.4111111111111111,50,0.0023333333333333335,4,7
0.15000000000000002,0.37777777777777777,0.4111111111111111,50,0.002777777777777778,5,7
0.15000000000000002,0.37777777777777777,0.4111111111111111,50,0.0032222222222222222,5,10
0.15000000000000002,0.37777777777777777,0.4111111111111111,50,0.003666666666666667,7,10
0.15000000000000002,0.37777777777777777,0.4111111111111111,50,0.004111111111111111,7,12
0.15000000000000002,0.37777777777777777,0.4111111111111111,50,0.004555555555555556,8,13
0.15000000000000002,0.37777777777777777,0.4111111111111111,50,0.005,9,14
0.15000000000000002,0.37777777777777777,0.43333333333333335,50,0.001,3,3
0.15000000000000002,0.37777777777777777,0.43333333333333335,50,0.0014444444444444444,3,3
0.15000000000000002,0.37777777777777777,0.43333333333333335,50,0.001888888888888889,5,5
0.15000000000000002,0.37777777777777777,0.43333333333333335,50,0.0023333333333333335,5,7
0.15000000000000002,0.37777777777777777,0.43333333333333335,50,0.002777777777777778,5,8
0.15000000000000002,0.37777777777777777,0.43333333333333335,50,0.0032222222222222222,6,10
0.15000000000000002,0.37777777777777777,0.43333333333333335,50,0.003666666666666667,6,11
0.15000000000000002,0.37777777777777777,0.43333333333333335,50,0.004111111111111111,8,13
0.15000000000000002,0.37777777777777777,0.43333333333333335,50,0.004555555555555556,9,13
0.15000000000000002,0.37777777777777777,0.43333333333333335,50,0.005,9,15
0.15000000000000002,0.37777777777777777,0.45555555555555555,50,0.001,3,3
0.15000000000000002,0.37777777777777777,0.45555555555555555,50,0.0014444444444444444,3,3
0.15000000000000002,0.37777777777777777,0.45555555555555555,50,0.001888888888888889,4,5
0.15000000000000002,0.37777777777777777,0.45555555555555555,50,0.0023333333333333335,5,7
0.15000000000000002,0.37777777777777777,0.45555555555555555,50,0.002777777777777778,5,9
0.15000000000000002,0.37777777777777777,0.45555555555555555,50,0.0032222222222222222,6,10
0.15000000000000002,0.37777777777777777,0.45555555555555555,50,0.003666666666666667,6,12
0.15000000000000002,0.37777777777777777,0.45555555555555555,50,0.004111111111111111,7,12
0.15000000000000002,0.37777777777777777,0.45555555555555555,50,0.004555555555555556,8,14
0.15000000000000002,0.37777777777777777,0.45555555555555555,50,0.005,10,16
0.15000000000000002,0.37777777777777777,0.47777777777777775,50,0.001,3,3
0.15000000000000002,0.37777777777777777,0.47777777777777775,50,0.0014444444444444444,3,3
0.15000000000000002,0.37777777777777777,0.47777777777777775,50,0.001888888888888889,4,4
0.15000000000000002,0.37777777777777777,0.47777777777777775,50,0.0023333333333333335,5,6
0.15000000000000002,0.37777777777777777,0.47777777777777775,50,0.002777777777777778,6,9
0.15000000000000002,0.37777777777777777,0.47777777777777775,50,0.0032222222222222222,6,10
0.15000000000000002,0.37777777777777777,0.47777777777777775,50,0.003666666666666667,8,12
0.15000000000000002,0.37777777777777777,0.47777777777777775,50,0.004111111111111111,7,12
0.15000000000000002,0.37777777777777777,0.47777777777777775,50,0.004555555555555556,9,15
0.15000000000000002,0.37777777777777777,0.47777777777777775,50,0.005,10,15
0.15000000000000002,0.37777777777777777,0.5,50,0.001,3,3
0.15000000000000002,0.37777777777777777,0.5,50,0.0014444444444444444,3,3
0.15000000000000002,0.37777777777777777,0.5,50,0.001888888888888889,5,5
0.15000000000000002,0.37777777777777777,0.5,50,0.0023333333333333335,5,7
0.15000000000000002,0.37777777777777777,0.5,50,0.002777777777777778,6,8
0.15000000000000002,0.37777777777777777,0.5,50,0.0032222222222222222,7,10
0.15000000000000002,0.37777777777777777,0.5,50,0.003666666666666667,8,11
0.15000000000000002,0.37777777777777777,0.5,50,0.004111111111111111,8,13
0.15000000000000002,0.37777777777777777,0.5,50,0.004555555555555556,9,15
0.15000000000000002,0.37777777777777777,0.5,50,0.005,10,15
0.15000000000000002,0.4,0.3,50,0.001,0,0
0.15000000000000002,0.4,0.3,50,0.0014444444444444444,1,1
0.15000000000000002,0.4,0.3,50,0.001888888888888889,3,4
0.15000000000000002,0.4,0.3,50,0.0023333333333333335,3,4
0.15000000000000002,0.4,0.3,50,0.002777777777777778,3,6
0.15000000000000002,0.4,0.3,50,0.0032222222222222222,4,7
0.15000000000000002,0.4,0.3,50,0.003666666666666667,5,8
0.15000000000000002,0.4,0.3,50,0.004111111111111111,5,10
0.15000000000000002,0.4,0.3,50,0.004555555555555556,5,11
0.15000000000000002,0.4,0.3,50,0.005,6,12
0.15000000000000002,0.4,0.3222222222222222,50,0.001,0,1
0.15000000000000002,0.4,0.3222222222222222,50,0.0014444444444444444,2,3
0.15000000000000002,0.4,0.3222222222222222,50,0.001888888888888889,3,3
0.15000000000000002,0.4,0.3222222222222222,50,0.0023333333333333335,4,5
0.15000000000000002,0.4,0.3222222222222222,50,0.002777777777777778,4,7
0.15000000000000002,0.4,0.3222222222222222,50,0.0032222222222222222,4,8
0.15000000000000002,0.4,0.3222222222222222,50,0.003666666666666667,5,9
0.15000000000000002,0.4,0.3222222222222222,50,0.004111111111111111,6,11
0.15000000000000002,0.4,0.3222222222222222,50,0.004555555555555556,7,13
0.15000000000000002,0.4,0.3222222222222222,50,0.005,7,13
0.15000000000000002,0.4,0.34444444444444444,50,0.001,1,1
0.15000000000000002,0.4,0.34444444444444444,50,0.0014444444444444444,3,3
0.15000000000000002,0.4,0.34444444444444444,50,0.001888888888888889,3,4
0.15000000000000002,0.4,0.34444444444444444,50,0.0023333333333333335,4,6
0.15000000000000002,0.4,0.34444444444444444,50,0.002777777777777778,5,7
0.15000000000000002,0.4,0.34444444444444444,50,0.0032222222222222222,5,9
0.15000000000000002,0.4,0.34444444444444444,50,0.003666666666666667,6,10
0.15000000000000002,0.4,0.34444444444444444,50,0.004111111111111111,6,11
0.15000000000000002,0.4,0.34444444444444444,50,0.004555555555555556,7,12
0.15000000000000002,0.4,0.34444444444444444,50,0.005,8,13
0.15000000000000002,0.4,0.36666666666666664,50,0.001,1,2
0.15000000000000002,0.4,0.36666666666666664,50,0.0014444444444444444,3,3
0.15000000000000002,0.4,0.36666666666666664,50,0.001888888888888889,3,4
0.15000000000000002,0.4,0.36666666666666664,50,0.0023333333333333335,4,7
0.15000000000000002,0.4,0.36666666666666664,50,0.002777777777777778,5,8
0.15000000000000002,0.4,0.36666666666666664,50,0.0032222222222222222,5,9
0.15000000000000002,0.4,0.36666666666666664,50,0.003666666666666667,6,11
0.15000000000000002,0.4,0.36666666666666664,50,0.004111111111111111,7,11
0.15000000000000002,0.4,0.36666666666666664,50,0.004555555555555556,7,13
0.15000000000000002,0.4,0.36666666666666664,50,0.005,9,14
0.15000000000000002,0.4,0.3888888888888889,50,0.001,2,3
0.15000000000000002,0.4,0.3888888888888889,50,0.0014444444444444444,3,3
0.15000000000000002,0.4,0.3888888888888889,50,0.001888888888888889,4,5
0.15000000000000002,0.4,0.3888888888888889,50,0.0023333333333333335,5,7
0.15000000000000002,0.4,0.3888888888888889,50,0.002777777777777778,5,8
0.15000000000000002,0.4,0.3888888888888889,50,0.0032222222222222222,5,9
0.15000000000000002,0.4,0.3888888888888889,50,0.003666666666666667,6,11
0.15000000000000002,0.4,0.3888888888888889,50,0.004111111111111111,7,13
0.15000000000000002,0.4,0.3888888888888889,50,0.004555555555555556,8,13
0.15000000000000002,0.4,0.3888888888888889,50,0.005,8,16
0.15000000000000002,0.4,0.4111111111111111,50,0.001,3,3
0.15000000000000002,0.4,0.4111111111111111,50,0.0014444444444444444,3,3
0.15000000000000002,0.4,0.4111111111111111,50,0.001888888888888889,4,5
0.15000000000000002,0.4,0.4111111111111111,50,0.0023333333333333335,5,7
0.15000000000000002,0.4,0.4111111111111111,50,0.002777777777777778,5,8
0.15000000000000002,0.4,0.4111111111111111,50,0.0032222222222222222,6,9
0.15000000000000002,0.4,0.4111111111111111,50,0.003666666666666667,7,11
0.15000000000000002,0.4,0.4111111111111111,50,0.004111111111111111,8,12
0.15000000000000002,0.4,0.4111111111111111,50,0.004555555555555556,8,15
0.15000000000000002,0.4,0.4111111111111111,50,0.005,9,16
0.15000000000000002,0.4,0.43333333333333335,50,0.001,3,3
0.15000000000000002,0.4,0.43333333333333335,50,0.0014444444444444444,3,3
0.15000000000000002,0.4,0.43333333333333335,50,0.001888888888888889,5,5
0.15000000000000002,0.4,0.43333333333333335,50,0.0023333333333333335,5,8
0.15000000000000002,0.4,0.43333333333333335,50,0.002777777777777778,5,9
0.15000000000000002,0.4,0.43333333333333335,50,0.0032222222222222222,6,10
0.15000000000000002,0.4,0.43333333333333335,50,0.003666666666666667,7,13
0.15000000000000002,0.4,0.43333333333333335,50,0.004111111111111111,8,13
0.15000000000000002,0.4,0.43333333333333335,50,0.004555555555555556,8,14
0.15000000000000002,0.4,0.43333333333333335,50,0.005,11,17
0.15000000000000002,0.4,0.45555555555555555,50,0.001,3,3
0.15000000000000002,0.4,0.45555555555555555,50,0.0014444444444444444,3,3
0.15000000000000002,0.4,0.45555555555555555,50,0.001888888888888889,5,4
0.15000000000000002,0.4,0.45555555555555555,50,0.0023333333333333335,5,6
0.15000000000000002,0.4,0.45555555555555555,50,0.002777777777777778,6,9
0.15000000000000002,0.4,0.45555555555555555,50,0.0032222222222222222,7,11
0.15000000000000002,0.4,0.45555555555555555,50,0.003666666666666667,7,13
0.15000000000000002,0.4,0.45555555555555555,50,0.004111111111111111,8,13
0.15000000000000002,0.4,0.45555555555555555,50,0.004555555555555556,10,15
0.15000000000000002,0.4,0.45555555555555555,50,0.005,10,15
0.15000000000000002,0.4,0.47777777777777775,50,0.001,3,3
0.15000000000000002,0.4,0.47777777777777775,50,0.0014444444444444444,4,3
0.15000000000000002,0.4,0.47777777777777775,50,0.001888888888888889,5,6
0.15000000000000002,0.4,0.47777777777777775,50,0.0023333333333333335,5,7
0.15000000000000002,0.4,0.47777777777777775,50,0.002777777777777778,6,10
0.15000000000000002,0.4,0.47777777777777775,50,0.0032222222222222222,7,11
0.15000000000000002,0.4,0.47777777777777775,50,0.003666666666666667,8,13
0.15000000000000002,0.4,0.47777777777777775,50,0.004111111111111111,8,14
0.15000000000000002,0.4,0.47777777777777775,50,0.004555555555555556,9,16
0.15000000000000002,0.4,0.47777777777777775,50,0.005,10,17
0.15000000000000002,0.4,0.5,50,0.001,3,3
0.15000000000000002,0.4,0.5,50,0.0014444444444444444,4,3
0.15000000000000002,0.4,0.5,50,0.001888888888888889,5,5
0.15000000000000002,0.4,0.5,50,0.0023333333333333335,5,7
0.15000000000000002,0.4,0.5,50,0.002777777777777778,6,8
0.15000000000000002,0.4,0.5,50,0.0032222222222222222,7,11
0.15000000000000002,0.4,0.5,50,0.003666666666666667,8,14
0.15000000000000002,0.4,0.5,50,0.004111111111111111,9,14
0.15000000000000002,0.4,0.5,50,0.004555555555555556,9,16
0.15000000000000002,0.4,0.5,50,0.005,10,17
0.16666666666666669,0.2,0.3,50,0.001,1,1
0.16666666666666669,0.2,0.3,50,0.0014444444444444444,1,1
0.16666666666666669,0.2,0.3,50,0.001888888888888889,1,1
0.16666666666666669,0.2,0.3,50,0.0023333333333333335,1,1
0.16666666666666669,0.2,0.3,50,0.002777777777777778,2,3
0.16666666666666669,0.2,0.3,50,0.0032222222222222222,2,3
0.16666666666666669,0.2,0.3,50,0.003666666666666667,3,4
0.16666666666666669,0.2,0.3,50,0.004111111111111111,3,4
0.16666666666666669,0.2,0.3,50,0.004555555555555556,3,5
0.16666666666666669,0.2,0.3,50,0.005,4,6
0.16666666666666669,0.2,0.3222222222222222,50,0.001,1,1
0.16666666666666669,0.2,0.3222222222222222,50,0.0014444444444444444,1,1
0.16666666666666669,0.2,0.3222222222222222,50,0.001888888888888889,1,1
0.16666666666666669,0.2,0.3222222222222222,50,0.0023333333333333335,1,2
0.16666666666666669,0.2,0.3222222222222222,50,0.002777777777777778,2,3
0.16666666666666669,0.2,0.3222222222222222,50,0.0032222222222222222,3,3
0.16666666666666669,0.2,0.3222222222222222,50,0.003666666666666667,2,5
0.16666666666666669,0.2,0.3222222222222222,50,0.004111111111111111,3,5
0.16666666666666669,0.2,0.3222222222222222,50,0.004555555555555556,3,5
0.16666666666666669,0.2,0.3222222222222222,50,0.005,3,6
0.16666666666666669,0.2,0.34444444444444444,50,0.001,1,1
0.16666666666666669,0.2,0.34444444444444444,50,0.0014444444444444444,1,1
0.16666666666666669,0.2,0.34444444444444444,50,0.001888888888888889,1,1
0.16666666666666669,0.2,0.34444444444444444,50,0.0023333333333333335,1,2
0.16666666666666669,0.2,0.34444444444444444,50,0.002777777777777778,3,3
0.16666666666666669,0.2,0.34444444444444444,50,0.0032222222222222222,3,4
0.16666666666666669,0.2,0.34444444444444444,50,0.003666666666666667,3,5
0.16666666666666669,0.2,0.34444444444444444,50,0.004111111111111111,3,5
0.16666666666666669,0.2,0.34444444444444444,50,0.004555555555555556,4,5
0.16666666666666669,0.2,0.34444444444444444,50,0.005,4,6
0.16666666666666669,0.2,0.36666666666666664,50,0.001,1,1
0.16666666666666669,0.2,0.36666666666666664,50,0.0014444444444444444,1,1
0.16666666666666669,0.2,0.36666666666666664,50,0.001888888888888889,1,1
0.16666666666666669,0.2,0.36666666666666664,50,0.0023333333333333335,2,2
0.16666666666666669,0.2,0.36666666666666664,50,0.002777777777777778,3,3
0.16666666666666669,0.2,0.36666666666666664,50,0.0032222222222222222,3,4
0.16666666666666669,0.2,0.36666666666666664,50,0.003666666666666667,3,5
0.16666666666666669,0.2,0.36666666666666664,50,0.004111111111111111,3,5
0.16666666666666669,0.2,0.36666666666666664,50,0.004555555555555556,4,6
0.16666666666666669,0.2,0.36666666666666664,50,0.005,4,7
0.16666666666666669,0.2,0.3888888888888889,50,0.001,1,1
0.16666666666666669,0.2,0.3888888888888889,50,0.0014444444444444444,1,1
0.16666666666666669,0.2,0.3888888888888889,50,0.001888888888888889,3,2
0.16666666666666669,0.2,0.3888888888888889,50,0.0023333333333333335,3,2
0.16666666666666669,0.2,0.3888888888888889,50,0.002777777777777778,3,4
0.16666666666666669,0.2,0.3888888888888889,50,0.0032222222222222222,3,4
0.16666666666666669,0.2,0.3888888888888889,50,0.003666666666666667,3,5
0.16666666666666669,0.2,0.3888888888888889,50,0.004111111111111111,3,5
0.16666666666666669,0.2,0.3888888888888889,50,0.004555555555555556,4,6
0.16666666666666669,0.2,0.3888888888888889,50,0.005,5,7
0.16666666666666669,0.2,0.4111111111111111,50,0.001,1,1
0.16666666666666669,0.2,0.4111111111111111,50,0.0014444444444444444,2,1
0.16666666666666669,0.2,0.4111111111111111,50,0.001888888888888889,3,2
0.16666666666666669,0.2,0.4111111111111111,50,0.0023333333333333335,3,3
0.16666666666666669,0.2,0.4111111111111111,50,0.002777777777777778,3,5
0.16666666666666669,0.2,0.4111111111111111,50,0.0032222222222222222,3,5
0.16666666666666669,0.2,0.4111111111111111,50,0.003666666666666667,3,6
0.16666666666666669,0.2,0.4111111111111111,50,0.004111111111111111,3,6
0.16666666666666669,0.2,0.4111111111111111,50,0.004555555555555556,4,7
0.16666666666666669,0.2,0.4111111111111111,50,0.005,4,7
0.16666666666666669,0.2,0.43333333333333335,50,0.001,1,1
0.16666666666666669,0.2,0.43333333333333335,50,0.0014444444444444444,2,2
0.16666666666666669,0.2,0.43333333333333335,50,0.001888888888888889,3,2
0.16666666666666669,0.2,0.43333333333333335,50,0.0023333333333333335,3,3
0.16666666666666669,0.2,0.43333333333333335,50,0.002777777777777778,3,4
0.16666666666666669,0.2,0.43333333333333335,50,0.0032222222222222222,3,5
0.16666666666666669,0.2,0.43333333333333335,50,0.003666666666666667,3,6
0.16666666666666669,0.2,0.43333333333333335,50,0.004111111111111111,4,6
0.16666666666666669,0.2,0.43333333333333335,50,0.004555555555555556,5,7
0.16666666666666669,0.2,0.43333333333333335,50,0.005,5,8
0.16666666666666669,0.2,0.45555555555555555,50,0.001,2,2
0.16666666666666669,0.2,0.45555555555555555,50,0.0014444444444444444,3,2
0.16666666666666669,0.2,0.45555555555555555,50,0.001888888888888889,3,3
0.16666666666666669,0.2,0.45555555555555555,50,0.0023333333333333335,3,3
0.16666666666666669,0.2,0.45555555555555555,50,0.002777777777777778,3,4
0.16666666666666669,0.2,0.45555555555555555,50,0.0032222222222222222,3,5
0.16666666666666669,0.2,0.45555555555555555,50,0.003666666666666667,3,6
0.16666666666666669,0.2,0.45555555555555555,50,0.004111111111111111,3,7
0.16666666666666669,0.2,0.45555555555555555,50,0.004555555555555556,4,7
0.16666666666666669,0.2,0.45555555555555555,50,0.005,5,9
0.16666666666666669,0.2,0.47777777777777775,50,0.001,2,2
0.16666666666666669,0.2,0.47777777777777775,50,0.0014444444444444444,3,2
0.16666666666666669,0.2,0.47777777777777775,50,0.001888888888888889,3,3
0.16666666666666669,0.2,0.47777777777777775,50,0.0023333333333333335,3,4
0.16666666666666669,0.2,0.47777777777777775,50,0.002777777777777778,3,5
0.16666666666666669,0.2,0.47777777777777775,50,0.0032222222222222222,3,5
0.16666666666666669,0.2,0.47777777777777775,50,0.003666666666666667,3,6
0.16666666666666669,0.2,0.47777777777777775,50,0.004111111111111111,4,7
0.16666666666666669,0.2,0.47777777777777775,50,0.004555555555555556,5,7
0.16666666666666669,0.2,0.47777777777777775,50,0.005,5,8
0.16666666666666669,0.2,0.5,50,0.001,2,3
0.16666666666666669,0.2,0.5,50,0.0014444444444444444,3,3
0.16666666666666669,0.2,0.5,50,0.001888888888888889,3,3
0.16666666666666669,0.2,0.5,50,0.0023333333333333335,3,4
0.16666666666666669,0.2,0.5,50,0.002777777777777778,3,4
0.16666666666666669,0.2,0.5,50,0.0032222222222222222,3,5
0.16666666666666669,0.2,0.5,50,0.003666666666666667,3,6
0.16666666666666669,0.2,0.5,50,0.004111111111111111,4,6
0.16666666666666669,0.2,0.5,50,0.004555555555555556,5,7
0.16666666666666669,0.2,0.5,50,0.005,5,7
0.16666666666666669,0.22222222222222224,0.3,50,0.001,1,1
0.16666666666666669,0.22222222222222224,0.3,50,0.0014444444444444444,1,1
0.16666666666666669,0.22222222222222224,0.3,50,0.001888888888888889,1,1
0.16666666666666669,0.22222222222222224,0.3,50,0.0023333333333333335,1,2
0.16666666666666669,0.22222222222222224,0.3,50,0.002777777777777778,3,3
0.16666666666666669,0.22222222222222224,0.3,50,0.0032222222222222222,2,5
0.16666666666666669,0.22222222222222224,0.3,50,0.003666666666666667,3,5
0.16666666666666669,0.22222222222222224,0.3,50,0.004111111111111111,3,5
0.16666666666666669,0.22222222222222224,0.3,50,0.004555555555555556,3,6
0.16666666666666669,0.22222222222222224,0.3,50,0.005,4,6
0.16666666666666669,0.22222222222222224,0.3222222222222222,50,0.001,1,1
0.16666666666666669,0.22222222222222224,0.3222222222222222,50,0.0014444444444444444,1,1
0.16666666666666669,0.22222222222222224,0.3222222222222222,50,0.001888888888888889,1,1
0.16666666666666669,0.22222222222222224,0.3222222222222222,50,0.0023333333333333335,2,3
0.16666666666666669,0.22222222222222224,0.3222222222222222,50,0.002777777777777778,3,4
0.16666666666666669,0.22222222222222224,0.3222222222222222,50,0.0032222222222222222,3,4
0.16666666666666669,0.22222222222222224,0.3222222222222222,50,0.003666666666666667,3,5
0.16666666666666669,0.22222222222222224,0.3222222222222222,50,0.004111111111111111,3,6
0.16666666666666669,0.22222222222222224,0.3222222222222222,50,0.004555555555555556,3,6
0.16666666666666669,0.22222222222222224,0.3222222222222222,50,0.005,4,7
0.16666666666666669,0.22222222222222224,0.34444444444444444,50,0.001,1,1
0.16666666666666669,0.22222222222222224,0.34444444444444444,50,0.0014444444444444444,1,1
0.16666666666666669,0.22222222222222224,0.34444444444444444,50,0.001888888888888889,3,2
0.16666666666666669,0.22222222222222224,0.34444444444444444,50,0.0023333333333333335,2,2
0.16666666666666669,0.22222222222222224,0.34444444444444444,50,0.002777777777777778,3,3
0.16666666666666669,0.22222222222222224,0.34444444444444444,50,0.0032222222222222222,3,4
0.16666666666666669,0.22222222222222224,0.34444444444444444,50,0.003666666666666667,3,6
0.16666666666666669,0.22222222222222224,0.34444444444444444,50,0.004111111111111111,3,5
0.16666666666666669,0.22222222222222224,0.34444444444444444,50,0.004555555555555556,3,7
0.16666666666666669,0.22222222222222224,0.34444444444444444,50,0.005,4,8
0.16666666666666669,0.22222222222222224,0.36666666666666664,50,0.001,1,1
0.16666666666666669,0.22222222222222224,0.36666666666666664,50,0.0014444444444444444,2,1
0.16666666666666669,0.22222222222222224,0.36666666666666664,50,0.001888888888888889,2,1
0.16666666666666669,0.22222222222222224,0.36666666666666664,50,0.0023333333333333335,3,2
0.16666666666666669,0.22222222222222224,0.36666666666666664,50,0.002777777777777778,3,4
0.16666666666666669,0.22222222222222224,0.36666666666666664,50,0.0032222222222222222,3,5
0.16666666666666669,0.22222222222222224,0.36666666666666664,50,0.003666666666666667,3,6
0.16666666666666669,0.22222222222222224,0.36666666666666664,50,0.004111111111111111,3,6
0.16666666666666669,0.22222222222222224,0.36666666666666664,50,0.004555555555555556,5,7
0.16666666666666669,0.22222222222222224,0.36666666666666664,50,0.005,4,7
0.16666666666666669,0.22222222222222224,0.3888888888888889,50,0.001,1,1
0.16666666666666669,0.22222222222222224,0.3888888888888889,50,0.0014444444444444444,1,1
0.16666666666666669,0.22222222222222224,0.3888888888888889,50,0.001888888888888889,3,1
0.16666666666666669,0.22222222222222224,0.3888888888888889,50,0.0023333333333333335,3,3
0.16666666666666669,0.22222222222222224,0.3888888888888889,50,0.002777777777777778,3,4
0.16666666666666669,0.22222222222222224,0.3888888888888889,50,0.0032222222222222222,3,6
0.16666666666666669,0.22222222222222224,0.3888888888888889,50,0.003666666666666667,3,6
0.16666666666666669,0.22222222222222224,0.3888888888888889,50,0.004111111111111111,4,7
0.16666666666666669,0.22222222222222224,0.3888888888888889,50,0.004555555555555556,5,7
0.16666666666666669,0.22222222222222224,0.3888888888888889,50,0.005,5,8
0.16666666666666669,0.22222222222222224,0.4111111111111111,50,0.001,2,1
0.16666666666666669,0.22222222222222224,0.4111111111111111,50,0.0014444444444444444,2,1
0.16666666666666669,0.22222222222222224,0.4111111111111111,50,0.001888888888888889,3,2
0.16666666666666669,0.22222222222222224,0.4111111111111111,50,0.0023333333333333335,3,3
0.16666666666666669,0.22222222222222224,0.4111111111111111,50,0.002777777777777778,3,5
0.16666666666666669,0.22222222222222224,0.4111111111111111,50,0.0032222222222222222,3,5
0.16666666666666669,0.22222222222222224,0.4111111111111111,50,0.003666666666666667,4,6
0.16666666666666669,0.22222222222222224,0.4111111111111111,50,0.004111111111111111,4,7
0.16666666666666669,0.22222222222222224,0.4111111111111111,50,0.004555555555555556,4,7
0.16666666666666669,0.22222222222222224,0.4111111111111111,50,0.005,5,8
0.16666666666666669,0.22222222222222224,0.43333333333333335,50,0.001,2,2
0.16666666666666669,0.22222222222222224,0.43333333333333335,50,0.0014444444444444444,3,2
0.16666666666666669,0.22222222222222224,0.43333333333333335,50,0.001888888888888889,3,2
0.16666666666666669,0.22222222222222224,0.43333333333333335,50,0.0023333333333333335,3,3
0.16666666666666669,0.22222222222222224,0.43333333333333335,50,0.002777777777777778,3,4
0.16666666666666669,0.22222222222222224,0.43333333333333335,50,0.0032222222222222222,3,5
0.16666666666666669,0.22222222222222224,0.43333333333333335,50,0.003666666666666667,3,5
0.16666666666666669,0.22222222222222224,0.43333333333333335,50,0.004111111111111111,4,8
0.16666666666666669,0.22222222222222224,0.43333333333333335,50,0.004555555555555556,5,8
0.16666666666666669,0.22222222222222224,0.43333333333333335,50,0.005,5,8
0.16666666666666669,0.22222222222222224,0.45555555555555555,50,0.001,3,2
0.16666666666666669,0.22222222222222224,0.45555555555555555,50,0.0014444444444444444,3,2
0.16666666666666669,0.22222222222222224,0.45555555555555555,50,0.001888888888888889,3,3
0.16666666666666669,0.22222222222222224,0.45555555555555555,50,0.0023333333333333335,3,4
0.16666666666666669,0.22222222222222224,0.45555555555555555,50,0.002777777777777778,3,5
0.16666666666666669,0.22222222222222224,0.45555555555555555,50,0.0032222222222222222,4,5
0.16666666666666669,0.22222222222222224,0.45555555555555555,50,0.003666666666666667,4,6
0.16666666666666669,0.22222222222222224,0.45555555555555555,50,0.004111111111111111,5,7
0.16666666666666669,0.22222222222222224,0.45555555555555555,50,0.004555555555555556,5,8
0.16666666666666669,0.22222222222222224,0.45555555555555555,50,0.005,7,9
0.16666666666666669,0.22222222222222224,0.47777777777777775,50,0.001,3,2
0.16666666666666669,0.22222222222222224,0.47777777777777775,50,0.0014444444444444444,3,2
0.16666666666666669,0.22222222222222224,0.47777777777777775,50,0.001888888888888889,3,3
0.16666666666666669,0.22222222222222224,0.47777777777777775,50,0.0023333333333333335,3,4
0.16666666666666669,0.22222222222222224,0.47777777777777775,50,0.002777777777777778,3,5
0.16666666666666669,0.22222222222222224,0.47777777777777775,50,0.0032222222222222222,4,6
0.16666666666666669,0.22222222222222224,0.47777777777777775,50,0.003666666666666667,3,6
0.16666666666666669,0.22222222222222224,0.47777777777777775,50,0.004111111111111111,4,7
0.16666666666666669,0.22222222222222224,0.47777777777777775,50,0.004555555555555556,5,9
0.16666666666666669,0.22222222222222224,0.47777777777777775,50,0.005,5,9
0.16666666666666669,0.22222222222222224,0.5,50,0.001,3,3
0.16666666666666669,0.22222222222222224,0.5,50,0.0014444444444444444,3,3
0.16666666666666669,0.22222222222222224,0.5,50,0.001888888888888889,3,3
0.16666666666666669,0.22222222222222224,0.5,50,0.0023333333333333335,3,5
0.16666666666666669,0.22222222222222224,0.5,50,0.002777777777777778,3,5
0.16666666666666669,0.22222222222222224,0.5,50,0.0032222222222222222,3,6
0.16666666666666669,0.22222222222222224,0.5,50,0.003666666666666667,5,6
0.16666666666666669,0.22222222222222224,0.5,50,0.004111111111111111,4,6
0.16666666666666669,0.22222222222222224,0.5,50,0.004555555555555556,5,8
0.16666666666666669,0.22222222222222224,0.5,50,0.005,6,9
0.16666666666666669,0.24444444444444446,0.3,50,0.001,1,1
0.16666666666666669,0.24444444444444446,0.3,50,0.0014444444444444444,1,1
0.16666666666666669,0.24444444444444446,0.3,50,0.001888888888888889,1,1
0.16666666666666669,0.24444444444444446,0.3,50,0.0023333333333333335,2,3
0.16666666666666669,0.24444444444444446,0.3,50,0.002777777777777778,3,3
0.16666666666666669,0.24444444444444446,0.3,50,0.0032222222222222222,3,5
0.16666666666666669,0.24444444444444446,0.3,50,0.003666666666666667,3,4
0.16666666666666669,0.24444444444444446,0.3,50,0.004111111111111111,3,5
0.16666666666666669,0.24444444444444446,0.3,50,0.004555555555555556,3,6
0.16666666666666669,0.24444444444444446,0.3,50,0.005,3,7
0.16666666666666669,0.24444444444444446,0.3222222222222222,50,0.001,1,1
0.16666666666666669,0.24444444444444446,0.3222222222222222,50,0.0014444444444444444,1,1
0.16666666666666669,0.24444444444444446,0.3222222222222222,50,0.001888888888888889,1,1
0.16666666666666669,0.24444444444444446,0.3222222222222222,50,0.0023333333333333335,3,3
0.16666666666666669,0.24444444444444446,0.3222222222222222,50,0.002777777777777778,3,3
0.16666666666666669,0.24444444444444446,0.3222222222222222,50,0.0032222222222222222,3,5
0.16666666666666669,0.24444444444444446,0.3222222222222222,50,0.003666666666666667,3,5
0.16666666666666669,0.24444444444444446,0.3222222222222222,50,0.004111111111111111,3,5
0.16666666666666669,0.24444444444444446,0.3222222222222222,50,0.004555555555555556,4,7
0.16666666666666669,0.24444444444444446,0.3222222222222222,50,0.005,4,8
0.16666666666666669,0.24444444444444446,0.34444444444444444,50,0.001,1,1
0.16666666666666669,0.24444444444444446,0.34444444444444444,50,0.0014444444444444444,1,1
0.16666666666666669,0.24444444444444446,0.34444444444444444,50,0.001888888888888889,3,2
0.16666666666666669,0.24444444444444446,0.34444444444444444,50,0.0023333333333333335,3,3
0.16666666666666669,0.24444444444444446,0.34444444444444444,50,0.002777777777777778,3,4
0.16666666666666669,0.24444444444444446,0.34444444444444444,50,0.0032222222222222222,3,5
0.16666666666666669,0.24444444444444446,0.34444444444444444,50,0.003666666666666667,4,6
0.16666666666666669,0.24444444444444446,0.34444444444444444,50,0.004111111111111111,4,7
0.16666666666666669,0.24444444444444446,0.34444444444444444,50,0.004555555555555556,4,7
0.16666666666666669,0.24444444444444446,0.34444444444444444,50,0.005,4,8
0.16666666666666669,0.24444444444444446,0.36666666666666664,50,0.001,1,1
0.16666666666666669,0.24444444444444446,0.36666666666666664,50,0.0014444444444444444,2,1
0.16666666666666669,0.24444444444444446,0.36666666666666664,50,0.001888888888888889,3,2
0.16666666666666669,0.24444444444444446,0.36666666666666664,50,0.0023333333333333335,3,3
0.16666666666666669,0.24444444444444446,0.36666666666666664,50,0.002777777777777778,3,4
0.16666666666666669,0.24444444444444446,0.36666666666666664,50,0.0032222222222222222,3,6
0.16666666666666669,0.24444444444444446,0.36666666666666664,50,0.003666666666666667,4,7
0.16666666666666669,0.24444444444444446,0.36666666666666664,50,0.004111111111111111,4,7
0.16666666666666669,0.24444444444444446,0.36666666666666664,50,0.004555555555555556,4,8
0.16666666666666669,0.24444444444444446,0.36666666666666664,50,0.005,5,8
0.16666666666666669,0.24444444444444446,0.3888888888888889,50,0.001,1,1
0.16666666666666669,0.24444444444444446,0.3888888888888889,50,0.0014444444444444444,3,1
0.16666666666666669,0.24444444444444446,0.3888888888888889,50,0.001888888888888889,3,2
0.16666666666666669,0.24444444444444446,0.3888888888888889,50,0.0023333333333333335,3,3
0.16666666666666669,0.24444444444444446,0.3888888888888889,50,0.002777777777777778,3,5
0.16666666666666669,0.24444444444444446,0.3888888888888889,50,0.0032222222222222222,3,5
0.16666666666666669,0.24444444444444446,0.3888888888888889,50,0.003666666666666667,4,7
0.16666666666666669,0.24444444444444446,0.3888888888888889,50,0.004111111111111111,3,8
0.16666666666666669,0.24444444444444446,0.3888888888888889,50,0.004555555555555556,5,8
0.16666666666666669,0.24444444444444446,0.3888888888888889,50,0.005,5,8
0.16666666666666669,0.24444444444444446,0.4111111111111111,50,0.001,2,1
0.16666666666666669,0.24444444444444446,0.4111111111111111,50,0.0014444444444444444,3,2
0.16666666666666669,0.24444444444444446,0.4111111111111111,50,0.001888888888888889,3,3
0.16666666666666669,0.24444444444444446,0.4111111111111111,50,0.0023333333333333335,3,4
0.16666666666666669,0.24444444444444446,0.4111111111111111,50,0.002777777777777778,3,4
0.16666666666666669,0.24444444444444446,0.4111111111111111,50,0.0032222222222222222,4,6
0.16666666666666669,0.24444444444444446,0.4111111111111111,50,0.003666666666666667,4,7
0.16666666666666669,0.24444444444444446,0.4111111111111111,50,0.004111111111111111,4,8
0.16666666666666669,0.24444444444444446,0.4111111111111111,50,0.004555555555555556,5,8
0.16666666666666669,0.24444444444444446,0.4111111111111111,50,0.005,6,9
0.16666666666666669,0.24444444444444446,0.43333333333333335,50,0.001,3,2
0.16666666666666669,0.24444444444444446,0.43333333333333335,50,0.0014444444444444444,3,2
0.16666666666666669,0.24444444444444446,0.43333333333333335,50,0.001888888888888889,3,3
0.16666666666666669,0.24444444444444446,0.43333333333333335,50,0.0023333333333333335,3,5
0.16666666666666669,0.24444444444444446,0.43333333333333335,50,0.002777777777777778,3,5
0.16666666666666669,0.24444444444444446,0.43333333333333335,50,0.0032222222222222222,3,6
0.16666666666666669,0.24444444444444446,0.43333333333333335,50,0.003666666666666667,4,7
0.16666666666666669,0.24444444444444446,0.43333333333333335,50,0.004111111111111111,4,7
0.16666666666666669,0.24444444444444446,0.43333333333333335,50,0.004555555555555556,5,9
0.16666666666666669,0.24444444444444446,0.43333333333333335,50,0.005,5,10
0.16666666666666669,0.24444444444444446,0.45555555555555555,50,0.001,3,2
0.16666666666666669,0.24444444444444446,0.45555555555555555,50,0.0014444444444444444,3,3
0.16666666666666669,0.24444444444444446,0.45555555555555555,50,0.001888888888888889,3,4
0.16666666666666669,0.24444444444444446,0.45555555555555555,50,0.0023333333333333335,3,4
0.16666666666666669,0.24444444444444446,0.45555555555555555,50,0.002777777777777778,3,6
0.16666666666666669,0.24444444444444446,0.45555555555555555,50,0.0032222222222222222,4,6
0.16666666666666669,0.24444444444444446,0.45555555555555555,50,0.003666666666666667,4,7
0.16666666666666669,0.24444444444444446,0.45555555555555555,50,0.004111111111111111,5,8
0.16666666666666669,0.24444444444444446,0.45555555555555555,50,0.004555555555555556,5,8
0.16666666666666669,0.24444444444444446,0.45555555555555555,50,0.005,5,10
0.16666666666666669,0.24444444444444446,0.47777777777777775,50,0.001,3,3
0.16666666666666669,0.24444444444444446,0.47777777777777775,50,0.0014444444444444444,3,3
0.16666666666666669,0.24444444444444446,0.47777777777777775,50,0.001888888888888889,3,5
0.16666666666666669,0.24444444444444446,0.47777777777777775,50,0.0023333333333333335,3,5
0.16666666666666669,0.24444444444444446,0.47777777777777775,50,0.002777777777777778,3,6
0.16666666666666669,0.24444444444444446,0.47777777777777775,50,0.0032222222222222222,4,6
0.16666666666666669,0.24444444444444446,0.47777777777777775,50,0.003666666666666667,5,8
0.16666666666666669,0.24444444444444446,0.47777777777777775,50,0.004111111111111111,5,8
0.16666666666666669,0.24444444444444446,0.47777777777777775,50,0.004555555555555556,5,9
0.16666666666666669,0.24444444444444446,0.47777777777777775,50,0.005,6,10
0.16666666666666669,0.24444444444444446,0.5,50,0.001,3,3
0.16666666666666669,0.24444444444444446,0.5,50,0.0014444444444444444,3,3
0.16666666666666669,0.24444444444444446,0.5,50,0.001888888888888889,3,3
0.16666666666666669,0.24444444444444446,0.5,50,0.0023333333333333335,3,5
0.16666666666666669,0.24444444444444446,0.5,50,0.002777777777777778,3,5
0.16666666666666669,0.24444444444444446,0.5,50,0.0032222222222222222,4,6
0.16666666666666669,0.24444444444444446,0.5,50,0.003666666666666667,4,7
0.16666666666666669,0.24444444444444446,0.5,50,0.004111111111111111,5,9
0.16666666666666669,0.24444444444444446,0.5,50,0.004555555555555556,5,9
0.16666666666666669,0.24444444444444446,0.5,50,0.005,6,9
0.16666666666666669,0.26666666666666666,0.3,50,0.001,1,1
0.16666666666666669,0.26666666666666666,0.3,50,0.0014444444444444444,1,1
0.16666666666666669,0.26666666666666666,0.3,50,0.001888888888888889,1,2
0.16666666666666669,0.26666666666666666,0.3,50,0.0023333333333333335,2,3
0.16666666666666669,0.26666666666666666,0.3,50,0.002777777777777778,3,4
0.16666666666666669,0.26666666666666666,0.3,50,0.0032222222222222222,3,4
0.16666666666666669,0.26666666666666666,0.3,50,0.003666666666666667,4,6
0.16666666666666669,0.26666666666666666,0.3,50,0.004111111111111111,5,7
0.16666666666666669,0.26666666666666666,0.3,50,0.004555555555555556,4,7
0.16666666666666669,0.26666666666666666,0.3,50,0.005,5,8
0.16666666666666669,0.26666666666666666,0.3222222222222222,50,0.001,1,1
0.16666666666666669,0.26666666666666666,0.3222222222222222,50,0.0014444444444444444,2,2
0.16666666666666669,0.26666666666666666,0.3222222222222222,50,0.001888888888888889,3,3
0.16666666666666669,0.26666666666666666,0.3222222222222222,50,0.0023333333333333335,3,3
0.16666666666666669,0.26666666666666666,0.3222222222222222,50,0.002777777777777778,3,4
0.16666666666666669,0.26666666666666666,0.3222222222222222,50,0.0032222222222222222,3,5
0.16666666666666669,0.26666666666666666,0.3222222222222222,50,0.003666666666666667,4,6
0.16666666666666669,0.26666666666666666,0.3222222222222222,50,0.004111111111111111,4,6
0.16666666666666669,0.26666666666666666,0.3222222222222222,50,0.004555555555555556,5,8
0.16666666666666669,0.26666666666666666,0.3222222222222222,50,0.005,5,8
0.16666666666666669,0.26666666666666666,0.34444444444444444,50,0.001,1,1
0.16666666666666669,0.26666666666666666,0.34444444444444444,50,0.0014444444444444444,2,1
0.16666666666666669,0.26666666666666666,0.34444444444444444,50,0.001888888888888889,3,2
0.16666666666666669,0.26666666666666666,0.34444444444444444,50,0.0023333333333333335,3,3
0.16666666666666669,0.26666666666666666,0.34444444444444444,50,0.002777777777777778,3,5
0.16666666666666669,0.26666666666666666,0.34444444444444444,50,0.0032222222222222222,3,5
0.16666666666666669,0.26666666666666666,0.34444444444444444,50,0.003666666666666667,4,6
0.16666666666666669,0.26666666666666666,0.34444444444444444,50,0.004111111111111111,4,7
0.16666666666666669,0.26666666666666666,0.34444444444444444,50,0.004555555555555556,4,8
0.16666666666666669,0.26666666666666666,0.34444444444444444,50,0.005,5,9
0.16666666666666669,0.26666666666666666,0.36666666666666664,50,0.001,1,1
0.16666666666666669,0.26666666666666666,0.36666666666666664,50,0.0014444444444444444,3,2
0.16666666666666669,0.26666666666666666,0.36666666666666664,50,0.001888888888888889,3,2
0.16666666666666669,0.26666666666666666,0.36666666666666664,50,0.0023333333333333335,3,4
0.16666666666666669,0.26666666666666666,0.36666666666666664,50,0.002777777777777778,3,5
0.16666666666666669,0.26666666666666666,0.36666666666666664,50,0.0032222222222222222,4,7
0.16666666666666669,0.26666666666666666,0.36666666666666664,50,0.003666666666666667,4,7
0.16666666666666669,0.26666666666666666,0.36666666666666664,50,0.004111111111111111,4,8
0.16666666666666669,0.26666666666666666,0.36666666666666664,50,0.004555555555555556,4,8
0.16666666666666669,0.26666666666666666,0.36666666666666664,50,0.005,5,9
0.16666666666666669,0.26666666666666666,0.3888888888888889,50,0.001,1,1
0.16666666666666669,0.26666666666666666,0.3888888888888889,50,0.0014444444444444444,3,2
0.16666666666666669,0.26666666666666666,0.3888888888888889,50,0.001888888888888889,3,3
0.16666666666666669,0.26666666666666666,0.3888888888888889,50,0.0023333333333333335,3,4
0.16666666666666669,0.26666666666666666,0.3888888888888889,50,0.002777777777777778,3,6
0.16666666666666669,0.26666666666666666,0.3888888888888889,50,0.0032222222222222222,3,6
0.16666666666666669,0.26666666666666666,0.3888888888888889,50,0.003666666666666667,4,7
0.16666666666666669,0.26666666666666666,0.3888888888888889,50,0.004111111111111111,5,8
0.16666666666666669,0.26666666666666666,0.3888888888888889,50,0.004555555555555556,6,9
0.16666666666666669,0.26666666666666666,0.3888888888888889,50,0.005,7,10
0.16666666666666669,0.26666666666666666,0.4111111111111111,50,0.001,3,2
0.16666666666666669,0.26666666666666666,0.4111111111111111,50,0.0014444444444444444,3,2
0.16666666666666669,0.26666666666666666,0.4111111111111111,50,0.001888888888888889,3,3
0.16666666666666669,0.26666666666666666,0.4111111111111111,50,0.0023333333333333335,3,5
0.16666666666666669,0.26666666666666666,0.4111111111111111,50,0.002777777777777778,3,5
0.16666666666666669,0.26666666666666666,0.4111111111111111,50,0.0032222222222222222,4,6
0.16666666666666669,0.26666666666666666,0.4111111111111111,50,0.003666666666666667,4,8
0.16666666666666669,0.26666666666666666,0.4111111111111111,50,0.004111111111111111,5,9
0.16666666666666669,0.26666666666666666,0.4111111111111111,50,0.004555555555555556,5,10
0.16666666666666669,0.26666666666666666,0.4111111111111111,50,0.005,7,10
0.16666666666666669,0.26666666666666666,0.43333333333333335,50,0.001,3,2
0.16666666666666669,0.26666666666666666,0.43333333333333335,50,0.0014444444444444444,3,3
0.16666666666666669,0.26666666666666666,0.43333333333333335,50,0.001888888888888889,3,4
0.16666666666666669,0.26666666666666666,0.43333333333333335,50,0.0023333333333333335,3,5
0.16666666666666669,0.26666666666666666,0.43333333333333335,50,0.002777777777777778,3,6
0.16666666666666669,0.26666666666666666,0.43333333333333335,50,0.0032222222222222222,3,7
0.16666666666666669,0.26666666666666666,0.43333333333333335,50,0.003666666666666667,5,7
0.16666666666666669,0.26666666666666666,0.43333333333333335,50,0.004111111111111111,5,8
0.16666666666666669,0.26666666666666666,0.43333333333333335,50,0.004555555555555556,6,9
0.16666666666666669,0.26666666666666666,0.43333333333333335,50,0.005,5,10
0.16666666666666669,0.26666666666666666,0.45555555555555555,50,0.001,3,3
0.16666666666666669,0.26666666666666666,0.45555555555555555,50,0.0014444444444444444,3,3
0.16666666666666669,0.26666666666666666,0.45555555555555555,50,0.001888888888888889,3,4
0.16666666666666669,0.26666666666666666,0.45555555555555555,50,0.0023333333333333335,3,5
0.16666666666666669,0.26666666666666666,0.45555555555555555,50,0.002777777777777778,4,5
0.16666666666666669,0.26666666666666666,0.45555555555555555,50,0.0032222222222222222,3,7
0.16666666666666669,0.26666666666666666,0.45555555555555555,50,0.003666666666666667,5,8
0.16666666666666669,0.26666666666666666,0.45555555555555555,50,0.004111111111111111,5,9
0.16666666666666669,0.26666666666666666,0.45555555555555555,50,0.004555555555555556,5,10
0.16666666666666669,0.26666666666666666,0.45555555555555555,50,0.005,7,11
0.16666666666666669,0.26666666666666666,0.47777777777777775,50,0.001,3,3
0.16666666666666669,0.26666666666666666,0.47777777777777775,50,0.0014444444444444444,3,3
0.16666666666666669,0.26666666666666666,0.47777777777777775,50,0.001888888888888889,3,4
0.16666666666666669,0.26666666666666666,0.47777777777777775,50,0.0023333333333333335,3,5
0.16666666666666669,0.26666666666666666,0.47777777777777775,50,0.002777777777777778,4,6
0.16666666666666669,0.26666666666666666,0.47777777777777775,50,0.0032222222222222222,4,7
0.16666666666666669,0.26666666666666666,0.47777777777777775,50,0.003666666666666667,4,8
0.16666666666666669,0.26666666666666666,0.47777777777777775,50,0.004111111111111111,5,10
0.16666666666666669,0.26666666666666666,0.47777777777777775,50,0.004555555555555556,6,10
0.16666666666666669,0.26666666666666666,0.47777777777777775,50,0.005,7,10
0.16666666666666669,0.26666666666666666,0.5,50,0.001,3,3
0.16666666666666669,0.26666666666666666,0.5,50,0.0014444444444444444,3,3
0.16666666666666669,0.26666666666666666,0.5,50,0.001888888888888889,3,5
0.16666666666666669,0.26666666666666666,0.5,50,0.0023333333333333335,3,5
0.16666666666666669,0.26666666666666666,0.5,50,0.002777777777777778,4,6
0.16666666666666669,0.26666666666666666,0.5,50,0.0032222222222222222,4,6
0.16666666666666669,0.26666666666666666,0.5,50,0.003666666666666667,5,8
0.16666666666666669,0.26666666666666666,0.5,50,0.004111111111111111,5,8
0.16666666666666669,0.26666666666666666,0.5,50,0.004555555555555556,6,10
0.16666666666666669,0.26666666666666666,0.5,50,0.005,6,11
0.16666666666666669,0.2888888888888889,0.3,50,0.001,1,1
0.16666666666666669,0.2888888888888889,0.3,50,0.0014444444444444444,1,1
0.16666666666666669,0.2888888888888889,0.3,50,0.001888888888888889,2,3
0.16666666666666669,0.2888888888888889,0.3,50,0.0023333333333333335,3,3
0.16666666666666669,0.2888888888888889,0.3,50,0.002777777777777778,3,4
0.16666666666666669,0.2888888888888889,0.3,50,0.0032222222222222222,4,5
0.16666666666666669,0.2888888888888889,0.3,50,0.003666666666666667,3,6
0.16666666666666669,0.2888888888888889,0.3,50,0.004111111111111111,4,8
0.16666666666666669,0.2888888888888889,0.3,50,0.004555555555555556,5,8
0.16666666666666669,0.2888888888888889,0.3,50,0.005,5,8
0.16666666666666669,0.2888888888888889,0.3222222222222222,50,0.001,1,1
0.16666666666666669,0.2888888888888889,0.3222222222222222,50,0.0014444444444444444,1,1
0.16666666666666669,0.2888888888888889,0.3222222222222222,50,0.001888888888888889,3,3
0.16666666666666669,0.2888888888888889,0.3222222222222222,50,0.0023333333333333335,3,3
0.16666666666666669,0.2888888888888889,0.3222222222222222,50,0.002777777777777778,3,5
0.16666666666666669,0.2888888888888889,0.3222222222222222,50,0.0032222222222222222,3,5
0.16666666666666669,0.2888888888888889,0.3222222222222222,50,0.003666666666666667,3,6
0.16666666666666669,0.2888888888888889,0.3222222222222222,50,0.004111111111111111,5,7
0.16666666666666669,0.2888888888888889,0.3222222222222222,50,0.004555555555555556,5,7
0.16666666666666669,0.2888888888888889,0.3222222222222222,50,0.005,6,9
0.16666666666666669,0.2888888888888889,0.34444444444444444,50,0.001,1,1
0.16666666666666669,0.2888888888888889,0.34444444444444444,50,0.0014444444444444444,2,2
0.16666666666666669,0.2888888888888889,0.34444444444444444,50,0.001888888888888889,3,3
0.16666666666666669,0.2888888888888889,0.34444444444444444,50,0.0023333333333333335,3,4
0.16666666666666669,0.2888888888888889,0.34444444444444444,50,0.002777777777777778,3,5
0.16666666666666669,0.2888888888888889,0.34444444444444444,50,0.0032222222222222222,4,6
0.16666666666666669,0.2888888888888889,0.34444444444444444,50,0.003666666666666667,4,6
0.16666666666666669,0.2888888888888889,0.34444444444444444,50,0.004111111111111111,4,8
0.16666666666666669,0.2888888888888889,0.34444444444444444,50,0.004555555555555556,5,9
0.16666666666666669,0.2888888888888889,0.34444444444444444,50,0.005,5,9
0.16666666666666669,0.2888888888888889,0.36666666666666664,50,0.001,2,1
0.16666666666666669,0.2888888888888889,0.36666666666666664,50,0.0014444444444444444,3,3
0.16666666666666669,0.2888888888888889,0.36666666666666664,50,0.001888888888888889,3,3
0.16666666666666669,0.2888888888888889,0.36666666666666664,50,0.0023333333333333335,3,4
0.16666666666666669,0.2888888888888889,0.36666666666666664,50,0.002777777777777778,3,5
0.16666666666666669,0.2888888888888889,0.36666666666666664,50,0.0032222222222222222,4,5
0.16666666666666669,0.2888888888888889,0.36666666666666664,50,0.003666666666666667,4,7
0.16666666666666669,0.2888888888888889,0.36666666666666664,50,0.004111111111111111,4,8
0.16666666666666669,0.2888888888888889,0.36666666666666664,50,0.004555555555555556,5,9
0.16666666666666669,0.2888888888888889,0.36666666666666664,50,0.005,6,10
0.16666666666666669,0.2888888888888889,0.3888888888888889,50,0.001,3,2
0.16666666666666669,0.2888888888888889,0.3888888888888889,50,0.0014444444444444444,3,3
0.16666666666666669,0.2888888888888889,0.3888888888888889,50,0.001888888888888889,3,3
0.16666666666666669,0.2888888888888889,0.3888888888888889,50,0.0023333333333333335,3,5
0.16666666666666669,0.2888888888888889,0.3888888888888889,50,0.002777777777777778,4,6
0.16666666666666669,0.2888888888888889,0.3888888888888889,50,0.0032222222222222222,4,7
0.16666666666666669,0.2888888888888889,0.3888888888888889,50,0.003666666666666667,5,8
0.16666666666666669,0.2888888888888889,0.3888888888888889,50,0.004111111111111111,5,9
0.16666666666666669,0.2888888888888889,0.3888888888888889,50,0.004555555555555556,6,10
0.16666666666666669,0.2888888888888889,0.3888888888888889,50,0.005,7,10
0.16666666666666669,0.2888888888888889,0.4111111111111111,50,0.001,3,3
0.16666666666666669,0.2888888888888889,0.4111111111111111,50,0.0014444444444444444,3,3
0.16666666666666669,0.2888888888888889,0.4111111111111111,50,0.001888888888888889,3,4
0.16666666666666669,0.2888888888888889,0.4111111111111111,50,0.0023333333333333335,3,4
0.16666666666666669,0.2888888888888889,0.4111111111111111,50,0.002777777777777778,4,6
0.16666666666666669,0.2888888888888889,0.4111111111111111,50,0.0032222222222222222,4,7
0.16666666666666669,0.2888888888888889,0.4111111111111111,50,0.003666666666666667,5,8
0.16666666666666669,0.2888888888888889,0.4111111111111111,50,0.004111111111111111,5,10
0.16666666666666669,0.2888888888888889,0.4111111111111111,50,0.004555555555555556,6,10
0.16666666666666669,0.2888888888888889,0.4111111111111111,50,0.005,7,12
0.16666666666666669,0.2888888888888889,0.43333333333333335,50,0.001,3,3
0.16666666666666669,0.2888888888888889,0.43333333333333335,50,0.0014444444444444444,3,3
0.16666666666666669,0.2888888888888889,0.43333333333333335,50,0.001888888888888889,3,5
0.16666666666666669,0.2888888888888889,0.43333333333333335,50,0.0023333333333333335,3,6
0.16666666666666669,0.2888888888888889,0.43333333333333335,50,0.002777777777777778,3,5
0.16666666666666669,0.2888888888888889,0.43333333333333335,50,0.0032222222222222222,5,7
0.16666666666666669,0.2888888888888889,0.43333333333333335,50,0.003666666666666667,4,8
0.16666666666666669,0.2888888888888889,0.43333333333333335,50,0.004111111111111111,5,9
0.16666666666666669,0.2888888888888889,0.43333333333333335,50,0.004555555555555556,6,10
0.16666666666666669,0.2888888888888889,0.43333333333333335,50,0.005,6,11
0.16666666666666669,0.2888888888888889,0.45555555555555555,50,0.001,3,3
0.16666666666666669,0.2888888888888889,0.45555555555555555,50,0.0014444444444444444,3,3
0.16666666666666669,0.2888888888888889,0.45555555555555555,50,0.001888888888888889,3,4
0.16666666666666669,0.2888888888888889,0.45555555555555555,50,0.0023333333333333335,3,4
0.16666666666666669,0.2888888888888889,0.45555555555555555,50,0.002777777777777778,5,6
0.16666666666666669,0.2888888888888889,0.45555555555555555,50,0.0032222222222222222,4,8
0.16666666666666669,0.2888888888888889,0.45555555555555555,50,0.003666666666666667,5,9
0.16666666666666669,0.2888888888888889,0.45555555555555555,50,0.004111111111111111,6,9
0.16666666666666669,0.2888888888888889,0.45555555555555555,50,0.004555555555555556,7,11
0.16666666666666669,0.2888888888888889,0.45555555555555555,50,0.005,7,11
0.16666666666666669,0.2888888888888889,0.47777777777777775,50,0.001,3,3
0.16666666666666669,0.2888888888888889,0.47777777777777775,50,0.0014444444444444444,3,3
0.16666666666666669,0.2888888888888889,0.47777777777777775,50,0.001888888888888889,3,5
0.16666666666666669,0.2888888888888889,0.47777777777777775,50,0.0023333333333333335,3,5
0.16666666666666669,0.2888888888888889,0.47777777777777775,50,0.002777777777777778,4,7
0.16666666666666669,0.2888888888888889,0.47777777777777775,50,0.0032222222222222222,5,7
0.16666666666666669,0.2888888888888889,0.47777777777777775,50,0.003666666666666667,6,9
0.16666666666666669,0.2888888888888889,0.47777777777777775,50,0.004111111111111111,6,10
0.16666666666666669,0.2888888888888889,0.47777777777777775,50,0.004555555555555556,6,10
0.16666666666666669,0.2888888888888889,0.47777777777777775,50,0.005,8,12
0.16666666666666669,0.2888888888888889,0.5,50,0.001,3,3
0.16666666666666669,0.2888888888888889,0.5,50,0.0014444444444444444,3,3
0.16666666666666669,0.2888888888888889,0.5,50,0.001888888888888889,3,5
0.16666666666666669,0.2888888888888889,0.5,50,0.0023333333333333335,4,5
0.16666666666666669,0.2888888888888889,0.5,50,0.002777777777777778,4,7
0.16666666666666669,0.2888888888888889,0.5,50,0.0032222222222222222,5,7
0.16666666666666669,0.2888888888888889,0.5,50,0.003666666666666667,6,9
0.16666666666666669,0.2888888888888889,0.5,50,0.004111111111111111,6,11
0.16666666666666669,0.2888888888888889,0.5,50,0.004555555555555556,6,11
0.16666666666666669,0.2888888888888889,0.5,50,0.005,8,12
0.16666666666666669,0.3111111111111111,0.3,50,0.001,1,1
0.16666666666666669,0.3111111111111111,0.3,50,0.0014444444444444444,1,1
0.16666666666666669,0.3111111111111111,0.3,50,0.001888888888888889,1,3
0.16666666666666669,0.3111111111111111,0.3,50,0.0023333333333333335,3,4
0.16666666666666669,0.3111111111111111,0.3,50,0.002777777777777778,3,4
0.16666666666666669,0.3111111111111111,0.3,50,0.0032222222222222222,3,5
0.16666666666666669,0.3111111111111111,0.3,50,0.003666666666666667,4,7
0.16666666666666669,0.3111111111111111,0.3,50,0.004111111111111111,5,8
0.16666666666666669,0.3111111111111111,0.3,50,0.004555555555555556,5,8
0.16666666666666669,0.3111111111111111,0.3,50,0.005,5,9
0.16666666666666669,0.3111111111111111,0.3222222222222222,50,0.001,1,1
0.16666666666666669,0.3111111111111111,0.3222222222222222,50,0.0014444444444444444,2,2
0.16666666666666669,0.3111111111111111,0.3222222222222222,50,0.001888888888888889,3,4
0.16666666666666669,0.3111111111111111,0.3222222222222222,50,0.0023333333333333335,3,4
0.16666666666666669,0.3111111111111111,0.3222222222222222,50,0.002777777777777778,3,5
0.16666666666666669,0.3111111111111111,0.3222222222222222,50,0.0032222222222222222,3,6
0.16666666666666669,0.3111111111111111,0.3222222222222222,50,0.003666666666666667,4,7
0.16666666666666669,0.3111111111111111,0.3222222222222222,50,0.004111111111111111,5,8
0.16666666666666669,0.3111111111111111,0.3222222222222222,50,0.004555555555555556,4,9
0.16666666666666669,0.3111111111111111,0.3222222222222222,50,0.005,5,10
0.16666666666666669,0.3111111111111111,0.34444444444444444,50,0.001,1,1
0.16666666666666669,0.3111111111111111,0.34444444444444444,50,0.0014444444444444444,3,3
0.16666666666666669,0.3111111111111111,0.34444444444444444,50,0.001888888888888889,3,3
0.16666666666666669,0.3111111111111111,0.34444444444444444,50,0.0023333333333333335,3,5
0.16666666666666669,0.3111111111111111,0.34444444444444444,50,0.002777777777777778,3,5
0.16666666666666669,0.3111111111111111,0.34444444444444444,50,0.0032222222222222222,4,7
0.16666666666666669,0.3111111111111111,0.34444444444444444,50,0.003666666666666667,5,8
0.16666666666666669,0.3111111111111111,0.34444444444444444,50,0.004111111111111111,5,9
0.16666666666666669,0.3111111111111111,0.34444444444444444,50,0.004555555555555556,5,9
0.16666666666666669,0.3111111111111111,0.34444444444444444,50,0.005,6,10
0.16666666666666669,0.3111111111111111,0.36666666666666664,50,0.001,2,2
0.16666666666666669,0.3111111111111111,0.36666666666666664,50,0.0014444444444444444,3,3
0.16666666666666669,0.3111111111111111,0.36666666666666664,50,0.001888888888888889,3,3
0.16666666666666669,0.3111111111111111,0.36666666666666664,50,0.0023333333333333335,3,4
0.16666666666666669,0.3111111111111111,0.36666666666666664,50,0.002777777777777778,3,6
0.16666666666666669,0.3111111111111111,0.36666666666666664,50,0.0032222222222222222,5,6
0.16666666666666669,0.3111111111111111,0.36666666666666664,50,0.003666666666666667,4,8
0.16666666666666669,0.3111111111111111,0.36666666666666664,50,0.004111111111111111,5,9
0.16666666666666669,0.3111111111111111,0.36666666666666664,50,0.004555555555555556,5,10
0.16666666666666669,0.3111111111111111,0.36666666666666664,50,0.005,6,12
0.16666666666666669,0.3111111111111111,0.3888888888888889,50,0.001,3,2
0.16666666666666669,0.3111111111111111,0.3888888888888889,50,0.0014444444444444444,3,3
0.16666666666666669,0.3111111111111111,0.3888888888888889,50,0.001888888888888889,3,3
0.16666666666666669,0.3111111111111111,0.3888888888888889,50,0.0023333333333333335,3,5
0.16666666666666669,0.3111111111111111,0.3888888888888889,50,0.002777777777777778,3,6
0.16666666666666669,0.3111111111111111,0.3888888888888889,50,0.0032222222222222222,4,7
0.16666666666666669,0.3111111111111111,0.3888888888888889,50,0.003666666666666667,5,8
0.16666666666666669,0.3111111111111111,0.3888888888888889,50,0.004111111111111111,5,10
0.16666666666666669,0.3111111111111111,0.3888888888888889,50,0.004555555555555556,7,10
0.16666666666666669,0.3111111111111111,0.3888888888888889,50,0.005,7,11
0.16666666666666669,0.3111111111111111,0.4111111111111111,50,0.001,3,3
0.16666666666666669,0.3111111111111111,0.4111111111111111,50,0.0014444444444444444,3,3
0.16666666666666669,0.3111111111111111,0.4111111111111111,50,0.001888888888888889,3,4
0.16666666666666669,0.3111111111111111,0.4111111111111111,50,0.0023333333333333335,3,5
0.16666666666666669,0.3111111111111111,0.4111111111111111,50,0.002777777777777778,4,6
0.16666666666666669,0.3111111111111111,0.4111111111111111,50,0.0032222222222222222,5,7
0.16666666666666669,0.3111111111111111,0.4111111111111111,50,0.003666666666666667,5,10
0.16666666666666669,0.3111111111111111,0.4111111111111111,50,0.004111111111111111,6,10
0.16666666666666669,0.3111111111111111,0.4111111111111111,50,0.004555555555555556,6,10
0.16666666666666669,0.3111111111111111,0.4111111111111111,50,0.005,7,12
0.16666666666666669,0.3111111111111111,0.43333333333333335,50,0.001,3,3
0.16666666666666669,0.3111111111111111,0.43333333333333335,50,0.0014444444444444444,3,3
0.16666666666666669,0.3111111111111111,0.43333333333333335,50,0.001888888888888889,3,4
0.16666666666666669,0.3111111111111111,0.43333333333333335,50,0.0023333333333333335,4,5
0.16666666666666669,0.3111111111111111,0.43333333333333335,50,0.002777777777777778,4,7
0.16666666666666669,0.3111111111111111,0.43333333333333335,50,0.0032222222222222222,5,8
0.16666666666666669,0.3111111111111111,0.43333333333333335,50,0.003666666666666667,6,9
0.16666666666666669,0.3111111111111111,0.43333333333333335,50,0.004111111111111111,6,10
0.16666666666666669,0.3111111111111111,0.43333333333333335,50,0.004555555555555556,7,11
0.16666666666666669,0.3111111111111111,0.43333333333333335,50,0.005,8,12
0.16666666666666669,0.3111111111111111,0.45555555555555555,50,0.001,3,3
0.16666666666666669,0.3111111111111111,0.45555555555555555,50,0.0014444444444444444,3,3
0.16666666666666669,0.3111111111111111,0.45555555555555555,50,0.001888888888888889,3,4
0.16666666666666669,0.3111111111111111,0.45555555555555555,50,0.0023333333333333335,4,6
0.16666666666666669,0.3111111111111111,0.45555555555555555,50,0.002777777777777778,4,8
0.16666666666666669,0.3111111111111111,0.45555555555555555,50,0.0032222222222222222,5,8
0.16666666666666669,0.3111111111111111,0.45555555555555555,50,0.003666666666666667,5,9
0.16666666666666669,0.3111111111111111,0.45555555555555555,50,0.004111111111111111,6,11
0.16666666666666669,0.3111111111111111,0.45555555555555555,50,0.004555555555555556,7,12
0.16666666666666669,0.3111111111111111,0.45555555555555555,50,0.005,8,13
0.16666666666666669,0.3111111111111111,0.47777777777777775,50,0.001,3,3
0.16666666666666669,0.3111111111111111,0.47777777777777775,50,0.0014444444444444444,3,4
0.16666666666666669,0.3111111111111111,0.47777777777777775,50,0.001888888888888889,4,5
0.16666666666666669,0.3111111111111111,0.47777777777777775,50,0.0023333333333333335,3,6
0.16666666666666669,0.3111111111111111,0.47777777777777775,50,0.002777777777777778,4,6
0.16666666666666669,0.3111111111111111,0.47777777777777775,50,0.0032222222222222222,5,9
0.16666666666666669,0.3111111111111111,0.47777777777777775,50,0.003666666666666667,5,9
0.16666666666666669,0.3111111111111111,0.47777777777777775,50,0.004111111111111111,7,12
0.16666666666666669,0.3111111111111111,0.47777777777777775,50,0.004555555555555556,7,12
0.16666666666666669,0.3111111111111111,0.47777777777777775,50,0.005,7,13
0.16666666666666669,0.3111111111111111,0.5,50,0.001,3,3
0.16666666666666669,0.3111111111111111,0.5,50,0.0014444444444444444,3,4
0.16666666666666669,0.3111111111111111,0.5,50,0.001888888888888889,4,5
0.16666666666666669,0.3111111111111111,0.5,50,0.0023333333333333335,4,7
0.16666666666666669,0.3111111111111111,0.5,50,0.002777777777777778,5,6
0.16666666666666669,0.3111111111111111,0.5,50,0.0032222222222222222,6,9
0.16666666666666669,0.3111111111111111,0.5,50,0.003666666666666667,6,10
0.16666666666666669,0.3111111111111111,0.5,50,0.004111111111111111,6,11
0.16666666666666669,0.3111111111111111,0.5,50,0.004555555555555556,8,12
0.16666666666666669,0.3111111111111111,0.5,50,0.005,9,14
0.16666666666666669,0.33333333333333337,0.3,50,0.001,1,1
0.16666666666666669,0.33333333333333337,0.3,50,0.0014444444444444444,1,2
0.16666666666666669,0.33333333333333337,0.3,50,0.001888888888888889,3,3
0.16666666666666669,0.33333333333333337,0.3,50,0.0023333333333333335,3,3
0.16666666666666669,0.33333333333333337,0.3,50,0.002777777777777778,3,5
0.16666666666666669,0.33333333333333337,0.3,50,0.0032222222222222222,5,6
0.16666666666666669,0.33333333333333337,0.3,50,0.003666666666666667,4,6
0.16666666666666669,0.33333333333333337,0.3,50,0.004111111111111111,5,8
0.16666666666666669,0.33333333333333337,0.3,50,0.004555555555555556,6,9
0.16666666666666669,0.33333333333333337,0.3,50,0.005,6,10
0.16666666666666669,0.33333333333333337,0.3222222222222222,50,0.001,1,1
0.16666666666666669,0.33333333333333337,0.3222222222222222,50,0.0014444444444444444,2,3
0.16666666666666669,0.33333333333333337,0.3222222222222222,50,0.001888888888888889,3,3
0.16666666666666669,0.33333333333333337,0.3222222222222222,50,0.0023333333333333335,3,4
0.16666666666666669,0.33333333333333337,0.3222222222222222,50,0.002777777777777778,4,5
0.16666666666666669,0.33333333333333337,0.3222222222222222,50,0.0032222222222222222,4,6
0.16666666666666669,0.33333333333333337,0.3222222222222222,50,0.003666666666666667,5,7
0.16666666666666669,0.33333333333333337,0.3222222222222222,50,0.004111111111111111,5,9
0.16666666666666669,0.33333333333333337,0.3222222222222222,50,0.004555555555555556,6,10
0.16666666666666669,0.33333333333333337,0.3222222222222222,50,0.005,7,10
0.16666666666666669,0.33333333333333337,0.34444444444444444,50,0.001,2,2
0.16666666666666669,0.33333333333333337,0.34444444444444444,50,0.0014444444444444444,3,3
0.16666666666666669,0.33333333333333337,0.34444444444444444,50,0.001888888888888889,3,3
0.16666666666666669,0.33333333333333337,0.34444444444444444,50,0.0023333333333333335,3,4
0.16666666666666669,0.33333333333333337,0.34444444444444444,50,0.002777777777777778,3,7
0.16666666666666669,0.33333333333333337,0.34444444444444444,50,0.0032222222222222222,4,6
0.16666666666666669,0.33333333333333337,0.34444444444444444,50,0.003666666666666667,6,7
0.16666666666666669,0.33333333333333337,0.34444444444444444,50,0.004111111111111111,5,9
0.16666666666666669,0.33333333333333337,0.34444444444444444,50,0.004555555555555556,6,9
0.16666666666666669,0.33333333333333337,0.34444444444444444,50,0.005,7,11
0.16666666666666669,0.33333333333333337,0.36666666666666664,50,0.001,3,2
0.16666666666666669,0.33333333333333337,0.36666666666666664,50,0.0014444444444444444,3,3
0.16666666666666669,0.33333333333333337,0.36666666666666664,50,0.001888888888888889,3,3
0.16666666666666669,0.33333333333333337,0.36666666666666664,50,0.0023333333333333335,3,5
0.16666666666666669,0.33333333333333337,0.36666666666666664,50,0.002777777777777778,3,6
0.16666666666666669,0.33333333333333337,0.36666666666666664,50,0.0032222222222222222,5,7
0.16666666666666669,0.33333333333333337,0.36666666666666664,50,0.003666666666666667,5,9
0.16666666666666669,0.33333333333333337,0.36666666666666664,50,0.004111111111111111,6,10
0.16666666666666669,0.33333333333333337,0.36666666666666664,50,0.004555555555555556,7,11
0.16666666666666669,0.33333333333333337,0.36666666666666664,50,0.005,8,12
0.16666666666666669,0.33333333333333337,0.3888888888888889,50,0.001,3,3
0.16666666666666669,0.33333333333333337,0.3888888888888889,50,0.0014444444444444444,3,3
0.16666666666666669,0.33333333333333337,0.3888888888888889,50,0.001888888888888889,3,3
0.16666666666666669,0.33333333333333337,0.3888888888888889,50,0.0023333333333333335,3,6
0.16666666666666669,0.33333333333333337,0.3888888888888889,50,0.002777777777777778,4,7
0.16666666666666669,0.33333333333333337,0.3888888888888889,50,0.0032222222222222222,6,8
0.16666666666666669,0.33333333333333337,0.3888888888888889,50,0.003666666666666667,5,9
0.16666666666666669,0.33333333333333337,0.3888888888888889,50,0.004111111111111111,6,10
0.16666666666666669,0.33333333333333337,0.3888888888888889,50,0.004555555555555556,6,11
0.16666666666666669,0.33333333333333337,0.3888888888888889,50,0.005,7,13
0.16666666666666669,0.33333333333333337,0.4111111111111111,50,0.001,3,3
0.16666666666666669,0.33333333333333337,0.4111111111111111,50,0.0014444444444444444,3,3
0.16666666666666669,0.33333333333333337,0.4111111111111111,50,0.001888888888888889,3,5
0.16666666666666669,0.33333333333333337,0.4111111111111111,50,0.0023333333333333335,4,6
0.16666666666666669,0.33333333333333337,0.4111111111111111,50,0.002777777777777778,5,8
0.16666666666666669,0.33333333333333337,0.4111111111111111,50,0.0032222222222222222,5,9
0.16666666666666669,0.33333333333333337,0.4111111111111111,50,0.003666666666666667,5,10
0.16666666666666669,0.33333333333333337,0.4111111111111111,50,0.004111111111111111,7,10
0.16666666666666669,0.33333333333333337,0.4111111111111111,50,0.004555555555555556,8,12
0.16666666666666669,0.33333333333333337,0.4111111111111111,50,0.005,8,13
0.16666666666666669,0.33333333333333337,0.43333333333333335,50,0.001,3,3
0.16666666666666669,0.33333333333333337,0.43333333333333335,50,0.0014444444444444444,3,3
0.16666666666666669,0.33333333333333337,0.43333333333333335,50,0.001888888888888889,3,4
0.16666666666666669,0.33333333333333337,0.43333333333333335,50,0.0023333333333333335,4,6
0.16666666666666669,0.33333333333333337,0.43333333333333335,50,0.002777777777777778,5,8
0.16666666666666669,0.33333333333333337,0.43333333333333335,50,0.0032222222222222222,5,8
0.16666666666666669,0.33333333333333337,0.43333333333333335,50,0.003666666666666667,6,9
0.16666666666666669,0.33333333333333337,0.43333333333333335,50,0.004111111111111111,6,11
0.16666666666666669,0.33333333333333337,0.43333333333333335,50,0.004555555555555556,7,12
0.16666666666666669,0.33333333333333337,0.43333333333333335,50,0.005,7,13
0.16666666666666669,0.33333333333333337,0.45555555555555555,50,0.001,3,3
0.16666666666666669,0.33333333333333337,0.45555555555555555,50,0.0014444444444444444,3,3
0.16666666666666669,0.33333333333333337,0.45555555555555555,50,0.001888888888888889,4,4
0.16666666666666669,0.33333333333333337,0.45555555555555555,50,0.0023333333333333335,4,7
0.16666666666666669,0.33333333333333337,0.45555555555555555,50,0.002777777777777778,5,7
0.16666666666666669,0.33333333333333337,0.45555555555555555,50,0.0032222222222222222,5,8
0.16666666666666669,0.33333333333333337,0.45555555555555555,50,0.003666666666666667,6,10
0.16666666666666669,0.33333333333333337,0.45555555555555555,50,0.004111111111111111,6,12
0.16666666666666669,0.33333333333333337,0.45555555555555555,50,0.004555555555555556,7,12
0.16666666666666669,0.33333333333333337,0.45555555555555555,50,0.005,8,14
0.16666666666666669,0.33333333333333337,0.47777777777777775,50,0.001,3,3
0.16666666666666669,0.33333333333333337,0.47777777777777775,50,0.0014444444444444444,3,3
0.16666666666666669,0.33333333333333337,0.47777777777777775,50,0.001888888888888889,4,4
0.16666666666666669,0.33333333333333337,0.47777777777777775,50,0.0023333333333333335,5,6
0.16666666666666669,0.33333333333333337,0.47777777777777775,50,0.002777777777777778,5,8
0.16666666666666669,0.33333333333333337,0.47777777777777775,50,0.0032222222222222222,6,9
0.16666666666666669,0.33333333333333337,0.47777777777777775,50,0.003666666666666667,7,12
0.16666666666666669,0.33333333333333337,0.47777777777777775,50,0.004111111111111111,6,13
0.16666666666666669,0.33333333333333337,0.47777777777777775,50,0.004555555555555556,8,13
0.16666666666666669,0.33333333333333337,0.47777777777777775,50,0.005,9,13
0.16666666666666669,0.33333333333333337,0.5,50,0.001,3,3
0.16666666666666669,0.33333333333333337,0.5,50,0.0014444444444444444,3,3
0.16666666666666669,0.33333333333333337,0.5,50,0.001888888888888889,5,5
0.16666666666666669,0.33333333333333337,0.5,50,0.0023333333333333335,5,6
0.16666666666666669,0.33333333333333337,0.5,50,0.002777777777777778,5,8
0.16666666666666669,0.33333333333333337,0.5,50,0.0032222222222222222,5,10
0.16666666666666669,0.33333333333333337,0.5,50,0.003666666666666667,6,10
0.16666666666666669,0.33333333333333337,0.5,50,0.004111111111111111,7,11
0.16666666666666669,0.33333333333333337,0.5,50,0.004555555555555556,7,13
0.16666666666666669,0.33333333333333337,0.5,50,0.005,9,14
0.16666666666666669,0.35555555555555557,0.3,50,0.001,1,1
0.16666666666666669,0.35555555555555557,0.3,50,0.0014444444444444444,1,3
0.16666666666666669,0.35555555555555557,0.3,50,0.001888888888888889,3,3
0.16666666666666669,0.35555555555555557,0.3,50,0.0023333333333333335,3,4
0.16666666666666669,0.35555555555555557,0.3,50,0.002777777777777778,3,6
0.16666666666666669,0.35555555555555557,0.3,50,0.0032222222222222222,4,6
0.16666666666666669,0.35555555555555557,0.3,50,0.003666666666666667,5,8
0.16666666666666669,0.35555555555555557,0.3,50,0.004111111111111111,5,10
0.16666666666666669,0.35555555555555557,0.3,50,0.004555555555555556,6,10
0.16666666666666669,0.35555555555555557,0.3,50,0.005,6,11
0.16666666666666669,0.35555555555555557,0.3222222222222222,50,0.001,1,2
0.16666666666666669,0.35555555555555557,0.3222222222222222,50,0.0014444444444444444,3,3
0.16666666666666669,0.35555555555555557,0.3222222222222222,50,0.001888888888888889,3,3
0.16666666666666669,0.35555555555555557,0.3222222222222222,50,0.0023333333333333335,3,5
0.16666666666666669,0.35555555555555557,0.3222222222222222,50,0.002777777777777778,3,6
0.16666666666666669,0.35555555555555557,0.3222222222222222,50,0.0032222222222222222,4,8
0.16666666666666669,0.35555555555555557,0.3222222222222222,50,0.003666666666666667,5,8
0.16666666666666669,0.35555555555555557,0.3222222222222222,50,0.004111111111111111,6,10
0.16666666666666669,0.35555555555555557,0.3222222222222222,50,0.004555555555555556,7,11
0.16666666666666669,0.35555555555555557,0.3222222222222222,50,0.005,7,11
0.16666666666666669,0.35555555555555557,0.34444444444444444,50,0.001,3,3
0.16666666666666669,0.35555555555555557,0.34444444444444444,50,0.0014444444444444444,3,3
0.16666666666666669,0.35555555555555557,0.34444444444444444,50,0.001888888888888889,3,4
0.16666666666666669,0.35555555555555557,0.34444444444444444,50,0.0023333333333333335,3,5
0.16666666666666669,0.35555555555555557,0.34444444444444444,50,0.002777777777777778,4,6
0.16666666666666669,0.35555555555555557,0.34444444444444444,50,0.0032222222222222222,4,8
0.16666666666666669,0.35555555555555557,0.34444444444444444,50,0.003666666666666667,5,9
0.16666666666666669,0.35555555555555557,0.34444444444444444,50,0.004111111111111111,6,10
0.16666666666666669,0.35555555555555557,0.34444444444444444,50,0.004555555555555556,6,12
0.16666666666666669,0.35555555555555557,0.34444444444444444,50,0.005,7,12
0.16666666666666669,0.35555555555555557,0.36666666666666664,50,0.001,3,3
0.16666666666666669,0.35555555555555557,0.36666666666666664,50,0.0014444444444444444,3,3
0.16666666666666669,0.35555555555555557,0.36666666666666664,50,0.001888888888888889,3,4
0.16666666666666669,0.35555555555555557,0.36666666666666664,50,0.0023333333333333335,4,6
0.16666666666666669,0.35555555555555557,0.36666666666666664,50,0.002777777777777778,5,8
0.16666666666666669,0.35555555555555557,0.36666666666666664,50,0.0032222222222222222,5,8
0.16666666666666669,0.35555555555555557,0.36666666666666664,50,0.003666666666666667,5,9
0.16666666666666669,0.35555555555555557,0.36666666666666664,50,0.004111111111111111,6,11
0.16666666666666669,0.35555555555555557,0.36666666666666664,50,0.004555555555555556,7,12
0.16666666666666669,0.35555555555555557,0.36666666666666664,50,0.005,7,12
0.16666666666666669,0.35555555555555557,0.3888888888888889,50,0.001,3,3
0.16666666666666669,0.35555555555555557,0.3888888888888889,50,0.0014444444444444444,3,3
0.16666666666666669,0.35555555555555557,0.3888888888888889,50,0.001888888888888889,3,3
0.16666666666666669,0.35555555555555557,0.3888888888888889,50,0.0023333333333333335,3,4
0.16666666666666669,0.35555555555555557,0.3888888888888889,50,0.002777777777777778,5,7
0.16666666666666669,0.35555555555555557,0.3888888888888889,50,0.0032222222222222222,5,8
0.16666666666666669,0.35555555555555557,0.3888888888888889,50,0.003666666666666667,5,10
0.16666666666666669,0.35555555555555557,0.3888888888888889,50,0.004111111111111111,6,11
0.16666666666666669,0.35555555555555557,0.3888888888888889,50,0.004555555555555556,7,11
0.16666666666666669,0.35555555555555557,0.3888888888888889,50,0.005,9,14
0.16666666666666669,0.35555555555555557,0.4111111111111111,50,0.001,3,3
0.16666666666666669,0.35555555555555557,0.4111111111111111,50,0.0014444444444444444,3,3
0.16666666666666669,0.35555555555555557,0.4111111111111111,50,0.001888888888888889,4,3
0.16666666666666669,0.35555555555555557,0.4111111111111111,50,0.0023333333333333335,4,5
0.16666666666666669,0.35555555555555557,0.4111111111111111,50,0.002777777777777778,4,7
0.16666666666666669,0.35555555555555557,0.4111111111111111,50,0.0032222222222222222,6,7
0.16666666666666669,0.35555555555555557,0.4111111111111111,50,0.003666666666666667,7,10
0.16666666666666669,0.35555555555555557,0.4111111111111111,50,0.004111111111111111,7,11
0.16666666666666669,0.35555555555555557,0.4111111111111111,50,0.004555555555555556,8,11
0.16666666666666669,0.35555555555555557,0.4111111111111111,50,0.005,8,13
0.16666666666666669,0.35555555555555557,0.43333333333333335,50,0.001,3,3
0.16666666666666669,0.35555555555555557,0.43333333333333335,50,0.0014444444444444444,3,3
0.16666666666666669,0.35555555555555557,0.43333333333333335,50,0.001888888888888889,5,4
0.16666666666666669,0.35555555555555557,0.43333333333333335,50,0.0023333333333333335,5,6
0.16666666666666669,0.35555555555555557,0.43333333333333335,50,0.002777777777777778,5,8
0.16666666666666669,0.35555555555555557,0.43333333333333335,50,0.0032222222222222222,5,10
0.16666666666666669,0.35555555555555557,0.43333333333333335,50,0.003666666666666667,7,11
0.16666666666666669,0.35555555555555557,0.43333333333333335,50,0.004111111111111111,7,12
0.16666666666666669,0.35555555555555557,0.43333333333333335,50,0.004555555555555556,7,13
0.16666666666666669,0.35555555555555557,0.43333333333333335,50,0.005,9,14
0.16666666666666669,0.35555555555555557,0.45555555555555555,50,0.001,3,3
0.16666666666666669,0.35555555555555557,0.45555555555555555,50,0.0014444444444444444,4,3
0.16666666666666669,0.35555555555555557,0.45555555555555555,50,0.001888888888888889,5,4
0.16666666666666669,0.35555555555555557,0.45555555555555555,50,0.0023333333333333335,5,6
0.16666666666666669,0.35555555555555557,0.45555555555555555,50,0.002777777777777778,5,8
0.16666666666666669,0.35555555555555557,0.45555555555555555,50,0.0032222222222222222,6,10
0.16666666666666669,0.35555555555555557,0.45555555555555555,50,0.003666666666666667,7,11
0.16666666666666669,0.35555555555555557,0.45555555555555555,50,0.004111111111111111,8,12
0.16666666666666669,0.35555555555555557,0.45555555555555555,50,0.004555555555555556,8,13
0.16666666666666669,0.35555555555555557,0.45555555555555555,50,0.005,9,15
0.16666666666666669,0.35555555555555557,0.47777777777777775,50,0.001,3,3
0.16666666666666669,0.35555555555555557,0.47777777777777775,50,0.0014444444444444444,4,4
0.16666666666666669,0.35555555555555557,0.47777777777777775,50,0.001888888888888889,5,4
0.16666666666666669,0.35555555555555557,0.47777777777777775,50,0.0023333333333333335,5,6
0.16666666666666669,0.35555555555555557,0.47777777777777775,50,0.002777777777777778,5,8
0.16666666666666669,0.35555555555555557,0.47777777777777775,50,0.0032222222222222222,6,9
0.16666666666666669,0.35555555555555557,0.47777777777777775,50,0.003666666666666667,6,11
0.16666666666666669,0.35555555555555557,0.47777777777777775,50,0.004111111111111111,7,13
0.16666666666666669,0.35555555555555557,0.47777777777777775,50,0.004555555555555556,9,14
0.16666666666666669,0.35555555555555557,0.47777777777777775,50,0.005,9,14
0.16666666666666669,0.35555555555555557,0.5,50,0.001,3,3
0.16666666666666669,0.35555555555555557,0.5,50,0.0014444444444444444,5,4
0.16666666666666669,0.35555555555555557,0.5,50,0.001888888888888889,5,5
0.16666666666666669,0.35555555555555557,0.5,50,0.0023333333333333335,5,7
0.16666666666666669,0.35555555555555557,0.5,50,0.002777777777777778,5,7
0.16666666666666669,0.35555555555555557,0.5,50,0.0032222222222222222,6,10
0.16666666666666669,0.35555555555555557,0.5,50,0.003666666666666667,6,11
0.16666666666666669,0.35555555555555557,0.5,50,0.004111111111111111,7,12
0.16666666666666669,0.35555555555555557,0.5,50,0.004555555555555556,8,13
0.16666666666666669,0.35555555555555557,0.5,50,0.005,9,15
0.16666666666666669,0.37777777777777777,0.3,50,0.001,0,1
0.16666666666666669,0.37777777777777777,0.3,50,0.0014444444444444444,3,3
0.16666666666666669,0.37777777777777777,0.3,50,0.001888888888888889,2,3
0.16666666666666669,0.37777777777777777,0.3,50,0.0023333333333333335,3,5
0.16666666666666669,0.37777777777777777,0.3,50,0.002777777777777778,4,6
0.16666666666666669,0.37777777777777777,0.3,50,0.0032222222222222222,4,8
0.16666666666666669,0.37777777777777777,0.3,50,0.003666666666666667,5,9
0.16666666666666669,0.37777777777777777,0.3,50,0.004111111111111111,5,9
0.16666666666666669,0.37777777777777777,0.3,50,0.004555555555555556,6,9
0.16666666666666669,0.37777777777777777,0.3,50,0.005,6,12
0.16666666666666669,0.37777777777777777,0.3222222222222222,50,0.001,1,2
0.16666666666666669,0.37777777777777777,0.3222222222222222,50,0.0014444444444444444,3,3
0.16666666666666669,0.37777777777777777,0.3222222222222222,50,0.001888888888888889,3,4
0.16666666666666669,0.37777777777777777,0.3222222222222222,50,0.0023333333333333335,3,6
0.16666666666666669,0.37777777777777777,0.3222222222222222,50,0.002777777777777778,4,6
0.16666666666666669,0.37777777777777777,0.3222222222222222,50,0.0032222222222222222,5,8
0.16666666666666669,0.37777777777777777,0.3222222222222222,50,0.003666666666666667,5,8
0.16666666666666669,0.37777777777777777,0.3222222222222222,50,0.004111111111111111,5,9
0.16666666666666669,0.37777777777777777,0.3222222222222222,50,0.004555555555555556,7,11
0.16666666666666669,0.37777777777777777,0.3222222222222222,50,0.005,7,13
0.16666666666666669,0.37777777777777777,0.34444444444444444,50,0.001,2,3
0.16666666666666669,0.37777777777777777,0.34444444444444444,50,0.0014444444444444444,3,3
0.16666666666666669,0.37777777777777777,0.34444444444444444,50,0.001888888888888889,3,5
0.16666666666666669,0.37777777777777777,0.34444444444444444,50,0.0023333333333333335,4,5
0.16666666666666669,0.37777777777777777,0.34444444444444444,50,0.002777777777777778,4,6
0.16666666666666669,0.37777777777777777,0.34444444444444444,50,0.0032222222222222222,5,9
0.16666666666666669,0.37777777777777777,0.34444444444444444,50,0.003666666666666667,6,9
0.16666666666666669,0.37777777777777777,0.34444444444444444,50,0.004111111111111111,7,11
0.16666666666666669,0.37777777777777777,0.34444444444444444,50,0.004555555555555556,7,12
0.16666666666666669,0.37777777777777777,0.34444444444444444,50,0.005,8,14
0.16666666666666669,0.37777777777777777,0.36666666666666664,50,0.001,3,3
0.16666666666666669,0.37777777777777777,0.36666666666666664,50,0.0014444444444444444,3,3
0.16666666666666669,0.37777777777777777,0.36666666666666664,50,0.001888888888888889,4,4
0.16666666666666669,0.37777777777777777,0.36666666666666664,50,0.0023333333333333335,4,6
0.16666666666666669,0.37777777777777777,0.36666666666666664,50,0.002777777777777778,5,7
0.16666666666666669,0.37777777777777777,0.36666666666666664,50,0.0032222222222222222,5,9
0.16666666666666669,0.37777777777777777,0.36666666666666664,50,0.003666666666666667,5,10
0.16666666666666669,0.37777777777777777,0.36666666666666664,50,0.004111111111111111,8,11
0.16666666666666669,0.37777777777777777,0.36666666666666664,50,0.004555555555555556,7,12
0.16666666666666669,0.37777777777777777,0.36666666666666664,50,0.005,8,14
0.16666666666666669,0.37777777777777777,0.3888888888888889,50,0.001,3,3
0.16666666666666669,0.37777777777777777,0.3888888888888889,50,0.0014444444444444444,3,3
0.16666666666666669,0.37777777777777777,0.3888888888888889,50,0.001888888888888889,4,4
0.16666666666666669,0.37777777777777777,0.3888888888888889,50,0.0023333333333333335,4,6
0.16666666666666669,0.37777777777777777,0.3888888888888889,50,0.002777777777777778,5,7
0.16666666666666669,0.37777777777777777,0.3888888888888889,50,0.0032222222222222222,5,9
0.16666666666666669,0.37777777777777777,0.3888888888888889,50,0.003666666666666667,6,10
0.16666666666666669,0.37777777777777777,0.3888888888888889,50,0.004111111111111111,7,11
0.16666666666666669,0.37777777777777777,0.3888888888888889,50,0.004555555555555556,8,13
0.16666666666666669,0.37777777777777777,0.3888888888888889,50,0.005,9,15
0.16666666666666669,0.37777777777777777,0.4111111111111111,50,0.001,3,3
0.16666666666666669,0.37777777777777777,0.4111111111111111,50,0.0014444444444444444,3,3
0.16666666666666669,0.37777777777777777,0.4111111111111111,50,0.001888888888888889,4,4
0.16666666666666669,0.37777777777777777,0.4111111111111111,50,0.0023333333333333335,5,7
0.16666666666666669,0.37777777777777777,0.4111111111111111,50,0.002777777777777778,5,9
0.16666666666666669,0.37777777777777777,0.4111111111111111,50,0.0032222222222222222,6,10
0.16666666666666669,0.37777777777777777,0.4111111111111111,50,0.003666666666666667,7,11
0.16666666666666669,0.37777777777777777,0.4111111111111111,50,0.004111111111111111,7,12
0.16666666666666669,0.37777777777777777,0.4111111111111111,50,0.004555555555555556,8,12
0.16666666666666669,0.37777777777777777,0.4111111111111111,50,0.005,9,15
0.16666666666666669,0.37777777777777777,0.43333333333333335,50,0.001,3,3
0.16666666666666669,0.37777777777777777,0.43333333333333335,50,0.0014444444444444444,4,3
0.16666666666666669,0.37777777777777777,0.43333333333333335,50,0.001888888888888889,5,4
0.16666666666666669,0.37777777777777777,0.43333333333333335,50,0.0023333333333333335,5,6
0.16666666666666669,0.37777777777777777,0.43333333333333335,50,0.002777777777777778,5,8
0.16666666666666669,0.37777777777777777,0.43333333333333335,50,0.0032222222222222222,6,9
0.16666666666666669,0.37777777777777777,0.43333333333333335,50,0.003666666666666667,7,10
0.16666666666666669,0.37777777777777777,0.43333333333333335,50,0.004111111111111111,8,13
0.16666666666666669,0.37777777777777777,0.43333333333333335,50,0.004555555555555556,9,14
0.16666666666666669,0.37777777777777777,0.43333333333333335,50,0.005,9,15
0.16666666666666669,0.37777777777777777,0.45555555555555555,50,0.001,3,3
0.16666666666666669,0.37777777777777777,0.45555555555555555,50,0.0014444444444444444,4,3
0.16666666666666669,0.37777777777777777,0.45555555555555555,50,0.001888888888888889,5,5
0.16666666666666669,0.37777777777777777,0.45555555555555555,50,0.0023333333333333335,5,7
0.16666666666666669,0.37777777777777777,0.45555555555555555,50,0.002777777777777778,5,9
0.16666666666666669,0.37777777777777777,0.45555555555555555,50,0.0032222222222222222,7,10
0.16666666666666669,0.37777777777777777,0.45555555555555555,50,0.003666666666666667,7,12
0.16666666666666669,0.37777777777777777,0.45555555555555555,50,0.004111111111111111,8,13
0.16666666666666669,0.37777777777777777,0.45555555555555555,50,0.004555555555555556,8,15
0.16666666666666669,0.37777777777777777,0.45555555555555555,50,0.005,10,16
0.16666666666666669,0.37777777777777777,0.47777777777777775,50,0.001,4,3
0.16666666666666669,0.37777777777777777,0.47777777777777775,50,0.0014444444444444444,5,4
0.16666666666666669,0.37777777777777777,0.47777777777777775,50,0.001888888888888889,5,5
0.16666666666666669,0.37777777777777777,0.47777777777777775,50,0.0023333333333333335,5,6
0.16666666666666669,0.37777777777777777,0.47777777777777775,50,0.002777777777777778,5,9
0.16666666666666669,0.37777777777777777,0.47777777777777775,50,0.0032222222222222222,7,10
0.16666666666666669,0.37777777777777777,0.47777777777777775,50,0.003666666666666667,8,12
0.16666666666666669,0.37777777777777777,0.47777777777777775,50,0.004111111111111111,7,14
0.16666666666666669,0.37777777777777777,0.47777777777777775,50,0.004555555555555556,9,16
0.16666666666666669,0.37777777777777777,0.47777777777777775,50,0.005,10,16
0.16666666666666669,0.37777777777777777,0.5,50,0.001,4,3
0.16666666666666669,0.37777777777777777,0.5,50,0.0014444444444444444,5,4
0.16666666666666669,0.37777777777777777,0.5,50,0.001888888888888889,5,5
0.16666666666666669,0.37777777777777777,0.5,50,0.0023333333333333335,5,8
0.16666666666666669,0.37777777777777777,0.5,50,0.002777777777777778,6,8
0.16666666666666669,0.37777777777777777,0.5,50,0.0032222222222222222,7,10
0.16666666666666669,0.37777777777777777,0.5,50,0.003666666666666667,7,12
0.16666666666666669,0.37777777777777777,0.5,50,0.004111111111111111,8,13
0.16666666666666669,0.37777777777777777,0.5,50,0.004555555555555556,9,14
0.16666666666666669,0.37777777777777777,0.5,50,0.005,10,16
0.16666666666666669,0.4,0.3,50,0.001,1,1
0.16666666666666669,0.4,0.3,50,0.0014444444444444444,2,3
0.16666666666666669,0.4,0.3,50,0.001888888888888889,3,4
0.16666666666666669,0.4,0.3,50,0.0023333333333333335,3,5
0.16666666666666669,0.4,0.3,50,0.002777777777777778,4,6
0.16666666666666669,0.4,0.3,50,0.0032222222222222222,4,7
0.16666666666666669,0.4,0.3,50,0.003666666666666667,5,9
0.16666666666666669,0.4,0.3,50,0.004111111111111111,5,9
0.16666666666666669,0.4,0.3,50,0.004555555555555556,6,10
0.16666666666666669,0.4,0.3,50,0.005,8,13
0.16666666666666669,0.4,0.3222222222222222,50,0.001,1,3
0.16666666666666669,0.4,0.3222222222222222,50,0.0014444444444444444,3,3
0.16666666666666669,0.4,0.3222222222222222,50,0.001888888888888889,3,4
0.16666666666666669,0.4,0.3222222222222222,50,0.0023333333333333335,4,6
0.16666666666666669,0.4,0.3222222222222222,50,0.002777777777777778,5,7
0.16666666666666669,0.4,0.3222222222222222,50,0.0032222222222222222,5,7
0.16666666666666669,0.4,0.3222222222222222,50,0.003666666666666667,6,9
0.16666666666666669,0.4,0.3222222222222222,50,0.004111111111111111,6,11
0.16666666666666669,0.4,0.3222222222222222,50,0.004555555555555556,7,12
0.16666666666666669,0.4,0.3222222222222222,50,0.005,8,13
0.16666666666666669,0.4,0.34444444444444444,50,0.001,2,3
0.16666666666666669,0.4,0.34444444444444444,50,0.0014444444444444444,3,3
0.16666666666666669,0.4,0.34444444444444444,50,0.001888888888888889,3,4
0.16666666666666669,0.4,0.34444444444444444,50,0.0023333333333333335,3,5
0.16666666666666669,0.4,0.34444444444444444,50,0.002777777777777778,5,6
0.16666666666666669,0.4,0.34444444444444444,50,0.0032222222222222222,5,10
0.16666666666666669,0.4,0.34444444444444444,50,0.003666666666666667,6,10
0.16666666666666669,0.4,0.34444444444444444,50,0.004111111111111111,8,11
0.16666666666666669,0.4,0.34444444444444444,50,0.004555555555555556,8,13
0.16666666666666669,0.4,0.34444444444444444,50,0.005,8,15
0.16666666666666669,0.4,0.36666666666666664,50,0.001,3,3
0.16666666666666669,0.4,0.36666666666666664,50,0.0014444444444444444,3,3
0.16666666666666669,0.4,0.36666666666666664,50,0.001888888888888889,4,4
0.16666666666666669,0.4,0.36666666666666664,50,0.0023333333333333335,5,6
0.16666666666666669,0.4,0.36666666666666664,50,0.002777777777777778,5,8
0.16666666666666669,0.4,0.36666666666666664,50,0.0032222222222222222,5,10
0.16666666666666669,0.4,0.36666666666666664,50,0.003666666666666667,6,11
0.16666666666666669,0.4,0.36666666666666664,50,0.004111111111111111,8,12
0.16666666666666669,0.4,0.36666666666666664,50,0.004555555555555556,8,14
0.16666666666666669,0.4,0.36666666666666664,50,0.005,9,13
0.16666666666666669,0.4,0.3888888888888889,50,0.001,3,3
0.16666666666666669,0.4,0.3888888888888889,50,0.0014444444444444444,4,3
0.16666666666666669,0.4,0.3888888888888889,50,0.001888888888888889,4,5
0.16666666666666669,0.4,0.3888888888888889,50,0.0023333333333333335,5,7
0.16666666666666669,0.4,0.3888888888888889,50,0.002777777777777778,6,8
0.16666666666666669,0.4,0.3888888888888889,50,0.0032222222222222222,6,9
0.16666666666666669,0.4,0.3888888888888889,50,0.003666666666666667,6,11
0.16666666666666669,0.4,0.3888888888888889,50,0.004111111111111111,7,12
0.16666666666666669,0.4,0.3888888888888889,50,0.004555555555555556,8,14
0.16666666666666669,0.4,0.3888888888888889,50,0.005,8,16
0.16666666666666669,0.4,0.4111111111111111,50,0.001,3,3
0.16666666666666669,0.4,0.4111111111111111,50,0.0014444444444444444,3,3
0.16666666666666669,0.4,0.4111111111111111,50,0.001888888888888889,5,4
0.16666666666666669,0.4,0.4111111111111111,50,0.0023333333333333335,5,6
0.16666666666666669,0.4,0.4111111111111111,50,0.002777777777777778,5,8
0.16666666666666669,0.4,0.4111111111111111,50,0.0032222222222222222,7,11
0.16666666666666669,0.4,0.4111111111111111,50,0.003666666666666667,7,12
0.16666666666666669,0.4,0.4111111111111111,50,0.004111111111111111,8,13
0.16666666666666669,0.4,0.4111111111111111,50,0.004555555555555556,9,14
0.16666666666666669,0.4,0.4111111111111111,50,0.005,9,15
0.16666666666666669,0.4,0.43333333333333335,50,0.001,3,3
0.16666666666666669,0.4,0.43333333333333335,50,0.0014444444444444444,5,3
0.16666666666666669,0.4,0.43333333333333335,50,0.001888888888888889,5,5
0.16666666666666669,0.4,0.43333333333333335,50,0.0023333333333333335,5,7
0.16666666666666669,0.4,0.43333333333333335,50,0.002777777777777778,5,8
0.16666666666666669,0.4,0.43333333333333335,50,0.0032222222222222222,7,9
0.16666666666666669,0.4,0.43333333333333335,50,0.003666666666666667,8,12
0.16666666666666669,0.4,0.43333333333333335,50,0.004111111111111111,8,13
0.16666666666666669,0.4,0.43333333333333335,50,0.004555555555555556,9,16
0.16666666666666669,0.4,0.43333333333333335,50,0.005,10,16
0.16666666666666669,0.4,0.45555555555555555,50,0.001,4,3
0.16666666666666669,0.4,0.45555555555555555,50,0.0014444444444444444,5,4
0.16666666666666669,0.4,0.45555555555555555,50,0.001888888888888889,5,6
0.16666666666666669,0.4,0.45555555555555555,50,0.0023333333333333335,5,7
0.16666666666666669,0.4,0.45555555555555555,50,0.002777777777777778,6,8
0.16666666666666669,0.4,0.45555555555555555,50,0.0032222222222222222,6,11
0.16666666666666669,0.4,0.45555555555555555,50,0.003666666666666667,8,13
0.16666666666666669,0.4,0.45555555555555555,50,0.004111111111111111,8,14
0.16666666666666669,0.4,0.45555555555555555,50,0.004555555555555556,9,14
0.16666666666666669,0.4,0.45555555555555555,50,0.005,10,18
0.16666666666666669,0.4,0.47777777777777775,50,0.001,4,3
0.16666666666666669,0.4,0.47777777777777775,50,0.0014444444444444444,5,4
0.16666666666666669,0.4,0.47777777777777775,50,0.001888888888888889,5,5
0.16666666666666669,0.4,0.47777777777777775,50,0.0023333333333333335,6,7
0.16666666666666669,0.4,0.47777777777777775,50,0.002777777777777778,6,9
0.16666666666666669,0.4,0.47777777777777775,50,0.0032222222222222222,7,11
0.16666666666666669,0.4,0.47777777777777775,50,0.003666666666666667,8,13
0.16666666666666669,0.4,0.47777777777777775,50,0.004111111111111111,8,14
0.16666666666666669,0.4,0.47777777777777775,50,0.004555555555555556,9,15
0.16666666666666669,0.4,0.47777777777777775,50,0.005,10,18
0.16666666666666669,0.4,0.5,50,0.001,4,4
0.16666666666666669,0.4,0.5,50,0.0014444444444444444,5,5
0.16666666666666669,0.4,0.5,50,0.001888888888888889,5,7
0.16666666666666669,0.4,0.5,50,0.0023333333333333335,6,8
0.16666666666666669,0.4,0.5,50,0.002777777777777778,6,9
0.16666666666666669,0.4,0.5,50,0.0032222222222222222,8,11
0.16666666666666669,0.4,0.5,50,0.003666666666666667,9,12
0.16666666666666669,0.4,0.5,50,0.004111111111111111,9,14
0.16666666666666669,0.4,0.5,50,0.004555555555555556,9,15
0.16666666666666669,0.4,0.5,50,0.005,10,17
0.18333333333333335,0.2,0.3,50,0.001,1,1
0.18333333333333335,0.2,0.3,50,0.0014444444444444444,1,1
0.18333333333333335,0.2,0.3,50,0.001888888888888889,1,1
0.18333333333333335,0.2,0.3,50,0.0023333333333333335,1,2
0.18333333333333335,0.2,0.3,50,0.002777777777777778,2,3
0.18333333333333335,0.2,0.3,50,0.0032222222222222222,2,3
0.18333333333333335,0.2,0.3,50,0.003666666666666667,3,4
0.18333333333333335,0.2,0.3,50,0.004111111111111111,3,5
0.18333333333333335,0.2,0.3,50,0.004555555555555556,3,5
0.18333333333333335,0.2,0.3,50,0.005,3,5
0.18333333333333335,0.2,0.3222222222222222,50,0.001,1,1
0.18333333333333335,0.2,0.3222222222222222,50,0.0014444444444444444,1,1
0.18333333333333335,0.2,0.3222222222222222,50,0.001888888888888889,1,1
0.18333333333333335,0.2,0.3222222222222222,50,0.0023333333333333335,2,2
0.18333333333333335,0.2,0.3222222222222222,50,0.002777777777777778,3,3
0.18333333333333335,0.2,0.3222222222222222,50,0.0032222222222222222,3,4
0.18333333333333335,0.2,0.3222222222222222,50,0.003666666666666667,3,4
0.18333333333333335,0.2,0.3222222222222222,50,0.004111111111111111,3,5
0.18333333333333335,0.2,0.3222222222222222,50,0.004555555555555556,3,6
0.18333333333333335,0.2,0.3222222222222222,50,0.005,4,7
0.18333333333333335,0.2,0.34444444444444444,50,0.001,1,1
0.18333333333333335,0.2,0.34444444444444444,50,0.0014444444444444444,1,1
0.18333333333333335,0.2,0.34444444444444444,50,0.001888888888888889,1,1
0.18333333333333335,0.2,0.34444444444444444,50,0.0023333333333333335,2,2
0.18333333333333335,0.2,0.34444444444444444,50,0.002777777777777778,3,4
0.18333333333333335,0.2,0.34444444444444444,50,0.0032222222222222222,3,4
0.18333333333333335,0.2,0.34444444444444444,50,0.003666666666666667,3,5
0.18333333333333335,0.2,0.34444444444444444,50,0.004111111111111111,3,5
0.18333333333333335,0.2,0.34444444444444444,50,0.004555555555555556,3,7
0.18333333333333335,0.2,0.34444444444444444,50,0.005,4,7
0.18333333333333335,0.2,0.36666666666666664,50,0.001,1,1
0.18333333333333335,0.2,0.36666666666666664,50,0.0014444444444444444,2,1
0.18333333333333335,0.2,0.36666666666666664,50,0.001888888888888889,2,2
0.18333333333333335,0.2,0.36666666666666664,50,0.0023333333333333335,3,3
0.18333333333333335,0.2,0.36666666666666664,50,0.002777777777777778,3,3
0.18333333333333335,0.2,0.36666666666666664,50,0.0032222222222222222,3,4
0.18333333333333335,0.2,0.36666666666666664,50,0.003666666666666667,3,5
0.18333333333333335,0.2,0.36666666666666664,50,0.004111111111111111,4,6
0.18333333333333335,0.2,0.36666666666666664,50,0.004555555555555556,4,6
0.18333333333333335,0.2,0.36666666666666664,50,0.005,4,7
0.18333333333333335,0.2,0.3888888888888889,50,0.001,2,2
0.18333333333333335,0.2,0.3888888888888889,50,0.0014444444444444444,3,2
0.18333333333333335,0.2,0.3888888888888889,50,0.001888888888888889,3,3
0.18333333333333335,0.2,0.3888888888888889,50,0.0023333333333333335,3,3
0.18333333333333335,0.2,0.3888888888888889,50,0.002777777777777778,3,4
0.18333333333333335,0.2,0.3888888888888889,50,0.0032222222222222222,3,5
0.18333333333333335,0.2,0.3888888888888889,50,0.003666666666666667,3,6
0.18333333333333335,0.2,0.3888888888888889,50,0.004111111111111111,3,5
0.18333333333333335,0.2,0.3888888888888889,50,0.004555555555555556,4,7
0.18333333333333335,0.2,0.3888888888888889,50,0.005,5,7
0.18333333333333335,0.2,0.4111111111111111,50,0.001,2,3
0.18333333333333335,0.2,0.4111111111111111,50,0.0014444444444444444,3,3
0.18333333333333335,0.2,0.4111111111111111,50,0.001888888888888889,3,3
0.18333333333333335,0.2,0.4111111111111111,50,0.0023333333333333335,3,3
0.18333333333333335,0.2,0.4111111111111111,50,0.002777777777777778,3,4
0.18333333333333335,0.2,0.4111111111111111,50,0.0032222222222222222,3,5
0.18333333333333335,0.2,0.4111111111111111,50,0.003666666666666667,3,5
0.18333333333333335,0.2,0.4111111111111111,50,0.004111111111111111,4,7
0.18333333333333335,0.2,0.4111111111111111,50,0.004555555555555556,4,6
0.18333333333333335,0.2,0.4111111111111111,50,0.005,4,7
0.18333333333333335,0.2,0.43333333333333335,50,0.001,3,3
0.18333333333333335,0.2,0.43333333333333335,50,0.0014444444444444444,3,3
0.18333333333333335,0.2,0.43333333333333335,50,0.001888888888888889,3,3
0.18333333333333335,0.2,0.43333333333333335,50,0.0023333333333333335,3,3
0.18333333333333335,0.2,0.43333333333333335,50,0.002777777777777778,3,3
0.18333333333333335,0.2,0.43333333333333335,50,0.0032222222222222222,3,3
0.18333333333333335,0.2,0.43333333333333335,50,0.003666666666666667,3,5
0.18333333333333335,0.2,0.43333333333333335,50,0.004111111111111111,3,5
0.18333333333333335,0.2,0.43333333333333335,50,0.004555555555555556,3,5
0.18333333333333335,0.2,0.43333333333333335,50,0.005,3,5
0.18333333333333335,0.2,0.45555555555555555,50,0.001,3,3
0.18333333333333335,0.2,0.45555555555555555,50,0.0014444444444444444,3,3
0.18333333333333335,0.2,0.45555555555555555,50,0.001888888888888889,3,3
0.18333333333333335,0.2,0.45555555555555555,50,0.0023333333333333335,3,3
0.18333333333333335,0.2,0.45555555555555555,50,0.002777777777777778,3,3
0.18333333333333335,0.2,0.45555555555555555,50,0.0032222222222222222,3,3
0.18333333333333335,0.2,0.45555555555555555,50,0.003666666666666667,3,3
0.18333333333333335,0.2,0.45555555555555555,50,0.004111111111111111,3,4
0.18333333333333335,0.2,0.45555555555555555,50,0.004555555555555556,3,5
0.18333333333333335,0.2,0.45555555555555555,50,0.005,4,5
0.18333333333333335,0.2,0.47777777777777775,50,0.001,3,2
0.18333333333333335,0.2,0.47777777777777775,50,0.0014444444444444444,3,3
0.18333333333333335,0.2,0.47777777777777775,50,0.001888888888888889,3,3
0.18333333333333335,0.2,0.47777777777777775,50,0.0023333333333333335,3,3
0.18333333333333335,0.2,0.47777777777777775,50,0.002777777777777778,3,3
0.18333333333333335,0.2,0.47777777777777775,50,0.0032222222222222222,3,3
0.18333333333333335,0.2,0.47777777777777775,50,0.003666666666666667,3,3
0.18333333333333335,0.2,0.47777777777777775,50,0.004111111111111111,3,3
0.18333333333333335,0.2,0.47777777777777775,50,0.004555555555555556,3,3
0.18333333333333335,0.2,0.47777777777777775,50,0.005,3,4
0.18333333333333335,0.2,0.5,50,0.001,3,2
0.18333333333333335,0.2,0.5,50,0.0014444444444444444,3,2
0.18333333333333335,0.2,0.5,50,0.001888888888888889,3,3
0.18333333333333335,0.2,0.5,50,0.0023333333333333335,3,3
0.18333333333333335,0.2,0.5,50,0.002777777777777778,3,3
0.18333333333333335,0.2,0.5,50,0.0032222222222222222,3,3
0.18333333333333335,0.2,0.5,50,0.003666666666666667,3,3
0.18333333333333335,0.2,0.5,50,0.004111111111111111,3,4
0.18333333333333335,0.2,0.5,50,0.004555555555555556,3,4
0.18333333333333335,0.2,0.5,50,0.005,3,3
0.18333333333333335,0.22222222222222224,0.3,50,0.001,1,1
0.18333333333333335,0.22222222222222224,0.3,50,0.0014444444444444444,1,1
0.18333333333333335,0.22222222222222224,0.3,50,0.001888888888888889,1,1
0.18333333333333335,0.22222222222222224,0.3,50,0.0023333333333333335,1,2
0.18333333333333335,0.22222222222222224,0.3,50,0.002777777777777778,3,3
0.18333333333333335,0.22222222222222224,0.3,50,0.0032222222222222222,3,4
0.18333333333333335,0.22222222222222224,0.3,50,0.003666666666666667,3,5
0.18333333333333335,0.22222222222222224,0.3,50,0.004111111111111111,3,5
0.18333333333333335,0.22222222222222224,0.3,50,0.004555555555555556,3,6
0.18333333333333335,0.22222222222222224,0.3,50,0.005,3,6
0.18333333333333335,0.22222222222222224,0.3222222222222222,50,0.001,1,1
0.18333333333333335,0.22222222222222224,0.3222222222222222,50,0.0014444444444444444,1,1
0.18333333333333335,0.22222222222222224,0.3222222222222222,50,0.001888888888888889,2,1
0.18333333333333335,0.22222222222222224,0.3222222222222222,50,0.0023333333333333335,3,2
0.18333333333333335,0.22222222222222224,0.3222222222222222,50,0.002777777777777778,3,4
0.18333333333333335,0.22222222222222224,0.3222222222222222,50,0.0032222222222222222,3,4
0.18333333333333335,0.22222222222222224,0.3222222222222222,50,0.003666666666666667,3,5
0.18333333333333335,0.22222222222222224,0.3222222222222222,50,0.004111111111111111,3,6
0.18333333333333335,0.22222222222222224,0.3222222222222222,50,0.004555555555555556,4,7
0.18333333333333335,0.22222222222222224,0.3222222222222222,50,0.005,4,7
0.18333333333333335,0.22222222222222224,0.34444444444444444,50,0.001,1,1
0.18333333333333335,0.22222222222222224,0.34444444444444444,50,0.0014444444444444444,1,1
0.18333333333333335,0.22222222222222224,0.34444444444444444,50,0.001888888888888889,2,1
0.18333333333333335,0.22222222222222224,0.34444444444444444,50,0.0023333333333333335,3,3
0.18333333333333335,0.22222222222222224,0.34444444444444444,50,0.002777777777777778,3,4
0.18333333333333335,0.22222222222222224,0.34444444444444444,50,0.0032222222222222222,3,4
0.18333333333333335,0.22222222222222224,0.34444444444444444,50,0.003666666666666667,3,5
0.18333333333333335,0.22222222222222224,0.34444444444444444,50,0.004111111111111111,3,5
0.18333333333333335,0.22222222222222224,0.34444444444444444,50,0.004555555555555556,4,7
0.18333333333333335,0.22222222222222224,0.34444444444444444,50,0.005,4,7
0.18333333333333335,0.22222222222222224,0.36666666666666664,50,0.001,2,1
0.18333333333333335,0.22222222222222224,0.36666666666666664,50,0.0014444444444444444,3,2
0.18333333333333335,0.22222222222222224,0.36666666666666664,50,0.001888888888888889,3,3
0.18333333333333335,0.22222222222222224,0.36666666666666664,50,0.0023333333333333335,3,3
0.18333333333333335,0.22222222222222224,0.36666666666666664,50,0.002777777777777778,3,4
0.18333333333333335,0.22222222222222224,0.36666666666666664,50,0.0032222222222222222,3,5
0.18333333333333335,0.22222222222222224,0.36666666666666664,50,0.003666666666666667,3,5
0.18333333333333335,0.22222222222222224,0.36666666666666664,50,0.004111111111111111,3,7
0.18333333333333335,0.22222222222222224,0.36666666666666664,50,0.004555555555555556,3,6
0.18333333333333335,0.22222222222222224,0.36666666666666664,50,0.005,4,8
0.18333333333333335,0.22222222222222224,0.3888888888888889,50,0.001,2,2
0.18333333333333335,0.22222222222222224,0.3888888888888889,50,0.0014444444444444444,3,2
0.18333333333333335,0.22222222222222224,0.3888888888888889,50,0.001888888888888889,3,3
0.18333333333333335,0.22222222222222224,0.3888888888888889,50,0.0023333333333333335,3,4
0.18333333333333335,0.22222222222222224,0.3888888888888889,50,0.002777777777777778,3,4
0.18333333333333335,0.22222222222222224,0.3888888888888889,50,0.0032222222222222222,3,5
0.18333333333333335,0.22222222222222224,0.3888888888888889,50,0.003666666666666667,3,6
0.18333333333333335,0.22222222222222224,0.3888888888888889,50,0.004111111111111111,4,7
0.18333333333333335,0.22222222222222224,0.3888888888888889,50,0.004555555555555556,5,7
0.18333333333333335,0.22222222222222224,0.3888888888888889,50,0.005,5,8
0.18333333333333335,0.22222222222222224,0.4111111111111111,50,0.001,3,3
0.18333333333333335,0.22222222222222224,0.4111111111111111,50,0.0014444444444444444,3,3
0.18333333333333335,0.22222222222222224,0.4111111111111111,50,0.001888888888888889,3,3
0.18333333333333335,0.22222222222222224,0.4111111111111111,50,0.0023333333333333335,3,4
0.18333333333333335,0.22222222222222224,0.4111111111111111,50,0.002777777777777778,3,5
0.18333333333333335,0.22222222222222224,0.4111111111111111,50,0.0032222222222222222,3,5
0.18333333333333335,0.22222222222222224,0.4111111111111111,50,0.003666666666666667,4,5
0.18333333333333335,0.22222222222222224,0.4111111111111111,50,0.004111111111111111,4,7
0.18333333333333335,0.22222222222222224,0.4111111111111111,50,0.004555555555555556,5,8
0.18333333333333335,0.22222222222222224,0.4111111111111111,50,0.005,5,7
0.18333333333333335,0.22222222222222224,0.43333333333333335,50,0.001,3,3
0.18333333333333335,0.22222222222222224,0.43333333333333335,50,0.0014444444444444444,3,3
0.18333333333333335,0.22222222222222224,0.43333333333333335,50,0.001888888888888889,3,3
0.18333333333333335,0.22222222222222224,0.43333333333333335,50,0.0023333333333333335,3,3
0.18333333333333335,0.22222222222222224,0.43333333333333335,50,0.002777777777777778,3,4
0.18333333333333335,0.22222222222222224,0.43333333333333335,50,0.0032222222222222222,3,4
0.18333333333333335,0.22222222222222224,0.43333333333333335,50,0.003666666666666667,3,5
0.18333333333333335,0.22222222222222224,0.43333333333333335,50,0.004111111111111111,3,6
0.18333333333333335,0.22222222222222224,0.43333333333333335,50,0.004555555555555556,4,6
0.18333333333333335,0.22222222222222224,0.43333333333333335,50,0.005,5,6
0.18333333333333335,0.22222222222222224,0.45555555555555555,50,0.001,3,3
0.18333333333333335,0.22222222222222224,0.45555555555555555,50,0.0014444444444444444,3,3
0.18333333333333335,0.22222222222222224,0.45555555555555555,50,0.001888888888888889,3,3
0.18333333333333335,0.22222222222222224,0.45555555555555555,50,0.0023333333333333335,3,3
0.18333333333333335,0.22222222222222224,0.45555555555555555,50,0.002777777777777778,3,3
0.18333333333333335,0.22222222222222224,0.45555555555555555,50,0.0032222222222222222,3,4
0.18333333333333335,0.22222222222222224,0.45555555555555555,50,0.003666666666666667,3,4
0.18333333333333335,0.22222222222222224,0.45555555555555555,50,0.004111111111111111,4,5
0.18333333333333335,0.22222222222222224,0.45555555555555555,50,0.004555555555555556,3,5
0.18333333333333335,0.22222222222222224,0.45555555555555555,50,0.005,4,6
0.18333333333333335,0.22222222222222224,0.47777777777777775,50,0.001,3,3
0.18333333333333335,0.22222222222222224,0.47777777777777775,50,0.0014444444444444444,3,3
0.18333333333333335,0.22222222222222224,0.47777777777777775,50,0.001888888888888889,3,3
0.18333333333333335,0.22222222222222224,0.47777777777777775,50,0.0023333333333333335,3,3
0.18333333333333335,0.22222222222222224,0.47777777777777775,50,0.002777777777777778,3,4
0.18333333333333335,0.22222222222222224,0.47777777777777775,50,0.0032222222222222222,3,4
0.18333333333333335,0.22222222222222224,0.47777777777777775,50,0.003666666666666667,3,4
0.18333333333333335,0.22222222222222224,0.47777777777777775,50,0.004111111111111111,3,5
0.18333333333333335,0.22222222222222224,0.47777777777777775,50,0.004555555555555556,4,4
0.18333333333333335,0.22222222222222224,0.47777777777777775,50,0.005,4,5
0.18333333333333335,0.22222222222222224,0.5,50,0.001,3,3
0.18333333333333335,0.22222222222222224,0.5,50,0.0014444444444444444,3,3
0.18333333333333335,0.22222222222222224,0.5,50,0.001888888888888889,3,3
0.18333333333333335,0.22222222222222224,0.5,50,0.0023333333333333335,3,3
0.18333333333333335,0.22222222222222224,0.5,50,0.002777777777777778,3,3
0.18333333333333335,0.22222222222222224,0.5,50,0.0032222222222222222,3,3
0.18333333333333335,0.22222222222222224,0.5,50,0.003666666666666667,3,4
0.18333333333333335,0.22222222222222224,0.5,50,0.004111111111111111,3,4
0.18333333333333335,0.22222222222222224,0.5,50,0.004555555555555556,4,4
0.18333333333333335,0.22222222222222224,0.5,50,0.005,4,4
0.18333333333333335,0.24444444444444446,0.3,50,0.001,1,1
0.18333333333333335,0.24444444444444446,0.3,50,0.0014444444444444444,1,1
0.18333333333333335,0.24444444444444446,0.3,50,0.001888888888888889,2,2
0.18333333333333335,0.24444444444444446,0.3,50,0.0023333333333333335,3,3
0.18333333333333335,0.24444444444444446,0.3,50,0.002777777777777778,3,3
0.18333333333333335,0.24444444444444446,0.3,50,0.0032222222222222222,3,5
0.18333333333333335,0.24444444444444446,0.3,50,0.003666666666666667,3,5
0.18333333333333335,0.24444444444444446,0.3,50,0.004111111111111111,3,6
0.18333333333333335,0.24444444444444446,0.3,50,0.004555555555555556,4,6
0.18333333333333335,0.24444444444444446,0.3,50,0.005,5,8
0.18333333333333335,0.24444444444444446,0.3222222222222222,50,0.001,1,1
0.18333333333333335,0.24444444444444446,0.3222222222222222,50,0.0014444444444444444,2,1
0.18333333333333335,0.24444444444444446,0.3222222222222222,50,0.001888888888888889,3,2
0.18333333333333335,0.24444444444444446,0.3222222222222222,50,0.0023333333333333335,3,2
0.18333333333333335,0.24444444444444446,0.3222222222222222,50,0.002777777777777778,3,5
0.18333333333333335,0.24444444444444446,0.3222222222222222,50,0.0032222222222222222,3,5
0.18333333333333335,0.24444444444444446,0.3222222222222222,50,0.003666666666666667,3,6
0.18333333333333335,0.24444444444444446,0.3222222222222222,50,0.004111111111111111,4,6
0.18333333333333335,0.24444444444444446,0.3222222222222222,50,0.004555555555555556,4,8
0.18333333333333335,0.24444444444444446,0.3222222222222222,50,0.005,4,7
0.18333333333333335,0.24444444444444446,0.34444444444444444,50,0.001,1,1
0.18333333333333335,0.24444444444444446,0.34444444444444444,50,0.0014444444444444444,3,1
0.18333333333333335,0.24444444444444446,0.34444444444444444,50,0.001888888888888889,3,2
0.18333333333333335,0.24444444444444446,0.34444444444444444,50,0.0023333333333333335,3,3
0.18333333333333335,0.24444444444444446,0.34444444444444444,50,0.002777777777777778,3,3
0.18333333333333335,0.24444444444444446,0.34444444444444444,50,0.0032222222222222222,3,5
0.18333333333333335,0.24444444444444446,0.34444444444444444,50,0.003666666666666667,4,5
0.18333333333333335,0.24444444444444446,0.34444444444444444,50,0.004111111111111111,4,7
0.18333333333333335,0.24444444444444446,0.34444444444444444,50,0.004555555555555556,4,7
0.18333333333333335,0.24444444444444446,0.34444444444444444,50,0.005,4,8
0.18333333333333335,0.24444444444444446,0.36666666666666664,50,0.001,2,1
0.18333333333333335,0.24444444444444446,0.36666666666666664,50,0.0014444444444444444,3,2
0.18333333333333335,0.24444444444444446,0.36666666666666664,50,0.001888888888888889,3,3
0.18333333333333335,0.24444444444444446,0.36666666666666664,50,0.0023333333333333335,3,4
0.18333333333333335,0.24444444444444446,0.36666666666666664,50,0.002777777777777778,3,4
0.18333333333333335,0.24444444444444446,0.36666666666666664,50,0.0032222222222222222,3,6
0.18333333333333335,0.24444444444444446,0.36666666666666664,50,0.003666666666666667,3,6
0.18333333333333335,0.24444444444444446,0.36666666666666664,50,0.004111111111111111,4,6
0.18333333333333335,0.24444444444444446,0.36666666666666664,50,0.004555555555555556,5,8
0.18333333333333335,0.24444444444444446,0.36666666666666664,50,0.005,5,8
0.18333333333333335,0.24444444444444446,0.3888888888888889,50,0.001,3,3
0.18333333333333335,0.24444444444444446,0.3888888888888889,50,0.0014444444444444444,3,3
0.18333333333333335,0.24444444444444446,0.3888888888888889,50,0.001888888888888889,3,3
0.18333333333333335,0.24444444444444446,0.3888888888888889,50,0.0023333333333333335,3,4
0.18333333333333335,0.24444444444444446,0.3888888888888889,50,0.002777777777777778,3,5
0.18333333333333335,0.24444444444444446,0.3888888888888889,50,0.0032222222222222222,3,6
0.18333333333333335,0.24444444444444446,0.3888888888888889,50,0.003666666666666667,4,6
0.18333333333333335,0.24444444444444446,0.3888888888888889,50,0.004111111111111111,4,7
0.18333333333333335,0.24444444444444446,0.3888888888888889,50,0.004555555555555556,5,7
0.18333333333333335,0.24444444444444446,0.3888888888888889,50,0.005,5,9
0.18333333333333335,0.24444444444444446,0.4111111111111111,50,0.001,3,3
0.18333333333333335,0.24444444444444446,0.4111111111111111,50,0.0014444444444444444,3,3
0.18333333333333335,0.24444444444444446,0.4111111111111111,50,0.001888888888888889,3,4
0.18333333333333335,0.24444444444444446,0.4111111111111111,50,0.0023333333333333335,3,4
0.18333333333333335,0.24444444444444446,0.4111111111111111,50,0.002777777777777778,3,4
0.18333333333333335,0.24444444444444446,0.4111111111111111,50,0.0032222222222222222,4,6
0.18333333333333335,0.24444444444444446,0.4111111111111111,50,0.003666666666666667,4,7
0.18333333333333335,0.24444444444444446,0.4111111111111111,50,0.004111111111111111,4,7
0.18333333333333335,0.24444444444444446,0.4111111111111111,50,0.004555555555555556,5,8
0.18333333333333335,0.24444444444444446,0.4111111111111111,50,0.005,6,8
0.18333333333333335,0.24444444444444446,0.43333333333333335,50,0.001,3,3
0.18333333333333335,0.24444444444444446,0.43333333333333335,50,0.0014444444444444444,3,3
0.18333333333333335,0.24444444444444446,0.43333333333333335,50,0.001888888888888889,3,3
0.18333333333333335,0.24444444444444446,0.43333333333333335,50,0.0023333333333333335,3,4
0.18333333333333335,0.24444444444444446,0.43333333333333335,50,0.002777777777777778,3,3
0.18333333333333335,0.24444444444444446,0.43333333333333335,50,0.0032222222222222222,4,5
0.18333333333333335,0.24444444444444446,0.43333333333333335,50,0.003666666666666667,3,5
0.18333333333333335,0.24444444444444446,0.43333333333333335,50,0.004111111111111111,4,6
0.18333333333333335,0.24444444444444446,0.43333333333333335,50,0.004555555555555556,5,7
0.18333333333333335,0.24444444444444446,0.43333333333333335,50,0.005,5,8
0.18333333333333335,0.24444444444444446,0.45555555555555555,50,0.001,3,3
0.18333333333333335,0.24444444444444446,0.45555555555555555,50,0.0014444444444444444,3,3
0.18333333333333335,0.24444444444444446,0.45555555555555555,50,0.001888888888888889,3,3
0.18333333333333335,0.24444444444444446,0.45555555555555555,50,0.0023333333333333335,3,3
0.18333333333333335,0.24444444444444446,0.45555555555555555,50,0.002777777777777778,3,4
0.18333333333333335,0.24444444444444446,0.45555555555555555,50,0.0032222222222222222,3,4
0.18333333333333335,0.24444444444444446,0.45555555555555555,50,0.003666666666666667,4,5
0.18333333333333335,0.24444444444444446,0.45555555555555555,50,0.004111111111111111,4,5
0.18333333333333335,0.24444444444444446,0.45555555555555555,50,0.004555555555555556,4,6
0.18333333333333335,0.24444444444444446,0.45555555555555555,50,0.005,5,6
0.18333333333333335,0.24444444444444446,0.47777777777777775,50,0.001,3,3
0.18333333333333335,0.24444444444444446,0.47777777777777775,50,0.0014444444444444444,3,3
0.18333333333333335,0.24444444444444446,0.47777777777777775,50,0.001888888888888889,3,3
0.18333333333333335,0.24444444444444446,0.47777777777777775,50,0.0023333333333333335,3,3
0.18333333333333335,0.24444444444444446,0.47777777777777775,50,0.002777777777777778,3,4
0.18333333333333335,0.24444444444444446,0.47777777777777775,50,0.0032222222222222222,3,4
0.18333333333333335,0.24444444444444446,0.47777777777777775,50,0.003666666666666667,4,4
0.18333333333333335,0.24444444444444446,0.47777777777777775,50,0.004111111111111111,4,4
0.18333333333333335,0.24444444444444446,0.47777777777777775,50,0.004555555555555556,4,5
0.18333333333333335,0.24444444444444446,0.47777777777777775,50,0.005,5,6
0.18333333333333335,0.24444444444444446,0.5,50,0.001,3,3
0.18333333333333335,0.24444444444444446,0.5,50,0.0014444444444444444,3,3
0.18333333333333335,0.24444444444444446,0.5,50,0.001888888888888889,3,3
0.18333333333333335,0.24444444444444446,0.5,50,0.0023333333333333335,3,3
0.18333333333333335,0.24444444444444446,0.5,50,0.002777777777777778,3,4
0.18333333333333335,0.24444444444444446,0.5,50,0.0032222222222222222,4,5
0.18333333333333335,0.24444444444444446,0.5,50,0.003666666666666667,3,4
0.18333333333333335,0.24444444444444446,0.5,50,0.004111111111111111,4,4
0.18333333333333335,0.24444444444444446,0.5,50,0.004555555555555556,4,4
0.18333333333333335,0.24444444444444446,0.5,50,0.005,5,5
0.18333333333333335,0.26666666666666666,0.3,50,0.001,1,1
0.18333333333333335,0.26666666666666666,0.3,50,0.0014444444444444444,1,1
0.18333333333333335,0.26666666666666666,0.3,50,0.001888888888888889,2,2
0.18333333333333335,0.26666666666666666,0.3,50,0.0023333333333333335,3,3
0.18333333333333335,0.26666666666666666,0.3,50,0.002777777777777778,3,4
0.18333333333333335,0.26666666666666666,0.3,50,0.0032222222222222222,3,5
0.18333333333333335,0.26666666666666666,0.3,50,0.003666666666666667,3,5
0.18333333333333335,0.26666666666666666,0.3,50,0.004111111111111111,3,7
0.18333333333333335,0.26666666666666666,0.3,50,0.004555555555555556,4,7
0.18333333333333335,0.26666666666666666,0.3,50,0.005,4,8
0.18333333333333335,0.26666666666666666,0.3222222222222222,50,0.001,1,1
0.18333333333333335,0.26666666666666666,0.3222222222222222,50,0.0014444444444444444,2,1
0.18333333333333335,0.26666666666666666,0.3222222222222222,50,0.001888888888888889,3,3
0.18333333333333335,0.26666666666666666,0.3222222222222222,50,0.0023333333333333335,3,3
0.18333333333333335,0.26666666666666666,0.3222222222222222,50,0.002777777777777778,3,5
0.18333333333333335,0.26666666666666666,0.3222222222222222,50,0.0032222222222222222,3,5
0.18333333333333335,0.26666666666666666,0.3222222222222222,50,0.003666666666666667,3,7
0.18333333333333335,0.26666666666666666,0.3222222222222222,50,0.004111111111111111,4,7
0.18333333333333335,0.26666666666666666,0.3222222222222222,50,0.004555555555555556,5,7
0.18333333333333335,0.26666666666666666,0.3222222222222222,50,0.005,5,9
0.18333333333333335,0.26666666666666666,0.34444444444444444,50,0.001,2,1
0.18333333333333335,0.26666666666666666,0.34444444444444444,50,0.0014444444444444444,3,3
0.18333333333333335,0.26666666666666666,0.34444444444444444,50,0.001888888888888889,3,2
0.18333333333333335,0.26666666666666666,0.34444444444444444,50,0.0023333333333333335,3,4
0.18333333333333335,0.26666666666666666,0.34444444444444444,50,0.002777777777777778,3,5
0.18333333333333335,0.26666666666666666,0.34444444444444444,50,0.0032222222222222222,3,6
0.18333333333333335,0.26666666666666666,0.34444444444444444,50,0.003666666666666667,3,8
0.18333333333333335,0.26666666666666666,0.34444444444444444,50,0.004111111111111111,4,7
0.18333333333333335,0.26666666666666666,0.34444444444444444,50,0.004555555555555556,4,8
0.18333333333333335,0.26666666666666666,0.34444444444444444,50,0.005,5,9
0.18333333333333335,0.26666666666666666,0.36666666666666664,50,0.001,3,2
0.18333333333333335,0.26666666666666666,0.36666666666666664,50,0.0014444444444444444,3,3
0.18333333333333335,0.26666666666666666,0.36666666666666664,50,0.001888888888888889,3,3
0.18333333333333335,0.26666666666666666,0.36666666666666664,50,0.0023333333333333335,3,4
0.18333333333333335,0.26666666666666666,0.36666666666666664,50,0.002777777777777778,3,5
0.18333333333333335,0.26666666666666666,0.36666666666666664,50,0.0032222222222222222,4,5
0.18333333333333335,0.26666666666666666,0.36666666666666664,50,0.003666666666666667,4,7
0.18333333333333335,0.26666666666666666,0.36666666666666664,50,0.004111111111111111,5,8
0.18333333333333335,0.26666666666666666,0.36666666666666664,50,0.004555555555555556,5,8
0.18333333333333335,0.26666666666666666,0.36666666666666664,50,0.005,6,9
0.18333333333333335,0.26666666666666666,0.3888888888888889,50,0.001,3,3
0.18333333333333335,0.26666666666666666,0.3888888888888889,50,0.0014444444444444444,3,3
0.18333333333333335,0.26666666666666666,0.3888888888888889,50,0.001888888888888889,3,3
0.18333333333333335,0.26666666666666666,0.3888888888888889,50,0.0023333333333333335,3,5
0.18333333333333335,0.26666666666666666,0.3888888888888889,50,0.002777777777777778,3,5
0.18333333333333335,0.26666666666666666,0.3888888888888889,50,0.0032222222222222222,4,6
0.18333333333333335,0.26666666666666666,0.3888888888888889,50,0.003666666666666667,5,7
0.18333333333333335,0.26666666666666666,0.3888888888888889,50,0.004111111111111111,4,9
0.18333333333333335,0.26666666666666666,0.3888888888888889,50,0.004555555555555556,5,9
0.18333333333333335,0.26666666666666666,0.3888888888888889,50,0.005,6,11
0.18333333333333335,0.26666666666666666,0.4111111111111111,50,0.001,3,3
0.18333333333333335,0.26666666666666666,0.4111111111111111,50,0.0014444444444444444,3,3
0.18333333333333335,0.26666666666666666,0.4111111111111111,50,0.001888888888888889,3,3
0.18333333333333335,0.26666666666666666,0.4111111111111111,50,0.0023333333333333335,3,4
0.18333333333333335,0.26666666666666666,0.4111111111111111,50,0.002777777777777778,4,6
0.18333333333333335,0.26666666666666666,0.4111111111111111,50,0.0032222222222222222,5,6
0.18333333333333335,0.26666666666666666,0.4111111111111111,50,0.003666666666666667,5,7
0.18333333333333335,0.26666666666666666,0.4111111111111111,50,0.004111111111111111,5,7
0.18333333333333335,0.26666666666666666,0.4111111111111111,50,0.004555555555555556,5,9
0.18333333333333335,0.26666666666666666,0.4111111111111111,50,0.005,6,10
0.18333333333333335,0.26666666666666666,0.43333333333333335,50,0.001,3,3
0.18333333333333335,0.26666666666666666,0.43333333333333335,50,0.0014444444444444444,3,3
0.18333333333333335,0.26666666666666666,0.43333333333333335,50,0.001888888888888889,3,4
0.18333333333333335,0.26666666666666666,0.43333333333333335,50,0.0023333333333333335,3,4
0.18333333333333335,0.26666666666666666,0.43333333333333335,50,0.002777777777777778,4,5
0.18333333333333335,0.26666666666666666,0.43333333333333335,50,0.0032222222222222222,4,6
0.18333333333333335,0.26666666666666666,0.43333333333333335,50,0.003666666666666667,5,7
0.18333333333333335,0.26666666666666666,0.43333333333333335,50,0.004111111111111111,5,7
0.18333333333333335,0.26666666666666666,0.43333333333333335,50,0.004555555555555556,5,8
0.18333333333333335,0.26666666666666666,0.43333333333333335,50,0.005,6,8
0.18333333333333335,0.26666666666666666,0.45555555555555555,50,0.001,3,3
0.18333333333333335,0.26666666666666666,0.45555555555555555,50,0.0014444444444444444,3,3
0.18333333333333335,0.26666666666666666,0.45555555555555555,50,0.001888888888888889,3,3
0.18333333333333335,0.26666666666666666,0.45555555555555555,50,0.0023333333333333335,3,4
0.18333333333333335,0.26666666666666666,0.45555555555555555,50,0.002777777777777778,3,4
0.18333333333333335,0.26666666666666666,0.45555555555555555,50,0.0032222222222222222,4,5
0.18333333333333335,0.26666666666666666,0.45555555555555555,50,0.003666666666666667,5,5
0.18333333333333335,0.26666666666666666,0.45555555555555555,50,0.004111111111111111,5,6
0.18333333333333335,0.26666666666666666,0.45555555555555555,50,0.004555555555555556,5,7
0.18333333333333335,0.26666666666666666,0.45555555555555555,50,0.005,6,7
0.18333333333333335,0.26666666666666666,0.47777777777777775,50,0.001,3,3
0.18333333333333335,0.26666666666666666,0.47777777777777775,50,0.0014444444444444444,3,3
0.18333333333333335,0.26666666666666666,0.47777777777777775,50,0.001888888888888889,3,4
0.18333333333333335,0.26666666666666666,0.47777777777777775,50,0.0023333333333333335,3,4
0.18333333333333335,0.26666666666666666,0.47777777777777775,50,0.002777777777777778,3,4
0.18333333333333335,0.26666666666666666,0.47777777777777775,50,0.0032222222222222222,4,5
0.18333333333333335,0.26666666666666666,0.47777777777777775,50,0.003666666666666667,5,5
0.18333333333333335,0.26666666666666666,0.47777777777777775,50,0.004111111111111111,4,6
0.18333333333333335,0.26666666666666666,0.47777777777777775,50,0.004555555555555556,4,5
0.18333333333333335,0.26666666666666666,0.47777777777777775,50,0.005,5,6
0.18333333333333335,0.26666666666666666,0.5,50,0.001,3,3
0.18333333333333335,0.26666666666666666,0.5,50,0.0014444444444444444,3,3
0.18333333333333335,0.26666666666666666,0.5,50,0.001888888888888889,3,4
0.18333333333333335,0.26666666666666666,0.5,50,0.0023333333333333335,3,4
0.18333333333333335,0.26666666666666666,0.5,50,0.002777777777777778,3,4
0.18333333333333335,0.26666666666666666,0.5,50,0.0032222222222222222,4,4
0.18333333333333335,0.26666666666666666,0.5,50,0.003666666666666667,4,5
0.18333333333333335,0.26666666666666666,0.5,50,0.004111111111111111,5,5
0.18333333333333335,0.26666666666666666,0.5,50,0.004555555555555556,5,5
0.18333333333333335,0.26666666666666666,0.5,50,0.005,5,6
0.18333333333333335,0.2888888888888889,0.3,50,0.001,1,1
0.18333333333333335,0.2888888888888889,0.3,50,0.0014444444444444444,2,1
0.18333333333333335,0.2888888888888889,0.3,50,0.001888888888888889,3,3
0.18333333333333335,0.2888888888888889,0.3,50,0.0023333333333333335,3,4
0.18333333333333335,0.2888888888888889,0.3,50,0.002777777777777778,3,4
0.18333333333333335,0.2888888888888889,0.3,50,0.0032222222222222222,3,5
0.18333333333333335,0.2888888888888889,0.3,50,0.003666666666666667,3,6
0.18333333333333335,0.2888888888888889,0.3,50,0.004111111111111111,5,7
0.18333333333333335,0.2888888888888889,0.3,50,0.004555555555555556,4,8
0.18333333333333335,0.2888888888888889,0.3,50,0.005,5,9
0.18333333333333335,0.2888888888888889,0.3222222222222222,50,0.001,1,1
0.18333333333333335,0.2888888888888889,0.3222222222222222,50,0.0014444444444444444,3,2
0.18333333333333335,0.2888888888888889,0.3222222222222222,50,0.001888888888888889,3,3
0.18333333333333335,0.2888888888888889,0.3222222222222222,50,0.0023333333333333335,3,5
0.18333333333333335,0.2888888888888889,0.3222222222222222,50,0.002777777777777778,3,5
0.18333333333333335,0.2888888888888889,0.3222222222222222,50,0.0032222222222222222,3,6
0.18333333333333335,0.2888888888888889,0.3222222222222222,50,0.003666666666666667,4,6
0.18333333333333335,0.2888888888888889,0.3222222222222222,50,0.004111111111111111,5,6
0.18333333333333335,0.2888888888888889,0.3222222222222222,50,0.004555555555555556,5,8
0.18333333333333335,0.2888888888888889,0.3222222222222222,50,0.005,5,9
0.18333333333333335,0.2888888888888889,0.34444444444444444,50,0.001,3,1
0.18333333333333335,0.2888888888888889,0.34444444444444444,50,0.0014444444444444444,3,3
0.18333333333333335,0.2888888888888889,0.34444444444444444,50,0.001888888888888889,3,4
0.18333333333333335,0.2888888888888889,0.34444444444444444,50,0.0023333333333333335,3,5
0.18333333333333335,0.2888888888888889,0.34444444444444444,50,0.002777777777777778,4,5
0.18333333333333335,0.2888888888888889,0.34444444444444444,50,0.0032222222222222222,3,7
0.18333333333333335,0.2888888888888889,0.34444444444444444,50,0.003666666666666667,4,7
0.18333333333333335,0.2888888888888889,0.34444444444444444,50,0.004111111111111111,5,8
0.18333333333333335,0.2888888888888889,0.34444444444444444,50,0.004555555555555556,5,9
0.18333333333333335,0.2888888888888889,0.34444444444444444,50,0.005,6,10
0.18333333333333335,0.2888888888888889,0.36666666666666664,50,0.001,3,2
0.18333333333333335,0.2888888888888889,0.36666666666666664,50,0.0014444444444444444,3,3
0.18333333333333335,0.2888888888888889,0.36666666666666664,50,0.001888888888888889,3,3
0.18333333333333335,0.2888888888888889,0.36666666666666664,50,0.0023333333333333335,3,4
0.18333333333333335,0.2888888888888889,0.36666666666666664,50,0.002777777777777778,4,6
0.18333333333333335,0.2888888888888889,0.36666666666666664,50,0.0032222222222222222,4,7
0.18333333333333335,0.2888888888888889,0.36666666666666664,50,0.003666666666666667,5,7
0.18333333333333335,0.2888888888888889,0.36666666666666664,50,0.004111111111111111,5,9
0.18333333333333335,0.2888888888888889,0.36666666666666664,50,0.004555555555555556,6,9
0.18333333333333335,0.2888888888888889,0.36666666666666664,50,0.005,6,9
0.18333333333333335,0.2888888888888889,0.3888888888888889,50,0.001,3,3
0.18333333333333335,0.2888888888888889,0.3888888888888889,50,0.0014444444444444444,3,3
0.18333333333333335,0.2888888888888889,0.3888888888888889,50,0.001888888888888889,3,3
0.18333333333333335,0.2888888888888889,0.3888888888888889,50,0.0023333333333333335,3,5
0.18333333333333335,0.2888888888888889,0.3888888888888889,50,0.002777777777777778,3,6
0.18333333333333335,0.2888888888888889,0.3888888888888889,50,0.0032222222222222222,4,7
0.18333333333333335,0.2888888888888889,0.3888888888888889,50,0.003666666666666667,5,8
0.18333333333333335,0.2888888888888889,0.3888888888888889,50,0.004111111111111111,5,8
0.18333333333333335,0.2888888888888889,0.3888888888888889,50,0.004555555555555556,6,9
0.18333333333333335,0.2888888888888889,0.3888888888888889,50,0.005,6,11
0.18333333333333335,0.2888888888888889,0.4111111111111111,50,0.001,3,3
0.18333333333333335,0.2888888888888889,0.4111111111111111,50,0.0014444444444444444,3,3
0.18333333333333335,0.2888888888888889,0.4111111111111111,50,0.001888888888888889,3,5
0.18333333333333335,0.2888888888888889,0.4111111111111111,50,0.0023333333333333335,4,5
0.18333333333333335,0.2888888888888889,0.4111111111111111,50,0.002777777777777778,3,6
0.18333333333333335,0.2888888888888889,0.4111111111111111,50,0.0032222222222222222,4,6
0.18333333333333335,0.2888888888888889,0.4111111111111111,50,0.003666666666666667,5,8
0.18333333333333335,0.2888888888888889,0.4111111111111111,50,0.004111111111111111,5,8
0.18333333333333335,0.2888888888888889,0.4111111111111111,50,0.004555555555555556,7,10
0.18333333333333335,0.2888888888888889,0.4111111111111111,50,0.005,7,10
0.18333333333333335,0.2888888888888889,0.43333333333333335,50,0.001,3,3
0.18333333333333335,0.2888888888888889,0.43333333333333335,50,0.0014444444444444444,3,4
0.18333333333333335,0.2888888888888889,0.43333333333333335,50,0.001888888888888889,3,5
0.18333333333333335,0.2888888888888889,0.43333333333333335,50,0.0023333333333333335,4,6
0.18333333333333335,0.2888888888888889,0.43333333333333335,50,0.002777777777777778,4,6
0.18333333333333335,0.2888888888888889,0.43333333333333335,50,0.0032222222222222222,5,7
0.18333333333333335,0.2888888888888889,0.43333333333333335,50,0.003666666666666667,5,9
0.18333333333333335,0.2888888888888889,0.43333333333333335,50,0.004111111111111111,6,9
0.18333333333333335,0.2888888888888889,0.43333333333333335,50,0.004555555555555556,6,9
0.18333333333333335,0.2888888888888889,0.43333333333333335,50,0.005,7,11
0.18333333333333335,0.2888888888888889,0.45555555555555555,50,0.001,3,4
0.18333333333333335,0.2888888888888889,0.45555555555555555,50,0.0014444444444444444,3,4
0.18333333333333335,0.2888888888888889,0.45555555555555555,50,0.001888888888888889,3,5
0.18333333333333335,0.2888888888888889,0.45555555555555555,50,0.0023333333333333335,4,5
0.18333333333333335,0.2888888888888889,0.45555555555555555,50,0.002777777777777778,4,5
0.18333333333333335,0.2888888888888889,0.45555555555555555,50,0.0032222222222222222,4,5
0.18333333333333335,0.2888888888888889,0.45555555555555555,50,0.003666666666666667,5,6
0.18333333333333335,0.2888888888888889,0.45555555555555555,50,0.004111111111111111,5,7
0.18333333333333335,0.2888888888888889,0.45555555555555555,50,0.004555555555555556,5,8
0.18333333333333335,0.2888888888888889,0.45555555555555555,50,0.005,6,9
0.18333333333333335,0.2888888888888889,0.47777777777777775,50,0.001,3,4
0.18333333333333335,0.2888888888888889,0.47777777777777775,50,0.0014444444444444444,3,4
0.18333333333333335,0.2888888888888889,0.47777777777777775,50,0.001888888888888889,3,5
0.18333333333333335,0.2888888888888889,0.47777777777777775,50,0.0023333333333333335,4,5
0.18333333333333335,0.2888888888888889,0.47777777777777775,50,0.002777777777777778,5,5
0.18333333333333335,0.2888888888888889,0.47777777777777775,50,0.0032222222222222222,4,5
0.18333333333333335,0.2888888888888889,0.47777777777777775,50,0.003666666666666667,5,5
0.18333333333333335,0.2888888888888889,0.47777777777777775,50,0.004111111111111111,5,6
0.18333333333333335,0.2888888888888889,0.47777777777777775,50,0.004555555555555556,5,6
0.18333333333333335,0.2888888888888889,0.47777777777777775,50,0.005,6,8
0.18333333333333335,0.2888888888888889,0.5,50,0.001,3,4
0.18333333333333335,0.2888888888888889,0.5,50,0.0014444444444444444,4,4
0.18333333333333335,0.2888888888888889,0.5,50,0.001888888888888889,3,4
0.18333333333333335,0.2888888888888889,0.5,50,0.0023333333333333335,4,5
0.18333333333333335,0.2888888888888889,0.5,50,0.002777777777777778,4,5
0.18333333333333335,0.2888888888888889,0.5,50,0.0032222222222222222,4,5
0.18333333333333335,0.2888888888888889,0.5,50,0.003666666666666667,5,5
0.18333333333333335,0.2888888888888889,0.5,50,0.004111111111111111,5,6
0.18333333333333335,0.2888888888888889,0.5,50,0.004555555555555556,5,5
0.18333333333333335,0.2888888888888889,0.5,50,0.005,5,7
0.18333333333333335,0.3111111111111111,0.3,50,0.001,1,1
0.18333333333333335,0.3111111111111111,0.3,50,0.0014444444444444444,2,2
0.18333333333333335,0.3111111111111111,0.3,50,0.001888888888888889,3,3
0.18333333333333335,0.3111111111111111,0.3,50,0.0023333333333333335,3,4
0.18333333333333335,0.3111111111111111,0.3,50,0.002777777777777778,4,5
0.18333333333333335,0.3111111111111111,0.3,50,0.0032222222222222222,3,6
0.18333333333333335,0.3111111111111111,0.3,50,0.003666666666666667,4,7
0.18333333333333335,0.3111111111111111,0.3,50,0.004111111111111111,4,7
0.18333333333333335,0.3111111111111111,0.3,50,0.004555555555555556,5,8
0.18333333333333335,0.3111111111111111,0.3,50,0.005,5,11
0.18333333333333335,0.3111111111111111,0.3222222222222222,50,0.001,2,2
0.18333333333333335,0.3111111111111111,0.3222222222222222,50,0.0014444444444444444,3,3
0.18333333333333335,0.3111111111111111,0.3222222222222222,50,0.001888888888888889,3,3
0.18333333333333335,0.3111111111111111,0.3222222222222222,50,0.0023333333333333335,3,4
0.18333333333333335,0.3111111111111111,0.3222222222222222,50,0.002777777777777778,4,6
0.18333333333333335,0.3111111111111111,0.3222222222222222,50,0.0032222222222222222,3,6
0.18333333333333335,0.3111111111111111,0.3222222222222222,50,0.003666666666666667,4,8
0.18333333333333335,0.3111111111111111,0.3222222222222222,50,0.004111111111111111,5,8
0.18333333333333335,0.3111111111111111,0.3222222222222222,50,0.004555555555555556,5,9
0.18333333333333335,0.3111111111111111,0.3222222222222222,50,0.005,7,10
0.18333333333333335,0.3111111111111111,0.34444444444444444,50,0.001,3,3
0.18333333333333335,0.3111111111111111,0.34444444444444444,50,0.0014444444444444444,3,3
0.18333333333333335,0.3111111111111111,0.34444444444444444,50,0.001888888888888889,3,3
0.18333333333333335,0.3111111111111111,0.34444444444444444,50,0.0023333333333333335,3,4
0.18333333333333335,0.3111111111111111,0.34444444444444444,50,0.002777777777777778,3,6
0.18333333333333335,0.3111111111111111,0.34444444444444444,50,0.0032222222222222222,4,6
0.18333333333333335,0.3111111111111111,0.34444444444444444,50,0.003666666666666667,5,7
0.18333333333333335,0.3111111111111111,0.34444444444444444,50,0.004111111111111111,5,8
0.18333333333333335,0.3111111111111111,0.34444444444444444,50,0.004555555555555556,6,9
0.18333333333333335,0.3111111111111111,0.34444444444444444,50,0.005,6,11
0.18333333333333335,0.3111111111111111,0.36666666666666664,50,0.001,3,3
0.18333333333333335,0.3111111111111111,0.36666666666666664,50,0.0014444444444444444,3,3
0.18333333333333335,0.3111111111111111,0.36666666666666664,50,0.001888888888888889,3,4
0.18333333333333335,0.3111111111111111,0.36666666666666664,50,0.0023333333333333335,4,5
0.18333333333333335,0.3111111111111111,0.36666666666666664,50,0.002777777777777778,4,6
0.18333333333333335,0.3111111111111111,0.36666666666666664,50,0.0032222222222222222,5,7
0.18333333333333335,0.3111111111111111,0.36666666666666664,50,0.003666666666666667,5,8
0.18333333333333335,0.3111111111111111,0.36666666666666664,50,0.004111111111111111,7,9
0.18333333333333335,0.3111111111111111,0.36666666666666664,50,0.004555555555555556,6,10
0.18333333333333335,0.3111111111111111,0.36666666666666664,50,0.005,6,11
0.18333333333333335,0.3111111111111111,0.3888888888888889,50,0.001,3,3
0.18333333333333335,0.3111111111111111,0.3888888888888889,50,0.0014444444444444444,3,3
0.18333333333333335,0.3111111111111111,0.3888888888888889,50,0.001888888888888889,3,4
0.18333333333333335,0.3111111111111111,0.3888888888888889,50,0.0023333333333333335,4,5
0.18333333333333335,0.3111111111111111,0.3888888888888889,50,0.002777777777777778,4,7
0.18333333333333335,0.3111111111111111,0.3888888888888889,50,0.0032222222222222222,5,7
0.18333333333333335,0.3111111111111111,0.3888888888888889,50,0.003666666666666667,6,8
0.18333333333333335,0.3111111111111111,0.3888888888888889,50,0.004111111111111111,5,10
0.18333333333333335,0.3111111111111111,0.3888888888888889,50,0.004555555555555556,6,11
0.18333333333333335,0.3111111111111111,0.3888888888888889,50,0.005,7,11
0.18333333333333335,0.3111111111111111,0.4111111111111111,50,0.001,3,3
0.18333333333333335,0.3111111111111111,0.4111111111111111,50,0.0014444444444444444,3,3
0.18333333333333335,0.3111111111111111,0.4111111111111111,50,0.001888888888888889,3,5
0.18333333333333335,0.3111111111111111,0.4111111111111111,50,0.0023333333333333335,5,5
0.18333333333333335,0.3111111111111111,0.4111111111111111,50,0.002777777777777778,5,7
0.18333333333333335,0.3111111111111111,0.4111111111111111,50,0.0032222222222222222,5,8
0.18333333333333335,0.3111111111111111,0.4111111111111111,50,0.003666666666666667,7,9
0.18333333333333335,0.3111111111111111,0.4111111111111111,50,0.004111111111111111,6,10
0.18333333333333335,0.3111111111111111,0.4111111111111111,50,0.004555555555555556,6,11
0.18333333333333335,0.3111111111111111,0.4111111111111111,50,0.005,8,13
0.18333333333333335,0.3111111111111111,0.43333333333333335,50,0.001,3,3
0.18333333333333335,0.3111111111111111,0.43333333333333335,50,0.0014444444444444444,3,4
0.18333333333333335,0.3111111111111111,0.43333333333333335,50,0.001888888888888889,4,5
0.18333333333333335,0.3111111111111111,0.43333333333333335,50,0.0023333333333333335,4,6
0.18333333333333335,0.3111111111111111,0.43333333333333335,50,0.002777777777777778,5,7
0.18333333333333335,0.3111111111111111,0.43333333333333335,50,0.0032222222222222222,5,8
0.18333333333333335,0.3111111111111111,0.43333333333333335,50,0.003666666666666667,6,8
0.18333333333333335,0.3111111111111111,0.43333333333333335,50,0.004111111111111111,6,10
0.18333333333333335,0.3111111111111111,0.43333333333333335,50,0.004555555555555556,7,11
0.18333333333333335,0.3111111111111111,0.43333333333333335,50,0.005,7,11
0.18333333333333335,0.3111111111111111,0.45555555555555555,50,0.001,3,4
0.18333333333333335,0.3111111111111111,0.45555555555555555,50,0.0014444444444444444,4,5
0.18333333333333335,0.3111111111111111,0.45555555555555555,50,0.001888888888888889,5,5
0.18333333333333335,0.3111111111111111,0.45555555555555555,50,0.0023333333333333335,5,6
0.18333333333333335,0.3111111111111111,0.45555555555555555,50,0.002777777777777778,5,7
0.18333333333333335,0.3111111111111111,0.45555555555555555,50,0.0032222222222222222,5,8
0.18333333333333335,0.3111111111111111,0.45555555555555555,50,0.003666666666666667,7,8
0.18333333333333335,0.3111111111111111,0.45555555555555555,50,0.004111111111111111,6,9
0.18333333333333335,0.3111111111111111,0.45555555555555555,50,0.004555555555555556,6,10
0.18333333333333335,0.3111111111111111,0.45555555555555555,50,0.005,7,11
0.18333333333333335,0.3111111111111111,0.47777777777777775,50,0.001,3,4
0.18333333333333335,0.3111111111111111,0.47777777777777775,50,0.0014444444444444444,4,5
0.18333333333333335,0.3111111111111111,0.47777777777777775,50,0.001888888888888889,4,5
0.18333333333333335,0.3111111111111111,0.47777777777777775,50,0.0023333333333333335,5,5
0.18333333333333335,0.3111111111111111,0.47777777777777775,50,0.002777777777777778,5,5
0.18333333333333335,0.3111111111111111,0.47777777777777775,50,0.0032222222222222222,5,6
0.18333333333333335,0.3111111111111111,0.47777777777777775,50,0.003666666666666667,5,8
0.18333333333333335,0.3111111111111111,0.47777777777777775,50,0.004111111111111111,5,7
0.18333333333333335,0.3111111111111111,0.47777777777777775,50,0.004555555555555556,6,9
0.18333333333333335,0.3111111111111111,0.47777777777777775,50,0.005,7,10
0.18333333333333335,0.3111111111111111,0.5,50,0.001,3,4
0.18333333333333335,0.3111111111111111,0.5,50,0.0014444444444444444,4,5
0.18333333333333335,0.3111111111111111,0.5,50,0.001888888888888889,4,5
0.18333333333333335,0.3111111111111111,0.5,50,0.0023333333333333335,5,5
0.18333333333333335,0.3111111111111111,0.5,50,0.002777777777777778,5,5
0.18333333333333335,0.3111111111111111,0.5,50,0.0032222222222222222,5,5
0.18333333333333335,0.3111111111111111,0.5,50,0.003666666666666667,5,7
0.18333333333333335,0.3111111111111111,0.5,50,0.004111111111111111,5,7
0.18333333333333335,0.3111111111111111,0.5,50,0.004555555555555556,5,7
0.18333333333333335,0.3111111111111111,0.5,50,0.005,6,9
0.18333333333333335,0.33333333333333337,0.3,50,0.001,1,1
0.18333333333333335,0.33333333333333337,0.3,50,0.0014444444444444444,3,2
0.18333333333333335,0.33333333333333337,0.3,50,0.001888888888888889,3,3
0.18333333333333335,0.33333333333333337,0.3,50,0.0023333333333333335,3,3
0.18333333333333335,0.33333333333333337,0.3,50,0.002777777777777778,3,4
0.18333333333333335,0.33333333333333337,0.3,50,0.0032222222222222222,4,6
0.18333333333333335,0.33333333333333337,0.3,50,0.003666666666666667,4,7
0.18333333333333335,0.33333333333333337,0.3,50,0.004111111111111111,5,8
0.18333333333333335,0.33333333333333337,0.3,50,0.004555555555555556,6,8
0.18333333333333335,0.33333333333333337,0.3,50,0.005,6,10
0.18333333333333335,0.33333333333333337,0.3222222222222222,50,0.001,2,2
0.18333333333333335,0.33333333333333337,0.3222222222222222,50,0.0014444444444444444,3,3
0.18333333333333335,0.33333333333333337,0.3222222222222222,50,0.001888888888888889,3,3
0.18333333333333335,0.33333333333333337,0.3222222222222222,50,0.0023333333333333335,3,4
0.18333333333333335,0.33333333333333337,0.3222222222222222,50,0.002777777777777778,3,5
0.18333333333333335,0.33333333333333337,0.3222222222222222,50,0.0032222222222222222,5,7
0.18333333333333335,0.33333333333333337,0.3222222222222222,50,0.003666666666666667,5,8
0.18333333333333335,0.33333333333333337,0.3222222222222222,50,0.004111111111111111,5,8
0.18333333333333335,0.33333333333333337,0.3222222222222222,50,0.004555555555555556,6,10
0.18333333333333335,0.33333333333333337,0.3222222222222222,50,0.005,6,11
0.18333333333333335,0.33333333333333337,0.34444444444444444,50,0.001,3,3
0.18333333333333335,0.33333333333333337,0.34444444444444444,50,0.0014444444444444444,3,3
0.18333333333333335,0.33333333333333337,0.34444444444444444,50,0.001888888888888889,3,3
0.18333333333333335,0.33333333333333337,0.34444444444444444,50,0.0023333333333333335,3,4
0.18333333333333335,0.33333333333333337,0.34444444444444444,50,0.002777777777777778,3,6
0.18333333333333335,0.33333333333333337,0.34444444444444444,50,0.0032222222222222222,5,7
0.18333333333333335,0.33333333333333337,0.34444444444444444,50,0.003666666666666667,5,9
0.18333333333333335,0.33333333333333337,0.34444444444444444,50,0.004111111111111111,6,9
0.18333333333333335,0.33333333333333337,0.34444444444444444,50,0.004555555555555556,6,10
0.18333333333333335,0.33333333333333337,0.34444444444444444,50,0.005,7,12
0.18333333333333335,0.33333333333333337,0.36666666666666664,50,0.001,3,3
0.18333333333333335,0.33333333333333337,0.36666666666666664,50,0.0014444444444444444,3,3
0.18333333333333335,0.33333333333333337,0.36666666666666664,50,0.001888888888888889,3,4
0.18333333333333335,0.33333333333333337,0.36666666666666664,50,0.0023333333333333335,4,5
0.18333333333333335,0.33333333333333337,0.36666666666666664,50,0.002777777777777778,5,7
0.18333333333333335,0.33333333333333337,0.36666666666666664,50,0.0032222222222222222,5,8
0.18333333333333335,0.33333333333333337,0.36666666666666664,50,0.003666666666666667,5,9
0.18333333333333335,0.33333333333333337,0.36666666666666664,50,0.004111111111111111,6,9
0.18333333333333335,0.33333333333333337,0.36666666666666664,50,0.004555555555555556,7,11
0.18333333333333335,0.33333333333333337,0.36666666666666664,50,0.005,7,12
0.18333333333333335,0.33333333333333337,0.3888888888888889,50,0.001,3,3
0.18333333333333335,0.33333333333333337,0.3888888888888889,50,0.0014444444444444444,3,3
0.18333333333333335,0.33333333333333337,0.3888888888888889,50,0.001888888888888889,4,4
0.18333333333333335,0.33333333333333337,0.3888888888888889,50,0.0023333333333333335,4,6
0.18333333333333335,0.33333333333333337,0.3888888888888889,50,0.002777777777777778,5,7
0.18333333333333335,0.33333333333333337,0.3888888888888889,50,0.0032222222222222222,5,9
0.18333333333333335,0.33333333333333337,0.3888888888888889,50,0.003666666666666667,5,8
0.18333333333333335,0.33333333333333337,0.3888888888888889,50,0.004111111111111111,6,10
0.18333333333333335,0.33333333333333337,0.3888888888888889,50,0.004555555555555556,7,11
0.18333333333333335,0.33333333333333337,0.3888888888888889,50,0.005,8,13
0.18333333333333335,0.33333333333333337,0.4111111111111111,50,0.001,3,3
0.18333333333333335,0.33333333333333337,0.4111111111111111,50,0.0014444444444444444,4,3
0.18333333333333335,0.33333333333333337,0.4111111111111111,50,0.001888888888888889,3,4
0.18333333333333335,0.33333333333333337,0.4111111111111111,50,0.0023333333333333335,4,6
0.18333333333333335,0.33333333333333337,0.4111111111111111,50,0.002777777777777778,5,7
0.18333333333333335,0.33333333333333337,0.4111111111111111,50,0.0032222222222222222,5,8
0.18333333333333335,0.33333333333333337,0.4111111111111111,50,0.003666666666666667,7,10
0.18333333333333335,0.33333333333333337,0.4111111111111111,50,0.004111111111111111,6,10
0.18333333333333335,0.33333333333333337,0.4111111111111111,50,0.004555555555555556,7,11
0.18333333333333335,0.33333333333333337,0.4111111111111111,50,0.005,8,13
0.18333333333333335,0.33333333333333337,0.43333333333333335,50,0.001,3,3
0.18333333333333335,0.33333333333333337,0.43333333333333335,50,0.0014444444444444444,4,4
0.18333333333333335,0.33333333333333337,0.43333333333333335,50,0.001888888888888889,4,5
0.18333333333333335,0.33333333333333337,0.43333333333333335,50,0.0023333333333333335,5,6
0.18333333333333335,0.33333333333333337,0.43333333333333335,50,0.002777777777777778,5,7
0.18333333333333335,0.33333333333333337,0.43333333333333335,50,0.0032222222222222222,5,8
0.18333333333333335,0.33333333333333337,0.43333333333333335,50,0.003666666666666667,6,10
0.18333333333333335,0.33333333333333337,0.43333333333333335,50,0.004111111111111111,6,10
0.18333333333333335,0.33333333333333337,0.43333333333333335,50,0.004555555555555556,7,11
0.18333333333333335,0.33333333333333337,0.43333333333333335,50,0.005,9,13
0.18333333333333335,0.33333333333333337,0.45555555555555555,50,0.001,3,3
0.18333333333333335,0.33333333333333337,0.45555555555555555,50,0.0014444444444444444,5,5
0.18333333333333335,0.33333333333333337,0.45555555555555555,50,0.001888888888888889,5,5
0.18333333333333335,0.33333333333333337,0.45555555555555555,50,0.0023333333333333335,5,6
0.18333333333333335,0.33333333333333337,0.45555555555555555,50,0.002777777777777778,5,6
0.18333333333333335,0.33333333333333337,0.45555555555555555,50,0.0032222222222222222,5,8
0.18333333333333335,0.33333333333333337,0.45555555555555555,50,0.003666666666666667,7,9
0.18333333333333335,0.33333333333333337,0.45555555555555555,50,0.004111111111111111,8,9
0.18333333333333335,0.33333333333333337,0.45555555555555555,50,0.004555555555555556,7,11
0.18333333333333335,0.33333333333333337,0.45555555555555555,50,0.005,8,13
0.18333333333333335,0.33333333333333337,0.47777777777777775,50,0.001,4,5
0.18333333333333335,0.33333333333333337,0.47777777777777775,50,0.0014444444444444444,5,5
0.18333333333333335,0.33333333333333337,0.47777777777777775,50,0.001888888888888889,5,6
0.18333333333333335,0.33333333333333337,0.47777777777777775,50,0.0023333333333333335,5,7
0.18333333333333335,0.33333333333333337,0.47777777777777775,50,0.002777777777777778,5,7
0.18333333333333335,0.33333333333333337,0.47777777777777775,50,0.0032222222222222222,5,8
0.18333333333333335,0.33333333333333337,0.47777777777777775,50,0.003666666666666667,6,10
0.18333333333333335,0.33333333333333337,0.47777777777777775,50,0.004111111111111111,6,10
0.18333333333333335,0.33333333333333337,0.47777777777777775,50,0.004555555555555556,8,12
0.18333333333333335,0.33333333333333337,0.47777777777777775,50,0.005,8,12
0.18333333333333335,0.33333333333333337,0.5,50,0.001,4,5
0.18333333333333335,0.33333333333333337,0.5,50,0.0014444444444444444,5,5
0.18333333333333335,0.33333333333333337,0.5,50,0.001888888888888889,5,5
0.18333333333333335,0.33333333333333337,0.5,50,0.0023333333333333335,5,7
0.18333333333333335,0.33333333333333337,0.5,50,0.002777777777777778,5,6
0.18333333333333335,0.33333333333333337,0.5,50,0.0032222222222222222,5,7
0.18333333333333335,0.33333333333333337,0.5,50,0.003666666666666667,6,9
0.18333333333333335,0.33333333333333337,0.5,50,0.004111111111111111,6,9
0.18333333333333335,0.33333333333333337,0.5,50,0.004555555555555556,7,10
0.18333333333333335,0.33333333333333337,0.5,50,0.005,7,12
0.18333333333333335,0.35555555555555557,0.3,50,0.001,1,1
0.18333333333333335,0.35555555555555557,0.3,50,0.0014444444444444444,2,3
0.18333333333333335,0.35555555555555557,0.3,50,0.001888888888888889,3,3
0.18333333333333335,0.35555555555555557,0.3,50,0.0023333333333333335,3,5
0.18333333333333335,0.35555555555555557,0.3,50,0.002777777777777778,3,5
0.18333333333333335,0.35555555555555557,0.3,50,0.0032222222222222222,5,7
0.18333333333333335,0.35555555555555557,0.3,50,0.003666666666666667,5,9
0.18333333333333335,0.35555555555555557,0.3,50,0.004111111111111111,5,9
0.18333333333333335,0.35555555555555557,0.3,50,0.004555555555555556,6,10
0.18333333333333335,0.35555555555555557,0.3,50,0.005,6,10
0.18333333333333335,0.35555555555555557,0.3222222222222222,50,0.001,3,3
0.18333333333333335,0.35555555555555557,0.3222222222222222,50,0.0014444444444444444,3,3
0.18333333333333335,0.35555555555555557,0.3222222222222222,50,0.001888888888888889,3,3
0.18333333333333335,0.35555555555555557,0.3222222222222222,50,0.0023333333333333335,4,5
0.18333333333333335,0.35555555555555557,0.3222222222222222,50,0.002777777777777778,4,5
0.18333333333333335,0.35555555555555557,0.3222222222222222,50,0.0032222222222222222,5,7
0.18333333333333335,0.35555555555555557,0.3222222222222222,50,0.003666666666666667,5,9
0.18333333333333335,0.35555555555555557,0.3222222222222222,50,0.004111111111111111,5,10
0.18333333333333335,0.35555555555555557,0.3222222222222222,50,0.004555555555555556,6,9
0.18333333333333335,0.35555555555555557,0.3222222222222222,50,0.005,7,11
0.18333333333333335,0.35555555555555557,0.34444444444444444,50,0.001,3,3
0.18333333333333335,0.35555555555555557,0.34444444444444444,50,0.0014444444444444444,3,3
0.18333333333333335,0.35555555555555557,0.34444444444444444,50,0.001888888888888889,3,3
0.18333333333333335,0.35555555555555557,0.34444444444444444,50,0.0023333333333333335,4,4
0.18333333333333335,0.35555555555555557,0.34444444444444444,50,0.002777777777777778,4,6
0.18333333333333335,0.35555555555555557,0.34444444444444444,50,0.0032222222222222222,5,8
0.18333333333333335,0.35555555555555557,0.34444444444444444,50,0.003666666666666667,6,9
0.18333333333333335,0.35555555555555557,0.34444444444444444,50,0.004111111111111111,6,9
0.18333333333333335,0.35555555555555557,0.34444444444444444,50,0.004555555555555556,7,11
0.18333333333333335,0.35555555555555557,0.34444444444444444,50,0.005,8,13
0.18333333333333335,0.35555555555555557,0.36666666666666664,50,0.001,3,3
0.18333333333333335,0.35555555555555557,0.36666666666666664,50,0.0014444444444444444,3,3
0.18333333333333335,0.35555555555555557,0.36666666666666664,50,0.001888888888888889,3,3
0.18333333333333335,0.35555555555555557,0.36666666666666664,50,0.0023333333333333335,4,6
0.18333333333333335,0.35555555555555557,0.36666666666666664,50,0.002777777777777778,5,7
0.18333333333333335,0.35555555555555557,0.36666666666666664,50,0.0032222222222222222,5,8
0.18333333333333335,0.35555555555555557,0.36666666666666664,50,0.003666666666666667,5,10
0.18333333333333335,0.35555555555555557,0.36666666666666664,50,0.004111111111111111,6,11
0.18333333333333335,0.35555555555555557,0.36666666666666664,50,0.004555555555555556,7,11
0.18333333333333335,0.35555555555555557,0.36666666666666664,50,0.005,8,12
0.18333333333333335,0.35555555555555557,0.3888888888888889,50,0.001,3,3
0.18333333333333335,0.35555555555555557,0.3888888888888889,50,0.0014444444444444444,4,3
0.18333333333333335,0.35555555555555557,0.3888888888888889,50,0.001888888888888889,5,4
0.18333333333333335,0.35555555555555557,0.3888888888888889,50,0.0023333333333333335,5,6
0.18333333333333335,0.35555555555555557,0.3888888888888889,50,0.002777777777777778,5,7
0.18333333333333335,0.35555555555555557,0.3888888888888889,50,0.0032222222222222222,5,9
0.18333333333333335,0.35555555555555557,0.3888888888888889,50,0.003666666666666667,6,10
0.18333333333333335,0.35555555555555557,0.3888888888888889,50,0.004111111111111111,6,11
0.18333333333333335,0.35555555555555557,0.3888888888888889,50,0.004555555555555556,8,12
0.18333333333333335,0.35555555555555557,0.3888888888888889,50,0.005,8,12
0.18333333333333335,0.35555555555555557,0.4111111111111111,50,0.001,3,3
0.18333333333333335,0.35555555555555557,0.4111111111111111,50,0.0014444444444444444,4,4
0.18333333333333335,0.35555555555555557,0.4111111111111111,50,0.001888888888888889,5,4
0.18333333333333335,0.35555555555555557,0.4111111111111111,50,0.0023333333333333335,5,6
0.18333333333333335,0.35555555555555557,0.4111111111111111,50,0.002777777777777778,5,7
0.18333333333333335,0.35555555555555557,0.4111111111111111,50,0.0032222222222222222,6,8
0.18333333333333335,0.35555555555555557,0.4111111111111111,50,0.003666666666666667,6,10
0.18333333333333335,0.35555555555555557,0.4111111111111111,50,0.004111111111111111,7,12
0.18333333333333335,0.35555555555555557,0.4111111111111111,50,0.004555555555555556,8,12
0.18333333333333335,0.35555555555555557,0.4111111111111111,50,0.005,8,13
0.18333333333333335,0.35555555555555557,0.43333333333333335,50,0.001,4,4
0.18333333333333335,0.35555555555555557,0.43333333333333335,50,0.0014444444444444444,5,4
0.18333333333333335,0.35555555555555557,0.43333333333333335,50,0.001888888888888889,5,5
0.18333333333333335,0.35555555555555557,0.43333333333333335,50,0.0023333333333333335,5,7
0.18333333333333335,0.35555555555555557,0.43333333333333335,50,0.002777777777777778,5,7
0.18333333333333335,0.35555555555555557,0.43333333333333335,50,0.0032222222222222222,6,9
0.18333333333333335,0.35555555555555557,0.43333333333333335,50,0.003666666666666667,6,10
0.18333333333333335,0.35555555555555557,0.43333333333333335,50,0.004111111111111111,7,11
0.18333333333333335,0.35555555555555557,0.43333333333333335,50,0.004555555555555556,8,12
0.18333333333333335,0.35555555555555557,0.43333333333333335,50,0.005,8,14
0.18333333333333335,0.35555555555555557,0.45555555555555555,50,0.001,3,4
0.18333333333333335,0.35555555555555557,0.45555555555555555,50,0.0014444444444444444,5,5
0.18333333333333335,0.35555555555555557,0.45555555555555555,50,0.001888888888888889,5,6
0.18333333333333335,0.35555555555555557,0.45555555555555555,50,0.0023333333333333335,5,7
0.18333333333333335,0.35555555555555557,0.45555555555555555,50,0.002777777777777778,5,8
0.18333333333333335,0.35555555555555557,0.45555555555555555,50,0.0032222222222222222,6,9
0.18333333333333335,0.35555555555555557,0.45555555555555555,50,0.003666666666666667,6,9
0.18333333333333335,0.35555555555555557,0.45555555555555555,50,0.004111111111111111,9,11
0.18333333333333335,0.35555555555555557,0.45555555555555555,50,0.004555555555555556,8,12
0.18333333333333335,0.35555555555555557,0.45555555555555555,50,0.005,8,14
0.18333333333333335,0.35555555555555557,0.47777777777777775,50,0.001,5,5
0.18333333333333335,0.35555555555555557,0.47777777777777775,50,0.0014444444444444444,5,5
0.18333333333333335,0.35555555555555557,0.47777777777777775,50,0.001888888888888889,5,7
0.18333333333333335,0.35555555555555557,0.47777777777777775,50,0.0023333333333333335,5,8
0.18333333333333335,0.35555555555555557,0.47777777777777775,50,0.002777777777777778,5,9
0.18333333333333335,0.35555555555555557,0.47777777777777775,50,0.0032222222222222222,5,10
0.18333333333333335,0.35555555555555557,0.47777777777777775,50,0.003666666666666667,7,10
0.18333333333333335,0.35555555555555557,0.47777777777777775,50,0.004111111111111111,8,12
0.18333333333333335,0.35555555555555557,0.47777777777777775,50,0.004555555555555556,7,12
0.18333333333333335,0.35555555555555557,0.47777777777777775,50,0.005,8,14
0.18333333333333335,0.35555555555555557,0.5,50,0.001,5,5
0.18333333333333335,0.35555555555555557,0.5,50,0.0014444444444444444,5,5
0.18333333333333335,0.35555555555555557,0.5,50,0.001888888888888889,5,6
0.18333333333333335,0.35555555555555557,0.5,50,0.0023333333333333335,5,7
0.18333333333333335,0.35555555555555557,0.5,50,0.002777777777777778,6,8
0.18333333333333335,0.35555555555555557,0.5,50,0.0032222222222222222,6,8
0.18333333333333335,0.35555555555555557,0.5,50,0.003666666666666667,7,10
0.18333333333333335,0.35555555555555557,0.5,50,0.004111111111111111,7,11
0.18333333333333335,0.35555555555555557,0.5,50,0.004555555555555556,9,13
0.18333333333333335,0.35555555555555557,0.5,50,0.005,8,12
0.18333333333333335,0.37777777777777777,0.3,50,0.001,2,2
0.18333333333333335,0.37777777777777777,0.3,50,0.0014444444444444444,3,3
0.18333333333333335,0.37777777777777777,0.3,50,0.001888888888888889,3,3
0.18333333333333335,0.37777777777777777,0.3,50,0.0023333333333333335,3,3
0.18333333333333335,0.37777777777777777,0.3,50,0.002777777777777778,4,6
0.18333333333333335,0.37777777777777777,0.3,50,0.0032222222222222222,5,7
0.18333333333333335,0.37777777777777777,0.3,50,0.003666666666666667,5,8
0.18333333333333335,0.37777777777777777,0.3,50,0.004111111111111111,5,9
0.18333333333333335,0.37777777777777777,0.3,50,0.004555555555555556,6,10
0.18333333333333335,0.37777777777777777,0.3,50,0.005,7,11
0.18333333333333335,0.37777777777777777,0.3222222222222222,50,0.001,2,2
0.18333333333333335,0.37777777777777777,0.3222222222222222,50,0.0014444444444444444,3,3
0.18333333333333335,0.37777777777777777,0.3222222222222222,50,0.001888888888888889,4,4
0.18333333333333335,0.37777777777777777,0.3222222222222222,50,0.0023333333333333335,4,4
0.18333333333333335,0.37777777777777777,0.3222222222222222,50,0.002777777777777778,5,6
0.18333333333333335,0.37777777777777777,0.3222222222222222,50,0.0032222222222222222,5,8
0.18333333333333335,0.37777777777777777,0.3222222222222222,50,0.003666666666666667,6,9
0.18333333333333335,0.37777777777777777,0.3222222222222222,50,0.004111111111111111,7,10
0.18333333333333335,0.37777777777777777,0.3222222222222222,50,0.004555555555555556,7,11
0.18333333333333335,0.37777777777777777,0.3222222222222222,50,0.005,7,12
0.18333333333333335,0.37777777777777777,0.34444444444444444,50,0.001,3,3
0.18333333333333335,0.37777777777777777,0.34444444444444444,50,0.0014444444444444444,3,3
0.18333333333333335,0.37777777777777777,0.34444444444444444,50,0.001888888888888889,3,3
0.18333333333333335,0.37777777777777777,0.34444444444444444,50,0.0023333333333333335,4,5
0.18333333333333335,0.37777777777777777,0.34444444444444444,50,0.002777777777777778,5,6
0.18333333333333335,0.37777777777777777,0.34444444444444444,50,0.0032222222222222222,5,8
0.18333333333333335,0.37777777777777777,0.34444444444444444,50,0.003666666666666667,5,9
0.18333333333333335,0.37777777777777777,0.34444444444444444,50,0.004111111111111111,7,10
0.18333333333333335,0.37777777777777777,0.34444444444444444,50,0.004555555555555556,6,13
0.18333333333333335,0.37777777777777777,0.34444444444444444,50,0.005,8,14
0.18333333333333335,0.37777777777777777,0.36666666666666664,50,0.001,3,3
0.18333333333333335,0.37777777777777777,0.36666666666666664,50,0.0014444444444444444,3,3
0.18333333333333335,0.37777777777777777,0.36666666666666664,50,0.001888888888888889,5,4
0.18333333333333335,0.37777777777777777,0.36666666666666664,50,0.0023333333333333335,5,6
0.18333333333333335,0.37777777777777777,0.36666666666666664,50,0.002777777777777778,5,7
0.18333333333333335,0.37777777777777777,0.36666666666666664,50,0.0032222222222222222,5,8
0.18333333333333335,0.37777777777777777,0.36666666666666664,50,0.003666666666666667,7,10
0.18333333333333335,0.37777777777777777,0.36666666666666664,50,0.004111111111111111,7,11
0.18333333333333335,0.37777777777777777,0.36666666666666664,50,0.004555555555555556,7,12
0.18333333333333335,0.37777777777777777,0.36666666666666664,50,0.005,8,14
0.18333333333333335,0.37777777777777777,0.3888888888888889,50,0.001,3,3
0.18333333333333335,0.37777777777777777,0.3888888888888889,50,0.0014444444444444444,4,3
0.18333333333333335,0.37777777777777777,0.3888888888888889,50,0.001888888888888889,5,4
0.18333333333333335,0.37777777777777777,0.3888888888888889,50,0.0023333333333333335,5,6
0.18333333333333335,0.37777777777777777,0.3888888888888889,50,0.002777777777777778,5,8
0.18333333333333335,0.37777777777777777,0.3888888888888889,50,0.0032222222222222222,6,10
0.18333333333333335,0.37777777777777777,0.3888888888888889,50,0.003666666666666667,6,11
0.18333333333333335,0.37777777777777777,0.3888888888888889,50,0.004111111111111111,7,12
0.18333333333333335,0.37777777777777777,0.3888888888888889,50,0.004555555555555556,9,12
0.18333333333333335,0.37777777777777777,0.3888888888888889,50,0.005,9,14
0.18333333333333335,0.37777777777777777,0.4111111111111111,50,0.001,3,3
0.18333333333333335,0.37777777777777777,0.4111111111111111,50,0.0014444444444444444,4,4
0.18333333333333335,0.37777777777777777,0.4111111111111111,50,0.001888888888888889,5,6
0.18333333333333335,0.37777777777777777,0.4111111111111111,50,0.0023333333333333335,5,6
0.18333333333333335,0.37777777777777777,0.4111111111111111,50,0.002777777777777778,6,8
0.18333333333333335,0.37777777777777777,0.4111111111111111,50,0.0032222222222222222,5,9
0.18333333333333335,0.37777777777777777,0.4111111111111111,50,0.003666666666666667,7,11
0.18333333333333335,0.37777777777777777,0.4111111111111111,50,0.004111111111111111,8,12
0.18333333333333335,0.37777777777777777,0.4111111111111111,50,0.004555555555555556,8,14
0.18333333333333335,0.37777777777777777,0.4111111111111111,50,0.005,10,15
0.18333333333333335,0.37777777777777777,0.43333333333333335,50,0.001,4,4
0.18333333333333335,0.37777777777777777,0.43333333333333335,50,0.0014444444444444444,5,4
0.18333333333333335,0.37777777777777777,0.43333333333333335,50,0.001888888888888889,5,5
0.18333333333333335,0.37777777777777777,0.43333333333333335,50,0.0023333333333333335,5,8
0.18333333333333335,0.37777777777777777,0.43333333333333335,50,0.002777777777777778,5,8
0.18333333333333335,0.37777777777777777,0.43333333333333335,50,0.0032222222222222222,6,9
0.18333333333333335,0.37777777777777777,0.43333333333333335,50,0.003666666666666667,6,11
0.18333333333333335,0.37777777777777777,0.43333333333333335,50,0.004111111111111111,8,12
0.18333333333333335,0.37777777777777777,0.43333333333333335,50,0.004555555555555556,8,14
0.18333333333333335,0.37777777777777777,0.43333333333333335,50,0.005,9,14
0.18333333333333335,0.37777777777777777,0.45555555555555555,50,0.001,5,5
0.18333333333333335,0.37777777777777777,0.45555555555555555,50,0.0014444444444444444,5,5
0.18333333333333335,0.37777777777777777,0.45555555555555555,50,0.001888888888888889,5,6
0.18333333333333335,0.37777777777777777,0.45555555555555555,50,0.0023333333333333335,5,7
0.18333333333333335,0.37777777777777777,0.45555555555555555,50,0.002777777777777778,5,9
0.18333333333333335,0.37777777777777777,0.45555555555555555,50,0.0032222222222222222,6,11
0.18333333333333335,0.37777777777777777,0.45555555555555555,50,0.003666666666666667,7,11
0.18333333333333335,0.37777777777777777,0.45555555555555555,50,0.004111111111111111,8,12
0.18333333333333335,0.37777777777777777,0.45555555555555555,50,0.004555555555555556,8,14
0.18333333333333335,0.37777777777777777,0.45555555555555555,50,0.005,9,15
0.18333333333333335,0.37777777777777777,0.47777777777777775,50,0.001,5,5
0.18333333333333335,0.37777777777777777,0.47777777777777775,50,0.0014444444444444444,5,5
0.18333333333333335,0.37777777777777777,0.47777777777777775,50,0.001888888888888889,5,6
0.18333333333333335,0.37777777777777777,0.47777777777777775,50,0.0023333333333333335,5,7
0.18333333333333335,0.37777777777777777,0.47777777777777775,50,0.002777777777777778,7,9
0.18333333333333335,0.37777777777777777,0.47777777777777775,50,0.0032222222222222222,6,9
0.18333333333333335,0.37777777777777777,0.47777777777777775,50,0.003666666666666667,7,11
0.18333333333333335,0.37777777777777777,0.47777777777777775,50,0.004111111111111111,8,12
0.18333333333333335,0.37777777777777777,0.47777777777777775,50,0.004555555555555556,8,13
0.18333333333333335,0.37777777777777777,0.47777777777777775,50,0.005,10,15
0.18333333333333335,0.37777777777777777,0.5,50,0.001,5,5
0.18333333333333335,0.37777777777777777,0.5,50,0.0014444444444444444,5,6
0.18333333333333335,0.37777777777777777,0.5,50,0.001888888888888889,5,6
0.18333333333333335,0.37777777777777777,0.5,50,0.0023333333333333335,5,8
0.18333333333333335,0.37777777777777777,0.5,50,0.002777777777777778,6,9
0.18333333333333335,0.37777777777777777,0.5,50,0.0032222222222222222,6,9
0.18333333333333335,0.37777777777777777,0.5,50,0.003666666666666667,7,12
0.18333333333333335,0.37777777777777777,0.5,50,0.004111111111111111,9,11
0.18333333333333335,0.37777777777777777,0.5,50,0.004555555555555556,9,13
0.18333333333333335,0.37777777777777777,0.5,50,0.005,9,13
0.18333333333333335,0.4,0.3,50,0.001,2,2
0.18333333333333335,0.4,0.3,50,0.0014444444444444444,3,3
0.18333333333333335,0.4,0.3,50,0.001888888888888889,3,3
0.18333333333333335,0.4,0.3,50,0.0023333333333333335,4,5
0.18333333333333335,0.4,0.3,50,0.002777777777777778,4,6
0.18333333333333335,0.4,0.3,50,0.0032222222222222222,5,7
0.18333333333333335,0.4,0.3,50,0.003666666666666667,6,9
0.18333333333333335,0.4,0.3,50,0.004111111111111111,6,10
0.18333333333333335,0.4,0.3,50,0.004555555555555556,6,10
0.18333333333333335,0.4,0.3,50,0.005,7,12
0.18333333333333335,0.4,0.3222222222222222,50,0.001,3,3
0.18333333333333335,0.4,0.3222222222222222,50,0.0014444444444444444,3,3
0.18333333333333335,0.4,0.3222222222222222,50,0.001888888888888889,3,3
0.18333333333333335,0.4,0.3222222222222222,50,0.0023333333333333335,5,5
0.18333333333333335,0.4,0.3222222222222222,50,0.002777777777777778,5,7
0.18333333333333335,0.4,0.3222222222222222,50,0.0032222222222222222,6,8
0.18333333333333335,0.4,0.3222222222222222,50,0.003666666666666667,6,10
0.18333333333333335,0.4,0.3222222222222222,50,0.004111111111111111,7,11
0.18333333333333335,0.4,0.3222222222222222,50,0.004555555555555556,7,12
0.18333333333333335,0.4,0.3222222222222222,50,0.005,8,13
0.18333333333333335,0.4,0.34444444444444444,50,0.001,3,3
0.18333333333333335,0.4,0.34444444444444444,50,0.0014444444444444444,3,3
0.18333333333333335,0.4,0.34444444444444444,50,0.001888888888888889,4,4
0.18333333333333335,0.4,0.34444444444444444,50,0.0023333333333333335,5,5
0.18333333333333335,0.4,0.34444444444444444,50,0.002777777777777778,5,7
0.18333333333333335,0.4,0.34444444444444444,50,0.0032222222222222222,5,9
0.18333333333333335,0.4,0.34444444444444444,50,0.003666666666666667,6,10
0.18333333333333335,0.4,0.34444444444444444,50,0.004111111111111111,7,10
0.18333333333333335,0.4,0.34444444444444444,50,0.004555555555555556,8,13
0.18333333333333335,0.4,0.34444444444444444,50,0.005,8,15
0.18333333333333335,0.4,0.36666666666666664,50,0.001,3,3
0.18333333333333335,0.4,0.36666666666666664,50,0.0014444444444444444,3,3
0.18333333333333335,0.4,0.36666666666666664,50,0.001888888888888889,5,4
0.18333333333333335,0.4,0.36666666666666664,50,0.0023333333333333335,5,5
0.18333333333333335,0.4,0.36666666666666664,50,0.002777777777777778,5,9
0.18333333333333335,0.4,0.36666666666666664,50,0.0032222222222222222,6,8
0.18333333333333335,0.4,0.36666666666666664,50,0.003666666666666667,7,11
0.18333333333333335,0.4,0.36666666666666664,50,0.004111111111111111,8,11
0.18333333333333335,0.4,0.36666666666666664,50,0.004555555555555556,9,12
0.18333333333333335,0.4,0.36666666666666664,50,0.005,9,14
0.18333333333333335,0.4,0.3888888888888889,50,0.001,3,3
0.18333333333333335,0.4,0.3888888888888889,50,0.0014444444444444444,5,3
0.18333333333333335,0.4,0.3888888888888889,50,0.001888888888888889,5,5
0.18333333333333335,0.4,0.3888888888888889,50,0.0023333333333333335,5,6
0.18333333333333335,0.4,0.3888888888888889,50,0.002777777777777778,5,9
0.18333333333333335,0.4,0.3888888888888889,50,0.0032222222222222222,5,9
0.18333333333333335,0.4,0.3888888888888889,50,0.003666666666666667,7,11
0.18333333333333335,0.4,0.3888888888888889,50,0.004111111111111111,8,13
0.18333333333333335,0.4,0.3888888888888889,50,0.004555555555555556,8,13
0.18333333333333335,0.4,0.3888888888888889,50,0.005,9,15
0.18333333333333335,0.4,0.4111111111111111,50,0.001,4,3
0.18333333333333335,0.4,0.4111111111111111,50,0.0014444444444444444,5,4
0.18333333333333335,0.4,0.4111111111111111,50,0.001888888888888889,5,5
0.18333333333333335,0.4,0.4111111111111111,50,0.0023333333333333335,5,7
0.18333333333333335,0.4,0.4111111111111111,50,0.002777777777777778,5,9
0.18333333333333335,0.4,0.4111111111111111,50,0.0032222222222222222,6,10
0.18333333333333335,0.4,0.4111111111111111,50,0.003666666666666667,7,12
0.18333333333333335,0.4,0.4111111111111111,50,0.004111111111111111,8,13
0.18333333333333335,0.4,0.4111111111111111,50,0.004555555555555556,9,15
0.18333333333333335,0.4,0.4111111111111111,50,0.005,10,16
0.18333333333333335,0.4,0.43333333333333335,50,0.001,5,4
0.18333333333333335,0.4,0.43333333333333335,50,0.0014444444444444444,5,5
0.18333333333333335,0.4,0.43333333333333335,50,0.001888888888888889,5,6
0.18333333333333335,0.4,0.43333333333333335,50,0.0023333333333333335,5,7
0.18333333333333335,0.4,0.43333333333333335,50,0.002777777777777778,6,9
0.18333333333333335,0.4,0.43333333333333335,50,0.0032222222222222222,7,11
0.18333333333333335,0.4,0.43333333333333335,50,0.003666666666666667,6,12
0.18333333333333335,0.4,0.43333333333333335,50,0.004111111111111111,8,12
0.18333333333333335,0.4,0.43333333333333335,50,0.004555555555555556,10,14
0.18333333333333335,0.4,0.43333333333333335,50,0.005,9,15
0.18333333333333335,0.4,0.45555555555555555,50,0.001,5,5
0.18333333333333335,0.4,0.45555555555555555,50,0.0014444444444444444,5,5
0.18333333333333335,0.4,0.45555555555555555,50,0.001888888888888889,5,6
0.18333333333333335,0.4,0.45555555555555555,50,0.0023333333333333335,5,7
0.18333333333333335,0.4,0.45555555555555555,50,0.002777777777777778,6,9
0.18333333333333335,0.4,0.45555555555555555,50,0.0032222222222222222,7,10
0.18333333333333335,0.4,0.45555555555555555,50,0.003666666666666667,8,13
0.18333333333333335,0.4,0.45555555555555555,50,0.004111111111111111,9,14
0.18333333333333335,0.4,0.45555555555555555,50,0.004555555555555556,9,14
0.18333333333333335,0.4,0.45555555555555555,50,0.005,10,17
0.18333333333333335,0.4,0.47777777777777775,50,0.001,5,5
0.18333333333333335,0.4,0.47777777777777775,50,0.0014444444444444444,5,6
0.18333333333333335,0.4,0.47777777777777775,50,0.001888888888888889,5,7
0.18333333333333335,0.4,0.47777777777777775,50,0.0023333333333333335,6,8
0.18333333333333335,0.4,0.47777777777777775,50,0.002777777777777778,6,9
0.18333333333333335,0.4,0.47777777777777775,50,0.0032222222222222222,7,11
0.18333333333333335,0.4,0.47777777777777775,50,0.003666666666666667,8,12
0.18333333333333335,0.4,0.47777777777777775,50,0.004111111111111111,8,14
0.18333333333333335,0.4,0.47777777777777775,50,0.004555555555555556,9,15
0.18333333333333335,0.4,0.47777777777777775,50,0.005,11,16
0.18333333333333335,0.4,0.5,50,0.001,5,5
0.18333333333333335,0.4,0.5,50,0.0014444444444444444,5,6
0.18333333333333335,0.4,0.5,50,0.001888888888888889,5,7
0.18333333333333335,0.4,0.5,50,0.0023333333333333335,6,8
0.18333333333333335,0.4,0.5,50,0.002777777777777778,6,9
0.18333333333333335,0.4,0.5,50,0.0032222222222222222,7,10
0.18333333333333335,0.4,0.5,50,0.003666666666666667,8,12
0.18333333333333335,0.4,0.5,50,0.004111111111111111,9,12
0.18333333333333335,0.4,0.5,50,0.004555555555555556,9,14
0.18333333333333335,0.4,0.5,50,0.005,11,15
0.2,0.2,0.3,50,0.001,1,1
0.2,0.2,0.3,50,0.0014444444444444444,1,1
0.2,0.2,0.3,50,0.001888888888888889,2,1
0.2,0.2,0.3,50,0.0023333333333333335,3,3
0.2,0.2,0.3,50,0.002777777777777778,3,2
0.2,0.2,0.3,50,0.0032222222222222222,3,3
0.2,0.2,0.3,50,0.003666666666666667,3,4
0.2,0.2,0.3,50,0.004111111111111111,3,5
0.2,0.2,0.3,50,0.004555555555555556,3,5
0.2,0.2,0.3,50,0.005,3,5
0.2,0.2,0.3222222222222222,50,0.001,1,1
0.2,0.2,0.3222222222222222,50,0.0014444444444444444,1,1
0.2,0.2,0.3222222222222222,50,0.001888888888888889,2,2
0.2,0.2,0.3222222222222222,50,0.0023333333333333335,3,2
0.2,0.2,0.3222222222222222,50,0.002777777777777778,3,2
0.2,0.2,0.3222222222222222,50,0.0032222222222222222,3,4
0.2,0.2,0.3222222222222222,50,0.003666666666666667,3,5
0.2,0.2,0.3222222222222222,50,0.004111111111111111,3,5
0.2,0.2,0.3222222222222222,50,0.004555555555555556,3,5
0.2,0.2,0.3222222222222222,50,0.005,4,6
0.2,0.2,0.34444444444444444,50,0.001,2,2
0.2,0.2,0.34444444444444444,50,0.0014444444444444444,2,2
0.2,0.2,0.34444444444444444,50,0.001888888888888889,3,2
0.2,0.2,0.34444444444444444,50,0.0023333333333333335,3,3
0.2,0.2,0.34444444444444444,50,0.002777777777777778,3,3
0.2,0.2,0.34444444444444444,50,0.0032222222222222222,3,4
0.2,0.2,0.34444444444444444,50,0.003666666666666667,3,5
0.2,0.2,0.34444444444444444,50,0.004111111111111111,3,6
0.2,0.2,0.34444444444444444,50,0.004555555555555556,4,6
0.2,0.2,0.34444444444444444,50,0.005,4,6
0.2,0.2,0.36666666666666664,50,0.001,3,3
0.2,0.2,0.36666666666666664,50,0.0014444444444444444,3,3
0.2,0.2,0.36666666666666664,50,0.001888888888888889,3,3
0.2,0.2,0.36666666666666664,50,0.0023333333333333335,3,3
0.2,0.2,0.36666666666666664,50,0.002777777777777778,3,3
0.2,0.2,0.36666666666666664,50,0.0032222222222222222,3,3
0.2,0.2,0.36666666666666664,50,0.003666666666666667,3,4
0.2,0.2,0.36666666666666664,50,0.004111111111111111,3,5
0.2,0.2,0.36666666666666664,50,0.004555555555555556,3,6
0.2,0.2,0.36666666666666664,50,0.005,4,5
0.2,0.2,0.3888888888888889,50,0.001,3,3
0.2,0.2,0.3888888888888889,50,0.0014444444444444444,3,3
0.2,0.2,0.3888888888888889,50,0.001888888888888889,3,3
0.2,0.2,0.3888888888888889,50,0.0023333333333333335,3,3
0.2,0.2,0.3888888888888889,50,0.002777777777777778,3,3
0.2,0.2,0.3888888888888889,50,0.0032222222222222222,3,3
0.2,0.2,0.3888888888888889,50,0.003666666666666667,3,4
0.2,0.2,0.3888888888888889,50,0.004111111111111111,3,3
0.2,0.2,0.3888888888888889,50,0.004555555555555556,3,4
0.2,0.2,0.3888888888888889,50,0.005,3,5
0.2,0.2,0.4111111111111111,50,0.001,3,3
0.2,0.2,0.4111111111111111,50,0.0014444444444444444,3,3
0.2,0.2,0.4111111111111111,50,0.001888888888888889,3,3
0.2,0.2,0.4111111111111111,50,0.0023333333333333335,3,3
0.2,0.2,0.4111111111111111,50,0.002777777777777778,3,3
0.2,0.2,0.4111111111111111,50,0.0032222222222222222,3,3
0.2,0.2,0.4111111111111111,50,0.003666666666666667,3,3
0.2,0.2,0.4111111111111111,50,0.004111111111111111,3,3
0.2,0.2,0.4111111111111111,50,0.004555555555555556,3,3
0.2,0.2,0.4111111111111111,50,0.005,3,3
0.2,0.2,0.43333333333333335,50,0.001,3,2
0.2,0.2,0.43333333333333335,50,0.0014444444444444444,3,2
0.2,0.2,0.43333333333333335,50,0.001888888888888889,3,3
0.2,0.2,0.43333333333333335,50,0.0023333333333333335,3,3
0.2,0.2,0.43333333333333335,50,0.002777777777777778,3,3
0.2,0.2,0.43333333333333335,50,0.0032222222222222222,3,3
0.2,0.2,0.43333333333333335,50,0.003666666666666667,3,3
0.2,0.2,0.43333333333333335,50,0.004111111111111111,3,3
0.2,0.2,0.43333333333333335,50,0.004555555555555556,3,4
0.2,0.2,0.43333333333333335,50,0.005,3,3
0.2,0.2,0.45555555555555555,50,0.001,2,2
0.2,0.2,0.45555555555555555,50,0.0014444444444444444,3,3
0.2,0.2,0.45555555555555555,50,0.001888888888888889,3,2
0.2,0.2,0.45555555555555555,50,0.0023333333333333335,3,3
0.2,0.2,0.45555555555555555,50,0.002777777777777778,3,3
0.2,0.2,0.45555555555555555,50,0.0032222222222222222,3,3
0.2,0.2,0.45555555555555555,50,0.003666666666666667,3,3
0.2,0.2,0.45555555555555555,50,0.004111111111111111,3,3
0.2,0.2,0.45555555555555555,50,0.004555555555555556,3,3
0.2,0.2,0.45555555555555555,50,0.005,3,3
0.2,0.2,0.47777777777777775,50,0.001,2,2
0.2,0.2,0.47777777777777775,50,0.0014444444444444444,3,3
0.2,0.2,0.47777777777777775,50,0.001888888888888889,3,2
0.2,0.2,0.47777777777777775,50,0.0023333333333333335,3,2
0.2,0.2,0.47777777777777775,50,0.002777777777777778,3,2
0.2,0.2,0.47777777777777775,50,0.0032222222222222222,3,3
0.2,0.2,0.47777777777777775,50,0.003666666666666667,3,3
0.2,0.2,0.47777777777777775,50,0.004111111111111111,3,3
0.2,0.2,0.47777777777777775,50,0.004555555555555556,3,2
0.2,0.2,0.47777777777777775,50,0.005,3,2
0.2,0.2,0.5,50,0.001,2,3
0.2,0.2,0.5,50,0.0014444444444444444,2,2
0.2,0.2,0.5,50,0.001888888888888889,3,3
0.2,0.2,0.5,50,0.0023333333333333335,3,2
0.2,0.2,0.5,50,0.002777777777777778,3,2
0.2,0.2,0.5,50,0.0032222222222222222,3,2
0.2,0.2,0.5,50,0.003666666666666667,3,3
0.2,0.2,0.5,50,0.004111111111111111,3,3
0.2,0.2,0.5,50,0.004555555555555556,3,2
0.2,0.2,0.5,50,0.005,3,2
0.2,0.22222222222222224,0.3,50,0.001,1,1
0.2,0.22222222222222224,0.3,50,0.0014444444444444444,1,1
0.2,0.22222222222222224,0.3,50,0.001888888888888889,3,1
0.2,0.22222222222222224,0.3,50,0.0023333333333333335,3,2
0.2,0.22222222222222224,0.3,50,0.002777777777777778,3,3
0.2,0.22222222222222224,0.3,50,0.0032222222222222222,3,4
0.2,0.22222222222222224,0.3,50,0.003666666666666667,3,4
0.2,0.22222222222222224,0.3,50,0.004111111111111111,3,5
0.2,0.22222222222222224,0.3,50,0.004555555555555556,4,7
0.2,0.22222222222222224,0.3,50,0.005,3,7
0.2,0.22222222222222224,0.3222222222222222,50,0.001,1,1
0.2,0.22222222222222224,0.3222222222222222,50,0.0014444444444444444,2,1
0.2,0.22222222222222224,0.3222222222222222,50,0.001888888888888889,3,2
0.2,0.22222222222222224,0.3222222222222222,50,0.0023333333333333335,3,3
0.2,0.22222222222222224,0.3222222222222222,50,0.002777777777777778,3,4
0.2,0.22222222222222224,0.3222222222222222,50,0.0032222222222222222,3,4
0.2,0.22222222222222224,0.3222222222222222,50,0.003666666666666667,3,5
0.2,0.22222222222222224,0.3222222222222222,50,0.004111111111111111,3,5
0.2,0.22222222222222224,0.3222222222222222,50,0.004555555555555556,3,6
0.2,0.22222222222222224,0.3222222222222222,50,0.005,5,7
0.2,0.22222222222222224,0.34444444444444444,50,0.001,2,2
0.2,0.22222222222222224,0.34444444444444444,50,0.0014444444444444444,3,2
0.2,0.22222222222222224,0.34444444444444444,50,0.001888888888888889,3,3
0.2,0.22222222222222224,0.34444444444444444,50,0.0023333333333333335,3,3
0.2,0.22222222222222224,0.34444444444444444,50,0.002777777777777778,3,4
0.2,0.22222222222222224,0.34444444444444444,50,0.0032222222222222222,3,4
0.2,0.22222222222222224,0.34444444444444444,50,0.003666666666666667,3,5
0.2,0.22222222222222224,0.34444444444444444,50,0.004111111111111111,3,6
0.2,0.22222222222222224,0.34444444444444444,50,0.004555555555555556,4,7
0.2,0.22222222222222224,0.34444444444444444,50,0.005,4,7
0.2,0.22222222222222224,0.36666666666666664,50,0.001,3,3
0.2,0.22222222222222224,0.36666666666666664,50,0.0014444444444444444,3,3
0.2,0.22222222222222224,0.36666666666666664,50,0.001888888888888889,3,3
0.2,0.22222222222222224,0.36666666666666664,50,0.0023333333333333335,3,3
0.2,0.22222222222222224,0.36666666666666664,50,0.002777777777777778,3,3
0.2,0.22222222222222224,0.36666666666666664,50,0.0032222222222222222,3,4
0.2,0.22222222222222224,0.36666666666666664,50,0.003666666666666667,3,5
0.2,0.22222222222222224,0.36666666666666664,50,0.004111111111111111,3,5
0.2,0.22222222222222224,0.36666666666666664,50,0.004555555555555556,3,6
0.2,0.22222222222222224,0.36666666666666664,50,0.005,4,7
0.2,0.22222222222222224,0.3888888888888889,50,0.001,3,3
0.2,0.22222222222222224,0.3888888888888889,50,0.0014444444444444444,3,3
0.2,0.22222222222222224,0.3888888888888889,50,0.001888888888888889,3,3
0.2,0.22222222222222224,0.3888888888888889,50,0.0023333333333333335,3,3
0.2,0.22222222222222224,0.3888888888888889,50,0.002777777777777778,3,3
0.2,0.22222222222222224,0.3888888888888889,50,0.0032222222222222222,3,3
0.2,0.22222222222222224,0.3888888888888889,50,0.003666666666666667,3,4
0.2,0.22222222222222224,0.3888888888888889,50,0.004111111111111111,3,5
0.2,0.22222222222222224,0.3888888888888889,50,0.004555555555555556,3,5
0.2,0.22222222222222224,0.3888888888888889,50,0.005,4,5
0.2,0.22222222222222224,0.4111111111111111,50,0.001,3,2
0.2,0.22222222222222224,0.4111111111111111,50,0.0014444444444444444,3,3
0.2,0.22222222222222224,0.4111111111111111,50,0.001888888888888889,3,3
0.2,0.22222222222222224,0.4111111111111111,50,0.0023333333333333335,3,3
0.2,0.22222222222222224,0.4111111111111111,50,0.002777777777777778,3,3
0.2,0.22222222222222224,0.4111111111111111,50,0.0032222222222222222,3,3
0.2,0.22222222222222224,0.4111111111111111,50,0.003666666666666667,3,3
0.2,0.22222222222222224,0.4111111111111111,50,0.004111111111111111,3,3
0.2,0.22222222222222224,0.4111111111111111,50,0.004555555555555556,4,4
0.2,0.22222222222222224,0.4111111111111111,50,0.005,4,5
0.2,0.22222222222222224,0.43333333333333335,50,0.001,3,2
0.2,0.22222222222222224,0.43333333333333335,50,0.0014444444444444444,3,3
0.2,0.22222222222222224,0.43333333333333335,50,0.001888888888888889,3,3
0.2,0.22222222222222224,0.43333333333333335,50,0.0023333333333333335,3,3
0.2,0.22222222222222224,0.43333333333333335,50,0.002777777777777778,3,3
0.2,0.22222222222222224,0.43333333333333335,50,0.0032222222222222222,3,3
0.2,0.22222222222222224,0.43333333333333335,50,0.003666666666666667,3,3
0.2,0.22222222222222224,0.43333333333333335,50,0.004111111111111111,3,3
0.2,0.22222222222222224,0.43333333333333335,50,0.004555555555555556,3,3
0.2,0.22222222222222224,0.43333333333333335,50,0.005,3,3
0.2,0.22222222222222224,0.45555555555555555,50,0.001,3,2
0.2,0.22222222222222224,0.45555555555555555,50,0.0014444444444444444,3,3
0.2,0.22222222222222224,0.45555555555555555,50,0.001888888888888889,3,2
0.2,0.22222222222222224,0.45555555555555555,50,0.0023333333333333335,3,3
0.2,0.22222222222222224,0.45555555555555555,50,0.002777777777777778,3,3
0.2,0.22222222222222224,0.45555555555555555,50,0.0032222222222222222,3,3
0.2,0.22222222222222224,0.45555555555555555,50,0.003666666666666667,3,3
0.2,0.22222222222222224,0.45555555555555555,50,0.004111111111111111,4,4
0.2,0.22222222222222224,0.45555555555555555,50,0.004555555555555556,4,3
0.2,0.22222222222222224,0.45555555555555555,50,0.005,4,3
0.2,0.22222222222222224,0.47777777777777775,50,0.001,3,3
0.2,0.22222222222222224,0.47777777777777775,50,0.0014444444444444444,3,3
0.2,0.22222222222222224,0.47777777777777775,50,0.001888888888888889,3,3
0.2,0.22222222222222224,0.47777777777777775,50,0.0023333333333333335,3,2
0.2,0.22222222222222224,0.47777777777777775,50,0.002777777777777778,3,3
0.2,0.22222222222222224,0.47777777777777775,50,0.0032222222222222222,3,3
0.2,0.22222222222222224,0.47777777777777775,50,0.003666666666666667,3,3
0.2,0.22222222222222224,0.47777777777777775,50,0.004111111111111111,3,3
0.2,0.22222222222222224,0.47777777777777775,50,0.004555555555555556,4,3
0.2,0.22222222222222224,0.47777777777777775,50,0.005,4,3
0.2,0.22222222222222224,0.5,50,0.001,3,3
0.2,0.22222222222222224,0.5,50,0.0014444444444444444,3,3
0.2,0.22222222222222224,0.5,50,0.001888888888888889,3,3
0.2,0.22222222222222224,0.5,50,0.0023333333333333335,3,3
0.2,0.22222222222222224,0.5,50,0.002777777777777778,4,3
0.2,0.22222222222222224,0.5,50,0.0032222222222222222,3,3
0.2,0.22222222222222224,0.5,50,0.003666666666666667,4,3
0.2,0.22222222222222224,0.5,50,0.004111111111111111,3,3
0.2,0.22222222222222224,0.5,50,0.004555555555555556,3,2
0.2,0.22222222222222224,0.5,50,0.005,4,4
0.2,0.24444444444444446,0.3,50,0.001,1,1
0.2,0.24444444444444446,0.3,50,0.0014444444444444444,2,1
0.2,0.24444444444444446,0.3,50,0.001888888888888889,3,2
0.2,0.24444444444444446,0.3,50,0.0023333333333333335,3,3
0.2,0.24444444444444446,0.3,50,0.002777777777777778,3,4
0.2,0.24444444444444446,0.3,50,0.0032222222222222222,3,5
0.2,0.24444444444444446,0.3,50,0.003666666666666667,3,5
0.2,0.24444444444444446,0.3,50,0.004111111111111111,3,5
0.2,0.24444444444444446,0.3,50,0.004555555555555556,4,7
0.2,0.24444444444444446,0.3,50,0.005,4,7
0.2,0.24444444444444446,0.3222222222222222,50,0.001,2,1
0.2,0.24444444444444446,0.3222222222222222,50,0.0014444444444444444,3,2
0.2,0.24444444444444446,0.3222222222222222,50,0.001888888888888889,3,3
0.2,0.24444444444444446,0.3222222222222222,50,0.0023333333333333335,3,3
0.2,0.24444444444444446,0.3222222222222222,50,0.002777777777777778,3,4
0.2,0.24444444444444446,0.3222222222222222,50,0.0032222222222222222,3,5
0.2,0.24444444444444446,0.3222222222222222,50,0.003666666666666667,3,6
0.2,0.24444444444444446,0.3222222222222222,50,0.004111111111111111,3,6
0.2,0.24444444444444446,0.3222222222222222,50,0.004555555555555556,4,7
0.2,0.24444444444444446,0.3222222222222222,50,0.005,4,8
0.2,0.24444444444444446,0.34444444444444444,50,0.001,2,2
0.2,0.24444444444444446,0.34444444444444444,50,0.0014444444444444444,3,3
0.2,0.24444444444444446,0.34444444444444444,50,0.001888888888888889,3,3
0.2,0.24444444444444446,0.34444444444444444,50,0.0023333333333333335,3,3
0.2,0.24444444444444446,0.34444444444444444,50,0.002777777777777778,3,5
0.2,0.24444444444444446,0.34444444444444444,50,0.0032222222222222222,4,5
0.2,0.24444444444444446,0.34444444444444444,50,0.003666666666666667,3,5
0.2,0.24444444444444446,0.34444444444444444,50,0.004111111111111111,4,7
0.2,0.24444444444444446,0.34444444444444444,50,0.004555555555555556,4,8
0.2,0.24444444444444446,0.34444444444444444,50,0.005,5,9
0.2,0.24444444444444446,0.36666666666666664,50,0.001,3,3
0.2,0.24444444444444446,0.36666666666666664,50,0.0014444444444444444,3,3
0.2,0.24444444444444446,0.36666666666666664,50,0.001888888888888889,3,3
0.2,0.24444444444444446,0.36666666666666664,50,0.0023333333333333335,3,3
0.2,0.24444444444444446,0.36666666666666664,50,0.002777777777777778,3,4
0.2,0.24444444444444446,0.36666666666666664,50,0.0032222222222222222,3,5
0.2,0.24444444444444446,0.36666666666666664,50,0.003666666666666667,3,6
0.2,0.24444444444444446,0.36666666666666664,50,0.004111111111111111,4,5
0.2,0.24444444444444446,0.36666666666666664,50,0.004555555555555556,4,5
0.2,0.24444444444444446,0.36666666666666664,50,0.005,5,8
0.2,0.24444444444444446,0.3888888888888889,50,0.001,3,3
0.2,0.24444444444444446,0.3888888888888889,50,0.0014444444444444444,3,3
0.2,0.24444444444444446,0.3888888888888889,50,0.001888888888888889,3,3
0.2,0.24444444444444446,0.3888888888888889,50,0.0023333333333333335,3,3
0.2,0.24444444444444446,0.3888888888888889,50,0.002777777777777778,3,4
0.2,0.24444444444444446,0.3888888888888889,50,0.0032222222222222222,3,4
0.2,0.24444444444444446,0.3888888888888889,50,0.003666666666666667,3,5
0.2,0.24444444444444446,0.3888888888888889,50,0.004111111111111111,4,5
0.2,0.24444444444444446,0.3888888888888889,50,0.004555555555555556,3,5
0.2,0.24444444444444446,0.3888888888888889,50,0.005,5,6
0.2,0.24444444444444446,0.4111111111111111,50,0.001,3,3
0.2,0.24444444444444446,0.4111111111111111,50,0.0014444444444444444,3,3
0.2,0.24444444444444446,0.4111111111111111,50,0.001888888888888889,3,3
0.2,0.24444444444444446,0.4111111111111111,50,0.0023333333333333335,3,3
0.2,0.24444444444444446,0.4111111111111111,50,0.002777777777777778,3,4
0.2,0.24444444444444446,0.4111111111111111,50,0.0032222222222222222,4,4
0.2,0.24444444444444446,0.4111111111111111,50,0.003666666666666667,3,4
0.2,0.24444444444444446,0.4111111111111111,50,0.004111111111111111,4,4
0.2,0.24444444444444446,0.4111111111111111,50,0.004555555555555556,4,4
0.2,0.24444444444444446,0.4111111111111111,50,0.005,5,5
0.2,0.24444444444444446,0.43333333333333335,50,0.001,3,4
0.2,0.24444444444444446,0.43333333333333335,50,0.0014444444444444444,3,3
0.2,0.24444444444444446,0.43333333333333335,50,0.001888888888888889,3,3
0.2,0.24444444444444446,0.43333333333333335,50,0.0023333333333333335,3,3
0.2,0.24444444444444446,0.43333333333333335,50,0.002777777777777778,3,4
0.2,0.24444444444444446,0.43333333333333335,50,0.0032222222222222222,4,4
0.2,0.24444444444444446,0.43333333333333335,50,0.003666666666666667,3,4
0.2,0.24444444444444446,0.43333333333333335,50,0.004111111111111111,4,4
0.2,0.24444444444444446,0.43333333333333335,50,0.004555555555555556,5,4
0.2,0.24444444444444446,0.43333333333333335,50,0.005,5,5
0.2,0.24444444444444446,0.45555555555555555,50,0.001,3,2
0.2,0.24444444444444446,0.45555555555555555,50,0.0014444444444444444,3,3
0.2,0.24444444444444446,0.45555555555555555,50,0.001888888888888889,4,3
0.2,0.24444444444444446,0.45555555555555555,50,0.0023333333333333335,3,3
0.2,0.24444444444444446,0.45555555555555555,50,0.002777777777777778,3,4
0.2,0.24444444444444446,0.45555555555555555,50,0.0032222222222222222,4,4
0.2,0.24444444444444446,0.45555555555555555,50,0.003666666666666667,4,4
0.2,0.24444444444444446,0.45555555555555555,50,0.004111111111111111,4,4
0.2,0.24444444444444446,0.45555555555555555,50,0.004555555555555556,4,4
0.2,0.24444444444444446,0.45555555555555555,50,0.005,4,3
0.2,0.24444444444444446,0.47777777777777775,50,0.001,3,2
0.2,0.24444444444444446,0.47777777777777775,50,0.0014444444444444444,3,3
0.2,0.24444444444444446,0.47777777777777775,50,0.001888888888888889,3,3
0.2,0.24444444444444446,0.47777777777777775,50,0.0023333333333333335,4,4
0.2,0.24444444444444446,0.47777777777777775,50,0.002777777777777778,4,4
0.2,0.24444444444444446,0.47777777777777775,50,0.0032222222222222222,3,3
0.2,0.24444444444444446,0.47777777777777775,50,0.003666666666666667,3,3
0.2,0.24444444444444446,0.47777777777777775,50,0.004111111111111111,4,3
0.2,0.24444444444444446,0.47777777777777775,50,0.004555555555555556,5,4
0.2,0.24444444444444446,0.47777777777777775,50,0.005,4,3
0.2,0.24444444444444446,0.5,50,0.001,3,3
0.2,0.24444444444444446,0.5,50,0.0014444444444444444,3,3
0.2,0.24444444444444446,0.5,50,0.001888888888888889,3,3
0.2,0.24444444444444446,0.5,50,0.0023333333333333335,3,2
0.2,0.24444444444444446,0.5,50,0.002777777777777778,4,2
0.2,0.24444444444444446,0.5,50,0.0032222222222222222,3,3
0.2,0.24444444444444446,0.5,50,0.003666666666666667,3,3
0.2,0.24444444444444446,0.5,50,0.004111111111111111,4,3
0.2,0.24444444444444446,0.5,50,0.004555555555555556,4,3
0.2,0.24444444444444446,0.5,50,0.005,4,3
0.2,0.26666666666666666,0.3,50,0.001,1,1
0.2,0.26666666666666666,0.3,50,0.0014444444444444444,3,1
0.2,0.26666666666666666,0.3,50,0.001888888888888889,3,3
0.2,0.26666666666666666,0.3,50,0.0023333333333333335,3,4
0.2,0.26666666666666666,0.3,50,0.002777777777777778,3,4
0.2,0.26666666666666666,0.3,50,0.0032222222222222222,3,5
0.2,0.26666666666666666,0.3,50,0.003666666666666667,3,6
0.2,0.26666666666666666,0.3,50,0.004111111111111111,3,6
0.2,0.26666666666666666,0.3,50,0.004555555555555556,3,8
0.2,0.26666666666666666,0.3,50,0.005,5,8
0.2,0.26666666666666666,0.3222222222222222,50,0.001,2,2
0.2,0.26666666666666666,0.3222222222222222,50,0.0014444444444444444,3,3
0.2,0.26666666666666666,0.3222222222222222,50,0.001888888888888889,3,3
0.2,0.26666666666666666,0.3222222222222222,50,0.0023333333333333335,3,4
0.2,0.26666666666666666,0.3222222222222222,50,0.002777777777777778,3,4
0.2,0.26666666666666666,0.3222222222222222,50,0.0032222222222222222,3,6
0.2,0.26666666666666666,0.3222222222222222,50,0.003666666666666667,4,6
0.2,0.26666666666666666,0.3222222222222222,50,0.004111111111111111,3,7
0.2,0.26666666666666666,0.3222222222222222,50,0.004555555555555556,5,7
0.2,0.26666666666666666,0.3222222222222222,50,0.005,6,9
0.2,0.26666666666666666,0.34444444444444444,50,0.001,3,3
0.2,0.26666666666666666,0.34444444444444444,50,0.0014444444444444444,3,3
0.2,0.26666666666666666,0.34444444444444444,50,0.001888888888888889,3,3
0.2,0.26666666666666666,0.34444444444444444,50,0.0023333333333333335,3,4
0.2,0.26666666666666666,0.34444444444444444,50,0.002777777777777778,3,5
0.2,0.26666666666666666,0.34444444444444444,50,0.0032222222222222222,4,6
0.2,0.26666666666666666,0.34444444444444444,50,0.003666666666666667,3,6
0.2,0.26666666666666666,0.34444444444444444,50,0.004111111111111111,5,7
0.2,0.26666666666666666,0.34444444444444444,50,0.004555555555555556,5,8
0.2,0.26666666666666666,0.34444444444444444,50,0.005,5,9
0.2,0.26666666666666666,0.36666666666666664,50,0.001,3,3
0.2,0.26666666666666666,0.36666666666666664,50,0.0014444444444444444,3,3
0.2,0.26666666666666666,0.36666666666666664,50,0.001888888888888889,3,3
0.2,0.26666666666666666,0.36666666666666664,50,0.0023333333333333335,3,5
0.2,0.26666666666666666,0.36666666666666664,50,0.002777777777777778,3,5
0.2,0.26666666666666666,0.36666666666666664,50,0.0032222222222222222,4,5
0.2,0.26666666666666666,0.36666666666666664,50,0.003666666666666667,4,7
0.2,0.26666666666666666,0.36666666666666664,50,0.004111111111111111,5,7
0.2,0.26666666666666666,0.36666666666666664,50,0.004555555555555556,5,8
0.2,0.26666666666666666,0.36666666666666664,50,0.005,6,9
0.2,0.26666666666666666,0.3888888888888889,50,0.001,3,3
0.2,0.26666666666666666,0.3888888888888889,50,0.0014444444444444444,3,3
0.2,0.26666666666666666,0.3888888888888889,50,0.001888888888888889,3,4
0.2,0.26666666666666666,0.3888888888888889,50,0.0023333333333333335,3,4
0.2,0.26666666666666666,0.3888888888888889,50,0.002777777777777778,3,4
0.2,0.26666666666666666,0.3888888888888889,50,0.0032222222222222222,3,5
0.2,0.26666666666666666,0.3888888888888889,50,0.003666666666666667,5,5
0.2,0.26666666666666666,0.3888888888888889,50,0.004111111111111111,5,6
0.2,0.26666666666666666,0.3888888888888889,50,0.004555555555555556,4,7
0.2,0.26666666666666666,0.3888888888888889,50,0.005,5,7
0.2,0.26666666666666666,0.4111111111111111,50,0.001,3,4
0.2,0.26666666666666666,0.4111111111111111,50,0.0014444444444444444,3,4
0.2,0.26666666666666666,0.4111111111111111,50,0.001888888888888889,3,3
0.2,0.26666666666666666,0.4111111111111111,50,0.0023333333333333335,3,4
0.2,0.26666666666666666,0.4111111111111111,50,0.002777777777777778,4,4
0.2,0.26666666666666666,0.4111111111111111,50,0.0032222222222222222,4,5
0.2,0.26666666666666666,0.4111111111111111,50,0.003666666666666667,4,5
0.2,0.26666666666666666,0.4111111111111111,50,0.004111111111111111,5,6
0.2,0.26666666666666666,0.4111111111111111,50,0.004555555555555556,5,5
0.2,0.26666666666666666,0.4111111111111111,50,0.005,5,6
0.2,0.26666666666666666,0.43333333333333335,50,0.001,3,3
0.2,0.26666666666666666,0.43333333333333335,50,0.0014444444444444444,3,4
0.2,0.26666666666666666,0.43333333333333335,50,0.001888888888888889,4,4
0.2,0.26666666666666666,0.43333333333333335,50,0.0023333333333333335,3,4
0.2,0.26666666666666666,0.43333333333333335,50,0.002777777777777778,4,3
0.2,0.26666666666666666,0.43333333333333335,50,0.0032222222222222222,4,3
0.2,0.26666666666666666,0.43333333333333335,50,0.003666666666666667,3,4
0.2,0.26666666666666666,0.43333333333333335,50,0.004111111111111111,4,4
0.2,0.26666666666666666,0.43333333333333335,50,0.004555555555555556,5,5
0.2,0.26666666666666666,0.43333333333333335,50,0.005,5,5
0.2,0.26666666666666666,0.45555555555555555,50,0.001,3,4
0.2,0.26666666666666666,0.45555555555555555,50,0.0014444444444444444,3,4
0.2,0.26666666666666666,0.45555555555555555,50,0.001888888888888889,3,3
0.2,0.26666666666666666,0.45555555555555555,50,0.0023333333333333335,4,4
0.2,0.26666666666666666,0.45555555555555555,50,0.002777777777777778,4,4
0.2,0.26666666666666666,0.45555555555555555,50,0.0032222222222222222,4,4
0.2,0.26666666666666666,0.45555555555555555,50,0.003666666666666667,4,4
0.2,0.26666666666666666,0.45555555555555555,50,0.004111111111111111,4,4
0.2,0.26666666666666666,0.45555555555555555,50,0.004555555555555556,4,5
0.2,0.26666666666666666,0.45555555555555555,50,0.005,4,4
0.2,0.26666666666666666,0.47777777777777775,50,0.001,3,3
0.2,0.26666666666666666,0.47777777777777775,50,0.0014444444444444444,3,3
0.2,0.26666666666666666,0.47777777777777775,50,0.001888888888888889,4,4
0.2,0.26666666666666666,0.47777777777777775,50,0.0023333333333333335,4,3
0.2,0.26666666666666666,0.47777777777777775,50,0.002777777777777778,4,3
0.2,0.26666666666666666,0.47777777777777775,50,0.0032222222222222222,4,3
0.2,0.26666666666666666,0.47777777777777775,50,0.003666666666666667,5,5
0.2,0.26666666666666666,0.47777777777777775,50,0.004111111111111111,4,4
0.2,0.26666666666666666,0.47777777777777775,50,0.004555555555555556,4,4
0.2,0.26666666666666666,0.47777777777777775,50,0.005,4,4
0.2,0.26666666666666666,0.5,50,0.001,3,3
0.2,0.26666666666666666,0.5,50,0.0014444444444444444,4,4
0.2,0.26666666666666666,0.5,50,0.001888888888888889,4,2
0.2,0.26666666666666666,0.5,50,0.0023333333333333335,4,3
0.2,0.26666666666666666,0.5,50,0.002777777777777778,4,3
0.2,0.26666666666666666,0.5,50,0.0032222222222222222,4,3
0.2,0.26666666666666666,0.5,50,0.003666666666666667,4,3
0.2,0.26666666666666666,0.5,50,0.004111111111111111,4,3
0.2,0.26666666666666666,0.5,50,0.004555555555555556,3,4
0.2,0.26666666666666666,0.5,50,0.005,4,4
0.2,0.2888888888888889,0.3,50,0.001,1,1
0.2,0.2888888888888889,0.3,50,0.0014444444444444444,3,2
0.2,0.2888888888888889,0.3,50,0.001888888888888889,3,3
0.2,0.2888888888888889,0.3,50,0.0023333333333333335,3,3
0.2,0.2888888888888889,0.3,50,0.002777777777777778,3,4
0.2,0.2888888888888889,0.3,50,0.0032222222222222222,3,6
0.2,0.2888888888888889,0.3,50,0.003666666666666667,3,6
0.2,0.2888888888888889,0.3,50,0.004111111111111111,5,7
0.2,0.2888888888888889,0.3,50,0.004555555555555556,5,8
0.2,0.2888888888888889,0.3,50,0.005,5,9
0.2,0.2888888888888889,0.3222222222222222,50,0.001,3,2
0.2,0.2888888888888889,0.3222222222222222,50,0.0014444444444444444,3,3
0.2,0.2888888888888889,0.3222222222222222,50,0.001888888888888889,3,3
0.2,0.2888888888888889,0.3222222222222222,50,0.0023333333333333335,3,4
0.2,0.2888888888888889,0.3222222222222222,50,0.002777777777777778,3,5
0.2,0.2888888888888889,0.3222222222222222,50,0.0032222222222222222,3,7
0.2,0.2888888888888889,0.3222222222222222,50,0.003666666666666667,4,7
0.2,0.2888888888888889,0.3222222222222222,50,0.004111111111111111,4,7
0.2,0.2888888888888889,0.3222222222222222,50,0.004555555555555556,5,9
0.2,0.2888888888888889,0.3222222222222222,50,0.005,6,9
0.2,0.2888888888888889,0.34444444444444444,50,0.001,3,3
0.2,0.2888888888888889,0.34444444444444444,50,0.0014444444444444444,3,3
0.2,0.2888888888888889,0.34444444444444444,50,0.001888888888888889,3,3
0.2,0.2888888888888889,0.34444444444444444,50,0.0023333333333333335,3,4
0.2,0.2888888888888889,0.34444444444444444,50,0.002777777777777778,3,5
0.2,0.2888888888888889,0.34444444444444444,50,0.0032222222222222222,4,6
0.2,0.2888888888888889,0.34444444444444444,50,0.003666666666666667,5,8
0.2,0.2888888888888889,0.34444444444444444,50,0.004111111111111111,4,7
0.2,0.2888888888888889,0.34444444444444444,50,0.004555555555555556,6,9
0.2,0.2888888888888889,0.34444444444444444,50,0.005,6,9
0.2,0.2888888888888889,0.36666666666666664,50,0.001,3,3
0.2,0.2888888888888889,0.36666666666666664,50,0.0014444444444444444,3,3
0.2,0.2888888888888889,0.36666666666666664,50,0.001888888888888889,3,5
0.2,0.2888888888888889,0.36666666666666664,50,0.0023333333333333335,3,5
0.2,0.2888888888888889,0.36666666666666664,50,0.002777777777777778,4,5
0.2,0.2888888888888889,0.36666666666666664,50,0.0032222222222222222,4,7
0.2,0.2888888888888889,0.36666666666666664,50,0.003666666666666667,5,7
0.2,0.2888888888888889,0.36666666666666664,50,0.004111111111111111,6,8
0.2,0.2888888888888889,0.36666666666666664,50,0.004555555555555556,6,9
0.2,0.2888888888888889,0.36666666666666664,50,0.005,6,10
0.2,0.2888888888888889,0.3888888888888889,50,0.001,3,3
0.2,0.2888888888888889,0.3888888888888889,50,0.0014444444444444444,3,5
0.2,0.2888888888888889,0.3888888888888889,50,0.001888888888888889,3,5
0.2,0.2888888888888889,0.3888888888888889,50,0.0023333333333333335,3,5
0.2,0.2888888888888889,0.3888888888888889,50,0.002777777777777778,4,6
0.2,0.2888888888888889,0.3888888888888889,50,0.0032222222222222222,5,6
0.2,0.2888888888888889,0.3888888888888889,50,0.003666666666666667,5,7
0.2,0.2888888888888889,0.3888888888888889,50,0.004111111111111111,5,7
0.2,0.2888888888888889,0.3888888888888889,50,0.004555555555555556,5,10
0.2,0.2888888888888889,0.3888888888888889,50,0.005,6,9
0.2,0.2888888888888889,0.4111111111111111,50,0.001,3,4
0.2,0.2888888888888889,0.4111111111111111,50,0.0014444444444444444,3,4
0.2,0.2888888888888889,0.4111111111111111,50,0.001888888888888889,3,4
0.2,0.2888888888888889,0.4111111111111111,50,0.0023333333333333335,3,4
0.2,0.2888888888888889,0.4111111111111111,50,0.002777777777777778,4,5
0.2,0.2888888888888889,0.4111111111111111,50,0.0032222222222222222,4,5
0.2,0.2888888888888889,0.4111111111111111,50,0.003666666666666667,5,5
0.2,0.2888888888888889,0.4111111111111111,50,0.004111111111111111,5,5
0.2,0.2888888888888889,0.4111111111111111,50,0.004555555555555556,5,7
0.2,0.2888888888888889,0.4111111111111111,50,0.005,5,7
0.2,0.2888888888888889,0.43333333333333335,50,0.001,3,4
0.2,0.2888888888888889,0.43333333333333335,50,0.0014444444444444444,3,4
0.2,0.2888888888888889,0.43333333333333335,50,0.001888888888888889,4,4
0.2,0.2888888888888889,0.43333333333333335,50,0.0023333333333333335,4,4
0.2,0.2888888888888889,0.43333333333333335,50,0.002777777777777778,5,5
0.2,0.2888888888888889,0.43333333333333335,50,0.0032222222222222222,4,5
0.2,0.2888888888888889,0.43333333333333335,50,0.003666666666666667,4,4
0.2,0.2888888888888889,0.43333333333333335,50,0.004111111111111111,5,5
0.2,0.2888888888888889,0.43333333333333335,50,0.004555555555555556,5,6
0.2,0.2888888888888889,0.43333333333333335,50,0.005,5,5
0.2,0.2888888888888889,0.45555555555555555,50,0.001,4,4
0.2,0.2888888888888889,0.45555555555555555,50,0.0014444444444444444,4,4
0.2,0.2888888888888889,0.45555555555555555,50,0.001888888888888889,5,5
0.2,0.2888888888888889,0.45555555555555555,50,0.0023333333333333335,4,4
0.2,0.2888888888888889,0.45555555555555555,50,0.002777777777777778,4,4
0.2,0.2888888888888889,0.45555555555555555,50,0.0032222222222222222,4,3
0.2,0.2888888888888889,0.45555555555555555,50,0.003666666666666667,5,4
0.2,0.2888888888888889,0.45555555555555555,50,0.004111111111111111,5,5
0.2,0.2888888888888889,0.45555555555555555,50,0.004555555555555556,5,4
0.2,0.2888888888888889,0.45555555555555555,50,0.005,5,5
0.2,0.2888888888888889,0.47777777777777775,50,0.001,3,3
0.2,0.2888888888888889,0.47777777777777775,50,0.0014444444444444444,4,4
0.2,0.2888888888888889,0.47777777777777775,50,0.001888888888888889,4,4
0.2,0.2888888888888889,0.47777777777777775,50,0.0023333333333333335,4,5
0.2,0.2888888888888889,0.47777777777777775,50,0.002777777777777778,3,3
0.2,0.2888888888888889,0.47777777777777775,50,0.0032222222222222222,4,4
0.2,0.2888888888888889,0.47777777777777775,50,0.003666666666666667,5,4
0.2,0.2888888888888889,0.47777777777777775,50,0.004111111111111111,5,5
0.2,0.2888888888888889,0.47777777777777775,50,0.004555555555555556,5,4
0.2,0.2888888888888889,0.47777777777777775,50,0.005,5,5
0.2,0.2888888888888889,0.5,50,0.001,4,4
0.2,0.2888888888888889,0.5,50,0.0014444444444444444,3,3
0.2,0.2888888888888889,0.5,50,0.001888888888888889,4,4
0.2,0.2888888888888889,0.5,50,0.0023333333333333335,5,4
0.2,0.2888888888888889,0.5,50,0.002777777777777778,4,3
0.2,0.2888888888888889,0.5,50,0.0032222222222222222,4,3
0.2,0.2888888888888889,0.5,50,0.003666666666666667,5,4
0.2,0.2888888888888889,0.5,50,0.004111111111111111,4,4
0.2,0.2888888888888889,0.5,50,0.004555555555555556,5,4
0.2,0.2888888888888889,0.5,50,0.005,5,4
0.2,0.3111111111111111,0.3,50,0.001,2,2
0.2,0.3111111111111111,0.3,50,0.0014444444444444444,3,3
0.2,0.3111111111111111,0.3,50,0.001888888888888889,3,3
0.2,0.3111111111111111,0.3,50,0.0023333333333333335,3,3
0.2,0.3111111111111111,0.3,50,0.002777777777777778,3,4
0.2,0.3111111111111111,0.3,50,0.0032222222222222222,3,6
0.2,0.3111111111111111,0.3,50,0.003666666666666667,4,7
0.2,0.3111111111111111,0.3,50,0.004111111111111111,5,8
0.2,0.3111111111111111,0.3,50,0.004555555555555556,6,8
0.2,0.3111111111111111,0.3,50,0.005,5,10
0.2,0.3111111111111111,0.3222222222222222,50,0.001,3,3
0.2,0.3111111111111111,0.3222222222222222,50,0.0014444444444444444,3,3
0.2,0.3111111111111111,0.3222222222222222,50,0.001888888888888889,3,3
0.2,0.3111111111111111,0.3222222222222222,50,0.0023333333333333335,3,4
0.2,0.3111111111111111,0.3222222222222222,50,0.002777777777777778,4,5
0.2,0.3111111111111111,0.3222222222222222,50,0.0032222222222222222,4,6
0.2,0.3111111111111111,0.3222222222222222,50,0.003666666666666667,4,8
0.2,0.3111111111111111,0.3222222222222222,50,0.004111111111111111,5,8
0.2,0.3111111111111111,0.3222222222222222,50,0.004555555555555556,6,9
0.2,0.3111111111111111,0.3222222222222222,50,0.005,6,10
0.2,0.3111111111111111,0.34444444444444444,50,0.001,3,3
0.2,0.3111111111111111,0.34444444444444444,50,0.0014444444444444444,3,3
0.2,0.3111111111111111,0.34444444444444444,50,0.001888888888888889,3,4
0.2,0.3111111111111111,0.34444444444444444,50,0.0023333333333333335,4,5
0.2,0.3111111111111111,0.34444444444444444,50,0.002777777777777778,5,5
0.2,0.3111111111111111,0.34444444444444444,50,0.0032222222222222222,4,7
0.2,0.3111111111111111,0.34444444444444444,50,0.003666666666666667,4,7
0.2,0.3111111111111111,0.34444444444444444,50,0.004111111111111111,5,10
0.2,0.3111111111111111,0.34444444444444444,50,0.004555555555555556,6,9
0.2,0.3111111111111111,0.34444444444444444,50,0.005,6,11
0.2,0.3111111111111111,0.36666666666666664,50,0.001,3,3
0.2,0.3111111111111111,0.36666666666666664,50,0.0014444444444444444,3,4
0.2,0.3111111111111111,0.36666666666666664,50,0.001888888888888889,4,5
0.2,0.3111111111111111,0.36666666666666664,50,0.0023333333333333335,4,5
0.2,0.3111111111111111,0.36666666666666664,50,0.002777777777777778,4,6
0.2,0.3111111111111111,0.36666666666666664,50,0.0032222222222222222,5,6
0.2,0.3111111111111111,0.36666666666666664,50,0.003666666666666667,5,8
0.2,0.3111111111111111,0.36666666666666664,50,0.004111111111111111,5,9
0.2,0.3111111111111111,0.36666666666666664,50,0.004555555555555556,6,9
0.2,0.3111111111111111,0.36666666666666664,50,0.005,6,11
0.2,0.3111111111111111,0.3888888888888889,50,0.001,3,3
0.2,0.3111111111111111,0.3888888888888889,50,0.0014444444444444444,4,4
0.2,0.3111111111111111,0.3888888888888889,50,0.001888888888888889,4,5
0.2,0.3111111111111111,0.3888888888888889,50,0.0023333333333333335,5,5
0.2,0.3111111111111111,0.3888888888888889,50,0.002777777777777778,5,6
0.2,0.3111111111111111,0.3888888888888889,50,0.0032222222222222222,5,7
0.2,0.3111111111111111,0.3888888888888889,50,0.003666666666666667,6,7
0.2,0.3111111111111111,0.3888888888888889,50,0.004111111111111111,6,8
0.2,0.3111111111111111,0.3888888888888889,50,0.004555555555555556,7,9
0.2,0.3111111111111111,0.3888888888888889,50,0.005,7,10
0.2,0.3111111111111111,0.4111111111111111,50,0.001,3,4
0.2,0.3111111111111111,0.4111111111111111,50,0.0014444444444444444,4,5
0.2,0.3111111111111111,0.4111111111111111,50,0.001888888888888889,4,5
0.2,0.3111111111111111,0.4111111111111111,50,0.0023333333333333335,5,5
0.2,0.3111111111111111,0.4111111111111111,50,0.002777777777777778,5,5
0.2,0.3111111111111111,0.4111111111111111,50,0.0032222222222222222,5,6
0.2,0.3111111111111111,0.4111111111111111,50,0.003666666666666667,5,6
0.2,0.3111111111111111,0.4111111111111111,50,0.004111111111111111,5,8
0.2,0.3111111111111111,0.4111111111111111,50,0.004555555555555556,6,7
0.2,0.3111111111111111,0.4111111111111111,50,0.005,6,8
0.2,0.3111111111111111,0.43333333333333335,50,0.001,4,4
0.2,0.3111111111111111,0.43333333333333335,50,0.0014444444444444444,4,5
0.2,0.3111111111111111,0.43333333333333335,50,0.001888888888888889,5,5
0.2,0.3111111111111111,0.43333333333333335,50,0.0023333333333333335,5,5
0.2,0.3111111111111111,0.43333333333333335,50,0.002777777777777778,5,4
0.2,0.3111111111111111,0.43333333333333335,50,0.0032222222222222222,5,5
0.2,0.3111111111111111,0.43333333333333335,50,0.003666666666666667,5,5
0.2,0.3111111111111111,0.43333333333333335,50,0.004111111111111111,5,5
0.2,0.3111111111111111,0.43333333333333335,50,0.004555555555555556,5,6
0.2,0.3111111111111111,0.43333333333333335,50,0.005,6,7
0.2,0.3111111111111111,0.45555555555555555,50,0.001,4,4
0.2,0.3111111111111111,0.45555555555555555,50,0.0014444444444444444,4,5
0.2,0.3111111111111111,0.45555555555555555,50,0.001888888888888889,4,5
0.2,0.3111111111111111,0.45555555555555555,50,0.0023333333333333335,4,4
0.2,0.3111111111111111,0.45555555555555555,50,0.002777777777777778,5,6
0.2,0.3111111111111111,0.45555555555555555,50,0.0032222222222222222,5,5
0.2,0.3111111111111111,0.45555555555555555,50,0.003666666666666667,5,6
0.2,0.3111111111111111,0.45555555555555555,50,0.004111111111111111,5,5
0.2,0.3111111111111111,0.45555555555555555,50,0.004555555555555556,5,5
0.2,0.3111111111111111,0.45555555555555555,50,0.005,5,6
0.2,0.3111111111111111,0.47777777777777775,50,0.001,4,5
0.2,0.3111111111111111,0.47777777777777775,50,0.0014444444444444444,4,4
0.2,0.3111111111111111,0.47777777777777775,50,0.001888888888888889,4,5
0.2,0.3111111111111111,0.47777777777777775,50,0.0023333333333333335,4,5
0.2,0.3111111111111111,0.47777777777777775,50,0.002777777777777778,4,4
0.2,0.3111111111111111,0.47777777777777775,50,0.0032222222222222222,5,5
0.2,0.3111111111111111,0.47777777777777775,50,0.003666666666666667,5,6
0.2,0.3111111111111111,0.47777777777777775,50,0.004111111111111111,5,4
0.2,0.3111111111111111,0.47777777777777775,50,0.004555555555555556,5,5
0.2,0.3111111111111111,0.47777777777777775,50,0.005,5,5
0.2,0.3111111111111111,0.5,50,0.001,4,4
0.2,0.3111111111111111,0.5,50,0.0014444444444444444,4,5
0.2,0.3111111111111111,0.5,50,0.001888888888888889,5,4
0.2,0.3111111111111111,0.5,50,0.0023333333333333335,4,4
0.2,0.3111111111111111,0.5,50,0.002777777777777778,5,5
0.2,0.3111111111111111,0.5,50,0.0032222222222222222,4,4
0.2,0.3111111111111111,0.5,50,0.003666666666666667,5,5
0.2,0.3111111111111111,0.5,50,0.004111111111111111,5,4
0.2,0.3111111111111111,0.5,50,0.004555555555555556,4,4
0.2,0.3111111111111111,0.5,50,0.005,5,4
0.2,0.33333333333333337,0.3,50,0.001,2,2
0.2,0.33333333333333337,0.3,50,0.0014444444444444444,3,3
0.2,0.33333333333333337,0.3,50,0.001888888888888889,3,3
0.2,0.33333333333333337,0.3,50,0.0023333333333333335,3,4
0.2,0.33333333333333337,0.3,50,0.002777777777777778,4,5
0.2,0.33333333333333337,0.3,50,0.0032222222222222222,4,6
0.2,0.33333333333333337,0.3,50,0.003666666666666667,5,7
0.2,0.33333333333333337,0.3,50,0.004111111111111111,5,8
0.2,0.33333333333333337,0.3,50,0.004555555555555556,6,10
0.2,0.33333333333333337,0.3,50,0.005,6,10
0.2,0.33333333333333337,0.3222222222222222,50,0.001,3,3
0.2,0.33333333333333337,0.3222222222222222,50,0.0014444444444444444,3,3
0.2,0.33333333333333337,0.3222222222222222,50,0.001888888888888889,3,4
0.2,0.33333333333333337,0.3222222222222222,50,0.0023333333333333335,3,4
0.2,0.33333333333333337,0.3222222222222222,50,0.002777777777777778,4,6
0.2,0.33333333333333337,0.3222222222222222,50,0.0032222222222222222,4,6
0.2,0.33333333333333337,0.3222222222222222,50,0.003666666666666667,5,8
0.2,0.33333333333333337,0.3222222222222222,50,0.004111111111111111,6,9
0.2,0.33333333333333337,0.3222222222222222,50,0.004555555555555556,6,10
0.2,0.33333333333333337,0.3222222222222222,50,0.005,6,10
0.2,0.33333333333333337,0.34444444444444444,50,0.001,3,3
0.2,0.33333333333333337,0.34444444444444444,50,0.0014444444444444444,3,3
0.2,0.33333333333333337,0.34444444444444444,50,0.001888888888888889,3,4
0.2,0.33333333333333337,0.34444444444444444,50,0.0023333333333333335,4,5
0.2,0.33333333333333337,0.34444444444444444,50,0.002777777777777778,5,6
0.2,0.33333333333333337,0.34444444444444444,50,0.0032222222222222222,5,8
0.2,0.33333333333333337,0.34444444444444444,50,0.003666666666666667,5,9
0.2,0.33333333333333337,0.34444444444444444,50,0.004111111111111111,6,10
0.2,0.33333333333333337,0.34444444444444444,50,0.004555555555555556,6,10
0.2,0.33333333333333337,0.34444444444444444,50,0.005,7,12
0.2,0.33333333333333337,0.36666666666666664,50,0.001,3,3
0.2,0.33333333333333337,0.36666666666666664,50,0.0014444444444444444,3,3
0.2,0.33333333333333337,0.36666666666666664,50,0.001888888888888889,5,4
0.2,0.33333333333333337,0.36666666666666664,50,0.0023333333333333335,5,5
0.2,0.33333333333333337,0.36666666666666664,50,0.002777777777777778,5,6
0.2,0.33333333333333337,0.36666666666666664,50,0.0032222222222222222,5,7
0.2,0.33333333333333337,0.36666666666666664,50,0.003666666666666667,5,9
0.2,0.33333333333333337,0.36666666666666664,50,0.004111111111111111,7,10
0.2,0.33333333333333337,0.36666666666666664,50,0.004555555555555556,7,11
0.2,0.33333333333333337,0.36666666666666664,50,0.005,7,12
0.2,0.33333333333333337,0.3888888888888889,50,0.001,3,4
0.2,0.33333333333333337,0.3888888888888889,50,0.0014444444444444444,4,4
0.2,0.33333333333333337,0.3888888888888889,50,0.001888888888888889,5,5
0.2,0.33333333333333337,0.3888888888888889,50,0.0023333333333333335,5,6
0.2,0.33333333333333337,0.3888888888888889,50,0.002777777777777778,5,6
0.2,0.33333333333333337,0.3888888888888889,50,0.0032222222222222222,5,8
0.2,0.33333333333333337,0.3888888888888889,50,0.003666666666666667,6,9
0.2,0.33333333333333337,0.3888888888888889,50,0.004111111111111111,7,11
0.2,0.33333333333333337,0.3888888888888889,50,0.004555555555555556,7,11
0.2,0.33333333333333337,0.3888888888888889,50,0.005,8,13
0.2,0.33333333333333337,0.4111111111111111,50,0.001,4,5
0.2,0.33333333333333337,0.4111111111111111,50,0.0014444444444444444,4,5
0.2,0.33333333333333337,0.4111111111111111,50,0.001888888888888889,5,5
0.2,0.33333333333333337,0.4111111111111111,50,0.0023333333333333335,5,6
0.2,0.33333333333333337,0.4111111111111111,50,0.002777777777777778,5,6
0.2,0.33333333333333337,0.4111111111111111,50,0.0032222222222222222,5,7
0.2,0.33333333333333337,0.4111111111111111,50,0.003666666666666667,6,8
0.2,0.33333333333333337,0.4111111111111111,50,0.004111111111111111,6,10
0.2,0.33333333333333337,0.4111111111111111,50,0.004555555555555556,7,10
0.2,0.33333333333333337,0.4111111111111111,50,0.005,7,12
0.2,0.33333333333333337,0.43333333333333335,50,0.001,4,5
0.2,0.33333333333333337,0.43333333333333335,50,0.0014444444444444444,5,5
0.2,0.33333333333333337,0.43333333333333335,50,0.001888888888888889,4,5
0.2,0.33333333333333337,0.43333333333333335,50,0.0023333333333333335,5,6
0.2,0.33333333333333337,0.43333333333333335,50,0.002777777777777778,5,7
0.2,0.33333333333333337,0.43333333333333335,50,0.0032222222222222222,5,6
0.2,0.33333333333333337,0.43333333333333335,50,0.003666666666666667,5,6
0.2,0.33333333333333337,0.43333333333333335,50,0.004111111111111111,5,6
0.2,0.33333333333333337,0.43333333333333335,50,0.004555555555555556,6,7
0.2,0.33333333333333337,0.43333333333333335,50,0.005,7,9
0.2,0.33333333333333337,0.45555555555555555,50,0.001,4,4
0.2,0.33333333333333337,0.45555555555555555,50,0.0014444444444444444,5,5
0.2,0.33333333333333337,0.45555555555555555,50,0.001888888888888889,5,4
0.2,0.33333333333333337,0.45555555555555555,50,0.0023333333333333335,5,4
0.2,0.33333333333333337,0.45555555555555555,50,0.002777777777777778,5,5
0.2,0.33333333333333337,0.45555555555555555,50,0.0032222222222222222,5,5
0.2,0.33333333333333337,0.45555555555555555,50,0.003666666666666667,5,5
0.2,0.33333333333333337,0.45555555555555555,50,0.004111111111111111,5,5
0.2,0.33333333333333337,0.45555555555555555,50,0.004555555555555556,6,7
0.2,0.33333333333333337,0.45555555555555555,50,0.005,5,5
0.2,0.33333333333333337,0.47777777777777775,50,0.001,4,4
0.2,0.33333333333333337,0.47777777777777775,50,0.0014444444444444444,5,5
0.2,0.33333333333333337,0.47777777777777775,50,0.001888888888888889,4,4
0.2,0.33333333333333337,0.47777777777777775,50,0.0023333333333333335,5,5
0.2,0.33333333333333337,0.47777777777777775,50,0.002777777777777778,5,5
0.2,0.33333333333333337,0.47777777777777775,50,0.0032222222222222222,5,5
0.2,0.33333333333333337,0.47777777777777775,50,0.003666666666666667,6,5
0.2,0.33333333333333337,0.47777777777777775,50,0.004111111111111111,4,4
0.2,0.33333333333333337,0.47777777777777775,50,0.004555555555555556,5,5
0.2,0.33333333333333337,0.47777777777777775,50,0.005,5,6
0.2,0.33333333333333337,0.5,50,0.001,5,4
0.2,0.33333333333333337,0.5,50,0.0014444444444444444,4,4
0.2,0.33333333333333337,0.5,50,0.001888888888888889,5,5
0.2,0.33333333333333337,0.5,50,0.0023333333333333335,4,4
0.2,0.33333333333333337,0.5,50,0.002777777777777778,4,4
0.2,0.33333333333333337,0.5,50,0.0032222222222222222,5,4
0.2,0.33333333333333337,0.5,50,0.003666666666666667,6,5
0.2,0.33333333333333337,0.5,50,0.004111111111111111,6,5
0.2,0.33333333333333337,0.5,50,0.004555555555555556,5,5
0.2,0.33333333333333337,0.5,50,0.005,5,5
0.2,0.35555555555555557,0.3,50,0.001,3,3
0.2,0.35555555555555557,0.3,50,0.0014444444444444444,3,3
0.2,0.35555555555555557,0.3,50,0.001888888888888889,3,3
0.2,0.35555555555555557,0.3,50,0.0023333333333333335,3,3
0.2,0.35555555555555557,0.3,50,0.002777777777777778,4,5
0.2,0.35555555555555557,0.3,50,0.0032222222222222222,5,7
0.2,0.35555555555555557,0.3,50,0.003666666666666667,5,7
0.2,0.35555555555555557,0.3,50,0.004111111111111111,6,9
0.2,0.35555555555555557,0.3,50,0.004555555555555556,6,9
0.2,0.35555555555555557,0.3,50,0.005,6,12
0.2,0.35555555555555557,0.3222222222222222,50,0.001,3,3
0.2,0.35555555555555557,0.3222222222222222,50,0.0014444444444444444,3,3
0.2,0.35555555555555557,0.3222222222222222,50,0.001888888888888889,3,3
0.2,0.35555555555555557,0.3222222222222222,50,0.0023333333333333335,4,4
0.2,0.35555555555555557,0.3222222222222222,50,0.002777777777777778,5,6
0.2,0.35555555555555557,0.3222222222222222,50,0.0032222222222222222,5,7
0.2,0.35555555555555557,0.3222222222222222,50,0.003666666666666667,5,8
0.2,0.35555555555555557,0.3222222222222222,50,0.004111111111111111,6,10
0.2,0.35555555555555557,0.3222222222222222,50,0.004555555555555556,7,10
0.2,0.35555555555555557,0.3222222222222222,50,0.005,7,12
0.2,0.35555555555555557,0.34444444444444444,50,0.001,3,3
0.2,0.35555555555555557,0.34444444444444444,50,0.0014444444444444444,3,3
0.2,0.35555555555555557,0.34444444444444444,50,0.001888888888888889,4,4
0.2,0.35555555555555557,0.34444444444444444,50,0.0023333333333333335,4,5
0.2,0.35555555555555557,0.34444444444444444,50,0.002777777777777778,5,6
0.2,0.35555555555555557,0.34444444444444444,50,0.0032222222222222222,5,8
0.2,0.35555555555555557,0.34444444444444444,50,0.003666666666666667,5,9
0.2,0.35555555555555557,0.34444444444444444,50,0.004111111111111111,6,10
0.2,0.35555555555555557,0.34444444444444444,50,0.004555555555555556,7,11
0.2,0.35555555555555557,0.34444444444444444,50,0.005,8,12
0.2,0.35555555555555557,0.36666666666666664,50,0.001,3,3
0.2,0.35555555555555557,0.36666666666666664,50,0.0014444444444444444,3,3
0.2,0.35555555555555557,0.36666666666666664,50,0.001888888888888889,5,4
0.2,0.35555555555555557,0.36666666666666664,50,0.0023333333333333335,5,6
0.2,0.35555555555555557,0.36666666666666664,50,0.002777777777777778,5,7
0.2,0.35555555555555557,0.36666666666666664,50,0.0032222222222222222,5,8
0.2,0.35555555555555557,0.36666666666666664,50,0.003666666666666667,6,9
0.2,0.35555555555555557,0.36666666666666664,50,0.004111111111111111,6,10
0.2,0.35555555555555557,0.36666666666666664,50,0.004555555555555556,8,11
0.2,0.35555555555555557,0.36666666666666664,50,0.005,8,13
0.2,0.35555555555555557,0.3888888888888889,50,0.001,4,4
0.2,0.35555555555555557,0.3888888888888889,50,0.0014444444444444444,5,5
0.2,0.35555555555555557,0.3888888888888889,50,0.001888888888888889,5,5
0.2,0.35555555555555557,0.3888888888888889,50,0.0023333333333333335,5,7
0.2,0.35555555555555557,0.3888888888888889,50,0.002777777777777778,5,7
0.2,0.35555555555555557,0.3888888888888889,50,0.0032222222222222222,6,9
0.2,0.35555555555555557,0.3888888888888889,50,0.003666666666666667,6,9
0.2,0.35555555555555557,0.3888888888888889,50,0.004111111111111111,6,10
0.2,0.35555555555555557,0.3888888888888889,50,0.004555555555555556,8,13
0.2,0.35555555555555557,0.3888888888888889,50,0.005,9,13
0.2,0.35555555555555557,0.4111111111111111,50,0.001,4,5
0.2,0.35555555555555557,0.4111111111111111,50,0.0014444444444444444,5,5
0.2,0.35555555555555557,0.4111111111111111,50,0.001888888888888889,5,6
0.2,0.35555555555555557,0.4111111111111111,50,0.0023333333333333335,5,7
0.2,0.35555555555555557,0.4111111111111111,50,0.002777777777777778,5,7
0.2,0.35555555555555557,0.4111111111111111,50,0.0032222222222222222,6,7
0.2,0.35555555555555557,0.4111111111111111,50,0.003666666666666667,6,9
0.2,0.35555555555555557,0.4111111111111111,50,0.004111111111111111,6,11
0.2,0.35555555555555557,0.4111111111111111,50,0.004555555555555556,7,11
0.2,0.35555555555555557,0.4111111111111111,50,0.005,8,12
0.2,0.35555555555555557,0.43333333333333335,50,0.001,5,5
0.2,0.35555555555555557,0.43333333333333335,50,0.0014444444444444444,5,6
0.2,0.35555555555555557,0.43333333333333335,50,0.001888888888888889,5,7
0.2,0.35555555555555557,0.43333333333333335,50,0.0023333333333333335,5,7
0.2,0.35555555555555557,0.43333333333333335,50,0.002777777777777778,6,8
0.2,0.35555555555555557,0.43333333333333335,50,0.0032222222222222222,6,9
0.2,0.35555555555555557,0.43333333333333335,50,0.003666666666666667,7,10
0.2,0.35555555555555557,0.43333333333333335,50,0.004111111111111111,7,10
0.2,0.35555555555555557,0.43333333333333335,50,0.004555555555555556,8,9
0.2,0.35555555555555557,0.43333333333333335,50,0.005,8,12
0.2,0.35555555555555557,0.45555555555555555,50,0.001,5,6
0.2,0.35555555555555557,0.45555555555555555,50,0.0014444444444444444,5,5
0.2,0.35555555555555557,0.45555555555555555,50,0.001888888888888889,5,5
0.2,0.35555555555555557,0.45555555555555555,50,0.0023333333333333335,6,7
0.2,0.35555555555555557,0.45555555555555555,50,0.002777777777777778,6,7
0.2,0.35555555555555557,0.45555555555555555,50,0.0032222222222222222,5,5
0.2,0.35555555555555557,0.45555555555555555,50,0.003666666666666667,6,7
0.2,0.35555555555555557,0.45555555555555555,50,0.004111111111111111,7,8
0.2,0.35555555555555557,0.45555555555555555,50,0.004555555555555556,7,9
0.2,0.35555555555555557,0.45555555555555555,50,0.005,7,8
0.2,0.35555555555555557,0.47777777777777775,50,0.001,5,5
0.2,0.35555555555555557,0.47777777777777775,50,0.0014444444444444444,5,4
0.2,0.35555555555555557,0.47777777777777775,50,0.001888888888888889,5,5
0.2,0.35555555555555557,0.47777777777777775,50,0.0023333333333333335,5,6
0.2,0.35555555555555557,0.47777777777777775,50,0.002777777777777778,5,6
0.2,0.35555555555555557,0.47777777777777775,50,0.0032222222222222222,6,6
0.2,0.35555555555555557,0.47777777777777775,50,0.003666666666666667,6,5
0.2,0.35555555555555557,0.47777777777777775,50,0.004111111111111111,6,6
0.2,0.35555555555555557,0.47777777777777775,50,0.004555555555555556,7,7
0.2,0.35555555555555557,0.47777777777777775,50,0.005,7,8
0.2,0.35555555555555557,0.5,50,0.001,5,5
0.2,0.35555555555555557,0.5,50,0.0014444444444444444,5,5
0.2,0.35555555555555557,0.5,50,0.001888888888888889,4,4
0.2,0.35555555555555557,0.5,50,0.0023333333333333335,5,6
0.2,0.35555555555555557,0.5,50,0.002777777777777778,5,5
0.2,0.35555555555555557,0.5,50,0.0032222222222222222,5,5
0.2,0.35555555555555557,0.5,50,0.003666666666666667,5,5
0.2,0.35555555555555557,0.5,50,0.004111111111111111,5,5
0.2,0.35555555555555557,0.5,50,0.004555555555555556,6,5
0.2,0.35555555555555557,0.5,50,0.005,7,8
0.2,0.37777777777777777,0.3,50,0.001,3,3
0.2,0.37777777777777777,0.3,50,0.0014444444444444444,3,3
0.2,0.37777777777777777,0.3,50,0.001888888888888889,3,3
0.2,0.37777777777777777,0.3,50,0.0023333333333333335,3,3
0.2,0.37777777777777777,0.3,50,0.002777777777777778,4,5
0.2,0.37777777777777777,0.3,50,0.0032222222222222222,5,7
0.2,0.37777777777777777,0.3,50,0.003666666666666667,5,8
0.2,0.37777777777777777,0.3,50,0.004111111111111111,6,9
0.2,0.37777777777777777,0.3,50,0.004555555555555556,6,11
0.2,0.37777777777777777,0.3,50,0.005,7,12
0.2,0.37777777777777777,0.3222222222222222,50,0.001,3,3
0.2,0.37777777777777777,0.3222222222222222,50,0.0014444444444444444,3,3
0.2,0.37777777777777777,0.3222222222222222,50,0.001888888888888889,4,3
0.2,0.37777777777777777,0.3222222222222222,50,0.0023333333333333335,5,4
0.2,0.37777777777777777,0.3222222222222222,50,0.002777777777777778,5,6
0.2,0.37777777777777777,0.3222222222222222,50,0.0032222222222222222,5,6
0.2,0.37777777777777777,0.3222222222222222,50,0.003666666666666667,6,10
0.2,0.37777777777777777,0.3222222222222222,50,0.004111111111111111,6,10
0.2,0.37777777777777777,0.3222222222222222,50,0.004555555555555556,6,12
0.2,0.37777777777777777,0.3222222222222222,50,0.005,7,13
0.2,0.37777777777777777,0.34444444444444444,50,0.001,3,3
0.2,0.37777777777777777,0.34444444444444444,50,0.0014444444444444444,4,3
0.2,0.37777777777777777,0.34444444444444444,50,0.001888888888888889,5,4
0.2,0.37777777777777777,0.34444444444444444,50,0.0023333333333333335,5,5
0.2,0.37777777777777777,0.34444444444444444,50,0.002777777777777778,5,8
0.2,0.37777777777777777,0.34444444444444444,50,0.0032222222222222222,5,8
0.2,0.37777777777777777,0.34444444444444444,50,0.003666666666666667,6,9
0.2,0.37777777777777777,0.34444444444444444,50,0.004111111111111111,8,10
0.2,0.37777777777777777,0.34444444444444444,50,0.004555555555555556,7,12
0.2,0.37777777777777777,0.34444444444444444,50,0.005,8,13
0.2,0.37777777777777777,0.36666666666666664,50,0.001,3,3
0.2,0.37777777777777777,0.36666666666666664,50,0.0014444444444444444,4,4
0.2,0.37777777777777777,0.36666666666666664,50,0.001888888888888889,5,5
0.2,0.37777777777777777,0.36666666666666664,50,0.0023333333333333335,5,6
0.2,0.37777777777777777,0.36666666666666664,50,0.002777777777777778,5,8
0.2,0.37777777777777777,0.36666666666666664,50,0.0032222222222222222,5,8
0.2,0.37777777777777777,0.36666666666666664,50,0.003666666666666667,7,11
0.2,0.37777777777777777,0.36666666666666664,50,0.004111111111111111,6,11
0.2,0.37777777777777777,0.36666666666666664,50,0.004555555555555556,7,12
0.2,0.37777777777777777,0.36666666666666664,50,0.005,9,14
0.2,0.37777777777777777,0.3888888888888889,50,0.001,4,4
0.2,0.37777777777777777,0.3888888888888889,50,0.0014444444444444444,5,5
0.2,0.37777777777777777,0.3888888888888889,50,0.001888888888888889,5,6
0.2,0.37777777777777777,0.3888888888888889,50,0.0023333333333333335,5,6
0.2,0.37777777777777777,0.3888888888888889,50,0.002777777777777778,6,7
0.2,0.37777777777777777,0.3888888888888889,50,0.0032222222222222222,5,10
0.2,0.37777777777777777,0.3888888888888889,50,0.003666666666666667,6,10
0.2,0.37777777777777777,0.3888888888888889,50,0.004111111111111111,7,11
0.2,0.37777777777777777,0.3888888888888889,50,0.004555555555555556,8,12
0.2,0.37777777777777777,0.3888888888888889,50,0.005,8,13
0.2,0.37777777777777777,0.4111111111111111,50,0.001,5,5
0.2,0.37777777777777777,0.4111111111111111,50,0.0014444444444444444,5,5
0.2,0.37777777777777777,0.4111111111111111,50,0.001888888888888889,5,6
0.2,0.37777777777777777,0.4111111111111111,50,0.0023333333333333335,5,7
0.2,0.37777777777777777,0.4111111111111111,50,0.002777777777777778,5,8
0.2,0.37777777777777777,0.4111111111111111,50,0.0032222222222222222,6,10
0.2,0.37777777777777777,0.4111111111111111,50,0.003666666666666667,7,10
0.2,0.37777777777777777,0.4111111111111111,50,0.004111111111111111,7,11
0.2,0.37777777777777777,0.4111111111111111,50,0.004555555555555556,7,11
0.2,0.37777777777777777,0.4111111111111111,50,0.005,8,14
0.2,0.37777777777777777,0.43333333333333335,50,0.001,5,6
0.2,0.37777777777777777,0.43333333333333335,50,0.0014444444444444444,5,6
0.2,0.37777777777777777,0.43333333333333335,50,0.001888888888888889,5,7
0.2,0.37777777777777777,0.43333333333333335,50,0.0023333333333333335,5,7
0.2,0.37777777777777777,0.43333333333333335,50,0.002777777777777778,6,8
0.2,0.37777777777777777,0.43333333333333335,50,0.0032222222222222222,7,10
0.2,0.37777777777777777,0.43333333333333335,50,0.003666666666666667,8,10
0.2,0.37777777777777777,0.43333333333333335,50,0.004111111111111111,7,10
0.2,0.37777777777777777,0.43333333333333335,50,0.004555555555555556,8,11
0.2,0.37777777777777777,0.43333333333333335,50,0.005,9,12
0.2,0.37777777777777777,0.45555555555555555,50,0.001,5,6
0.2,0.37777777777777777,0.45555555555555555,50,0.0014444444444444444,5,7
0.2,0.37777777777777777,0.45555555555555555,50,0.001888888888888889,6,7
0.2,0.37777777777777777,0.45555555555555555,50,0.0023333333333333335,7,8
0.2,0.37777777777777777,0.45555555555555555,50,0.002777777777777778,7,8
0.2,0.37777777777777777,0.45555555555555555,50,0.0032222222222222222,7,8
0.2,0.37777777777777777,0.45555555555555555,50,0.003666666666666667,7,8
0.2,0.37777777777777777,0.45555555555555555,50,0.004111111111111111,8,10
0.2,0.37777777777777777,0.45555555555555555,50,0.004555555555555556,9,12
0.2,0.37777777777777777,0.45555555555555555,50,0.005,8,11
0.2,0.37777777777777777,0.47777777777777775,50,0.001,5,6
0.2,0.37777777777777777,0.47777777777777775,50,0.0014444444444444444,6,7
0.2,0.37777777777777777,0.47777777777777775,50,0.001888888888888889,5,5
0.2,0.37777777777777777,0.47777777777777775,50,0.0023333333333333335,7,7
0.2,0.37777777777777777,0.47777777777777775,50,0.002777777777777778,7,8
0.2,0.37777777777777777,0.47777777777777775,50,0.0032222222222222222,7,8
0.2,0.37777777777777777,0.47777777777777775,50,0.003666666666666667,7,8
0.2,0.37777777777777777,0.47777777777777775,50,0.004111111111111111,7,8
0.2,0.37777777777777777,0.47777777777777775,50,0.004555555555555556,8,9
0.2,0.37777777777777777,0.47777777777777775,50,0.005,8,10
0.2,0.37777777777777777,0.5,50,0.001,5,5
0.2,0.37777777777777777,0.5,50,0.0014444444444444444,5,4
0.2,0.37777777777777777,0.5,50,0.001888888888888889,5,4
0.2,0.37777777777777777,0.5,50,0.0023333333333333335,5,5
0.2,0.37777777777777777,0.5,50,0.002777777777777778,5,5
0.2,0.37777777777777777,0.5,50,0.0032222222222222222,6,6
0.2,0.37777777777777777,0.5,50,0.003666666666666667,7,6
0.2,0.37777777777777777,0.5,50,0.004111111111111111,7,6
0.2,0.37777777777777777,0.5,50,0.004555555555555556,7,10
0.2,0.37777777777777777,0.5,50,0.005,7,6
0.2,0.4,0.3,50,0.001,3,3
0.2,0.4,0.3,50,0.0014444444444444444,3,3
0.2,0.4,0.3,50,0.001888888888888889,3,3
0.2,0.4,0.3,50,0.0023333333333333335,4,4
0.2,0.4,0.3,50,0.002777777777777778,5,6
0.2,0.4,0.3,50,0.0032222222222222222,5,7
0.2,0.4,0.3,50,0.003666666666666667,5,9
0.2,0.4,0.3,50,0.004111111111111111,6,10
0.2,0.4,0.3,50,0.004555555555555556,7,11
0.2,0.4,0.3,50,0.005,7,13
0.2,0.4,0.3222222222222222,50,0.001,3,3
0.2,0.4,0.3222222222222222,50,0.0014444444444444444,4,3
0.2,0.4,0.3222222222222222,50,0.001888888888888889,4,3
0.2,0.4,0.3222222222222222,50,0.0023333333333333335,5,4
0.2,0.4,0.3222222222222222,50,0.002777777777777778,5,8
0.2,0.4,0.3222222222222222,50,0.0032222222222222222,6,8
0.2,0.4,0.3222222222222222,50,0.003666666666666667,6,10
0.2,0.4,0.3222222222222222,50,0.004111111111111111,6,11
0.2,0.4,0.3222222222222222,50,0.004555555555555556,8,12
0.2,0.4,0.3222222222222222,50,0.005,8,14
0.2,0.4,0.34444444444444444,50,0.001,3,3
0.2,0.4,0.34444444444444444,50,0.0014444444444444444,5,3
0.2,0.4,0.34444444444444444,50,0.001888888888888889,5,4
0.2,0.4,0.34444444444444444,50,0.0023333333333333335,5,5
0.2,0.4,0.34444444444444444,50,0.002777777777777778,5,7
0.2,0.4,0.34444444444444444,50,0.0032222222222222222,5,9
0.2,0.4,0.34444444444444444,50,0.003666666666666667,7,10
0.2,0.4,0.34444444444444444,50,0.004111111111111111,6,12
0.2,0.4,0.34444444444444444,50,0.004555555555555556,7,13
0.2,0.4,0.34444444444444444,50,0.005,9,14
0.2,0.4,0.36666666666666664,50,0.001,4,4
0.2,0.4,0.36666666666666664,50,0.0014444444444444444,5,4
0.2,0.4,0.36666666666666664,50,0.001888888888888889,5,6
0.2,0.4,0.36666666666666664,50,0.0023333333333333335,5,6
0.2,0.4,0.36666666666666664,50,0.002777777777777778,5,8
0.2,0.4,0.36666666666666664,50,0.0032222222222222222,6,10
0.2,0.4,0.36666666666666664,50,0.003666666666666667,7,11
0.2,0.4,0.36666666666666664,50,0.004111111111111111,8,13
0.2,0.4,0.36666666666666664,50,0.004555555555555556,9,14
0.2,0.4,0.36666666666666664,50,0.005,9,15
0.2,0.4,0.3888888888888889,50,0.001,5,5
0.2,0.4,0.3888888888888889,50,0.0014444444444444444,5,5
0.2,0.4,0.3888888888888889,50,0.001888888888888889,5,6
0.2,0.4,0.3888888888888889,50,0.0023333333333333335,5,8
0.2,0.4,0.3888888888888889,50,0.002777777777777778,5,8
0.2,0.4,0.3888888888888889,50,0.0032222222222222222,7,10
0.2,0.4,0.3888888888888889,50,0.003666666666666667,7,11
0.2,0.4,0.3888888888888889,50,0.004111111111111111,8,12
0.2,0.4,0.3888888888888889,50,0.004555555555555556,9,13
0.2,0.4,0.3888888888888889,50,0.005,9,15
0.2,0.4,0.4111111111111111,50,0.001,5,5
0.2,0.4,0.4111111111111111,50,0.0014444444444444444,5,5
0.2,0.4,0.4111111111111111,50,0.001888888888888889,5,7
0.2,0.4,0.4111111111111111,50,0.0023333333333333335,5,8
0.2,0.4,0.4111111111111111,50,0.002777777777777778,7,8
0.2,0.4,0.4111111111111111,50,0.0032222222222222222,7,9
0.2,0.4,0.4111111111111111,50,0.003666666666666667,8,11
0.2,0.4,0.4111111111111111,50,0.004111111111111111,8,12
0.2,0.4,0.4111111111111111,50,0.004555555555555556,9,12
0.2,0.4,0.4111111111111111,50,0.005,9,14
0.2,0.4,0.43333333333333335,50,0.001,5,5
0.2,0.4,0.43333333333333335,50,0.0014444444444444444,5,7
0.2,0.4,0.43333333333333335,50,0.001888888888888889,5,7
0.2,0.4,0.43333333333333335,50,0.0023333333333333335,6,8
0.2,0.4,0.43333333333333335,50,0.002777777777777778,7,8
0.2,0.4,0.43333333333333335,50,0.0032222222222222222,7,9
0.2,0.4,0.43333333333333335,50,0.003666666666666667,7,11
0.2,0.4,0.43333333333333335,50,0.004111111111111111,7,10
0.2,0.4,0.43333333333333335,50,0.004555555555555556,9,12
0.2,0.4,0.43333333333333335,50,0.005,9,12
0.2,0.4,0.45555555555555555,50,0.001,5,6
0.2,0.4,0.45555555555555555,50,0.0014444444444444444,6,7
0.2,0.4,0.45555555555555555,50,0.001888888888888889,7,7
0.2,0.4,0.45555555555555555,50,0.0023333333333333335,7,8
0.2,0.4,0.45555555555555555,50,0.002777777777777778,7,9
0.2,0.4,0.45555555555555555,50,0.0032222222222222222,7,10
0.2,0.4,0.45555555555555555,50,0.003666666666666667,7,9
0.2,0.4,0.45555555555555555,50,0.004111111111111111,8,11
0.2,0.4,0.45555555555555555,50,0.004555555555555556,8,11
0.2,0.4,0.45555555555555555,50,0.005,10,12
0.2,0.4,0.47777777777777775,50,0.001,6,7
0.2,0.4,0.47777777777777775,50,0.0014444444444444444,6,7
0.2,0.4,0.47777777777777775,50,0.001888888888888889,7,8
0.2,0.4,0.47777777777777775,50,0.0023333333333333335,7,9
0.2,0.4,0.47777777777777775,50,0.002777777777777778,7,9
0.2,0.4,0.47777777777777775,50,0.0032222222222222222,7,10
0.2,0.4,0.47777777777777775,50,0.003666666666666667,8,11
0.2,0.4,0.47777777777777775,50,0.004111111111111111,7,10
0.2,0.4,0.47777777777777775,50,0.004555555555555556,9,11
0.2,0.4,0.47777777777777775,50,0.005,9,13
0.2,0.4,0.5,50,0.001,6,7
0.2,0.4,0.5,50,0.0014444444444444444,6,7
0.2,0.4,0.5,50,0.001888888888888889,7,8
0.2,0.4,0.5,50,0.0023333333333333335,7,7
0.2,0.4,0.5,50,0.002777777777777778,7,7
0.2,0.4,0.5,50,0.0032222222222222222,7,9
0.2,0.4,0.5,50,0.003666666666666667,7,9
0.2,0.4,0.5,50,0.004111111111111111,8,10
0.2,0.4,0.5,50,0.004555555555555556,9,11
0.2,0.4,0.5,50,0.005,10,11
