result_schema_version,study_id,run_id,trial_id,family,family_role,family_trial_index,optuna_study_name,optuna_trial_number,status,failure_code,failure_message,global_seed,trial_seed,input_signal_seed,mask_seed,morphology_seed,beta_prime,theta,gamma,m0,Nvirt,geometry_mode,morphology_scheme,morphology_n_instances,morphology_beta_spread,morphology_weights_mode,MC,KR,GR,CQ,CQ_formula,runtime_seconds,started_at_utc,finished_at_utc,resolved_config_path,trial_log_path
1.0,uniform_vs_heterogeneous_fixed_geometry_beta20_v2_seed_03,uniform_vs_heterogeneous_fixed_geometry_beta20_v2_seed_sweep_seed_03_3141592653,uniform_trial_0001,uniform,baseline,1,uniform_fixed_repeated_eval_study,0,completed,,,1234,557384437,4284584593,1099293797,,20.0,0.2,0.05,0.01,100,uniform,,,,,3.695236080817649,81.0,1.0,80.0,KR_minus_GR,94.41750700003468,2026-03-13T23:09:29Z,2026-03-13T23:11:04Z,results/raw/uniform_vs_heterogeneous_fixed_geometry_beta20_v2_seed_03/uniform_vs_heterogeneous_fixed_geometry_beta20_v2_seed_sweep_seed_03_3141592653/resolved_config.yaml,
1.0,uniform_vs_heterogeneous_fixed_geometry_beta20_v2_seed_03,uniform_vs_heterogeneous_fixed_geometry_beta20_v2_seed_sweep_seed_03_3141592653,uniform_trial_0002,uniform,baseline,2,uniform_fixed_repeated_eval_study,1,completed,,,1234,1420838081,3315515159,3245661404,,20.0,0.2,0.05,0.01,100,uniform,,,,,3.212799602839156,83.0,1.0,82.0,KR_minus_GR,94.41037190007046,2026-03-13T23:11:04Z,2026-03-13T23:12:38Z,results/raw/uniform_vs_heterogeneous_fixed_geometry_beta20_v2_seed_03/uniform_vs_heterogeneous_fixed_geometry_beta20_v2_seed_sweep_seed_03_3141592653/resolved_config.yaml,
1.0,uniform_vs_heterogeneous_fixed_geometry_beta20_v2_seed_03,uniform_vs_heterogeneous_fixed_geometry_beta20_v2_seed_sweep_seed_03_3141592653,uniform_trial_0003,uniform,baseline,3,uniform_fixed_repeated_eval_study,2,completed,,,1234,2877095840,2219982920,2590698115,,20.0,0.2,0.05,0.01,100,uniform,,,,,3.578931478247708,81.0,1.0,80.0,KR_minus_GR,94.42603179998696,2026-03-13T23:12:38Z,2026-03-13T23:14:13Z,results/raw/uniform_vs_heterogeneous_fixed_geometry_beta20_v2_seed_03/uniform_vs_heterogeneous_fixed_geometry_beta20_v2_seed_sweep_seed_03_3141592653/resolved_config.yaml,
1.0,uniform_vs_heterogeneous_fixed_geometry_beta20_v2_seed_03,uniform_vs_heterogeneous_fixed_geometry_beta20_v2_seed_sweep_seed_03_3141592653,uniform_trial_0004,uniform,baseline,4,uniform_fixed_repeated_eval_study,3,completed,,,1234,3324148202,3070274865,3406246820,,20.0,0.2,0.05,0.01,100,uniform,,,,,3.796476061549033,87.0,1.0,86.0,KR_minus_GR,94.506958700018,2026-03-13T23:14:13Z,2026-03-13T23:15:47Z,results/raw/uniform_vs_heterogeneous_fixed_geometry_beta20_v2_seed_03/uniform_vs_heterogeneous_fixed_geometry_beta20_v2_seed_sweep_seed_03_3141592653/resolved_config.yaml,
1.0,uniform_vs_heterogeneous_fixed_geometry_beta20_v2_seed_03,uniform_vs_heterogeneous_fixed_geometry_beta20_v2_seed_sweep_seed_03_3141592653,uniform_trial_0005,uniform,baseline,5,uniform_fixed_repeated_eval_study,4,completed,,,1234,2730107343,836280899,272808745,,20.0,0.2,0.05,0.01,100,uniform,,,,,3.6630340974853466,79.0,1.0,78.0,KR_minus_GR,94.48767639999278,2026-03-13T23:15:47Z,2026-03-13T23:17:22Z,results/raw/uniform_vs_heterogeneous_fixed_geometry_beta20_v2_seed_03/uniform_vs_heterogeneous_fixed_geometry_beta20_v2_seed_sweep_seed_03_3141592653/resolved_config.yaml,
1.0,uniform_vs_heterogeneous_fixed_geometry_beta20_v2_seed_03,uniform_vs_heterogeneous_fixed_geometry_beta20_v2_seed_sweep_seed_03_3141592653,uniform_trial_0006,uniform,baseline,6,uniform_fixed_repeated_eval_study,5,completed,,,1234,845667455,3180735762,2366377893,,20.0,0.2,0.05,0.01,100,uniform,,,,,2.9859338722333906,77.0,1.0,76.0,KR_minus_GR,94.26073949993588,2026-03-13T23:17:22Z,2026-03-13T23:18:56Z,results/raw/uniform_vs_heterogeneous_fixed_geometry_beta20_v2_seed_03/uniform_vs_heterogeneous_fixed_geometry_beta20_v2_seed_sweep_seed_03_3141592653/resolved_config.yaml,
1.0,uniform_vs_heterogeneous_fixed_geometry_beta20_v2_seed_03,uniform_vs_heterogeneous_fixed_geometry_beta20_v2_seed_sweep_seed_03_3141592653,uniform_trial_0007,uniform,baseline,7,uniform_fixed_repeated_eval_study,6,completed,,,1234,2553641544,1534643511,559736296,,20.0,0.2,0.05,0.01,100,uniform,,,,,3.1671458285134264,82.0,1.0,81.0,KR_minus_GR,94.51832589996047,2026-03-13T23:18:56Z,2026-03-13T23:20:30Z,results/raw/uniform_vs_heterogeneous_fixed_geometry_beta20_v2_seed_03/uniform_vs_heterogeneous_fixed_geometry_beta20_v2_seed_sweep_seed_03_3141592653/resolved_config.yaml,
1.0,uniform_vs_heterogeneous_fixed_geometry_beta20_v2_seed_03,uniform_vs_heterogeneous_fixed_geometry_beta20_v2_seed_sweep_seed_03_3141592653,uniform_trial_0008,uniform,baseline,8,uniform_fixed_repeated_eval_study,7,completed,,,1234,820649975,3784784527,2505475035,,20.0,0.2,0.05,0.01,100,uniform,,,,,2.936453998051178,80.0,1.0,79.0,KR_minus_GR,94.29931120015681,2026-03-13T23:20:30Z,2026-03-13T23:22:05Z,results/raw/uniform_vs_heterogeneous_fixed_geometry_beta20_v2_seed_03/uniform_vs_heterogeneous_fixed_geometry_beta20_v2_seed_sweep_seed_03_3141592653/resolved_config.yaml,
1.0,uniform_vs_heterogeneous_fixed_geometry_beta20_v2_seed_03,uniform_vs_heterogeneous_fixed_geometry_beta20_v2_seed_sweep_seed_03_3141592653,uniform_trial_0009,uniform,baseline,9,uniform_fixed_repeated_eval_study,8,completed,,,1234,2861565625,3653215253,3702444616,,20.0,0.2,0.05,0.01,100,uniform,,,,,3.7794708191952955,79.0,1.0,78.0,KR_minus_GR,94.49378620018251,2026-03-13T23:22:05Z,2026-03-13T23:23:39Z,results/raw/uniform_vs_heterogeneous_fixed_geometry_beta20_v2_seed_03/uniform_vs_heterogeneous_fixed_geometry_beta20_v2_seed_sweep_seed_03_3141592653/resolved_config.yaml,
1.0,uniform_vs_heterogeneous_fixed_geometry_beta20_v2_seed_03,uniform_vs_heterogeneous_fixed_geometry_beta20_v2_seed_sweep_seed_03_3141592653,uniform_trial_0010,uniform,baseline,10,uniform_fixed_repeated_eval_study,9,completed,,,1234,173019452,3335379282,3227370497,,20.0,0.2,0.05,0.01,100,uniform,,,,,3.1291329777378287,86.0,1.0,85.0,KR_minus_GR,94.4902564000804,2026-03-13T23:23:39Z,2026-03-13T23:25:14Z,results/raw/uniform_vs_heterogeneous_fixed_geometry_beta20_v2_seed_03/uniform_vs_heterogeneous_fixed_geometry_beta20_v2_seed_sweep_seed_03_3141592653/resolved_config.yaml,
1.0,uniform_vs_heterogeneous_fixed_geometry_beta20_v2_seed_03,uniform_vs_heterogeneous_fixed_geometry_beta20_v2_seed_sweep_seed_03_3141592653,uniform_trial_0011,uniform,baseline,11,uniform_fixed_repeated_eval_study,10,completed,,,1234,3051747814,2938311673,3927796037,,20.0,0.2,0.05,0.01,100,uniform,,,,,3.3304097415525096,83.0,1.0,82.0,KR_minus_GR,94.45900890021585,2026-03-13T23:25:14Z,2026-03-13T23:26:48Z,results/raw/uniform_vs_heterogeneous_fixed_geometry_beta20_v2_seed_03/uniform_vs_heterogeneous_fixed_geometry_beta20_v2_seed_sweep_seed_03_3141592653/resolved_config.yaml,
1.0,uniform_vs_heterogeneous_fixed_geometry_beta20_v2_seed_03,uniform_vs_heterogeneous_fixed_geometry_beta20_v2_seed_sweep_seed_03_3141592653,uniform_trial_0012,uniform,baseline,12,uniform_fixed_repeated_eval_study,11,completed,,,1234,349346877,1491040069,1209011973,,20.0,0.2,0.05,0.01,100,uniform,,,,,3.89654633430366,85.0,1.0,84.0,KR_minus_GR,94.44162330008112,2026-03-13T23:26:48Z,2026-03-13T23:28:22Z,results/raw/uniform_vs_heterogeneous_fixed_geometry_beta20_v2_seed_03/uniform_vs_heterogeneous_fixed_geometry_beta20_v2_seed_sweep_seed_03_3141592653/resolved_config.yaml,
1.0,uniform_vs_heterogeneous_fixed_geometry_beta20_v2_seed_03,uniform_vs_heterogeneous_fixed_geometry_beta20_v2_seed_sweep_seed_03_3141592653,uniform_trial_0013,uniform,baseline,13,uniform_fixed_repeated_eval_study,12,completed,,,1234,3283383610,2237597193,1484433474,,20.0,0.2,0.05,0.01,100,uniform,,,,,3.789121622739425,82.0,1.0,81.0,KR_minus_GR,94.52712549990974,2026-03-13T23:28:22Z,2026-03-13T23:29:57Z,results/raw/uniform_vs_heterogeneous_fixed_geometry_beta20_v2_seed_03/uniform_vs_heterogeneous_fixed_geometry_beta20_v2_seed_sweep_seed_03_3141592653/resolved_config.yaml,
1.0,uniform_vs_heterogeneous_fixed_geometry_beta20_v2_seed_03,uniform_vs_heterogeneous_fixed_geometry_beta20_v2_seed_sweep_seed_03_3141592653,uniform_trial_0014,uniform,baseline,14,uniform_fixed_repeated_eval_study,13,completed,,,1234,1498703894,3051669214,2246098719,,20.0,0.2,0.05,0.01,100,uniform,,,,,4.22311331769861,83.0,1.0,82.0,KR_minus_GR,94.52132379985414,2026-03-13T23:29:57Z,2026-03-13T23:31:32Z,results/raw/uniform_vs_heterogeneous_fixed_geometry_beta20_v2_seed_03/uniform_vs_heterogeneous_fixed_geometry_beta20_v2_seed_sweep_seed_03_3141592653/resolved_config.yaml,
1.0,uniform_vs_heterogeneous_fixed_geometry_beta20_v2_seed_03,uniform_vs_heterogeneous_fixed_geometry_beta20_v2_seed_sweep_seed_03_3141592653,uniform_trial_0015,uniform,baseline,15,uniform_fixed_repeated_eval_study,14,completed,,,1234,561358417,1089557608,3730222718,,20.0,0.2,0.05,0.01,100,uniform,,,,,3.6453888502828793,81.0,1.0,80.0,KR_minus_GR,94.2956330999732,2026-03-13T23:31:32Z,2026-03-13T23:33:06Z,results/raw/uniform_vs_heterogeneous_fixed_geometry_beta20_v2_seed_03/uniform_vs_heterogeneous_fixed_geometry_beta20_v2_seed_sweep_seed_03_3141592653/resolved_config.yaml,
1.0,uniform_vs_heterogeneous_fixed_geometry_beta20_v2_seed_03,uniform_vs_heterogeneous_fixed_geometry_beta20_v2_seed_sweep_seed_03_3141592653,uniform_trial_0016,uniform,baseline,16,uniform_fixed_repeated_eval_study,15,completed,,,1234,3831752978,140309103,777858740,,20.0,0.2,0.05,0.01,100,uniform,,,,,4.163162599754343,87.0,2.0,85.0,KR_minus_GR,94.34745709993877,2026-03-13T23:33:06Z,2026-03-13T23:34:40Z,results/raw/uniform_vs_heterogeneous_fixed_geometry_beta20_v2_seed_03/uniform_vs_heterogeneous_fixed_geometry_beta20_v2_seed_sweep_seed_03_3141592653/resolved_config.yaml,
1.0,uniform_vs_heterogeneous_fixed_geometry_beta20_v2_seed_03,uniform_vs_heterogeneous_fixed_geometry_beta20_v2_seed_sweep_seed_03_3141592653,uniform_trial_0017,uniform,baseline,17,uniform_fixed_repeated_eval_study,16,completed,,,1234,2310362745,1172260544,2315437138,,20.0,0.2,0.05,0.01,100,uniform,,,,,4.1853265380426565,82.0,1.0,81.0,KR_minus_GR,94.2539685999509,2026-03-13T23:34:40Z,2026-03-13T23:36:14Z,results/raw/uniform_vs_heterogeneous_fixed_geometry_beta20_v2_seed_03/uniform_vs_heterogeneous_fixed_geometry_beta20_v2_seed_sweep_seed_03_3141592653/resolved_config.yaml,
1.0,uniform_vs_heterogeneous_fixed_geometry_beta20_v2_seed_03,uniform_vs_heterogeneous_fixed_geometry_beta20_v2_seed_sweep_seed_03_3141592653,uniform_trial_0018,uniform,baseline,18,uniform_fixed_repeated_eval_study,17,completed,,,1234,3334406920,2891657080,2180530600,,20.0,0.2,0.05,0.01,100,uniform,,,,,4.3809382563099835,83.0,1.0,82.0,KR_minus_GR,94.30278189992532,2026-03-13T23:36:14Z,2026-03-13T23:37:49Z,results/raw/uniform_vs_heterogeneous_fixed_geometry_beta20_v2_seed_03/uniform_vs_heterogeneous_fixed_geometry_beta20_v2_seed_sweep_seed_03_3141592653/resolved_config.yaml,
1.0,uniform_vs_heterogeneous_fixed_geometry_beta20_v2_seed_03,uniform_vs_heterogeneous_fixed_geometry_beta20_v2_seed_sweep_seed_03_3141592653,uniform_trial_0019,uniform,baseline,19,uniform_fixed_repeated_eval_study,18,completed,,,1234,1949921660,2190979501,2296498402,,20.0,0.2,0.05,0.01,100,uniform,,,,,3.1335849396878075,83.0,1.0,82.0,KR_minus_GR,94.45359869999811,2026-03-13T23:37:49Z,2026-03-13T23:39:23Z,results/raw/uniform_vs_heterogeneous_fixed_geometry_beta20_v2_seed_03/uniform_vs_heterogeneous_fixed_geometry_beta20_v2_seed_sweep_seed_03_3141592653/resolved_config.yaml,
1.0,uniform_vs_heterogeneous_fixed_geometry_beta20_v2_seed_03,uniform_vs_heterogeneous_fixed_geometry_beta20_v2_seed_sweep_seed_03_3141592653,uniform_trial_0020,uniform,baseline,20,uniform_fixed_repeated_eval_study,19,completed,,,1234,1240878390,2757162680,1024490212,,20.0,0.2,0.05,0.01,100,uniform,,,,,3.5818187724199815,85.0,1.0,84.0,KR_minus_GR,94.47172920010053,2026-03-13T23:39:23Z,2026-03-13T23:40:58Z,results/raw/uniform_vs_heterogeneous_fixed_geometry_beta20_v2_seed_03/uniform_vs_heterogeneous_fixed_geometry_beta20_v2_seed_sweep_seed_03_3141592653/resolved_config.yaml,
1.0,uniform_vs_heterogeneous_fixed_geometry_beta20_v2_seed_03,uniform_vs_heterogeneous_fixed_geometry_beta20_v2_seed_sweep_seed_03_3141592653,uniform_trial_0021,uniform,baseline,21,uniform_fixed_repeated_eval_study,20,completed,,,1234,1443379480,235820628,1331743193,,20.0,0.2,0.05,0.01,100,uniform,,,,,3.2754027483886365,84.0,1.0,83.0,KR_minus_GR,94.59361519990489,2026-03-13T23:40:58Z,2026-03-13T23:42:32Z,results/raw/uniform_vs_heterogeneous_fixed_geometry_beta20_v2_seed_03/uniform_vs_heterogeneous_fixed_geometry_beta20_v2_seed_sweep_seed_03_3141592653/resolved_config.yaml,
1.0,uniform_vs_heterogeneous_fixed_geometry_beta20_v2_seed_03,uniform_vs_heterogeneous_fixed_geometry_beta20_v2_seed_sweep_seed_03_3141592653,uniform_trial_0022,uniform,baseline,22,uniform_fixed_repeated_eval_study,21,completed,,,1234,2612121780,1195119090,3369815799,,20.0,0.2,0.05,0.01,100,uniform,,,,,3.5456756962403277,80.0,1.0,79.0,KR_minus_GR,94.37452420010231,2026-03-13T23:42:32Z,2026-03-13T23:44:07Z,results/raw/uniform_vs_heterogeneous_fixed_geometry_beta20_v2_seed_03/uniform_vs_heterogeneous_fixed_geometry_beta20_v2_seed_sweep_seed_03_3141592653/resolved_config.yaml,
1.0,uniform_vs_heterogeneous_fixed_geometry_beta20_v2_seed_03,uniform_vs_heterogeneous_fixed_geometry_beta20_v2_seed_sweep_seed_03_3141592653,uniform_trial_0023,uniform,baseline,23,uniform_fixed_repeated_eval_study,22,completed,,,1234,491212468,639730780,2426936498,,20.0,0.2,0.05,0.01,100,uniform,,,,,3.0634336754727363,81.0,1.0,80.0,KR_minus_GR,94.56814859993756,2026-03-13T23:44:07Z,2026-03-13T23:45:41Z,results/raw/uniform_vs_heterogeneous_fixed_geometry_beta20_v2_seed_03/uniform_vs_heterogeneous_fixed_geometry_beta20_v2_seed_sweep_seed_03_3141592653/resolved_config.yaml,
1.0,uniform_vs_heterogeneous_fixed_geometry_beta20_v2_seed_03,uniform_vs_heterogeneous_fixed_geometry_beta20_v2_seed_sweep_seed_03_3141592653,uniform_trial_0024,uniform,baseline,24,uniform_fixed_repeated_eval_study,23,completed,,,1234,2936744238,1954826618,216515674,,20.0,0.2,0.05,0.01,100,uniform,,,,,3.476781770386676,83.0,1.0,82.0,KR_minus_GR,94.484505899949,2026-03-13T23:45:41Z,2026-03-13T23:47:16Z,results/raw/uniform_vs_heterogeneous_fixed_geometry_beta20_v2_seed_03/uniform_vs_heterogeneous_fixed_geometry_beta20_v2_seed_sweep_seed_03_3141592653/resolved_config.yaml,
1.0,uniform_vs_heterogeneous_fixed_geometry_beta20_v2_seed_03,uniform_vs_heterogeneous_fixed_geometry_beta20_v2_seed_sweep_seed_03_3141592653,uniform_trial_0025,uniform,baseline,25,uniform_fixed_repeated_eval_study,24,completed,,,1234,998925781,858011228,1665825923,,20.0,0.2,0.05,0.01,100,uniform,,,,,3.6473367909352095,80.0,1.0,79.0,KR_minus_GR,94.54419409995899,2026-03-13T23:47:16Z,2026-03-13T23:48:50Z,results/raw/uniform_vs_heterogeneous_fixed_geometry_beta20_v2_seed_03/uniform_vs_heterogeneous_fixed_geometry_beta20_v2_seed_sweep_seed_03_3141592653/resolved_config.yaml,
1.0,uniform_vs_heterogeneous_fixed_geometry_beta20_v2_seed_03,uniform_vs_heterogeneous_fixed_geometry_beta20_v2_seed_sweep_seed_03_3141592653,uniform_trial_0026,uniform,baseline,26,uniform_fixed_repeated_eval_study,25,completed,,,1234,3341645679,457886829,3538871409,,20.0,0.2,0.05,0.01,100,uniform,,,,,3.830098123869903,82.0,1.0,81.0,KR_minus_GR,94.32050339994021,2026-03-13T23:48:50Z,2026-03-13T23:50:25Z,results/raw/uniform_vs_heterogeneous_fixed_geometry_beta20_v2_seed_03/uniform_vs_heterogeneous_fixed_geometry_beta20_v2_seed_sweep_seed_03_3141592653/resolved_config.yaml,
1.0,uniform_vs_heterogeneous_fixed_geometry_beta20_v2_seed_03,uniform_vs_heterogeneous_fixed_geometry_beta20_v2_seed_sweep_seed_03_3141592653,uniform_trial_0027,uniform,baseline,27,uniform_fixed_repeated_eval_study,26,completed,,,1234,3770675915,2370894938,3298362815,,20.0,0.2,0.05,0.01,100,uniform,,,,,3.522289075991232,86.0,1.0,85.0,KR_minus_GR,94.28673669998534,2026-03-13T23:50:25Z,2026-03-13T23:51:59Z,results/raw/uniform_vs_heterogeneous_fixed_geometry_beta20_v2_seed_03/uniform_vs_heterogeneous_fixed_geometry_beta20_v2_seed_sweep_seed_03_3141592653/resolved_config.yaml,
1.0,uniform_vs_heterogeneous_fixed_geometry_beta20_v2_seed_03,uniform_vs_heterogeneous_fixed_geometry_beta20_v2_seed_sweep_seed_03_3141592653,uniform_trial_0028,uniform,baseline,28,uniform_fixed_repeated_eval_study,27,completed,,,1234,941057151,1608557929,2356006179,,20.0,0.2,0.05,0.01,100,uniform,,,,,3.9635130832574683,82.0,1.0,81.0,KR_minus_GR,94.35995890013874,2026-03-13T23:51:59Z,2026-03-13T23:53:33Z,results/raw/uniform_vs_heterogeneous_fixed_geometry_beta20_v2_seed_03/uniform_vs_heterogeneous_fixed_geometry_beta20_v2_seed_sweep_seed_03_3141592653/resolved_config.yaml,
1.0,uniform_vs_heterogeneous_fixed_geometry_beta20_v2_seed_03,uniform_vs_heterogeneous_fixed_geometry_beta20_v2_seed_sweep_seed_03_3141592653,uniform_trial_0029,uniform,baseline,29,uniform_fixed_repeated_eval_study,28,completed,,,1234,2215109747,1487910696,1914032874,,20.0,0.2,0.05,0.01,100,uniform,,,,,3.8000210434985093,82.0,1.0,81.0,KR_minus_GR,94.48565419996157,2026-03-13T23:53:33Z,2026-03-13T23:55:08Z,results/raw/uniform_vs_heterogeneous_fixed_geometry_beta20_v2_seed_03/uniform_vs_heterogeneous_fixed_geometry_beta20_v2_seed_sweep_seed_03_3141592653/resolved_config.yaml,
1.0,uniform_vs_heterogeneous_fixed_geometry_beta20_v2_seed_03,uniform_vs_heterogeneous_fixed_geometry_beta20_v2_seed_sweep_seed_03_3141592653,uniform_trial_0030,uniform,baseline,30,uniform_fixed_repeated_eval_study,29,completed,,,1234,2416810949,3200246158,4282125702,,20.0,0.2,0.05,0.01,100,uniform,,,,,3.9695832216145632,88.0,1.0,87.0,KR_minus_GR,94.63174559990875,2026-03-13T23:55:08Z,2026-03-13T23:56:42Z,results/raw/uniform_vs_heterogeneous_fixed_geometry_beta20_v2_seed_03/uniform_vs_heterogeneous_fixed_geometry_beta20_v2_seed_sweep_seed_03_3141592653/resolved_config.yaml,
1.0,uniform_vs_heterogeneous_fixed_geometry_beta20_v2_seed_03,uniform_vs_heterogeneous_fixed_geometry_beta20_v2_seed_sweep_seed_03_3141592653,uniform_trial_0031,uniform,baseline,31,uniform_fixed_repeated_eval_study,30,completed,,,1234,558317995,3659360184,941084673,,20.0,0.2,0.05,0.01,100,uniform,,,,,4.046023155687339,83.0,1.0,82.0,KR_minus_GR,94.60882490011863,2026-03-13T23:56:42Z,2026-03-13T23:58:17Z,results/raw/uniform_vs_heterogeneous_fixed_geometry_beta20_v2_seed_03/uniform_vs_heterogeneous_fixed_geometry_beta20_v2_seed_sweep_seed_03_3141592653/resolved_config.yaml,
1.0,uniform_vs_heterogeneous_fixed_geometry_beta20_v2_seed_03,uniform_vs_heterogeneous_fixed_geometry_beta20_v2_seed_sweep_seed_03_3141592653,uniform_trial_0032,uniform,baseline,32,uniform_fixed_repeated_eval_study,31,completed,,,1234,2229074049,1163828947,2400508265,,20.0,0.2,0.05,0.01,100,uniform,,,,,4.021760642328562,79.0,1.0,78.0,KR_minus_GR,94.49661520007066,2026-03-13T23:58:17Z,2026-03-13T23:59:51Z,results/raw/uniform_vs_heterogeneous_fixed_geometry_beta20_v2_seed_03/uniform_vs_heterogeneous_fixed_geometry_beta20_v2_seed_sweep_seed_03_3141592653/resolved_config.yaml,
1.0,uniform_vs_heterogeneous_fixed_geometry_beta20_v2_seed_03,uniform_vs_heterogeneous_fixed_geometry_beta20_v2_seed_sweep_seed_03_3141592653,uniform_trial_0033,uniform,baseline,33,uniform_fixed_repeated_eval_study,32,completed,,,1234,3632097554,465452834,657304465,,20.0,0.2,0.05,0.01,100,uniform,,,,,3.123881937096436,81.0,1.0,80.0,KR_minus_GR,94.34232040005736,2026-03-13T23:59:51Z,2026-03-14T00:01:26Z,results/raw/uniform_vs_heterogeneous_fixed_geometry_beta20_v2_seed_03/uniform_vs_heterogeneous_fixed_geometry_beta20_v2_seed_sweep_seed_03_3141592653/resolved_config.yaml,
1.0,uniform_vs_heterogeneous_fixed_geometry_beta20_v2_seed_03,uniform_vs_heterogeneous_fixed_geometry_beta20_v2_seed_sweep_seed_03_3141592653,uniform_trial_0034,uniform,baseline,34,uniform_fixed_repeated_eval_study,33,completed,,,1234,2567759408,260932833,1910684027,,20.0,0.2,0.05,0.01,100,uniform,,,,,3.2863276957585126,84.0,1.0,83.0,KR_minus_GR,94.5301864000503,2026-03-14T00:01:26Z,2026-03-14T00:03:00Z,results/raw/uniform_vs_heterogeneous_fixed_geometry_beta20_v2_seed_03/uniform_vs_heterogeneous_fixed_geometry_beta20_v2_seed_sweep_seed_03_3141592653/resolved_config.yaml,
1.0,uniform_vs_heterogeneous_fixed_geometry_beta20_v2_seed_03,uniform_vs_heterogeneous_fixed_geometry_beta20_v2_seed_sweep_seed_03_3141592653,uniform_trial_0035,uniform,baseline,35,uniform_fixed_repeated_eval_study,34,completed,,,1234,497034915,2991699869,3440523128,,20.0,0.2,0.05,0.01,100,uniform,,,,,3.7826501855444876,88.0,1.0,87.0,KR_minus_GR,94.29460039990954,2026-03-14T00:03:00Z,2026-03-14T00:04:35Z,results/raw/uniform_vs_heterogeneous_fixed_geometry_beta20_v2_seed_03/uniform_vs_heterogeneous_fixed_geometry_beta20_v2_seed_sweep_seed_03_3141592653/resolved_config.yaml,
1.0,uniform_vs_heterogeneous_fixed_geometry_beta20_v2_seed_03,uniform_vs_heterogeneous_fixed_geometry_beta20_v2_seed_sweep_seed_03_3141592653,uniform_trial_0036,uniform,baseline,36,uniform_fixed_repeated_eval_study,35,completed,,,1234,1083038525,86752051,1321251118,,20.0,0.2,0.05,0.01,100,uniform,,,,,3.2112513749553804,81.0,2.0,79.0,KR_minus_GR,94.33108579996042,2026-03-14T00:04:35Z,2026-03-14T00:06:09Z,results/raw/uniform_vs_heterogeneous_fixed_geometry_beta20_v2_seed_03/uniform_vs_heterogeneous_fixed_geometry_beta20_v2_seed_sweep_seed_03_3141592653/resolved_config.yaml,
1.0,uniform_vs_heterogeneous_fixed_geometry_beta20_v2_seed_03,uniform_vs_heterogeneous_fixed_geometry_beta20_v2_seed_sweep_seed_03_3141592653,uniform_trial_0037,uniform,baseline,37,uniform_fixed_repeated_eval_study,36,completed,,,1234,536348740,3660727062,2092807939,,20.0,0.2,0.05,0.01,100,uniform,,,,,2.9792058614977064,84.0,1.0,83.0,KR_minus_GR,94.46594729996286,2026-03-14T00:06:09Z,2026-03-14T00:07:43Z,results/raw/uniform_vs_heterogeneous_fixed_geometry_beta20_v2_seed_03/uniform_vs_heterogeneous_fixed_geometry_beta20_v2_seed_sweep_seed_03_3141592653/resolved_config.yaml,
1.0,uniform_vs_heterogeneous_fixed_geometry_beta20_v2_seed_03,uniform_vs_heterogeneous_fixed_geometry_beta20_v2_seed_sweep_seed_03_3141592653,uniform_trial_0038,uniform,baseline,38,uniform_fixed_repeated_eval_study,37,completed,,,1234,2751935958,2253353761,156623708,,20.0,0.2,0.05,0.01,100,uniform,,,,,3.6237383718363345,83.0,1.0,82.0,KR_minus_GR,94.41968389996327,2026-03-14T00:07:43Z,2026-03-14T00:09:18Z,results/raw/uniform_vs_heterogeneous_fixed_geometry_beta20_v2_seed_03/uniform_vs_heterogeneous_fixed_geometry_beta20_v2_seed_sweep_seed_03_3141592653/resolved_config.yaml,
1.0,uniform_vs_heterogeneous_fixed_geometry_beta20_v2_seed_03,uniform_vs_heterogeneous_fixed_geometry_beta20_v2_seed_sweep_seed_03_3141592653,uniform_trial_0039,uniform,baseline,39,uniform_fixed_repeated_eval_study,38,completed,,,1234,2602012957,1290416650,1845714525,,20.0,0.2,0.05,0.01,100,uniform,,,,,3.4429232744487113,83.0,1.0,82.0,KR_minus_GR,94.51660159998573,2026-03-14T00:09:18Z,2026-03-14T00:10:52Z,results/raw/uniform_vs_heterogeneous_fixed_geometry_beta20_v2_seed_03/uniform_vs_heterogeneous_fixed_geometry_beta20_v2_seed_sweep_seed_03_3141592653/resolved_config.yaml,
1.0,uniform_vs_heterogeneous_fixed_geometry_beta20_v2_seed_03,uniform_vs_heterogeneous_fixed_geometry_beta20_v2_seed_sweep_seed_03_3141592653,uniform_trial_0040,uniform,baseline,40,uniform_fixed_repeated_eval_study,39,completed,,,1234,1907038877,1152328794,4239369196,,20.0,0.2,0.05,0.01,100,uniform,,,,,4.183402814206704,78.0,1.0,77.0,KR_minus_GR,94.48155139992014,2026-03-14T00:10:52Z,2026-03-14T00:12:27Z,results/raw/uniform_vs_heterogeneous_fixed_geometry_beta20_v2_seed_03/uniform_vs_heterogeneous_fixed_geometry_beta20_v2_seed_sweep_seed_03_3141592653/resolved_config.yaml,
1.0,uniform_vs_heterogeneous_fixed_geometry_beta20_v2_seed_03,uniform_vs_heterogeneous_fixed_geometry_beta20_v2_seed_sweep_seed_03_3141592653,uniform_trial_0041,uniform,baseline,41,uniform_fixed_repeated_eval_study,40,completed,,,1234,1453147537,1062121603,1261227742,,20.0,0.2,0.05,0.01,100,uniform,,,,,4.035881800292219,77.0,1.0,76.0,KR_minus_GR,94.55785629991442,2026-03-14T00:12:27Z,2026-03-14T00:14:01Z,results/raw/uniform_vs_heterogeneous_fixed_geometry_beta20_v2_seed_03/uniform_vs_heterogeneous_fixed_geometry_beta20_v2_seed_sweep_seed_03_3141592653/resolved_config.yaml,
1.0,uniform_vs_heterogeneous_fixed_geometry_beta20_v2_seed_03,uniform_vs_heterogeneous_fixed_geometry_beta20_v2_seed_sweep_seed_03_3141592653,uniform_trial_0042,uniform,baseline,42,uniform_fixed_repeated_eval_study,41,completed,,,1234,4114065347,3247853397,2912670184,,20.0,0.2,0.05,0.01,100,uniform,,,,,3.3075398518495636,82.0,1.0,81.0,KR_minus_GR,94.58226220007055,2026-03-14T00:14:01Z,2026-03-14T00:15:36Z,results/raw/uniform_vs_heterogeneous_fixed_geometry_beta20_v2_seed_03/uniform_vs_heterogeneous_fixed_geometry_beta20_v2_seed_sweep_seed_03_3141592653/resolved_config.yaml,
1.0,uniform_vs_heterogeneous_fixed_geometry_beta20_v2_seed_03,uniform_vs_heterogeneous_fixed_geometry_beta20_v2_seed_sweep_seed_03_3141592653,uniform_trial_0043,uniform,baseline,43,uniform_fixed_repeated_eval_study,42,completed,,,1234,1700135630,2308302346,1114433315,,20.0,0.2,0.05,0.01,100,uniform,,,,,3.325301189241814,77.0,1.0,76.0,KR_minus_GR,94.45432109991089,2026-03-14T00:15:36Z,2026-03-14T00:17:10Z,results/raw/uniform_vs_heterogeneous_fixed_geometry_beta20_v2_seed_03/uniform_vs_heterogeneous_fixed_geometry_beta20_v2_seed_sweep_seed_03_3141592653/resolved_config.yaml,
1.0,uniform_vs_heterogeneous_fixed_geometry_beta20_v2_seed_03,uniform_vs_heterogeneous_fixed_geometry_beta20_v2_seed_sweep_seed_03_3141592653,uniform_trial_0044,uniform,baseline,44,uniform_fixed_repeated_eval_study,43,completed,,,1234,1724648099,2347422777,3495343450,,20.0,0.2,0.05,0.01,100,uniform,,,,,2.9568606728370495,80.0,1.0,79.0,KR_minus_GR,94.3190961999353,2026-03-14T00:17:10Z,2026-03-14T00:18:45Z,results/raw/uniform_vs_heterogeneous_fixed_geometry_beta20_v2_seed_03/uniform_vs_heterogeneous_fixed_geometry_beta20_v2_seed_sweep_seed_03_3141592653/resolved_config.yaml,
1.0,uniform_vs_heterogeneous_fixed_geometry_beta20_v2_seed_03,uniform_vs_heterogeneous_fixed_geometry_beta20_v2_seed_sweep_seed_03_3141592653,uniform_trial_0045,uniform,baseline,45,uniform_fixed_repeated_eval_study,44,completed,,,1234,102986405,787628727,3848914606,,20.0,0.2,0.05,0.01,100,uniform,,,,,3.519229381471336,83.0,1.0,82.0,KR_minus_GR,94.45768749993294,2026-03-14T00:18:45Z,2026-03-14T00:20:19Z,results/raw/uniform_vs_heterogeneous_fixed_geometry_beta20_v2_seed_03/uniform_vs_heterogeneous_fixed_geometry_beta20_v2_seed_sweep_seed_03_3141592653/resolved_config.yaml,
1.0,uniform_vs_heterogeneous_fixed_geometry_beta20_v2_seed_03,uniform_vs_heterogeneous_fixed_geometry_beta20_v2_seed_sweep_seed_03_3141592653,uniform_trial_0046,uniform,baseline,46,uniform_fixed_repeated_eval_study,45,completed,,,1234,4170395418,20730319,1753928110,,20.0,0.2,0.05,0.01,100,uniform,,,,,3.5787449250625207,84.0,1.0,83.0,KR_minus_GR,94.55519119999371,2026-03-14T00:20:19Z,2026-03-14T00:21:54Z,results/raw/uniform_vs_heterogeneous_fixed_geometry_beta20_v2_seed_03/uniform_vs_heterogeneous_fixed_geometry_beta20_v2_seed_sweep_seed_03_3141592653/resolved_config.yaml,
1.0,uniform_vs_heterogeneous_fixed_geometry_beta20_v2_seed_03,uniform_vs_heterogeneous_fixed_geometry_beta20_v2_seed_sweep_seed_03_3141592653,uniform_trial_0047,uniform,baseline,47,uniform_fixed_repeated_eval_study,46,completed,,,1234,2619905895,947886730,572748979,,20.0,0.2,0.05,0.01,100,uniform,,,,,4.0467807497156905,83.0,1.0,82.0,KR_minus_GR,94.52186599979177,2026-03-14T00:21:54Z,2026-03-14T00:23:28Z,results/raw/uniform_vs_heterogeneous_fixed_geometry_beta20_v2_seed_03/uniform_vs_heterogeneous_fixed_geometry_beta20_v2_seed_sweep_seed_03_3141592653/resolved_config.yaml,
1.0,uniform_vs_heterogeneous_fixed_geometry_beta20_v2_seed_03,uniform_vs_heterogeneous_fixed_geometry_beta20_v2_seed_sweep_seed_03_3141592653,uniform_trial_0048,uniform,baseline,48,uniform_fixed_repeated_eval_study,47,completed,,,1234,901780484,3179849581,3507244300,,20.0,0.2,0.05,0.01,100,uniform,,,,,3.8609154369509784,82.0,1.0,81.0,KR_minus_GR,94.55666310014203,2026-03-14T00:23:28Z,2026-03-14T00:25:03Z,results/raw/uniform_vs_heterogeneous_fixed_geometry_beta20_v2_seed_03/uniform_vs_heterogeneous_fixed_geometry_beta20_v2_seed_sweep_seed_03_3141592653/resolved_config.yaml,
1.0,uniform_vs_heterogeneous_fixed_geometry_beta20_v2_seed_03,uniform_vs_heterogeneous_fixed_geometry_beta20_v2_seed_sweep_seed_03_3141592653,uniform_trial_0049,uniform,baseline,49,uniform_fixed_repeated_eval_study,48,completed,,,1234,3731728325,2582231369,1826447489,,20.0,0.2,0.05,0.01,100,uniform,,,,,3.19679659316618,86.0,1.0,85.0,KR_minus_GR,94.62941189995036,2026-03-14T00:25:03Z,2026-03-14T00:26:37Z,results/raw/uniform_vs_heterogeneous_fixed_geometry_beta20_v2_seed_03/uniform_vs_heterogeneous_fixed_geometry_beta20_v2_seed_sweep_seed_03_3141592653/resolved_config.yaml,
1.0,uniform_vs_heterogeneous_fixed_geometry_beta20_v2_seed_03,uniform_vs_heterogeneous_fixed_geometry_beta20_v2_seed_sweep_seed_03_3141592653,uniform_trial_0050,uniform,baseline,50,uniform_fixed_repeated_eval_study,49,completed,,,1234,1593229545,2172363452,3298738234,,20.0,0.2,0.05,0.01,100,uniform,,,,,3.48556454883101,82.0,1.0,81.0,KR_minus_GR,94.62971880007535,2026-03-14T00:26:38Z,2026-03-14T00:28:12Z,results/raw/uniform_vs_heterogeneous_fixed_geometry_beta20_v2_seed_03/uniform_vs_heterogeneous_fixed_geometry_beta20_v2_seed_sweep_seed_03_3141592653/resolved_config.yaml,
1.0,uniform_vs_heterogeneous_fixed_geometry_beta20_v2_seed_03,uniform_vs_heterogeneous_fixed_geometry_beta20_v2_seed_sweep_seed_03_3141592653,uniform_trial_0051,uniform,baseline,51,uniform_fixed_repeated_eval_study,50,completed,,,1234,3689829390,1612456305,3962214019,,20.0,0.2,0.05,0.01,100,uniform,,,,,3.3177475637471816,77.0,1.0,76.0,KR_minus_GR,94.44662260008045,2026-03-14T00:28:12Z,2026-03-14T00:29:47Z,results/raw/uniform_vs_heterogeneous_fixed_geometry_beta20_v2_seed_03/uniform_vs_heterogeneous_fixed_geometry_beta20_v2_seed_sweep_seed_03_3141592653/resolved_config.yaml,
1.0,uniform_vs_heterogeneous_fixed_geometry_beta20_v2_seed_03,uniform_vs_heterogeneous_fixed_geometry_beta20_v2_seed_sweep_seed_03_3141592653,uniform_trial_0052,uniform,baseline,52,uniform_fixed_repeated_eval_study,51,completed,,,1234,3593424145,1146442990,1214942181,,20.0,0.2,0.05,0.01,100,uniform,,,,,3.133093099401081,80.0,1.0,79.0,KR_minus_GR,94.43316809996031,2026-03-14T00:29:47Z,2026-03-14T00:31:21Z,results/raw/uniform_vs_heterogeneous_fixed_geometry_beta20_v2_seed_03/uniform_vs_heterogeneous_fixed_geometry_beta20_v2_seed_sweep_seed_03_3141592653/resolved_config.yaml,
1.0,uniform_vs_heterogeneous_fixed_geometry_beta20_v2_seed_03,uniform_vs_heterogeneous_fixed_geometry_beta20_v2_seed_sweep_seed_03_3141592653,uniform_trial_0053,uniform,baseline,53,uniform_fixed_repeated_eval_study,52,completed,,,1234,3473869916,1800170571,2678034935,,20.0,0.2,0.05,0.01,100,uniform,,,,,3.144978324942529,80.0,1.0,79.0,KR_minus_GR,94.39491319982335,2026-03-14T00:31:21Z,2026-03-14T00:32:55Z,results/raw/uniform_vs_heterogeneous_fixed_geometry_beta20_v2_seed_03/uniform_vs_heterogeneous_fixed_geometry_beta20_v2_seed_sweep_seed_03_3141592653/resolved_config.yaml,
1.0,uniform_vs_heterogeneous_fixed_geometry_beta20_v2_seed_03,uniform_vs_heterogeneous_fixed_geometry_beta20_v2_seed_sweep_seed_03_3141592653,uniform_trial_0054,uniform,baseline,54,uniform_fixed_repeated_eval_study,53,completed,,,1234,1148196959,3048196223,2568168663,,20.0,0.2,0.05,0.01,100,uniform,,,,,3.8380328217084294,88.0,1.0,87.0,KR_minus_GR,94.27795650018379,2026-03-14T00:32:55Z,2026-03-14T00:34:30Z,results/raw/uniform_vs_heterogeneous_fixed_geometry_beta20_v2_seed_03/uniform_vs_heterogeneous_fixed_geometry_beta20_v2_seed_sweep_seed_03_3141592653/resolved_config.yaml,
1.0,uniform_vs_heterogeneous_fixed_geometry_beta20_v2_seed_03,uniform_vs_heterogeneous_fixed_geometry_beta20_v2_seed_sweep_seed_03_3141592653,uniform_trial_0055,uniform,baseline,55,uniform_fixed_repeated_eval_study,54,completed,,,1234,4224082481,2220787683,1080824074,,20.0,0.2,0.05,0.01,100,uniform,,,,,3.7319127899504494,84.0,1.0,83.0,KR_minus_GR,94.55821759998798,2026-03-14T00:34:30Z,2026-03-14T00:36:04Z,results/raw/uniform_vs_heterogeneous_fixed_geometry_beta20_v2_seed_03/uniform_vs_heterogeneous_fixed_geometry_beta20_v2_seed_sweep_seed_03_3141592653/resolved_config.yaml,
1.0,uniform_vs_heterogeneous_fixed_geometry_beta20_v2_seed_03,uniform_vs_heterogeneous_fixed_geometry_beta20_v2_seed_sweep_seed_03_3141592653,uniform_trial_0056,uniform,baseline,56,uniform_fixed_repeated_eval_study,55,completed,,,1234,1206914384,2754973280,248617575,,20.0,0.2,0.05,0.01,100,uniform,,,,,3.1645327802366827,81.0,1.0,80.0,KR_minus_GR,94.37255649990402,2026-03-14T00:36:04Z,2026-03-14T00:37:39Z,results/raw/uniform_vs_heterogeneous_fixed_geometry_beta20_v2_seed_03/uniform_vs_heterogeneous_fixed_geometry_beta20_v2_seed_sweep_seed_03_3141592653/resolved_config.yaml,
1.0,uniform_vs_heterogeneous_fixed_geometry_beta20_v2_seed_03,uniform_vs_heterogeneous_fixed_geometry_beta20_v2_seed_sweep_seed_03_3141592653,uniform_trial_0057,uniform,baseline,57,uniform_fixed_repeated_eval_study,56,completed,,,1234,765537397,2235196203,641263299,,20.0,0.2,0.05,0.01,100,uniform,,,,,4.632553798690341,83.0,1.0,82.0,KR_minus_GR,94.4441688999068,2026-03-14T00:37:39Z,2026-03-14T00:39:13Z,results/raw/uniform_vs_heterogeneous_fixed_geometry_beta20_v2_seed_03/uniform_vs_heterogeneous_fixed_geometry_beta20_v2_seed_sweep_seed_03_3141592653/resolved_config.yaml,
1.0,uniform_vs_heterogeneous_fixed_geometry_beta20_v2_seed_03,uniform_vs_heterogeneous_fixed_geometry_beta20_v2_seed_sweep_seed_03_3141592653,uniform_trial_0058,uniform,baseline,58,uniform_fixed_repeated_eval_study,57,completed,,,1234,1284534340,1611297655,2696863220,,20.0,0.2,0.05,0.01,100,uniform,,,,,3.893576344229884,83.0,1.0,82.0,KR_minus_GR,94.38132030004635,2026-03-14T00:39:13Z,2026-03-14T00:40:47Z,results/raw/uniform_vs_heterogeneous_fixed_geometry_beta20_v2_seed_03/uniform_vs_heterogeneous_fixed_geometry_beta20_v2_seed_sweep_seed_03_3141592653/resolved_config.yaml,
1.0,uniform_vs_heterogeneous_fixed_geometry_beta20_v2_seed_03,uniform_vs_heterogeneous_fixed_geometry_beta20_v2_seed_sweep_seed_03_3141592653,uniform_trial_0059,uniform,baseline,59,uniform_fixed_repeated_eval_study,58,completed,,,1234,3442088377,2466042371,1147842140,,20.0,0.2,0.05,0.01,100,uniform,,,,,3.804643462434285,83.0,1.0,82.0,KR_minus_GR,94.36977669992484,2026-03-14T00:40:47Z,2026-03-14T00:42:22Z,results/raw/uniform_vs_heterogeneous_fixed_geometry_beta20_v2_seed_03/uniform_vs_heterogeneous_fixed_geometry_beta20_v2_seed_sweep_seed_03_3141592653/resolved_config.yaml,
1.0,uniform_vs_heterogeneous_fixed_geometry_beta20_v2_seed_03,uniform_vs_heterogeneous_fixed_geometry_beta20_v2_seed_sweep_seed_03_3141592653,uniform_trial_0060,uniform,baseline,60,uniform_fixed_repeated_eval_study,59,completed,,,1234,200858517,2580599979,4071797276,,20.0,0.2,0.05,0.01,100,uniform,,,,,3.7602729770951973,79.0,1.0,78.0,KR_minus_GR,94.24521599989384,2026-03-14T00:42:22Z,2026-03-14T00:43:56Z,results/raw/uniform_vs_heterogeneous_fixed_geometry_beta20_v2_seed_03/uniform_vs_heterogeneous_fixed_geometry_beta20_v2_seed_sweep_seed_03_3141592653/resolved_config.yaml,
1.0,uniform_vs_heterogeneous_fixed_geometry_beta20_v2_seed_03,uniform_vs_heterogeneous_fixed_geometry_beta20_v2_seed_sweep_seed_03_3141592653,uniform_trial_0061,uniform,baseline,61,uniform_fixed_repeated_eval_study,60,completed,,,1234,2062789657,2556763886,248663992,,20.0,0.2,0.05,0.01,100,uniform,,,,,3.6272129970923186,84.0,1.0,83.0,KR_minus_GR,94.51979869999923,2026-03-14T00:43:56Z,2026-03-14T00:45:31Z,results/raw/uniform_vs_heterogeneous_fixed_geometry_beta20_v2_seed_03/uniform_vs_heterogeneous_fixed_geometry_beta20_v2_seed_sweep_seed_03_3141592653/resolved_config.yaml,
1.0,uniform_vs_heterogeneous_fixed_geometry_beta20_v2_seed_03,uniform_vs_heterogeneous_fixed_geometry_beta20_v2_seed_sweep_seed_03_3141592653,uniform_trial_0062,uniform,baseline,62,uniform_fixed_repeated_eval_study,61,completed,,,1234,4172613565,3807072352,278400282,,20.0,0.2,0.05,0.01,100,uniform,,,,,3.873938840301461,82.0,1.0,81.0,KR_minus_GR,94.43540099984966,2026-03-14T00:45:31Z,2026-03-14T00:47:05Z,results/raw/uniform_vs_heterogeneous_fixed_geometry_beta20_v2_seed_03/uniform_vs_heterogeneous_fixed_geometry_beta20_v2_seed_sweep_seed_03_3141592653/resolved_config.yaml,
1.0,uniform_vs_heterogeneous_fixed_geometry_beta20_v2_seed_03,uniform_vs_heterogeneous_fixed_geometry_beta20_v2_seed_sweep_seed_03_3141592653,uniform_trial_0063,uniform,baseline,63,uniform_fixed_repeated_eval_study,62,completed,,,1234,1276121373,2633186652,1208436956,,20.0,0.2,0.05,0.01,100,uniform,,,,,3.142110462378902,79.0,1.0,78.0,KR_minus_GR,94.41420819982886,2026-03-14T00:47:05Z,2026-03-14T00:48:39Z,results/raw/uniform_vs_heterogeneous_fixed_geometry_beta20_v2_seed_03/uniform_vs_heterogeneous_fixed_geometry_beta20_v2_seed_sweep_seed_03_3141592653/resolved_config.yaml,
1.0,uniform_vs_heterogeneous_fixed_geometry_beta20_v2_seed_03,uniform_vs_heterogeneous_fixed_geometry_beta20_v2_seed_sweep_seed_03_3141592653,uniform_trial_0064,uniform,baseline,64,uniform_fixed_repeated_eval_study,63,completed,,,1234,1440017167,1168544991,2398094129,,20.0,0.2,0.05,0.01,100,uniform,,,,,3.7659554835807327,86.0,1.0,85.0,KR_minus_GR,94.40697390004061,2026-03-14T00:48:39Z,2026-03-14T00:50:14Z,results/raw/uniform_vs_heterogeneous_fixed_geometry_beta20_v2_seed_03/uniform_vs_heterogeneous_fixed_geometry_beta20_v2_seed_sweep_seed_03_3141592653/resolved_config.yaml,
1.0,uniform_vs_heterogeneous_fixed_geometry_beta20_v2_seed_03,uniform_vs_heterogeneous_fixed_geometry_beta20_v2_seed_sweep_seed_03_3141592653,uniform_trial_0065,uniform,baseline,65,uniform_fixed_repeated_eval_study,64,completed,,,1234,4218643165,1933304231,1612812226,,20.0,0.2,0.05,0.01,100,uniform,,,,,2.929616041627755,82.0,1.0,81.0,KR_minus_GR,94.39711890020408,2026-03-14T00:50:14Z,2026-03-14T00:51:48Z,results/raw/uniform_vs_heterogeneous_fixed_geometry_beta20_v2_seed_03/uniform_vs_heterogeneous_fixed_geometry_beta20_v2_seed_sweep_seed_03_3141592653/resolved_config.yaml,
1.0,uniform_vs_heterogeneous_fixed_geometry_beta20_v2_seed_03,uniform_vs_heterogeneous_fixed_geometry_beta20_v2_seed_sweep_seed_03_3141592653,uniform_trial_0066,uniform,baseline,66,uniform_fixed_repeated_eval_study,65,completed,,,1234,4089596886,1152943606,1254899408,,20.0,0.2,0.05,0.01,100,uniform,,,,,3.336079589004883,85.0,1.0,84.0,KR_minus_GR,94.54046359984204,2026-03-14T00:51:48Z,2026-03-14T00:53:23Z,results/raw/uniform_vs_heterogeneous_fixed_geometry_beta20_v2_seed_03/uniform_vs_heterogeneous_fixed_geometry_beta20_v2_seed_sweep_seed_03_3141592653/resolved_config.yaml,
1.0,uniform_vs_heterogeneous_fixed_geometry_beta20_v2_seed_03,uniform_vs_heterogeneous_fixed_geometry_beta20_v2_seed_sweep_seed_03_3141592653,uniform_trial_0067,uniform,baseline,67,uniform_fixed_repeated_eval_study,66,completed,,,1234,3864206074,4145502987,355190103,,20.0,0.2,0.05,0.01,100,uniform,,,,,3.467901019659622,88.0,1.0,87.0,KR_minus_GR,94.31790370005183,2026-03-14T00:53:23Z,2026-03-14T00:54:57Z,results/raw/uniform_vs_heterogeneous_fixed_geometry_beta20_v2_seed_03/uniform_vs_heterogeneous_fixed_geometry_beta20_v2_seed_sweep_seed_03_3141592653/resolved_config.yaml,
1.0,uniform_vs_heterogeneous_fixed_geometry_beta20_v2_seed_03,uniform_vs_heterogeneous_fixed_geometry_beta20_v2_seed_sweep_seed_03_3141592653,uniform_trial_0068,uniform,baseline,68,uniform_fixed_repeated_eval_study,67,completed,,,1234,1814940456,573314502,4034419572,,20.0,0.2,0.05,0.01,100,uniform,,,,,3.35766206240765,86.0,1.0,85.0,KR_minus_GR,94.37423530011438,2026-03-14T00:54:57Z,2026-03-14T00:56:31Z,results/raw/uniform_vs_heterogeneous_fixed_geometry_beta20_v2_seed_03/uniform_vs_heterogeneous_fixed_geometry_beta20_v2_seed_sweep_seed_03_3141592653/resolved_config.yaml,
1.0,uniform_vs_heterogeneous_fixed_geometry_beta20_v2_seed_03,uniform_vs_heterogeneous_fixed_geometry_beta20_v2_seed_sweep_seed_03_3141592653,uniform_trial_0069,uniform,baseline,69,uniform_fixed_repeated_eval_study,68,completed,,,1234,280574925,3924404988,2779624888,,20.0,0.2,0.05,0.01,100,uniform,,,,,3.322313437576254,81.0,1.0,80.0,KR_minus_GR,94.6801416000817,2026-03-14T00:56:31Z,2026-03-14T00:58:06Z,results/raw/uniform_vs_heterogeneous_fixed_geometry_beta20_v2_seed_03/uniform_vs_heterogeneous_fixed_geometry_beta20_v2_seed_sweep_seed_03_3141592653/resolved_config.yaml,
1.0,uniform_vs_heterogeneous_fixed_geometry_beta20_v2_seed_03,uniform_vs_heterogeneous_fixed_geometry_beta20_v2_seed_sweep_seed_03_3141592653,uniform_trial_0070,uniform,baseline,70,uniform_fixed_repeated_eval_study,69,completed,,,1234,1007626570,553560217,2203366789,,20.0,0.2,0.05,0.01,100,uniform,,,,,3.5042830675198355,83.0,1.0,82.0,KR_minus_GR,94.39731810009107,2026-03-14T00:58:06Z,2026-03-14T00:59:41Z,results/raw/uniform_vs_heterogeneous_fixed_geometry_beta20_v2_seed_03/uniform_vs_heterogeneous_fixed_geometry_beta20_v2_seed_sweep_seed_03_3141592653/resolved_config.yaml,
1.0,uniform_vs_heterogeneous_fixed_geometry_beta20_v2_seed_03,uniform_vs_heterogeneous_fixed_geometry_beta20_v2_seed_sweep_seed_03_3141592653,uniform_trial_0071,uniform,baseline,71,uniform_fixed_repeated_eval_study,70,completed,,,1234,1334685809,2293501008,2153890522,,20.0,0.2,0.05,0.01,100,uniform,,,,,3.3557547979589684,90.0,1.0,89.0,KR_minus_GR,94.36620300007053,2026-03-14T00:59:41Z,2026-03-14T01:01:15Z,results/raw/uniform_vs_heterogeneous_fixed_geometry_beta20_v2_seed_03/uniform_vs_heterogeneous_fixed_geometry_beta20_v2_seed_sweep_seed_03_3141592653/resolved_config.yaml,
1.0,uniform_vs_heterogeneous_fixed_geometry_beta20_v2_seed_03,uniform_vs_heterogeneous_fixed_geometry_beta20_v2_seed_sweep_seed_03_3141592653,uniform_trial_0072,uniform,baseline,72,uniform_fixed_repeated_eval_study,71,completed,,,1234,3262028746,1496358111,2205372794,,20.0,0.2,0.05,0.01,100,uniform,,,,,3.610820234078394,78.0,1.0,77.0,KR_minus_GR,94.60552799981087,2026-03-14T01:01:15Z,2026-03-14T01:02:50Z,results/raw/uniform_vs_heterogeneous_fixed_geometry_beta20_v2_seed_03/uniform_vs_heterogeneous_fixed_geometry_beta20_v2_seed_sweep_seed_03_3141592653/resolved_config.yaml,
1.0,uniform_vs_heterogeneous_fixed_geometry_beta20_v2_seed_03,uniform_vs_heterogeneous_fixed_geometry_beta20_v2_seed_sweep_seed_03_3141592653,uniform_trial_0073,uniform,baseline,73,uniform_fixed_repeated_eval_study,72,completed,,,1234,315837926,1329903492,1087676025,,20.0,0.2,0.05,0.01,100,uniform,,,,,3.6642082638001003,90.0,1.0,89.0,KR_minus_GR,94.31555530009791,2026-03-14T01:02:50Z,2026-03-14T01:04:24Z,results/raw/uniform_vs_heterogeneous_fixed_geometry_beta20_v2_seed_03/uniform_vs_heterogeneous_fixed_geometry_beta20_v2_seed_sweep_seed_03_3141592653/resolved_config.yaml,
1.0,uniform_vs_heterogeneous_fixed_geometry_beta20_v2_seed_03,uniform_vs_heterogeneous_fixed_geometry_beta20_v2_seed_sweep_seed_03_3141592653,uniform_trial_0074,uniform,baseline,74,uniform_fixed_repeated_eval_study,73,completed,,,1234,1619525756,892454320,286033652,,20.0,0.2,0.05,0.01,100,uniform,,,,,3.9640781178251663,78.0,1.0,77.0,KR_minus_GR,94.49143769987859,2026-03-14T01:04:24Z,2026-03-14T01:05:58Z,results/raw/uniform_vs_heterogeneous_fixed_geometry_beta20_v2_seed_03/uniform_vs_heterogeneous_fixed_geometry_beta20_v2_seed_sweep_seed_03_3141592653/resolved_config.yaml,
1.0,uniform_vs_heterogeneous_fixed_geometry_beta20_v2_seed_03,uniform_vs_heterogeneous_fixed_geometry_beta20_v2_seed_sweep_seed_03_3141592653,uniform_trial_0075,uniform,baseline,75,uniform_fixed_repeated_eval_study,74,completed,,,1234,940386928,4277259300,4122687480,,20.0,0.2,0.05,0.01,100,uniform,,,,,3.229737877565753,81.0,1.0,80.0,KR_minus_GR,94.50189339998178,2026-03-14T01:05:58Z,2026-03-14T01:07:33Z,results/raw/uniform_vs_heterogeneous_fixed_geometry_beta20_v2_seed_03/uniform_vs_heterogeneous_fixed_geometry_beta20_v2_seed_sweep_seed_03_3141592653/resolved_config.yaml,
1.0,uniform_vs_heterogeneous_fixed_geometry_beta20_v2_seed_03,uniform_vs_heterogeneous_fixed_geometry_beta20_v2_seed_sweep_seed_03_3141592653,uniform_trial_0076,uniform,baseline,76,uniform_fixed_repeated_eval_study,75,completed,,,1234,2862836678,694776874,3539243271,,20.0,0.2,0.05,0.01,100,uniform,,,,,4.096227828660512,81.0,1.0,80.0,KR_minus_GR,94.4269683000166,2026-03-14T01:07:33Z,2026-03-14T01:09:07Z,results/raw/uniform_vs_heterogeneous_fixed_geometry_beta20_v2_seed_03/uniform_vs_heterogeneous_fixed_geometry_beta20_v2_seed_sweep_seed_03_3141592653/resolved_config.yaml,
1.0,uniform_vs_heterogeneous_fixed_geometry_beta20_v2_seed_03,uniform_vs_heterogeneous_fixed_geometry_beta20_v2_seed_sweep_seed_03_3141592653,uniform_trial_0077,uniform,baseline,77,uniform_fixed_repeated_eval_study,76,completed,,,1234,2278151636,1169045808,4262093853,,20.0,0.2,0.05,0.01,100,uniform,,,,,3.7744886169181315,86.0,1.0,85.0,KR_minus_GR,94.49246650002897,2026-03-14T01:09:07Z,2026-03-14T01:10:42Z,results/raw/uniform_vs_heterogeneous_fixed_geometry_beta20_v2_seed_03/uniform_vs_heterogeneous_fixed_geometry_beta20_v2_seed_sweep_seed_03_3141592653/resolved_config.yaml,
1.0,uniform_vs_heterogeneous_fixed_geometry_beta20_v2_seed_03,uniform_vs_heterogeneous_fixed_geometry_beta20_v2_seed_sweep_seed_03_3141592653,uniform_trial_0078,uniform,baseline,78,uniform_fixed_repeated_eval_study,77,completed,,,1234,740591845,4100341623,420942998,,20.0,0.2,0.05,0.01,100,uniform,,,,,3.6815249525760843,83.0,1.0,82.0,KR_minus_GR,94.47792830015533,2026-03-14T01:10:42Z,2026-03-14T01:12:16Z,results/raw/uniform_vs_heterogeneous_fixed_geometry_beta20_v2_seed_03/uniform_vs_heterogeneous_fixed_geometry_beta20_v2_seed_sweep_seed_03_3141592653/resolved_config.yaml,
1.0,uniform_vs_heterogeneous_fixed_geometry_beta20_v2_seed_03,uniform_vs_heterogeneous_fixed_geometry_beta20_v2_seed_sweep_seed_03_3141592653,uniform_trial_0079,uniform,baseline,79,uniform_fixed_repeated_eval_study,78,completed,,,1234,739349512,1657496065,552080929,,20.0,0.2,0.05,0.01,100,uniform,,,,,3.2266272791169834,82.0,1.0,81.0,KR_minus_GR,94.45931049995124,2026-03-14T01:12:16Z,2026-03-14T01:13:51Z,results/raw/uniform_vs_heterogeneous_fixed_geometry_beta20_v2_seed_03/uniform_vs_heterogeneous_fixed_geometry_beta20_v2_seed_sweep_seed_03_3141592653/resolved_config.yaml,
1.0,uniform_vs_heterogeneous_fixed_geometry_beta20_v2_seed_03,uniform_vs_heterogeneous_fixed_geometry_beta20_v2_seed_sweep_seed_03_3141592653,uniform_trial_0080,uniform,baseline,80,uniform_fixed_repeated_eval_study,79,completed,,,1234,1323919646,3332646679,2403702811,,20.0,0.2,0.05,0.01,100,uniform,,,,,3.925260301509394,79.0,1.0,78.0,KR_minus_GR,94.37482239981182,2026-03-14T01:13:51Z,2026-03-14T01:15:25Z,results/raw/uniform_vs_heterogeneous_fixed_geometry_beta20_v2_seed_03/uniform_vs_heterogeneous_fixed_geometry_beta20_v2_seed_sweep_seed_03_3141592653/resolved_config.yaml,
1.0,uniform_vs_heterogeneous_fixed_geometry_beta20_v2_seed_03,uniform_vs_heterogeneous_fixed_geometry_beta20_v2_seed_sweep_seed_03_3141592653,uniform_trial_0081,uniform,baseline,81,uniform_fixed_repeated_eval_study,80,completed,,,1234,3194878246,237065149,1694502857,,20.0,0.2,0.05,0.01,100,uniform,,,,,3.6453460305547596,75.0,1.0,74.0,KR_minus_GR,94.64187569986098,2026-03-14T01:15:25Z,2026-03-14T01:17:00Z,results/raw/uniform_vs_heterogeneous_fixed_geometry_beta20_v2_seed_03/uniform_vs_heterogeneous_fixed_geometry_beta20_v2_seed_sweep_seed_03_3141592653/resolved_config.yaml,
1.0,uniform_vs_heterogeneous_fixed_geometry_beta20_v2_seed_03,uniform_vs_heterogeneous_fixed_geometry_beta20_v2_seed_sweep_seed_03_3141592653,uniform_trial_0082,uniform,baseline,82,uniform_fixed_repeated_eval_study,81,completed,,,1234,1980447107,2494224283,1230896977,,20.0,0.2,0.05,0.01,100,uniform,,,,,3.3182102450488142,82.0,1.0,81.0,KR_minus_GR,94.49815979995765,2026-03-14T01:17:00Z,2026-03-14T01:18:34Z,results/raw/uniform_vs_heterogeneous_fixed_geometry_beta20_v2_seed_03/uniform_vs_heterogeneous_fixed_geometry_beta20_v2_seed_sweep_seed_03_3141592653/resolved_config.yaml,
1.0,uniform_vs_heterogeneous_fixed_geometry_beta20_v2_seed_03,uniform_vs_heterogeneous_fixed_geometry_beta20_v2_seed_sweep_seed_03_3141592653,uniform_trial_0083,uniform,baseline,83,uniform_fixed_repeated_eval_study,82,completed,,,1234,2812225581,3695467298,2724195123,,20.0,0.2,0.05,0.01,100,uniform,,,,,3.810499185516402,86.0,1.0,85.0,KR_minus_GR,94.57646929984912,2026-03-14T01:18:34Z,2026-03-14T01:20:09Z,results/raw/uniform_vs_heterogeneous_fixed_geometry_beta20_v2_seed_03/uniform_vs_heterogeneous_fixed_geometry_beta20_v2_seed_sweep_seed_03_3141592653/resolved_config.yaml,
1.0,uniform_vs_heterogeneous_fixed_geometry_beta20_v2_seed_03,uniform_vs_heterogeneous_fixed_geometry_beta20_v2_seed_sweep_seed_03_3141592653,uniform_trial_0084,uniform,baseline,84,uniform_fixed_repeated_eval_study,83,completed,,,1234,4078116839,3866088774,2385791191,,20.0,0.2,0.05,0.01,100,uniform,,,,,3.667445665646584,85.0,1.0,84.0,KR_minus_GR,94.4157277001068,2026-03-14T01:20:09Z,2026-03-14T01:21:43Z,results/raw/uniform_vs_heterogeneous_fixed_geometry_beta20_v2_seed_03/uniform_vs_heterogeneous_fixed_geometry_beta20_v2_seed_sweep_seed_03_3141592653/resolved_config.yaml,
1.0,uniform_vs_heterogeneous_fixed_geometry_beta20_v2_seed_03,uniform_vs_heterogeneous_fixed_geometry_beta20_v2_seed_sweep_seed_03_3141592653,uniform_trial_0085,uniform,baseline,85,uniform_fixed_repeated_eval_study,84,completed,,,1234,360791998,3759787954,2366511329,,20.0,0.2,0.05,0.01,100,uniform,,,,,3.3198797901441175,84.0,1.0,83.0,KR_minus_GR,94.33896990003996,2026-03-14T01:21:43Z,2026-03-14T01:23:18Z,results/raw/uniform_vs_heterogeneous_fixed_geometry_beta20_v2_seed_03/uniform_vs_heterogeneous_fixed_geometry_beta20_v2_seed_sweep_seed_03_3141592653/resolved_config.yaml,
1.0,uniform_vs_heterogeneous_fixed_geometry_beta20_v2_seed_03,uniform_vs_heterogeneous_fixed_geometry_beta20_v2_seed_sweep_seed_03_3141592653,uniform_trial_0086,uniform,baseline,86,uniform_fixed_repeated_eval_study,85,completed,,,1234,2835264557,2730710268,3650938485,,20.0,0.2,0.05,0.01,100,uniform,,,,,3.5261566426387927,78.0,1.0,77.0,KR_minus_GR,94.27900590002537,2026-03-14T01:23:18Z,2026-03-14T01:24:52Z,results/raw/uniform_vs_heterogeneous_fixed_geometry_beta20_v2_seed_03/uniform_vs_heterogeneous_fixed_geometry_beta20_v2_seed_sweep_seed_03_3141592653/resolved_config.yaml,
1.0,uniform_vs_heterogeneous_fixed_geometry_beta20_v2_seed_03,uniform_vs_heterogeneous_fixed_geometry_beta20_v2_seed_sweep_seed_03_3141592653,uniform_trial_0087,uniform,baseline,87,uniform_fixed_repeated_eval_study,86,completed,,,1234,3600459750,1457513753,2730766268,,20.0,0.2,0.05,0.01,100,uniform,,,,,3.3051315134256214,83.0,1.0,82.0,KR_minus_GR,94.28401910001412,2026-03-14T01:24:52Z,2026-03-14T01:26:26Z,results/raw/uniform_vs_heterogeneous_fixed_geometry_beta20_v2_seed_03/uniform_vs_heterogeneous_fixed_geometry_beta20_v2_seed_sweep_seed_03_3141592653/resolved_config.yaml,
1.0,uniform_vs_heterogeneous_fixed_geometry_beta20_v2_seed_03,uniform_vs_heterogeneous_fixed_geometry_beta20_v2_seed_sweep_seed_03_3141592653,uniform_trial_0088,uniform,baseline,88,uniform_fixed_repeated_eval_study,87,completed,,,1234,1640686540,3482870705,371467778,,20.0,0.2,0.05,0.01,100,uniform,,,,,3.515147895380191,84.0,1.0,83.0,KR_minus_GR,94.37380950013176,2026-03-14T01:26:26Z,2026-03-14T01:28:01Z,results/raw/uniform_vs_heterogeneous_fixed_geometry_beta20_v2_seed_03/uniform_vs_heterogeneous_fixed_geometry_beta20_v2_seed_sweep_seed_03_3141592653/resolved_config.yaml,
1.0,uniform_vs_heterogeneous_fixed_geometry_beta20_v2_seed_03,uniform_vs_heterogeneous_fixed_geometry_beta20_v2_seed_sweep_seed_03_3141592653,uniform_trial_0089,uniform,baseline,89,uniform_fixed_repeated_eval_study,88,completed,,,1234,1352206775,1373754043,1070700840,,20.0,0.2,0.05,0.01,100,uniform,,,,,3.4827654923449445,83.0,1.0,82.0,KR_minus_GR,94.32807300006971,2026-03-14T01:28:01Z,2026-03-14T01:29:35Z,results/raw/uniform_vs_heterogeneous_fixed_geometry_beta20_v2_seed_03/uniform_vs_heterogeneous_fixed_geometry_beta20_v2_seed_sweep_seed_03_3141592653/resolved_config.yaml,
1.0,uniform_vs_heterogeneous_fixed_geometry_beta20_v2_seed_03,uniform_vs_heterogeneous_fixed_geometry_beta20_v2_seed_sweep_seed_03_3141592653,uniform_trial_0090,uniform,baseline,90,uniform_fixed_repeated_eval_study,89,completed,,,1234,914693185,2005729848,3915452197,,20.0,0.2,0.05,0.01,100,uniform,,,,,3.3765146528893344,82.0,1.0,81.0,KR_minus_GR,94.2207677999977,2026-03-14T01:29:35Z,2026-03-14T01:31:09Z,results/raw/uniform_vs_heterogeneous_fixed_geometry_beta20_v2_seed_03/uniform_vs_heterogeneous_fixed_geometry_beta20_v2_seed_sweep_seed_03_3141592653/resolved_config.yaml,
1.0,uniform_vs_heterogeneous_fixed_geometry_beta20_v2_seed_03,uniform_vs_heterogeneous_fixed_geometry_beta20_v2_seed_sweep_seed_03_3141592653,uniform_trial_0091,uniform,baseline,91,uniform_fixed_repeated_eval_study,90,completed,,,1234,2835750687,3335461984,2390238070,,20.0,0.2,0.05,0.01,100,uniform,,,,,3.220643520431206,82.0,1.0,81.0,KR_minus_GR,94.48031129990704,2026-03-14T01:31:09Z,2026-03-14T01:32:44Z,results/raw/uniform_vs_heterogeneous_fixed_geometry_beta20_v2_seed_03/uniform_vs_heterogeneous_fixed_geometry_beta20_v2_seed_sweep_seed_03_3141592653/resolved_config.yaml,
1.0,uniform_vs_heterogeneous_fixed_geometry_beta20_v2_seed_03,uniform_vs_heterogeneous_fixed_geometry_beta20_v2_seed_sweep_seed_03_3141592653,uniform_trial_0092,uniform,baseline,92,uniform_fixed_repeated_eval_study,91,completed,,,1234,1581587163,3192496834,1238717762,,20.0,0.2,0.05,0.01,100,uniform,,,,,3.787406770557136,81.0,1.0,80.0,KR_minus_GR,94.60467849997804,2026-03-14T01:32:44Z,2026-03-14T01:34:18Z,results/raw/uniform_vs_heterogeneous_fixed_geometry_beta20_v2_seed_03/uniform_vs_heterogeneous_fixed_geometry_beta20_v2_seed_sweep_seed_03_3141592653/resolved_config.yaml,
1.0,uniform_vs_heterogeneous_fixed_geometry_beta20_v2_seed_03,uniform_vs_heterogeneous_fixed_geometry_beta20_v2_seed_sweep_seed_03_3141592653,uniform_trial_0093,uniform,baseline,93,uniform_fixed_repeated_eval_study,92,completed,,,1234,1895244887,1831987477,3273327923,,20.0,0.2,0.05,0.01,100,uniform,,,,,3.644172912157995,80.0,1.0,79.0,KR_minus_GR,94.45158130000345,2026-03-14T01:34:18Z,2026-03-14T01:35:53Z,results/raw/uniform_vs_heterogeneous_fixed_geometry_beta20_v2_seed_03/uniform_vs_heterogeneous_fixed_geometry_beta20_v2_seed_sweep_seed_03_3141592653/resolved_config.yaml,
1.0,uniform_vs_heterogeneous_fixed_geometry_beta20_v2_seed_03,uniform_vs_heterogeneous_fixed_geometry_beta20_v2_seed_sweep_seed_03_3141592653,uniform_trial_0094,uniform,baseline,94,uniform_fixed_repeated_eval_study,93,completed,,,1234,3214643057,413097942,1713521914,,20.0,0.2,0.05,0.01,100,uniform,,,,,3.57610339261378,82.0,1.0,81.0,KR_minus_GR,94.46223140018992,2026-03-14T01:35:53Z,2026-03-14T01:37:27Z,results/raw/uniform_vs_heterogeneous_fixed_geometry_beta20_v2_seed_03/uniform_vs_heterogeneous_fixed_geometry_beta20_v2_seed_sweep_seed_03_3141592653/resolved_config.yaml,
1.0,uniform_vs_heterogeneous_fixed_geometry_beta20_v2_seed_03,uniform_vs_heterogeneous_fixed_geometry_beta20_v2_seed_sweep_seed_03_3141592653,uniform_trial_0095,uniform,baseline,95,uniform_fixed_repeated_eval_study,94,completed,,,1234,754826404,3914237952,609773082,,20.0,0.2,0.05,0.01,100,uniform,,,,,4.2159227108730555,80.0,1.0,79.0,KR_minus_GR,94.31885240017436,2026-03-14T01:37:27Z,2026-03-14T01:39:01Z,results/raw/uniform_vs_heterogeneous_fixed_geometry_beta20_v2_seed_03/uniform_vs_heterogeneous_fixed_geometry_beta20_v2_seed_sweep_seed_03_3141592653/resolved_config.yaml,
1.0,uniform_vs_heterogeneous_fixed_geometry_beta20_v2_seed_03,uniform_vs_heterogeneous_fixed_geometry_beta20_v2_seed_sweep_seed_03_3141592653,uniform_trial_0096,uniform,baseline,96,uniform_fixed_repeated_eval_study,95,completed,,,1234,2430271523,3620614577,1025835085,,20.0,0.2,0.05,0.01,100,uniform,,,,,3.0543476590669525,82.0,1.0,81.0,KR_minus_GR,94.52267510001548,2026-03-14T01:39:01Z,2026-03-14T01:40:36Z,results/raw/uniform_vs_heterogeneous_fixed_geometry_beta20_v2_seed_03/uniform_vs_heterogeneous_fixed_geometry_beta20_v2_seed_sweep_seed_03_3141592653/resolved_config.yaml,
1.0,uniform_vs_heterogeneous_fixed_geometry_beta20_v2_seed_03,uniform_vs_heterogeneous_fixed_geometry_beta20_v2_seed_sweep_seed_03_3141592653,uniform_trial_0097,uniform,baseline,97,uniform_fixed_repeated_eval_study,96,completed,,,1234,3021065059,1451849369,3420119044,,20.0,0.2,0.05,0.01,100,uniform,,,,,3.961112519172035,83.0,1.0,82.0,KR_minus_GR,94.62418280006386,2026-03-14T01:40:36Z,2026-03-14T01:42:11Z,results/raw/uniform_vs_heterogeneous_fixed_geometry_beta20_v2_seed_03/uniform_vs_heterogeneous_fixed_geometry_beta20_v2_seed_sweep_seed_03_3141592653/resolved_config.yaml,
1.0,uniform_vs_heterogeneous_fixed_geometry_beta20_v2_seed_03,uniform_vs_heterogeneous_fixed_geometry_beta20_v2_seed_sweep_seed_03_3141592653,uniform_trial_0098,uniform,baseline,98,uniform_fixed_repeated_eval_study,97,completed,,,1234,295593669,2531581051,807761131,,20.0,0.2,0.05,0.01,100,uniform,,,,,4.14782051128016,84.0,1.0,83.0,KR_minus_GR,94.35589240002446,2026-03-14T01:42:11Z,2026-03-14T01:43:45Z,results/raw/uniform_vs_heterogeneous_fixed_geometry_beta20_v2_seed_03/uniform_vs_heterogeneous_fixed_geometry_beta20_v2_seed_sweep_seed_03_3141592653/resolved_config.yaml,
1.0,uniform_vs_heterogeneous_fixed_geometry_beta20_v2_seed_03,uniform_vs_heterogeneous_fixed_geometry_beta20_v2_seed_sweep_seed_03_3141592653,uniform_trial_0099,uniform,baseline,99,uniform_fixed_repeated_eval_study,98,completed,,,1234,4160665652,36835708,2922188162,,20.0,0.2,0.05,0.01,100,uniform,,,,,3.7339210993816665,85.0,1.0,84.0,KR_minus_GR,94.5020667000208,2026-03-14T01:43:45Z,2026-03-14T01:45:19Z,results/raw/uniform_vs_heterogeneous_fixed_geometry_beta20_v2_seed_03/uniform_vs_heterogeneous_fixed_geometry_beta20_v2_seed_sweep_seed_03_3141592653/resolved_config.yaml,
1.0,uniform_vs_heterogeneous_fixed_geometry_beta20_v2_seed_03,uniform_vs_heterogeneous_fixed_geometry_beta20_v2_seed_sweep_seed_03_3141592653,uniform_trial_0100,uniform,baseline,100,uniform_fixed_repeated_eval_study,99,completed,,,1234,2272770299,3291017162,751073784,,20.0,0.2,0.05,0.01,100,uniform,,,,,3.232424968524221,81.0,1.0,80.0,KR_minus_GR,94.4908802001737,2026-03-14T01:45:19Z,2026-03-14T01:46:54Z,results/raw/uniform_vs_heterogeneous_fixed_geometry_beta20_v2_seed_03/uniform_vs_heterogeneous_fixed_geometry_beta20_v2_seed_sweep_seed_03_3141592653/resolved_config.yaml,
1.0,uniform_vs_heterogeneous_fixed_geometry_beta20_v2_seed_03,uniform_vs_heterogeneous_fixed_geometry_beta20_v2_seed_sweep_seed_03_3141592653,heterogeneous_trial_0001,heterogeneous,candidate,1,heterogeneous_fixed_repeated_eval_study,0,completed,,,1234,557384437,4284584593,1099293797,1376544170,20.0,0.2,0.05,0.01,100,distributional_beta,random,5,3.0,equal,3.6674200223839737,67.0,1.0,66.0,KR_minus_GR,142.12226479989477,2026-03-14T01:46:54Z,2026-03-14T01:49:16Z,results/raw/uniform_vs_heterogeneous_fixed_geometry_beta20_v2_seed_03/uniform_vs_heterogeneous_fixed_geometry_beta20_v2_seed_sweep_seed_03_3141592653/resolved_config.yaml,
1.0,uniform_vs_heterogeneous_fixed_geometry_beta20_v2_seed_03,uniform_vs_heterogeneous_fixed_geometry_beta20_v2_seed_sweep_seed_03_3141592653,heterogeneous_trial_0002,heterogeneous,candidate,2,heterogeneous_fixed_repeated_eval_study,1,completed,,,1234,1420838081,3315515159,3245661404,3305288327,20.0,0.2,0.05,0.01,100,distributional_beta,random,5,3.0,equal,3.242693883875721,73.0,1.0,72.0,KR_minus_GR,138.44283739989623,2026-03-14T01:49:16Z,2026-03-14T01:51:34Z,results/raw/uniform_vs_heterogeneous_fixed_geometry_beta20_v2_seed_03/uniform_vs_heterogeneous_fixed_geometry_beta20_v2_seed_sweep_seed_03_3141592653/resolved_config.yaml,
1.0,uniform_vs_heterogeneous_fixed_geometry_beta20_v2_seed_03,uniform_vs_heterogeneous_fixed_geometry_beta20_v2_seed_sweep_seed_03_3141592653,heterogeneous_trial_0003,heterogeneous,candidate,3,heterogeneous_fixed_repeated_eval_study,2,completed,,,1234,2877095840,2219982920,2590698115,3104769887,20.0,0.2,0.05,0.01,100,distributional_beta,random,5,3.0,equal,3.7700470506490187,65.0,1.0,64.0,KR_minus_GR,138.06895789992996,2026-03-14T01:51:34Z,2026-03-14T01:53:53Z,results/raw/uniform_vs_heterogeneous_fixed_geometry_beta20_v2_seed_03/uniform_vs_heterogeneous_fixed_geometry_beta20_v2_seed_sweep_seed_03_3141592653/resolved_config.yaml,
1.0,uniform_vs_heterogeneous_fixed_geometry_beta20_v2_seed_03,uniform_vs_heterogeneous_fixed_geometry_beta20_v2_seed_sweep_seed_03_3141592653,heterogeneous_trial_0004,heterogeneous,candidate,4,heterogeneous_fixed_repeated_eval_study,3,completed,,,1234,3324148202,3070274865,3406246820,1203308717,20.0,0.2,0.05,0.01,100,distributional_beta,random,5,3.0,equal,3.5937659210467023,77.0,1.0,76.0,KR_minus_GR,139.07004339993,2026-03-14T01:53:53Z,2026-03-14T01:56:12Z,results/raw/uniform_vs_heterogeneous_fixed_geometry_beta20_v2_seed_03/uniform_vs_heterogeneous_fixed_geometry_beta20_v2_seed_sweep_seed_03_3141592653/resolved_config.yaml,
1.0,uniform_vs_heterogeneous_fixed_geometry_beta20_v2_seed_03,uniform_vs_heterogeneous_fixed_geometry_beta20_v2_seed_sweep_seed_03_3141592653,heterogeneous_trial_0005,heterogeneous,candidate,5,heterogeneous_fixed_repeated_eval_study,4,completed,,,1234,2730107343,836280899,272808745,1200887716,20.0,0.2,0.05,0.01,100,distributional_beta,random,5,3.0,equal,3.7548150832195706,69.0,1.0,68.0,KR_minus_GR,137.9071567999199,2026-03-14T01:56:12Z,2026-03-14T01:58:30Z,results/raw/uniform_vs_heterogeneous_fixed_geometry_beta20_v2_seed_03/uniform_vs_heterogeneous_fixed_geometry_beta20_v2_seed_sweep_seed_03_3141592653/resolved_config.yaml,
1.0,uniform_vs_heterogeneous_fixed_geometry_beta20_v2_seed_03,uniform_vs_heterogeneous_fixed_geometry_beta20_v2_seed_sweep_seed_03_3141592653,heterogeneous_trial_0006,heterogeneous,candidate,6,heterogeneous_fixed_repeated_eval_study,5,completed,,,1234,845667455,3180735762,2366377893,1850950307,20.0,0.2,0.05,0.01,100,distributional_beta,random,5,3.0,equal,3.054746778712915,69.0,1.0,68.0,KR_minus_GR,137.30233040009625,2026-03-14T01:58:30Z,2026-03-14T02:00:47Z,results/raw/uniform_vs_heterogeneous_fixed_geometry_beta20_v2_seed_03/uniform_vs_heterogeneous_fixed_geometry_beta20_v2_seed_sweep_seed_03_3141592653/resolved_config.yaml,
1.0,uniform_vs_heterogeneous_fixed_geometry_beta20_v2_seed_03,uniform_vs_heterogeneous_fixed_geometry_beta20_v2_seed_sweep_seed_03_3141592653,heterogeneous_trial_0007,heterogeneous,candidate,7,heterogeneous_fixed_repeated_eval_study,6,completed,,,1234,2553641544,1534643511,559736296,3775585786,20.0,0.2,0.05,0.01,100,distributional_beta,random,5,3.0,equal,2.9465336316859223,72.0,1.0,71.0,KR_minus_GR,138.03397569991648,2026-03-14T02:00:47Z,2026-03-14T02:03:05Z,results/raw/uniform_vs_heterogeneous_fixed_geometry_beta20_v2_seed_03/uniform_vs_heterogeneous_fixed_geometry_beta20_v2_seed_sweep_seed_03_3141592653/resolved_config.yaml,
1.0,uniform_vs_heterogeneous_fixed_geometry_beta20_v2_seed_03,uniform_vs_heterogeneous_fixed_geometry_beta20_v2_seed_sweep_seed_03_3141592653,heterogeneous_trial_0008,heterogeneous,candidate,8,heterogeneous_fixed_repeated_eval_study,7,completed,,,1234,820649975,3784784527,2505475035,4274935208,20.0,0.2,0.05,0.01,100,distributional_beta,random,5,3.0,equal,2.9357303454497625,68.0,1.0,67.0,KR_minus_GR,137.80433890013956,2026-03-14T02:03:05Z,2026-03-14T02:05:23Z,results/raw/uniform_vs_heterogeneous_fixed_geometry_beta20_v2_seed_03/uniform_vs_heterogeneous_fixed_geometry_beta20_v2_seed_sweep_seed_03_3141592653/resolved_config.yaml,
1.0,uniform_vs_heterogeneous_fixed_geometry_beta20_v2_seed_03,uniform_vs_heterogeneous_fixed_geometry_beta20_v2_seed_sweep_seed_03_3141592653,heterogeneous_trial_0009,heterogeneous,candidate,9,heterogeneous_fixed_repeated_eval_study,8,completed,,,1234,2861565625,3653215253,3702444616,789326658,20.0,0.2,0.05,0.01,100,distributional_beta,random,5,3.0,equal,3.696058615797687,64.0,1.0,63.0,KR_minus_GR,138.32881390000694,2026-03-14T02:05:23Z,2026-03-14T02:07:41Z,results/raw/uniform_vs_heterogeneous_fixed_geometry_beta20_v2_seed_03/uniform_vs_heterogeneous_fixed_geometry_beta20_v2_seed_sweep_seed_03_3141592653/resolved_config.yaml,
1.0,uniform_vs_heterogeneous_fixed_geometry_beta20_v2_seed_03,uniform_vs_heterogeneous_fixed_geometry_beta20_v2_seed_sweep_seed_03_3141592653,heterogeneous_trial_0010,heterogeneous,candidate,10,heterogeneous_fixed_repeated_eval_study,9,completed,,,1234,173019452,3335379282,3227370497,1344856317,20.0,0.2,0.05,0.01,100,distributional_beta,random,5,3.0,equal,3.1400691584220937,77.0,1.0,76.0,KR_minus_GR,138.8809352000244,2026-03-14T02:07:41Z,2026-03-14T02:10:00Z,results/raw/uniform_vs_heterogeneous_fixed_geometry_beta20_v2_seed_03/uniform_vs_heterogeneous_fixed_geometry_beta20_v2_seed_sweep_seed_03_3141592653/resolved_config.yaml,
1.0,uniform_vs_heterogeneous_fixed_geometry_beta20_v2_seed_03,uniform_vs_heterogeneous_fixed_geometry_beta20_v2_seed_sweep_seed_03_3141592653,heterogeneous_trial_0011,heterogeneous,candidate,11,heterogeneous_fixed_repeated_eval_study,10,completed,,,1234,3051747814,2938311673,3927796037,2055696195,20.0,0.2,0.05,0.01,100,distributional_beta,random,5,3.0,equal,3.2164314569662182,75.0,1.0,74.0,KR_minus_GR,137.59143349993974,2026-03-14T02:10:00Z,2026-03-14T02:12:17Z,results/raw/uniform_vs_heterogeneous_fixed_geometry_beta20_v2_seed_03/uniform_vs_heterogeneous_fixed_geometry_beta20_v2_seed_sweep_seed_03_3141592653/resolved_config.yaml,
1.0,uniform_vs_heterogeneous_fixed_geometry_beta20_v2_seed_03,uniform_vs_heterogeneous_fixed_geometry_beta20_v2_seed_sweep_seed_03_3141592653,heterogeneous_trial_0012,heterogeneous,candidate,12,heterogeneous_fixed_repeated_eval_study,11,completed,,,1234,349346877,1491040069,1209011973,1016424053,20.0,0.2,0.05,0.01,100,distributional_beta,random,5,3.0,equal,3.781670268409867,77.0,1.0,76.0,KR_minus_GR,138.0836449000053,2026-03-14T02:12:17Z,2026-03-14T02:14:36Z,results/raw/uniform_vs_heterogeneous_fixed_geometry_beta20_v2_seed_03/uniform_vs_heterogeneous_fixed_geometry_beta20_v2_seed_sweep_seed_03_3141592653/resolved_config.yaml,
1.0,uniform_vs_heterogeneous_fixed_geometry_beta20_v2_seed_03,uniform_vs_heterogeneous_fixed_geometry_beta20_v2_seed_sweep_seed_03_3141592653,heterogeneous_trial_0013,heterogeneous,candidate,13,heterogeneous_fixed_repeated_eval_study,12,completed,,,1234,3283383610,2237597193,1484433474,2891514546,20.0,0.2,0.05,0.01,100,distributional_beta,random,5,3.0,equal,3.7564019621759672,69.0,1.0,68.0,KR_minus_GR,137.17521779984236,2026-03-14T02:14:36Z,2026-03-14T02:16:53Z,results/raw/uniform_vs_heterogeneous_fixed_geometry_beta20_v2_seed_03/uniform_vs_heterogeneous_fixed_geometry_beta20_v2_seed_sweep_seed_03_3141592653/resolved_config.yaml,
1.0,uniform_vs_heterogeneous_fixed_geometry_beta20_v2_seed_03,uniform_vs_heterogeneous_fixed_geometry_beta20_v2_seed_sweep_seed_03_3141592653,heterogeneous_trial_0014,heterogeneous,candidate,14,heterogeneous_fixed_repeated_eval_study,13,completed,,,1234,1498703894,3051669214,2246098719,4169896274,20.0,0.2,0.05,0.01,100,distributional_beta,random,5,3.0,equal,3.798245054273006,68.0,1.0,67.0,KR_minus_GR,138.00685380003415,2026-03-14T02:16:53Z,2026-03-14T02:19:11Z,results/raw/uniform_vs_heterogeneous_fixed_geometry_beta20_v2_seed_03/uniform_vs_heterogeneous_fixed_geometry_beta20_v2_seed_sweep_seed_03_3141592653/resolved_config.yaml,
1.0,uniform_vs_heterogeneous_fixed_geometry_beta20_v2_seed_03,uniform_vs_heterogeneous_fixed_geometry_beta20_v2_seed_sweep_seed_03_3141592653,heterogeneous_trial_0015,heterogeneous,candidate,15,heterogeneous_fixed_repeated_eval_study,14,completed,,,1234,561358417,1089557608,3730222718,3983881972,20.0,0.2,0.05,0.01,100,distributional_beta,random,5,3.0,equal,3.3717397225358225,67.0,1.0,66.0,KR_minus_GR,137.8246651000809,2026-03-14T02:19:11Z,2026-03-14T02:21:29Z,results/raw/uniform_vs_heterogeneous_fixed_geometry_beta20_v2_seed_03/uniform_vs_heterogeneous_fixed_geometry_beta20_v2_seed_sweep_seed_03_3141592653/resolved_config.yaml,
1.0,uniform_vs_heterogeneous_fixed_geometry_beta20_v2_seed_03,uniform_vs_heterogeneous_fixed_geometry_beta20_v2_seed_sweep_seed_03_3141592653,heterogeneous_trial_0016,heterogeneous,candidate,16,heterogeneous_fixed_repeated_eval_study,15,completed,,,1234,3831752978,140309103,777858740,1495374378,20.0,0.2,0.05,0.01,100,distributional_beta,random,5,3.0,equal,4.039996389983577,78.0,1.0,77.0,KR_minus_GR,137.7550665999297,2026-03-14T02:21:29Z,2026-03-14T02:23:46Z,results/raw/uniform_vs_heterogeneous_fixed_geometry_beta20_v2_seed_03/uniform_vs_heterogeneous_fixed_geometry_beta20_v2_seed_sweep_seed_03_3141592653/resolved_config.yaml,
1.0,uniform_vs_heterogeneous_fixed_geometry_beta20_v2_seed_03,uniform_vs_heterogeneous_fixed_geometry_beta20_v2_seed_sweep_seed_03_3141592653,heterogeneous_trial_0017,heterogeneous,candidate,17,heterogeneous_fixed_repeated_eval_study,16,completed,,,1234,2310362745,1172260544,2315437138,4249515612,20.0,0.2,0.05,0.01,100,distributional_beta,random,5,3.0,equal,4.196895579362028,71.0,1.0,70.0,KR_minus_GR,137.85899269999936,2026-03-14T02:23:46Z,2026-03-14T02:26:04Z,results/raw/uniform_vs_heterogeneous_fixed_geometry_beta20_v2_seed_03/uniform_vs_heterogeneous_fixed_geometry_beta20_v2_seed_sweep_seed_03_3141592653/resolved_config.yaml,
1.0,uniform_vs_heterogeneous_fixed_geometry_beta20_v2_seed_03,uniform_vs_heterogeneous_fixed_geometry_beta20_v2_seed_sweep_seed_03_3141592653,heterogeneous_trial_0018,heterogeneous,candidate,18,heterogeneous_fixed_repeated_eval_study,17,completed,,,1234,3334406920,2891657080,2180530600,1764607568,20.0,0.2,0.05,0.01,100,distributional_beta,random,5,3.0,equal,4.363391965961185,70.0,1.0,69.0,KR_minus_GR,138.27177250012755,2026-03-14T02:26:04Z,2026-03-14T02:28:22Z,results/raw/uniform_vs_heterogeneous_fixed_geometry_beta20_v2_seed_03/uniform_vs_heterogeneous_fixed_geometry_beta20_v2_seed_sweep_seed_03_3141592653/resolved_config.yaml,
1.0,uniform_vs_heterogeneous_fixed_geometry_beta20_v2_seed_03,uniform_vs_heterogeneous_fixed_geometry_beta20_v2_seed_sweep_seed_03_3141592653,heterogeneous_trial_0019,heterogeneous,candidate,19,heterogeneous_fixed_repeated_eval_study,18,completed,,,1234,1949921660,2190979501,2296498402,2157316045,20.0,0.2,0.05,0.01,100,distributional_beta,random,5,3.0,equal,3.1439846117050987,71.0,1.0,70.0,KR_minus_GR,138.35738809988834,2026-03-14T02:28:22Z,2026-03-14T02:30:41Z,results/raw/uniform_vs_heterogeneous_fixed_geometry_beta20_v2_seed_03/uniform_vs_heterogeneous_fixed_geometry_beta20_v2_seed_sweep_seed_03_3141592653/resolved_config.yaml,
1.0,uniform_vs_heterogeneous_fixed_geometry_beta20_v2_seed_03,uniform_vs_heterogeneous_fixed_geometry_beta20_v2_seed_sweep_seed_03_3141592653,heterogeneous_trial_0020,heterogeneous,candidate,20,heterogeneous_fixed_repeated_eval_study,19,completed,,,1234,1240878390,2757162680,1024490212,1811432105,20.0,0.2,0.05,0.01,100,distributional_beta,random,5,3.0,equal,3.3717457234288895,81.0,1.0,80.0,KR_minus_GR,137.1569613001775,2026-03-14T02:30:41Z,2026-03-14T02:32:58Z,results/raw/uniform_vs_heterogeneous_fixed_geometry_beta20_v2_seed_03/uniform_vs_heterogeneous_fixed_geometry_beta20_v2_seed_sweep_seed_03_3141592653/resolved_config.yaml,
1.0,uniform_vs_heterogeneous_fixed_geometry_beta20_v2_seed_03,uniform_vs_heterogeneous_fixed_geometry_beta20_v2_seed_sweep_seed_03_3141592653,heterogeneous_trial_0021,heterogeneous,candidate,21,heterogeneous_fixed_repeated_eval_study,20,completed,,,1234,1443379480,235820628,1331743193,3363695144,20.0,0.2,0.05,0.01,100,distributional_beta,random,5,3.0,equal,3.2745500733209716,77.0,1.0,76.0,KR_minus_GR,138.44033219991252,2026-03-14T02:32:58Z,2026-03-14T02:35:16Z,results/raw/uniform_vs_heterogeneous_fixed_geometry_beta20_v2_seed_03/uniform_vs_heterogeneous_fixed_geometry_beta20_v2_seed_sweep_seed_03_3141592653/resolved_config.yaml,
1.0,uniform_vs_heterogeneous_fixed_geometry_beta20_v2_seed_03,uniform_vs_heterogeneous_fixed_geometry_beta20_v2_seed_sweep_seed_03_3141592653,heterogeneous_trial_0022,heterogeneous,candidate,22,heterogeneous_fixed_repeated_eval_study,21,completed,,,1234,2612121780,1195119090,3369815799,1373177439,20.0,0.2,0.05,0.01,100,distributional_beta,random,5,3.0,equal,3.588488027751115,68.0,1.0,67.0,KR_minus_GR,137.55556710017845,2026-03-14T02:35:16Z,2026-03-14T02:37:34Z,results/raw/uniform_vs_heterogeneous_fixed_geometry_beta20_v2_seed_03/uniform_vs_heterogeneous_fixed_geometry_beta20_v2_seed_sweep_seed_03_3141592653/resolved_config.yaml,
1.0,uniform_vs_heterogeneous_fixed_geometry_beta20_v2_seed_03,uniform_vs_heterogeneous_fixed_geometry_beta20_v2_seed_sweep_seed_03_3141592653,heterogeneous_trial_0023,heterogeneous,candidate,23,heterogeneous_fixed_repeated_eval_study,22,completed,,,1234,491212468,639730780,2426936498,1472595924,20.0,0.2,0.05,0.01,100,distributional_beta,random,5,3.0,equal,3.1291034350013414,72.0,1.0,71.0,KR_minus_GR,137.46041939989664,2026-03-14T02:37:34Z,2026-03-14T02:39:51Z,results/raw/uniform_vs_heterogeneous_fixed_geometry_beta20_v2_seed_03/uniform_vs_heterogeneous_fixed_geometry_beta20_v2_seed_sweep_seed_03_3141592653/resolved_config.yaml,
1.0,uniform_vs_heterogeneous_fixed_geometry_beta20_v2_seed_03,uniform_vs_heterogeneous_fixed_geometry_beta20_v2_seed_sweep_seed_03_3141592653,heterogeneous_trial_0024,heterogeneous,candidate,24,heterogeneous_fixed_repeated_eval_study,23,completed,,,1234,2936744238,1954826618,216515674,2230279700,20.0,0.2,0.05,0.01,100,distributional_beta,random,5,3.0,equal,3.6140428901435095,74.0,1.0,73.0,KR_minus_GR,138.37522899988107,2026-03-14T02:39:51Z,2026-03-14T02:42:10Z,results/raw/uniform_vs_heterogeneous_fixed_geometry_beta20_v2_seed_03/uniform_vs_heterogeneous_fixed_geometry_beta20_v2_seed_sweep_seed_03_3141592653/resolved_config.yaml,
1.0,uniform_vs_heterogeneous_fixed_geometry_beta20_v2_seed_03,uniform_vs_heterogeneous_fixed_geometry_beta20_v2_seed_sweep_seed_03_3141592653,heterogeneous_trial_0025,heterogeneous,candidate,25,heterogeneous_fixed_repeated_eval_study,24,completed,,,1234,998925781,858011228,1665825923,1633877636,20.0,0.2,0.05,0.01,100,distributional_beta,random,5,3.0,equal,3.6140898067252056,64.0,1.0,63.0,KR_minus_GR,138.6027691999916,2026-03-14T02:42:10Z,2026-03-14T02:44:28Z,results/raw/uniform_vs_heterogeneous_fixed_geometry_beta20_v2_seed_03/uniform_vs_heterogeneous_fixed_geometry_beta20_v2_seed_sweep_seed_03_3141592653/resolved_config.yaml,
1.0,uniform_vs_heterogeneous_fixed_geometry_beta20_v2_seed_03,uniform_vs_heterogeneous_fixed_geometry_beta20_v2_seed_sweep_seed_03_3141592653,heterogeneous_trial_0026,heterogeneous,candidate,26,heterogeneous_fixed_repeated_eval_study,25,completed,,,1234,3341645679,457886829,3538871409,3143197333,20.0,0.2,0.05,0.01,100,distributional_beta,random,5,3.0,equal,4.037751727073012,71.0,1.0,70.0,KR_minus_GR,137.5255164001137,2026-03-14T02:44:28Z,2026-03-14T02:46:46Z,results/raw/uniform_vs_heterogeneous_fixed_geometry_beta20_v2_seed_03/uniform_vs_heterogeneous_fixed_geometry_beta20_v2_seed_sweep_seed_03_3141592653/resolved_config.yaml,
1.0,uniform_vs_heterogeneous_fixed_geometry_beta20_v2_seed_03,uniform_vs_heterogeneous_fixed_geometry_beta20_v2_seed_sweep_seed_03_3141592653,heterogeneous_trial_0027,heterogeneous,candidate,27,heterogeneous_fixed_repeated_eval_study,26,completed,,,1234,3770675915,2370894938,3298362815,3393539029,20.0,0.2,0.05,0.01,100,distributional_beta,random,5,3.0,equal,3.5037007270228493,79.0,1.0,78.0,KR_minus_GR,138.37768459995277,2026-03-14T02:46:46Z,2026-03-14T02:49:04Z,results/raw/uniform_vs_heterogeneous_fixed_geometry_beta20_v2_seed_03/uniform_vs_heterogeneous_fixed_geometry_beta20_v2_seed_sweep_seed_03_3141592653/resolved_config.yaml,
1.0,uniform_vs_heterogeneous_fixed_geometry_beta20_v2_seed_03,uniform_vs_heterogeneous_fixed_geometry_beta20_v2_seed_sweep_seed_03_3141592653,heterogeneous_trial_0028,heterogeneous,candidate,28,heterogeneous_fixed_repeated_eval_study,27,completed,,,1234,941057151,1608557929,2356006179,866487982,20.0,0.2,0.05,0.01,100,distributional_beta,random,5,3.0,equal,3.9153832890122477,71.0,1.0,70.0,KR_minus_GR,137.8914894000627,2026-03-14T02:49:04Z,2026-03-14T02:51:22Z,results/raw/uniform_vs_heterogeneous_fixed_geometry_beta20_v2_seed_03/uniform_vs_heterogeneous_fixed_geometry_beta20_v2_seed_sweep_seed_03_3141592653/resolved_config.yaml,
1.0,uniform_vs_heterogeneous_fixed_geometry_beta20_v2_seed_03,uniform_vs_heterogeneous_fixed_geometry_beta20_v2_seed_sweep_seed_03_3141592653,heterogeneous_trial_0029,heterogeneous,candidate,29,heterogeneous_fixed_repeated_eval_study,28,completed,,,1234,2215109747,1487910696,1914032874,882549657,20.0,0.2,0.05,0.01,100,distributional_beta,random,5,3.0,equal,3.6148202122735715,71.0,1.0,70.0,KR_minus_GR,138.34670029999688,2026-03-14T02:51:22Z,2026-03-14T02:53:41Z,results/raw/uniform_vs_heterogeneous_fixed_geometry_beta20_v2_seed_03/uniform_vs_heterogeneous_fixed_geometry_beta20_v2_seed_sweep_seed_03_3141592653/resolved_config.yaml,
1.0,uniform_vs_heterogeneous_fixed_geometry_beta20_v2_seed_03,uniform_vs_heterogeneous_fixed_geometry_beta20_v2_seed_sweep_seed_03_3141592653,heterogeneous_trial_0030,heterogeneous,candidate,30,heterogeneous_fixed_repeated_eval_study,29,completed,,,1234,2416810949,3200246158,4282125702,3638646820,20.0,0.2,0.05,0.01,100,distributional_beta,random,5,3.0,equal,4.003318508037612,80.0,1.0,79.0,KR_minus_GR,137.883330399869,2026-03-14T02:53:41Z,2026-03-14T02:55:58Z,results/raw/uniform_vs_heterogeneous_fixed_geometry_beta20_v2_seed_03/uniform_vs_heterogeneous_fixed_geometry_beta20_v2_seed_sweep_seed_03_3141592653/resolved_config.yaml,
1.0,uniform_vs_heterogeneous_fixed_geometry_beta20_v2_seed_03,uniform_vs_heterogeneous_fixed_geometry_beta20_v2_seed_sweep_seed_03_3141592653,heterogeneous_trial_0031,heterogeneous,candidate,31,heterogeneous_fixed_repeated_eval_study,30,completed,,,1234,558317995,3659360184,941084673,841854966,20.0,0.2,0.05,0.01,100,distributional_beta,random,5,3.0,equal,4.343298857444976,70.0,1.0,69.0,KR_minus_GR,137.65597580000758,2026-03-14T02:55:58Z,2026-03-14T02:58:16Z,results/raw/uniform_vs_heterogeneous_fixed_geometry_beta20_v2_seed_03/uniform_vs_heterogeneous_fixed_geometry_beta20_v2_seed_sweep_seed_03_3141592653/resolved_config.yaml,
1.0,uniform_vs_heterogeneous_fixed_geometry_beta20_v2_seed_03,uniform_vs_heterogeneous_fixed_geometry_beta20_v2_seed_sweep_seed_03_3141592653,heterogeneous_trial_0032,heterogeneous,candidate,32,heterogeneous_fixed_repeated_eval_study,31,completed,,,1234,2229074049,1163828947,2400508265,263421551,20.0,0.2,0.05,0.01,100,distributional_beta,random,5,3.0,equal,4.217092951454767,66.0,1.0,65.0,KR_minus_GR,138.16703119990416,2026-03-14T02:58:16Z,2026-03-14T03:00:34Z,results/raw/uniform_vs_heterogeneous_fixed_geometry_beta20_v2_seed_03/uniform_vs_heterogeneous_fixed_geometry_beta20_v2_seed_sweep_seed_03_3141592653/resolved_config.yaml,
1.0,uniform_vs_heterogeneous_fixed_geometry_beta20_v2_seed_03,uniform_vs_heterogeneous_fixed_geometry_beta20_v2_seed_sweep_seed_03_3141592653,heterogeneous_trial_0033,heterogeneous,candidate,33,heterogeneous_fixed_repeated_eval_study,32,completed,,,1234,3632097554,465452834,657304465,2334106207,20.0,0.2,0.05,0.01,100,distributional_beta,random,5,3.0,equal,3.084159560365058,70.0,1.0,69.0,KR_minus_GR,137.61225709994324,2026-03-14T03:00:34Z,2026-03-14T03:02:52Z,results/raw/uniform_vs_heterogeneous_fixed_geometry_beta20_v2_seed_03/uniform_vs_heterogeneous_fixed_geometry_beta20_v2_seed_sweep_seed_03_3141592653/resolved_config.yaml,
1.0,uniform_vs_heterogeneous_fixed_geometry_beta20_v2_seed_03,uniform_vs_heterogeneous_fixed_geometry_beta20_v2_seed_sweep_seed_03_3141592653,heterogeneous_trial_0034,heterogeneous,candidate,34,heterogeneous_fixed_repeated_eval_study,33,completed,,,1234,2567759408,260932833,1910684027,2129766098,20.0,0.2,0.05,0.01,100,distributional_beta,random,5,3.0,equal,3.4291050416277447,73.0,1.0,72.0,KR_minus_GR,137.69257310009561,2026-03-14T03:02:52Z,2026-03-14T03:05:10Z,results/raw/uniform_vs_heterogeneous_fixed_geometry_beta20_v2_seed_03/uniform_vs_heterogeneous_fixed_geometry_beta20_v2_seed_sweep_seed_03_3141592653/resolved_config.yaml,
1.0,uniform_vs_heterogeneous_fixed_geometry_beta20_v2_seed_03,uniform_vs_heterogeneous_fixed_geometry_beta20_v2_seed_sweep_seed_03_3141592653,heterogeneous_trial_0035,heterogeneous,candidate,35,heterogeneous_fixed_repeated_eval_study,34,completed,,,1234,497034915,2991699869,3440523128,3185962476,20.0,0.2,0.05,0.01,100,distributional_beta,random,5,3.0,equal,3.9333553489353728,79.0,1.0,78.0,KR_minus_GR,138.444857200142,2026-03-14T03:05:10Z,2026-03-14T03:07:28Z,results/raw/uniform_vs_heterogeneous_fixed_geometry_beta20_v2_seed_03/uniform_vs_heterogeneous_fixed_geometry_beta20_v2_seed_sweep_seed_03_3141592653/resolved_config.yaml,
1.0,uniform_vs_heterogeneous_fixed_geometry_beta20_v2_seed_03,uniform_vs_heterogeneous_fixed_geometry_beta20_v2_seed_sweep_seed_03_3141592653,heterogeneous_trial_0036,heterogeneous,candidate,36,heterogeneous_fixed_repeated_eval_study,35,completed,,,1234,1083038525,86752051,1321251118,2003827370,20.0,0.2,0.05,0.01,100,distributional_beta,random,5,3.0,equal,3.4514533154764,65.0,1.0,64.0,KR_minus_GR,138.58623749995604,2026-03-14T03:07:28Z,2026-03-14T03:09:47Z,results/raw/uniform_vs_heterogeneous_fixed_geometry_beta20_v2_seed_03/uniform_vs_heterogeneous_fixed_geometry_beta20_v2_seed_sweep_seed_03_3141592653/resolved_config.yaml,
1.0,uniform_vs_heterogeneous_fixed_geometry_beta20_v2_seed_03,uniform_vs_heterogeneous_fixed_geometry_beta20_v2_seed_sweep_seed_03_3141592653,heterogeneous_trial_0037,heterogeneous,candidate,37,heterogeneous_fixed_repeated_eval_study,36,completed,,,1234,536348740,3660727062,2092807939,1699839151,20.0,0.2,0.05,0.01,100,distributional_beta,random,5,3.0,equal,3.0078659315447025,75.0,1.0,74.0,KR_minus_GR,138.2562039999757,2026-03-14T03:09:47Z,2026-03-14T03:12:05Z,results/raw/uniform_vs_heterogeneous_fixed_geometry_beta20_v2_seed_03/uniform_vs_heterogeneous_fixed_geometry_beta20_v2_seed_sweep_seed_03_3141592653/resolved_config.yaml,
1.0,uniform_vs_heterogeneous_fixed_geometry_beta20_v2_seed_03,uniform_vs_heterogeneous_fixed_geometry_beta20_v2_seed_sweep_seed_03_3141592653,heterogeneous_trial_0038,heterogeneous,candidate,38,heterogeneous_fixed_repeated_eval_study,37,completed,,,1234,2751935958,2253353761,156623708,1151821820,20.0,0.2,0.05,0.01,100,distributional_beta,random,5,3.0,equal,3.8074334638260243,74.0,1.0,73.0,KR_minus_GR,137.08083110000007,2026-03-14T03:12:05Z,2026-03-14T03:14:22Z,results/raw/uniform_vs_heterogeneous_fixed_geometry_beta20_v2_seed_03/uniform_vs_heterogeneous_fixed_geometry_beta20_v2_seed_sweep_seed_03_3141592653/resolved_config.yaml,
1.0,uniform_vs_heterogeneous_fixed_geometry_beta20_v2_seed_03,uniform_vs_heterogeneous_fixed_geometry_beta20_v2_seed_sweep_seed_03_3141592653,heterogeneous_trial_0039,heterogeneous,candidate,39,heterogeneous_fixed_repeated_eval_study,38,completed,,,1234,2602012957,1290416650,1845714525,3064252843,20.0,0.2,0.05,0.01,100,distributional_beta,random,5,3.0,equal,3.77501958613805,74.0,1.0,73.0,KR_minus_GR,138.2928257000167,2026-03-14T03:14:22Z,2026-03-14T03:16:40Z,results/raw/uniform_vs_heterogeneous_fixed_geometry_beta20_v2_seed_03/uniform_vs_heterogeneous_fixed_geometry_beta20_v2_seed_sweep_seed_03_3141592653/resolved_config.yaml,
1.0,uniform_vs_heterogeneous_fixed_geometry_beta20_v2_seed_03,uniform_vs_heterogeneous_fixed_geometry_beta20_v2_seed_sweep_seed_03_3141592653,heterogeneous_trial_0040,heterogeneous,candidate,40,heterogeneous_fixed_repeated_eval_study,39,completed,,,1234,1907038877,1152328794,4239369196,252778725,20.0,0.2,0.05,0.01,100,distributional_beta,random,5,3.0,equal,3.707679376408614,63.0,1.0,62.0,KR_minus_GR,138.3088688000571,2026-03-14T03:16:40Z,2026-03-14T03:18:59Z,results/raw/uniform_vs_heterogeneous_fixed_geometry_beta20_v2_seed_03/uniform_vs_heterogeneous_fixed_geometry_beta20_v2_seed_sweep_seed_03_3141592653/resolved_config.yaml,
1.0,uniform_vs_heterogeneous_fixed_geometry_beta20_v2_seed_03,uniform_vs_heterogeneous_fixed_geometry_beta20_v2_seed_sweep_seed_03_3141592653,heterogeneous_trial_0041,heterogeneous,candidate,41,heterogeneous_fixed_repeated_eval_study,40,completed,,,1234,1453147537,1062121603,1261227742,2777988245,20.0,0.2,0.05,0.01,100,distributional_beta,random,5,3.0,equal,4.0950335754197615,61.0,1.0,60.0,KR_minus_GR,137.4368827000726,2026-03-14T03:18:59Z,2026-03-14T03:21:16Z,results/raw/uniform_vs_heterogeneous_fixed_geometry_beta20_v2_seed_03/uniform_vs_heterogeneous_fixed_geometry_beta20_v2_seed_sweep_seed_03_3141592653/resolved_config.yaml,
1.0,uniform_vs_heterogeneous_fixed_geometry_beta20_v2_seed_03,uniform_vs_heterogeneous_fixed_geometry_beta20_v2_seed_sweep_seed_03_3141592653,heterogeneous_trial_0042,heterogeneous,candidate,42,heterogeneous_fixed_repeated_eval_study,41,completed,,,1234,4114065347,3247853397,2912670184,3565841436,20.0,0.2,0.05,0.01,100,distributional_beta,random,5,3.0,equal,3.377319031365677,72.0,1.0,71.0,KR_minus_GR,137.5671210999135,2026-03-14T03:21:16Z,2026-03-14T03:23:34Z,results/raw/uniform_vs_heterogeneous_fixed_geometry_beta20_v2_seed_03/uniform_vs_heterogeneous_fixed_geometry_beta20_v2_seed_sweep_seed_03_3141592653/resolved_config.yaml,
1.0,uniform_vs_heterogeneous_fixed_geometry_beta20_v2_seed_03,uniform_vs_heterogeneous_fixed_geometry_beta20_v2_seed_sweep_seed_03_3141592653,heterogeneous_trial_0043,heterogeneous,candidate,43,heterogeneous_fixed_repeated_eval_study,42,completed,,,1234,1700135630,2308302346,1114433315,2050136687,20.0,0.2,0.05,0.01,100,distributional_beta,random,5,3.0,equal,3.4609464120043647,66.0,1.0,65.0,KR_minus_GR,137.440972100012,2026-03-14T03:23:34Z,2026-03-14T03:25:51Z,results/raw/uniform_vs_heterogeneous_fixed_geometry_beta20_v2_seed_03/uniform_vs_heterogeneous_fixed_geometry_beta20_v2_seed_sweep_seed_03_3141592653/resolved_config.yaml,
1.0,uniform_vs_heterogeneous_fixed_geometry_beta20_v2_seed_03,uniform_vs_heterogeneous_fixed_geometry_beta20_v2_seed_sweep_seed_03_3141592653,heterogeneous_trial_0044,heterogeneous,candidate,44,heterogeneous_fixed_repeated_eval_study,43,completed,,,1234,1724648099,2347422777,3495343450,2564459944,20.0,0.2,0.05,0.01,100,distributional_beta,random,5,3.0,equal,3.118522917003054,66.0,1.0,65.0,KR_minus_GR,138.05136559996754,2026-03-14T03:25:51Z,2026-03-14T03:28:09Z,results/raw/uniform_vs_heterogeneous_fixed_geometry_beta20_v2_seed_03/uniform_vs_heterogeneous_fixed_geometry_beta20_v2_seed_sweep_seed_03_3141592653/resolved_config.yaml,
1.0,uniform_vs_heterogeneous_fixed_geometry_beta20_v2_seed_03,uniform_vs_heterogeneous_fixed_geometry_beta20_v2_seed_sweep_seed_03_3141592653,heterogeneous_trial_0045,heterogeneous,candidate,45,heterogeneous_fixed_repeated_eval_study,44,completed,,,1234,102986405,787628727,3848914606,832558653,20.0,0.2,0.05,0.01,100,distributional_beta,random,5,3.0,equal,3.227480999028598,73.0,1.0,72.0,KR_minus_GR,138.18795099994168,2026-03-14T03:28:09Z,2026-03-14T03:30:27Z,results/raw/uniform_vs_heterogeneous_fixed_geometry_beta20_v2_seed_03/uniform_vs_heterogeneous_fixed_geometry_beta20_v2_seed_sweep_seed_03_3141592653/resolved_config.yaml,
1.0,uniform_vs_heterogeneous_fixed_geometry_beta20_v2_seed_03,uniform_vs_heterogeneous_fixed_geometry_beta20_v2_seed_sweep_seed_03_3141592653,heterogeneous_trial_0046,heterogeneous,candidate,46,heterogeneous_fixed_repeated_eval_study,45,completed,,,1234,4170395418,20730319,1753928110,3560832448,20.0,0.2,0.05,0.01,100,distributional_beta,random,5,3.0,equal,3.8289750771425313,73.0,1.0,72.0,KR_minus_GR,138.57724020001478,2026-03-14T03:30:27Z,2026-03-14T03:32:46Z,results/raw/uniform_vs_heterogeneous_fixed_geometry_beta20_v2_seed_03/uniform_vs_heterogeneous_fixed_geometry_beta20_v2_seed_sweep_seed_03_3141592653/resolved_config.yaml,
1.0,uniform_vs_heterogeneous_fixed_geometry_beta20_v2_seed_03,uniform_vs_heterogeneous_fixed_geometry_beta20_v2_seed_sweep_seed_03_3141592653,heterogeneous_trial_0047,heterogeneous,candidate,47,heterogeneous_fixed_repeated_eval_study,46,completed,,,1234,2619905895,947886730,572748979,4293898333,20.0,0.2,0.05,0.01,100,distributional_beta,random,5,3.0,equal,3.8015789729109843,73.0,1.0,72.0,KR_minus_GR,137.6607260000892,2026-03-14T03:32:46Z,2026-03-14T03:35:04Z,results/raw/uniform_vs_heterogeneous_fixed_geometry_beta20_v2_seed_03/uniform_vs_heterogeneous_fixed_geometry_beta20_v2_seed_sweep_seed_03_3141592653/resolved_config.yaml,
1.0,uniform_vs_heterogeneous_fixed_geometry_beta20_v2_seed_03,uniform_vs_heterogeneous_fixed_geometry_beta20_v2_seed_sweep_seed_03_3141592653,heterogeneous_trial_0048,heterogeneous,candidate,48,heterogeneous_fixed_repeated_eval_study,47,completed,,,1234,901780484,3179849581,3507244300,2209317771,20.0,0.2,0.05,0.01,100,distributional_beta,random,5,3.0,equal,3.6253597646049345,74.0,1.0,73.0,KR_minus_GR,137.66102160001174,2026-03-14T03:35:04Z,2026-03-14T03:37:21Z,results/raw/uniform_vs_heterogeneous_fixed_geometry_beta20_v2_seed_03/uniform_vs_heterogeneous_fixed_geometry_beta20_v2_seed_sweep_seed_03_3141592653/resolved_config.yaml,
1.0,uniform_vs_heterogeneous_fixed_geometry_beta20_v2_seed_03,uniform_vs_heterogeneous_fixed_geometry_beta20_v2_seed_sweep_seed_03_3141592653,heterogeneous_trial_0049,heterogeneous,candidate,49,heterogeneous_fixed_repeated_eval_study,48,completed,,,1234,3731728325,2582231369,1826447489,3359754421,20.0,0.2,0.05,0.01,100,distributional_beta,random,5,3.0,equal,3.3440623684689914,76.0,1.0,75.0,KR_minus_GR,138.527124900138,2026-03-14T03:37:21Z,2026-03-14T03:39:40Z,results/raw/uniform_vs_heterogeneous_fixed_geometry_beta20_v2_seed_03/uniform_vs_heterogeneous_fixed_geometry_beta20_v2_seed_sweep_seed_03_3141592653/resolved_config.yaml,
1.0,uniform_vs_heterogeneous_fixed_geometry_beta20_v2_seed_03,uniform_vs_heterogeneous_fixed_geometry_beta20_v2_seed_sweep_seed_03_3141592653,heterogeneous_trial_0050,heterogeneous,candidate,50,heterogeneous_fixed_repeated_eval_study,49,completed,,,1234,1593229545,2172363452,3298738234,2180911957,20.0,0.2,0.05,0.01,100,distributional_beta,random,5,3.0,equal,3.696781958849935,67.0,1.0,66.0,KR_minus_GR,138.55775180016644,2026-03-14T03:39:40Z,2026-03-14T03:41:58Z,results/raw/uniform_vs_heterogeneous_fixed_geometry_beta20_v2_seed_03/uniform_vs_heterogeneous_fixed_geometry_beta20_v2_seed_sweep_seed_03_3141592653/resolved_config.yaml,
1.0,uniform_vs_heterogeneous_fixed_geometry_beta20_v2_seed_03,uniform_vs_heterogeneous_fixed_geometry_beta20_v2_seed_sweep_seed_03_3141592653,heterogeneous_trial_0051,heterogeneous,candidate,51,heterogeneous_fixed_repeated_eval_study,50,completed,,,1234,3689829390,1612456305,3962214019,2415336692,20.0,0.2,0.05,0.01,100,distributional_beta,random,5,3.0,equal,3.4289933979432052,69.0,1.0,68.0,KR_minus_GR,137.86722930008546,2026-03-14T03:41:58Z,2026-03-14T03:44:16Z,results/raw/uniform_vs_heterogeneous_fixed_geometry_beta20_v2_seed_03/uniform_vs_heterogeneous_fixed_geometry_beta20_v2_seed_sweep_seed_03_3141592653/resolved_config.yaml,
1.0,uniform_vs_heterogeneous_fixed_geometry_beta20_v2_seed_03,uniform_vs_heterogeneous_fixed_geometry_beta20_v2_seed_sweep_seed_03_3141592653,heterogeneous_trial_0052,heterogeneous,candidate,52,heterogeneous_fixed_repeated_eval_study,51,completed,,,1234,3593424145,1146442990,1214942181,2378316376,20.0,0.2,0.05,0.01,100,distributional_beta,random,5,3.0,equal,3.178174441572536,65.0,1.0,64.0,KR_minus_GR,138.09666879987344,2026-03-14T03:44:16Z,2026-03-14T03:46:34Z,results/raw/uniform_vs_heterogeneous_fixed_geometry_beta20_v2_seed_03/uniform_vs_heterogeneous_fixed_geometry_beta20_v2_seed_sweep_seed_03_3141592653/resolved_config.yaml,
1.0,uniform_vs_heterogeneous_fixed_geometry_beta20_v2_seed_03,uniform_vs_heterogeneous_fixed_geometry_beta20_v2_seed_sweep_seed_03_3141592653,heterogeneous_trial_0053,heterogeneous,candidate,53,heterogeneous_fixed_repeated_eval_study,52,completed,,,1234,3473869916,1800170571,2678034935,1694964817,20.0,0.2,0.05,0.01,100,distributional_beta,random,5,3.0,equal,3.112733963010081,67.0,1.0,66.0,KR_minus_GR,137.8030263001565,2026-03-14T03:46:34Z,2026-03-14T03:48:52Z,results/raw/uniform_vs_heterogeneous_fixed_geometry_beta20_v2_seed_03/uniform_vs_heterogeneous_fixed_geometry_beta20_v2_seed_sweep_seed_03_3141592653/resolved_config.yaml,
1.0,uniform_vs_heterogeneous_fixed_geometry_beta20_v2_seed_03,uniform_vs_heterogeneous_fixed_geometry_beta20_v2_seed_sweep_seed_03_3141592653,heterogeneous_trial_0054,heterogeneous,candidate,54,heterogeneous_fixed_repeated_eval_study,53,completed,,,1234,1148196959,3048196223,2568168663,4118161365,20.0,0.2,0.05,0.01,100,distributional_beta,random,5,3.0,equal,4.453825812030738,80.0,1.0,79.0,KR_minus_GR,138.12427999987267,2026-03-14T03:48:52Z,2026-03-14T03:51:10Z,results/raw/uniform_vs_heterogeneous_fixed_geometry_beta20_v2_seed_03/uniform_vs_heterogeneous_fixed_geometry_beta20_v2_seed_sweep_seed_03_3141592653/resolved_config.yaml,
1.0,uniform_vs_heterogeneous_fixed_geometry_beta20_v2_seed_03,uniform_vs_heterogeneous_fixed_geometry_beta20_v2_seed_sweep_seed_03_3141592653,heterogeneous_trial_0055,heterogeneous,candidate,55,heterogeneous_fixed_repeated_eval_study,54,completed,,,1234,4224082481,2220787683,1080824074,1026201492,20.0,0.2,0.05,0.01,100,distributional_beta,random,5,3.0,equal,3.86619163905455,72.0,1.0,71.0,KR_minus_GR,138.86562600010075,2026-03-14T03:51:10Z,2026-03-14T03:53:29Z,results/raw/uniform_vs_heterogeneous_fixed_geometry_beta20_v2_seed_03/uniform_vs_heterogeneous_fixed_geometry_beta20_v2_seed_sweep_seed_03_3141592653/resolved_config.yaml,
1.0,uniform_vs_heterogeneous_fixed_geometry_beta20_v2_seed_03,uniform_vs_heterogeneous_fixed_geometry_beta20_v2_seed_sweep_seed_03_3141592653,heterogeneous_trial_0056,heterogeneous,candidate,56,heterogeneous_fixed_repeated_eval_study,55,completed,,,1234,1206914384,2754973280,248617575,609683164,20.0,0.2,0.05,0.01,100,distributional_beta,random,5,3.0,equal,3.3464934216481366,69.0,1.0,68.0,KR_minus_GR,138.1376145000104,2026-03-14T03:53:29Z,2026-03-14T03:55:47Z,results/raw/uniform_vs_heterogeneous_fixed_geometry_beta20_v2_seed_03/uniform_vs_heterogeneous_fixed_geometry_beta20_v2_seed_sweep_seed_03_3141592653/resolved_config.yaml,
1.0,uniform_vs_heterogeneous_fixed_geometry_beta20_v2_seed_03,uniform_vs_heterogeneous_fixed_geometry_beta20_v2_seed_sweep_seed_03_3141592653,heterogeneous_trial_0057,heterogeneous,candidate,57,heterogeneous_fixed_repeated_eval_study,56,completed,,,1234,765537397,2235196203,641263299,2679013375,20.0,0.2,0.05,0.01,100,distributional_beta,random,5,3.0,equal,4.58210882438733,71.0,1.0,70.0,KR_minus_GR,138.39284579991363,2026-03-14T03:55:47Z,2026-03-14T03:58:06Z,results/raw/uniform_vs_heterogeneous_fixed_geometry_beta20_v2_seed_03/uniform_vs_heterogeneous_fixed_geometry_beta20_v2_seed_sweep_seed_03_3141592653/resolved_config.yaml,
1.0,uniform_vs_heterogeneous_fixed_geometry_beta20_v2_seed_03,uniform_vs_heterogeneous_fixed_geometry_beta20_v2_seed_sweep_seed_03_3141592653,heterogeneous_trial_0058,heterogeneous,candidate,58,heterogeneous_fixed_repeated_eval_study,57,completed,,,1234,1284534340,1611297655,2696863220,1887507662,20.0,0.2,0.05,0.01,100,distributional_beta,random,5,3.0,equal,3.7900221772004565,70.0,1.0,69.0,KR_minus_GR,137.92095359996893,2026-03-14T03:58:06Z,2026-03-14T04:00:24Z,results/raw/uniform_vs_heterogeneous_fixed_geometry_beta20_v2_seed_03/uniform_vs_heterogeneous_fixed_geometry_beta20_v2_seed_sweep_seed_03_3141592653/resolved_config.yaml,
1.0,uniform_vs_heterogeneous_fixed_geometry_beta20_v2_seed_03,uniform_vs_heterogeneous_fixed_geometry_beta20_v2_seed_sweep_seed_03_3141592653,heterogeneous_trial_0059,heterogeneous,candidate,59,heterogeneous_fixed_repeated_eval_study,58,completed,,,1234,3442088377,2466042371,1147842140,194098052,20.0,0.2,0.05,0.01,100,distributional_beta,random,5,3.0,equal,3.6835002670052357,70.0,1.0,69.0,KR_minus_GR,138.46811480005272,2026-03-14T04:00:24Z,2026-03-14T04:02:42Z,results/raw/uniform_vs_heterogeneous_fixed_geometry_beta20_v2_seed_03/uniform_vs_heterogeneous_fixed_geometry_beta20_v2_seed_sweep_seed_03_3141592653/resolved_config.yaml,
1.0,uniform_vs_heterogeneous_fixed_geometry_beta20_v2_seed_03,uniform_vs_heterogeneous_fixed_geometry_beta20_v2_seed_sweep_seed_03_3141592653,heterogeneous_trial_0060,heterogeneous,candidate,60,heterogeneous_fixed_repeated_eval_study,59,completed,,,1234,200858517,2580599979,4071797276,1745725877,20.0,0.2,0.05,0.01,100,distributional_beta,random,5,3.0,equal,3.9808887131181354,65.0,1.0,64.0,KR_minus_GR,137.5741285001859,2026-03-14T04:02:42Z,2026-03-14T04:05:00Z,results/raw/uniform_vs_heterogeneous_fixed_geometry_beta20_v2_seed_03/uniform_vs_heterogeneous_fixed_geometry_beta20_v2_seed_sweep_seed_03_3141592653/resolved_config.yaml,
1.0,uniform_vs_heterogeneous_fixed_geometry_beta20_v2_seed_03,uniform_vs_heterogeneous_fixed_geometry_beta20_v2_seed_sweep_seed_03_3141592653,heterogeneous_trial_0061,heterogeneous,candidate,61,heterogeneous_fixed_repeated_eval_study,60,completed,,,1234,2062789657,2556763886,248663992,269655493,20.0,0.2,0.05,0.01,100,distributional_beta,random,5,3.0,equal,3.439250316594449,77.0,2.0,75.0,KR_minus_GR,137.95999410003424,2026-03-14T04:05:00Z,2026-03-14T04:07:18Z,results/raw/uniform_vs_heterogeneous_fixed_geometry_beta20_v2_seed_03/uniform_vs_heterogeneous_fixed_geometry_beta20_v2_seed_sweep_seed_03_3141592653/resolved_config.yaml,
1.0,uniform_vs_heterogeneous_fixed_geometry_beta20_v2_seed_03,uniform_vs_heterogeneous_fixed_geometry_beta20_v2_seed_sweep_seed_03_3141592653,heterogeneous_trial_0062,heterogeneous,candidate,62,heterogeneous_fixed_repeated_eval_study,61,completed,,,1234,4172613565,3807072352,278400282,1327944775,20.0,0.2,0.05,0.01,100,distributional_beta,random,5,3.0,equal,3.8360665468761006,66.0,1.0,65.0,KR_minus_GR,137.8000449000392,2026-03-14T04:07:18Z,2026-03-14T04:09:35Z,results/raw/uniform_vs_heterogeneous_fixed_geometry_beta20_v2_seed_03/uniform_vs_heterogeneous_fixed_geometry_beta20_v2_seed_sweep_seed_03_3141592653/resolved_config.yaml,
1.0,uniform_vs_heterogeneous_fixed_geometry_beta20_v2_seed_03,uniform_vs_heterogeneous_fixed_geometry_beta20_v2_seed_sweep_seed_03_3141592653,heterogeneous_trial_0063,heterogeneous,candidate,63,heterogeneous_fixed_repeated_eval_study,62,completed,,,1234,1276121373,2633186652,1208436956,3057305679,20.0,0.2,0.05,0.01,100,distributional_beta,random,5,3.0,equal,2.952595156596374,71.0,1.0,70.0,KR_minus_GR,138.9111027000472,2026-03-14T04:09:35Z,2026-03-14T04:11:54Z,results/raw/uniform_vs_heterogeneous_fixed_geometry_beta20_v2_seed_03/uniform_vs_heterogeneous_fixed_geometry_beta20_v2_seed_sweep_seed_03_3141592653/resolved_config.yaml,
1.0,uniform_vs_heterogeneous_fixed_geometry_beta20_v2_seed_03,uniform_vs_heterogeneous_fixed_geometry_beta20_v2_seed_sweep_seed_03_3141592653,heterogeneous_trial_0064,heterogeneous,candidate,64,heterogeneous_fixed_repeated_eval_study,63,completed,,,1234,1440017167,1168544991,2398094129,2782734475,20.0,0.2,0.05,0.01,100,distributional_beta,random,5,3.0,equal,3.830120714508946,75.0,1.0,74.0,KR_minus_GR,138.4233941999264,2026-03-14T04:11:54Z,2026-03-14T04:14:13Z,results/raw/uniform_vs_heterogeneous_fixed_geometry_beta20_v2_seed_03/uniform_vs_heterogeneous_fixed_geometry_beta20_v2_seed_sweep_seed_03_3141592653/resolved_config.yaml,
1.0,uniform_vs_heterogeneous_fixed_geometry_beta20_v2_seed_03,uniform_vs_heterogeneous_fixed_geometry_beta20_v2_seed_sweep_seed_03_3141592653,heterogeneous_trial_0065,heterogeneous,candidate,65,heterogeneous_fixed_repeated_eval_study,64,completed,,,1234,4218643165,1933304231,1612812226,3199207145,20.0,0.2,0.05,0.01,100,distributional_beta,random,5,3.0,equal,3.0800262989623315,67.0,1.0,66.0,KR_minus_GR,138.0029072999023,2026-03-14T04:14:13Z,2026-03-14T04:16:31Z,results/raw/uniform_vs_heterogeneous_fixed_geometry_beta20_v2_seed_03/uniform_vs_heterogeneous_fixed_geometry_beta20_v2_seed_sweep_seed_03_3141592653/resolved_config.yaml,
1.0,uniform_vs_heterogeneous_fixed_geometry_beta20_v2_seed_03,uniform_vs_heterogeneous_fixed_geometry_beta20_v2_seed_sweep_seed_03_3141592653,heterogeneous_trial_0066,heterogeneous,candidate,66,heterogeneous_fixed_repeated_eval_study,65,completed,,,1234,4089596886,1152943606,1254899408,2905385923,20.0,0.2,0.05,0.01,100,distributional_beta,random,5,3.0,equal,3.4306376083737167,73.0,1.0,72.0,KR_minus_GR,137.59404890006408,2026-03-14T04:16:31Z,2026-03-14T04:18:48Z,results/raw/uniform_vs_heterogeneous_fixed_geometry_beta20_v2_seed_03/uniform_vs_heterogeneous_fixed_geometry_beta20_v2_seed_sweep_seed_03_3141592653/resolved_config.yaml,
1.0,uniform_vs_heterogeneous_fixed_geometry_beta20_v2_seed_03,uniform_vs_heterogeneous_fixed_geometry_beta20_v2_seed_sweep_seed_03_3141592653,heterogeneous_trial_0067,heterogeneous,candidate,67,heterogeneous_fixed_repeated_eval_study,66,completed,,,1234,3864206074,4145502987,355190103,1520129455,20.0,0.2,0.05,0.01,100,distributional_beta,random,5,3.0,equal,3.4504485316827385,80.0,1.0,79.0,KR_minus_GR,138.4745557999704,2026-03-14T04:18:48Z,2026-03-14T04:21:07Z,results/raw/uniform_vs_heterogeneous_fixed_geometry_beta20_v2_seed_03/uniform_vs_heterogeneous_fixed_geometry_beta20_v2_seed_sweep_seed_03_3141592653/resolved_config.yaml,
1.0,uniform_vs_heterogeneous_fixed_geometry_beta20_v2_seed_03,uniform_vs_heterogeneous_fixed_geometry_beta20_v2_seed_sweep_seed_03_3141592653,heterogeneous_trial_0068,heterogeneous,candidate,68,heterogeneous_fixed_repeated_eval_study,67,completed,,,1234,1814940456,573314502,4034419572,2324922049,20.0,0.2,0.05,0.01,100,distributional_beta,random,5,3.0,equal,3.4703034713497933,76.0,1.0,75.0,KR_minus_GR,142.0632762000896,2026-03-14T04:21:07Z,2026-03-14T04:23:29Z,results/raw/uniform_vs_heterogeneous_fixed_geometry_beta20_v2_seed_03/uniform_vs_heterogeneous_fixed_geometry_beta20_v2_seed_sweep_seed_03_3141592653/resolved_config.yaml,
1.0,uniform_vs_heterogeneous_fixed_geometry_beta20_v2_seed_03,uniform_vs_heterogeneous_fixed_geometry_beta20_v2_seed_sweep_seed_03_3141592653,heterogeneous_trial_0069,heterogeneous,candidate,69,heterogeneous_fixed_repeated_eval_study,68,completed,,,1234,280574925,3924404988,2779624888,347477365,20.0,0.2,0.05,0.01,100,distributional_beta,random,5,3.0,equal,3.396562515162608,70.0,2.0,68.0,KR_minus_GR,137.64239099994302,2026-03-14T04:23:29Z,2026-03-14T04:25:46Z,results/raw/uniform_vs_heterogeneous_fixed_geometry_beta20_v2_seed_03/uniform_vs_heterogeneous_fixed_geometry_beta20_v2_seed_sweep_seed_03_3141592653/resolved_config.yaml,
1.0,uniform_vs_heterogeneous_fixed_geometry_beta20_v2_seed_03,uniform_vs_heterogeneous_fixed_geometry_beta20_v2_seed_sweep_seed_03_3141592653,heterogeneous_trial_0070,heterogeneous,candidate,70,heterogeneous_fixed_repeated_eval_study,69,completed,,,1234,1007626570,553560217,2203366789,1587442512,20.0,0.2,0.05,0.01,100,distributional_beta,random,5,3.0,equal,3.393890327612056,71.0,1.0,70.0,KR_minus_GR,138.46381959994324,2026-03-14T04:25:46Z,2026-03-14T04:28:05Z,results/raw/uniform_vs_heterogeneous_fixed_geometry_beta20_v2_seed_03/uniform_vs_heterogeneous_fixed_geometry_beta20_v2_seed_sweep_seed_03_3141592653/resolved_config.yaml,
1.0,uniform_vs_heterogeneous_fixed_geometry_beta20_v2_seed_03,uniform_vs_heterogeneous_fixed_geometry_beta20_v2_seed_sweep_seed_03_3141592653,heterogeneous_trial_0071,heterogeneous,candidate,71,heterogeneous_fixed_repeated_eval_study,70,completed,,,1234,1334685809,2293501008,2153890522,3454368370,20.0,0.2,0.05,0.01,100,distributional_beta,random,5,3.0,equal,3.5183116221490223,85.0,1.0,84.0,KR_minus_GR,138.34101430000737,2026-03-14T04:28:05Z,2026-03-14T04:30:23Z,results/raw/uniform_vs_heterogeneous_fixed_geometry_beta20_v2_seed_03/uniform_vs_heterogeneous_fixed_geometry_beta20_v2_seed_sweep_seed_03_3141592653/resolved_config.yaml,
1.0,uniform_vs_heterogeneous_fixed_geometry_beta20_v2_seed_03,uniform_vs_heterogeneous_fixed_geometry_beta20_v2_seed_sweep_seed_03_3141592653,heterogeneous_trial_0072,heterogeneous,candidate,72,heterogeneous_fixed_repeated_eval_study,71,completed,,,1234,3262028746,1496358111,2205372794,3409719262,20.0,0.2,0.05,0.01,100,distributional_beta,random,5,3.0,equal,3.9393153948782227,68.0,1.0,67.0,KR_minus_GR,137.8360048001632,2026-03-14T04:30:23Z,2026-03-14T04:32:41Z,results/raw/uniform_vs_heterogeneous_fixed_geometry_beta20_v2_seed_03/uniform_vs_heterogeneous_fixed_geometry_beta20_v2_seed_sweep_seed_03_3141592653/resolved_config.yaml,
1.0,uniform_vs_heterogeneous_fixed_geometry_beta20_v2_seed_03,uniform_vs_heterogeneous_fixed_geometry_beta20_v2_seed_sweep_seed_03_3141592653,heterogeneous_trial_0073,heterogeneous,candidate,73,heterogeneous_fixed_repeated_eval_study,72,completed,,,1234,315837926,1329903492,1087676025,181678096,20.0,0.2,0.05,0.01,100,distributional_beta,random,5,3.0,equal,3.7018161714781748,81.0,1.0,80.0,KR_minus_GR,138.08474229997955,2026-03-14T04:32:41Z,2026-03-14T04:34:59Z,results/raw/uniform_vs_heterogeneous_fixed_geometry_beta20_v2_seed_03/uniform_vs_heterogeneous_fixed_geometry_beta20_v2_seed_sweep_seed_03_3141592653/resolved_config.yaml,
1.0,uniform_vs_heterogeneous_fixed_geometry_beta20_v2_seed_03,uniform_vs_heterogeneous_fixed_geometry_beta20_v2_seed_sweep_seed_03_3141592653,heterogeneous_trial_0074,heterogeneous,candidate,74,heterogeneous_fixed_repeated_eval_study,73,completed,,,1234,1619525756,892454320,286033652,3401876110,20.0,0.2,0.05,0.01,100,distributional_beta,random,5,3.0,equal,3.808172408571845,67.0,1.0,66.0,KR_minus_GR,137.5988821000792,2026-03-14T04:34:59Z,2026-03-14T04:37:17Z,results/raw/uniform_vs_heterogeneous_fixed_geometry_beta20_v2_seed_03/uniform_vs_heterogeneous_fixed_geometry_beta20_v2_seed_sweep_seed_03_3141592653/resolved_config.yaml,
1.0,uniform_vs_heterogeneous_fixed_geometry_beta20_v2_seed_03,uniform_vs_heterogeneous_fixed_geometry_beta20_v2_seed_sweep_seed_03_3141592653,heterogeneous_trial_0075,heterogeneous,candidate,75,heterogeneous_fixed_repeated_eval_study,74,completed,,,1234,940386928,4277259300,4122687480,2099872261,20.0,0.2,0.05,0.01,100,distributional_beta,random,5,3.0,equal,3.453490248484872,68.0,1.0,67.0,KR_minus_GR,137.43179920013063,2026-03-14T04:37:17Z,2026-03-14T04:39:34Z,results/raw/uniform_vs_heterogeneous_fixed_geometry_beta20_v2_seed_03/uniform_vs_heterogeneous_fixed_geometry_beta20_v2_seed_sweep_seed_03_3141592653/resolved_config.yaml,
1.0,uniform_vs_heterogeneous_fixed_geometry_beta20_v2_seed_03,uniform_vs_heterogeneous_fixed_geometry_beta20_v2_seed_sweep_seed_03_3141592653,heterogeneous_trial_0076,heterogeneous,candidate,76,heterogeneous_fixed_repeated_eval_study,75,completed,,,1234,2862836678,694776874,3539243271,2311074289,20.0,0.2,0.05,0.01,100,distributional_beta,random,5,3.0,equal,4.0555236274139705,65.0,1.0,64.0,KR_minus_GR,137.35600769985467,2026-03-14T04:39:34Z,2026-03-14T04:41:52Z,results/raw/uniform_vs_heterogeneous_fixed_geometry_beta20_v2_seed_03/uniform_vs_heterogeneous_fixed_geometry_beta20_v2_seed_sweep_seed_03_3141592653/resolved_config.yaml,
1.0,uniform_vs_heterogeneous_fixed_geometry_beta20_v2_seed_03,uniform_vs_heterogeneous_fixed_geometry_beta20_v2_seed_sweep_seed_03_3141592653,heterogeneous_trial_0077,heterogeneous,candidate,77,heterogeneous_fixed_repeated_eval_study,76,completed,,,1234,2278151636,1169045808,4262093853,2476013854,20.0,0.2,0.05,0.01,100,distributional_beta,random,5,3.0,equal,3.8059724712516845,79.0,1.0,78.0,KR_minus_GR,137.44427750003524,2026-03-14T04:41:52Z,2026-03-14T04:44:09Z,results/raw/uniform_vs_heterogeneous_fixed_geometry_beta20_v2_seed_03/uniform_vs_heterogeneous_fixed_geometry_beta20_v2_seed_sweep_seed_03_3141592653/resolved_config.yaml,
1.0,uniform_vs_heterogeneous_fixed_geometry_beta20_v2_seed_03,uniform_vs_heterogeneous_fixed_geometry_beta20_v2_seed_sweep_seed_03_3141592653,heterogeneous_trial_0078,heterogeneous,candidate,78,heterogeneous_fixed_repeated_eval_study,77,completed,,,1234,740591845,4100341623,420942998,29630481,20.0,0.2,0.05,0.01,100,distributional_beta,random,5,3.0,equal,3.6316796045307944,74.0,1.0,73.0,KR_minus_GR,138.19691259996034,2026-03-14T04:44:09Z,2026-03-14T04:46:27Z,results/raw/uniform_vs_heterogeneous_fixed_geometry_beta20_v2_seed_03/uniform_vs_heterogeneous_fixed_geometry_beta20_v2_seed_sweep_seed_03_3141592653/resolved_config.yaml,
1.0,uniform_vs_heterogeneous_fixed_geometry_beta20_v2_seed_03,uniform_vs_heterogeneous_fixed_geometry_beta20_v2_seed_sweep_seed_03_3141592653,heterogeneous_trial_0079,heterogeneous,candidate,79,heterogeneous_fixed_repeated_eval_study,78,completed,,,1234,739349512,1657496065,552080929,2995839232,20.0,0.2,0.05,0.01,100,distributional_beta,random,5,3.0,equal,3.1395530354313492,72.0,1.0,71.0,KR_minus_GR,137.40485769999214,2026-03-14T04:46:27Z,2026-03-14T04:48:45Z,results/raw/uniform_vs_heterogeneous_fixed_geometry_beta20_v2_seed_03/uniform_vs_heterogeneous_fixed_geometry_beta20_v2_seed_sweep_seed_03_3141592653/resolved_config.yaml,
1.0,uniform_vs_heterogeneous_fixed_geometry_beta20_v2_seed_03,uniform_vs_heterogeneous_fixed_geometry_beta20_v2_seed_sweep_seed_03_3141592653,heterogeneous_trial_0080,heterogeneous,candidate,80,heterogeneous_fixed_repeated_eval_study,79,completed,,,1234,1323919646,3332646679,2403702811,390301169,20.0,0.2,0.05,0.01,100,distributional_beta,random,5,3.0,equal,4.180496291066062,64.0,1.0,63.0,KR_minus_GR,138.01642040000297,2026-03-14T04:48:45Z,2026-03-14T04:51:03Z,results/raw/uniform_vs_heterogeneous_fixed_geometry_beta20_v2_seed_03/uniform_vs_heterogeneous_fixed_geometry_beta20_v2_seed_sweep_seed_03_3141592653/resolved_config.yaml,
1.0,uniform_vs_heterogeneous_fixed_geometry_beta20_v2_seed_03,uniform_vs_heterogeneous_fixed_geometry_beta20_v2_seed_sweep_seed_03_3141592653,heterogeneous_trial_0081,heterogeneous,candidate,81,heterogeneous_fixed_repeated_eval_study,80,completed,,,1234,3194878246,237065149,1694502857,2305587606,20.0,0.2,0.05,0.01,100,distributional_beta,random,5,3.0,equal,3.8662941264351662,61.0,1.0,60.0,KR_minus_GR,137.98372499994002,2026-03-14T04:51:03Z,2026-03-14T04:53:21Z,results/raw/uniform_vs_heterogeneous_fixed_geometry_beta20_v2_seed_03/uniform_vs_heterogeneous_fixed_geometry_beta20_v2_seed_sweep_seed_03_3141592653/resolved_config.yaml,
1.0,uniform_vs_heterogeneous_fixed_geometry_beta20_v2_seed_03,uniform_vs_heterogeneous_fixed_geometry_beta20_v2_seed_sweep_seed_03_3141592653,heterogeneous_trial_0082,heterogeneous,candidate,82,heterogeneous_fixed_repeated_eval_study,81,completed,,,1234,1980447107,2494224283,1230896977,2166170423,20.0,0.2,0.05,0.01,100,distributional_beta,random,5,3.0,equal,3.432972635972422,73.0,1.0,72.0,KR_minus_GR,138.2510510000866,2026-03-14T04:53:21Z,2026-03-14T04:55:39Z,results/raw/uniform_vs_heterogeneous_fixed_geometry_beta20_v2_seed_03/uniform_vs_heterogeneous_fixed_geometry_beta20_v2_seed_sweep_seed_03_3141592653/resolved_config.yaml,
1.0,uniform_vs_heterogeneous_fixed_geometry_beta20_v2_seed_03,uniform_vs_heterogeneous_fixed_geometry_beta20_v2_seed_sweep_seed_03_3141592653,heterogeneous_trial_0083,heterogeneous,candidate,83,heterogeneous_fixed_repeated_eval_study,82,completed,,,1234,2812225581,3695467298,2724195123,1457605280,20.0,0.2,0.05,0.01,100,distributional_beta,random,5,3.0,equal,3.826674602010328,78.0,1.0,77.0,KR_minus_GR,137.8007215000689,2026-03-14T04:55:39Z,2026-03-14T04:57:57Z,results/raw/uniform_vs_heterogeneous_fixed_geometry_beta20_v2_seed_03/uniform_vs_heterogeneous_fixed_geometry_beta20_v2_seed_sweep_seed_03_3141592653/resolved_config.yaml,
1.0,uniform_vs_heterogeneous_fixed_geometry_beta20_v2_seed_03,uniform_vs_heterogeneous_fixed_geometry_beta20_v2_seed_sweep_seed_03_3141592653,heterogeneous_trial_0084,heterogeneous,candidate,84,heterogeneous_fixed_repeated_eval_study,83,completed,,,1234,4078116839,3866088774,2385791191,344120996,20.0,0.2,0.05,0.01,100,distributional_beta,random,5,3.0,equal,3.4644513051982755,75.0,1.0,74.0,KR_minus_GR,137.43981569982134,2026-03-14T04:57:57Z,2026-03-14T05:00:14Z,results/raw/uniform_vs_heterogeneous_fixed_geometry_beta20_v2_seed_03/uniform_vs_heterogeneous_fixed_geometry_beta20_v2_seed_sweep_seed_03_3141592653/resolved_config.yaml,
1.0,uniform_vs_heterogeneous_fixed_geometry_beta20_v2_seed_03,uniform_vs_heterogeneous_fixed_geometry_beta20_v2_seed_sweep_seed_03_3141592653,heterogeneous_trial_0085,heterogeneous,candidate,85,heterogeneous_fixed_repeated_eval_study,84,completed,,,1234,360791998,3759787954,2366511329,983022645,20.0,0.2,0.05,0.01,100,distributional_beta,random,5,3.0,equal,3.243728301922256,75.0,1.0,74.0,KR_minus_GR,138.26890600007027,2026-03-14T05:00:14Z,2026-03-14T05:02:32Z,results/raw/uniform_vs_heterogeneous_fixed_geometry_beta20_v2_seed_03/uniform_vs_heterogeneous_fixed_geometry_beta20_v2_seed_sweep_seed_03_3141592653/resolved_config.yaml,
1.0,uniform_vs_heterogeneous_fixed_geometry_beta20_v2_seed_03,uniform_vs_heterogeneous_fixed_geometry_beta20_v2_seed_sweep_seed_03_3141592653,heterogeneous_trial_0086,heterogeneous,candidate,86,heterogeneous_fixed_repeated_eval_study,85,completed,,,1234,2835264557,2730710268,3650938485,3527729869,20.0,0.2,0.05,0.01,100,distributional_beta,random,5,3.0,equal,3.707813409778837,64.0,1.0,63.0,KR_minus_GR,138.6489647999406,2026-03-14T05:02:32Z,2026-03-14T05:04:51Z,results/raw/uniform_vs_heterogeneous_fixed_geometry_beta20_v2_seed_03/uniform_vs_heterogeneous_fixed_geometry_beta20_v2_seed_sweep_seed_03_3141592653/resolved_config.yaml,
1.0,uniform_vs_heterogeneous_fixed_geometry_beta20_v2_seed_03,uniform_vs_heterogeneous_fixed_geometry_beta20_v2_seed_sweep_seed_03_3141592653,heterogeneous_trial_0087,heterogeneous,candidate,87,heterogeneous_fixed_repeated_eval_study,86,completed,,,1234,3600459750,1457513753,2730766268,3902545392,20.0,0.2,0.05,0.01,100,distributional_beta,random,5,3.0,equal,3.2496359748371426,77.0,1.0,76.0,KR_minus_GR,138.10617389995605,2026-03-14T05:04:51Z,2026-03-14T05:07:09Z,results/raw/uniform_vs_heterogeneous_fixed_geometry_beta20_v2_seed_03/uniform_vs_heterogeneous_fixed_geometry_beta20_v2_seed_sweep_seed_03_3141592653/resolved_config.yaml,
1.0,uniform_vs_heterogeneous_fixed_geometry_beta20_v2_seed_03,uniform_vs_heterogeneous_fixed_geometry_beta20_v2_seed_sweep_seed_03_3141592653,heterogeneous_trial_0088,heterogeneous,candidate,88,heterogeneous_fixed_repeated_eval_study,87,completed,,,1234,1640686540,3482870705,371467778,2791047886,20.0,0.2,0.05,0.01,100,distributional_beta,random,5,3.0,equal,4.2627919264156775,75.0,1.0,74.0,KR_minus_GR,138.28183819982223,2026-03-14T05:07:09Z,2026-03-14T05:09:27Z,results/raw/uniform_vs_heterogeneous_fixed_geometry_beta20_v2_seed_03/uniform_vs_heterogeneous_fixed_geometry_beta20_v2_seed_sweep_seed_03_3141592653/resolved_config.yaml,
1.0,uniform_vs_heterogeneous_fixed_geometry_beta20_v2_seed_03,uniform_vs_heterogeneous_fixed_geometry_beta20_v2_seed_sweep_seed_03_3141592653,heterogeneous_trial_0089,heterogeneous,candidate,89,heterogeneous_fixed_repeated_eval_study,88,completed,,,1234,1352206775,1373754043,1070700840,2962668715,20.0,0.2,0.05,0.01,100,distributional_beta,random,5,3.0,equal,3.464362590581156,77.0,1.0,76.0,KR_minus_GR,138.81423889985308,2026-03-14T05:09:27Z,2026-03-14T05:11:46Z,results/raw/uniform_vs_heterogeneous_fixed_geometry_beta20_v2_seed_03/uniform_vs_heterogeneous_fixed_geometry_beta20_v2_seed_sweep_seed_03_3141592653/resolved_config.yaml,
1.0,uniform_vs_heterogeneous_fixed_geometry_beta20_v2_seed_03,uniform_vs_heterogeneous_fixed_geometry_beta20_v2_seed_sweep_seed_03_3141592653,heterogeneous_trial_0090,heterogeneous,candidate,90,heterogeneous_fixed_repeated_eval_study,89,completed,,,1234,914693185,2005729848,3915452197,1785167368,20.0,0.2,0.05,0.01,100,distributional_beta,random,5,3.0,equal,3.4310621803804633,69.0,1.0,68.0,KR_minus_GR,137.759360200027,2026-03-14T05:11:46Z,2026-03-14T05:14:04Z,results/raw/uniform_vs_heterogeneous_fixed_geometry_beta20_v2_seed_03/uniform_vs_heterogeneous_fixed_geometry_beta20_v2_seed_sweep_seed_03_3141592653/resolved_config.yaml,
1.0,uniform_vs_heterogeneous_fixed_geometry_beta20_v2_seed_03,uniform_vs_heterogeneous_fixed_geometry_beta20_v2_seed_sweep_seed_03_3141592653,heterogeneous_trial_0091,heterogeneous,candidate,91,heterogeneous_fixed_repeated_eval_study,90,completed,,,1234,2835750687,3335461984,2390238070,1775676291,20.0,0.2,0.05,0.01,100,distributional_beta,random,5,3.0,equal,3.2690859698432257,72.0,1.0,71.0,KR_minus_GR,138.44309319998138,2026-03-14T05:14:04Z,2026-03-14T05:16:22Z,results/raw/uniform_vs_heterogeneous_fixed_geometry_beta20_v2_seed_03/uniform_vs_heterogeneous_fixed_geometry_beta20_v2_seed_sweep_seed_03_3141592653/resolved_config.yaml,
1.0,uniform_vs_heterogeneous_fixed_geometry_beta20_v2_seed_03,uniform_vs_heterogeneous_fixed_geometry_beta20_v2_seed_sweep_seed_03_3141592653,heterogeneous_trial_0092,heterogeneous,candidate,92,heterogeneous_fixed_repeated_eval_study,91,completed,,,1234,1581587163,3192496834,1238717762,3291872438,20.0,0.2,0.05,0.01,100,distributional_beta,random,5,3.0,equal,3.8378872055723416,73.0,1.0,72.0,KR_minus_GR,137.99405970005319,2026-03-14T05:16:22Z,2026-03-14T05:18:40Z,results/raw/uniform_vs_heterogeneous_fixed_geometry_beta20_v2_seed_03/uniform_vs_heterogeneous_fixed_geometry_beta20_v2_seed_sweep_seed_03_3141592653/resolved_config.yaml,
1.0,uniform_vs_heterogeneous_fixed_geometry_beta20_v2_seed_03,uniform_vs_heterogeneous_fixed_geometry_beta20_v2_seed_sweep_seed_03_3141592653,heterogeneous_trial_0093,heterogeneous,candidate,93,heterogeneous_fixed_repeated_eval_study,92,completed,,,1234,1895244887,1831987477,3273327923,576137233,20.0,0.2,0.05,0.01,100,distributional_beta,random,5,3.0,equal,4.052981393810821,63.0,1.0,62.0,KR_minus_GR,139.15240840008482,2026-03-14T05:18:40Z,2026-03-14T05:21:00Z,results/raw/uniform_vs_heterogeneous_fixed_geometry_beta20_v2_seed_03/uniform_vs_heterogeneous_fixed_geometry_beta20_v2_seed_sweep_seed_03_3141592653/resolved_config.yaml,
1.0,uniform_vs_heterogeneous_fixed_geometry_beta20_v2_seed_03,uniform_vs_heterogeneous_fixed_geometry_beta20_v2_seed_sweep_seed_03_3141592653,heterogeneous_trial_0094,heterogeneous,candidate,94,heterogeneous_fixed_repeated_eval_study,93,completed,,,1234,3214643057,413097942,1713521914,3067444667,20.0,0.2,0.05,0.01,100,distributional_beta,random,5,3.0,equal,3.643546406671623,73.0,1.0,72.0,KR_minus_GR,137.5148836998269,2026-03-14T05:21:00Z,2026-03-14T05:23:17Z,results/raw/uniform_vs_heterogeneous_fixed_geometry_beta20_v2_seed_03/uniform_vs_heterogeneous_fixed_geometry_beta20_v2_seed_sweep_seed_03_3141592653/resolved_config.yaml,
1.0,uniform_vs_heterogeneous_fixed_geometry_beta20_v2_seed_03,uniform_vs_heterogeneous_fixed_geometry_beta20_v2_seed_sweep_seed_03_3141592653,heterogeneous_trial_0095,heterogeneous,candidate,95,heterogeneous_fixed_repeated_eval_study,94,completed,,,1234,754826404,3914237952,609773082,1829373611,20.0,0.2,0.05,0.01,100,distributional_beta,random,5,3.0,equal,4.357374717884905,67.0,1.0,66.0,KR_minus_GR,138.31295439996757,2026-03-14T05:23:17Z,2026-03-14T05:25:35Z,results/raw/uniform_vs_heterogeneous_fixed_geometry_beta20_v2_seed_03/uniform_vs_heterogeneous_fixed_geometry_beta20_v2_seed_sweep_seed_03_3141592653/resolved_config.yaml,
1.0,uniform_vs_heterogeneous_fixed_geometry_beta20_v2_seed_03,uniform_vs_heterogeneous_fixed_geometry_beta20_v2_seed_sweep_seed_03_3141592653,heterogeneous_trial_0096,heterogeneous,candidate,96,heterogeneous_fixed_repeated_eval_study,95,completed,,,1234,2430271523,3620614577,1025835085,1464706777,20.0,0.2,0.05,0.01,100,distributional_beta,random,5,3.0,equal,3.1026345298988485,70.0,1.0,69.0,KR_minus_GR,137.83983289985918,2026-03-14T05:25:35Z,2026-03-14T05:27:53Z,results/raw/uniform_vs_heterogeneous_fixed_geometry_beta20_v2_seed_03/uniform_vs_heterogeneous_fixed_geometry_beta20_v2_seed_sweep_seed_03_3141592653/resolved_config.yaml,
1.0,uniform_vs_heterogeneous_fixed_geometry_beta20_v2_seed_03,uniform_vs_heterogeneous_fixed_geometry_beta20_v2_seed_sweep_seed_03_3141592653,heterogeneous_trial_0097,heterogeneous,candidate,97,heterogeneous_fixed_repeated_eval_study,96,completed,,,1234,3021065059,1451849369,3420119044,117322132,20.0,0.2,0.05,0.01,100,distributional_beta,random,5,3.0,equal,3.860111758625062,72.0,1.0,71.0,KR_minus_GR,137.5627629000228,2026-03-14T05:27:53Z,2026-03-14T05:30:11Z,results/raw/uniform_vs_heterogeneous_fixed_geometry_beta20_v2_seed_03/uniform_vs_heterogeneous_fixed_geometry_beta20_v2_seed_sweep_seed_03_3141592653/resolved_config.yaml,
1.0,uniform_vs_heterogeneous_fixed_geometry_beta20_v2_seed_03,uniform_vs_heterogeneous_fixed_geometry_beta20_v2_seed_sweep_seed_03_3141592653,heterogeneous_trial_0098,heterogeneous,candidate,98,heterogeneous_fixed_repeated_eval_study,97,completed,,,1234,295593669,2531581051,807761131,3990610316,20.0,0.2,0.05,0.01,100,distributional_beta,random,5,3.0,equal,4.158930626622359,73.0,1.0,72.0,KR_minus_GR,137.48019389994442,2026-03-14T05:30:11Z,2026-03-14T05:32:28Z,results/raw/uniform_vs_heterogeneous_fixed_geometry_beta20_v2_seed_03/uniform_vs_heterogeneous_fixed_geometry_beta20_v2_seed_sweep_seed_03_3141592653/resolved_config.yaml,
1.0,uniform_vs_heterogeneous_fixed_geometry_beta20_v2_seed_03,uniform_vs_heterogeneous_fixed_geometry_beta20_v2_seed_sweep_seed_03_3141592653,heterogeneous_trial_0099,heterogeneous,candidate,99,heterogeneous_fixed_repeated_eval_study,98,completed,,,1234,4160665652,36835708,2922188162,3105002498,20.0,0.2,0.05,0.01,100,distributional_beta,random,5,3.0,equal,3.6495263078745537,73.0,1.0,72.0,KR_minus_GR,138.15792130003683,2026-03-14T05:32:28Z,2026-03-14T05:34:46Z,results/raw/uniform_vs_heterogeneous_fixed_geometry_beta20_v2_seed_03/uniform_vs_heterogeneous_fixed_geometry_beta20_v2_seed_sweep_seed_03_3141592653/resolved_config.yaml,
1.0,uniform_vs_heterogeneous_fixed_geometry_beta20_v2_seed_03,uniform_vs_heterogeneous_fixed_geometry_beta20_v2_seed_sweep_seed_03_3141592653,heterogeneous_trial_0100,heterogeneous,candidate,100,heterogeneous_fixed_repeated_eval_study,99,completed,,,1234,2272770299,3291017162,751073784,1206079474,20.0,0.2,0.05,0.01,100,distributional_beta,random,5,3.0,equal,3.372436305001515,67.0,1.0,66.0,KR_minus_GR,137.44394739996642,2026-03-14T05:34:47Z,2026-03-14T05:37:04Z,results/raw/uniform_vs_heterogeneous_fixed_geometry_beta20_v2_seed_03/uniform_vs_heterogeneous_fixed_geometry_beta20_v2_seed_sweep_seed_03_3141592653/resolved_config.yaml,
