study_id,run_id,pair_name,grid_index,x_parameter,x_index,x_value,y_parameter,y_index,y_value,family,family_role,trial_id,status,failure_code,failure_message,nominal_beta_prime,nominal_theta,nominal_gamma,nominal_m0,nominal_n_instances,nominal_beta_spread,applied_beta_prime,applied_theta,applied_gamma,applied_m0,applied_n_instances,applied_beta_spread,Nvirt,geometry_mode,morphology_scheme,morphology_weights_mode,morphology_seed,trial_seed,input_signal_seed,mask_seed,MC,KR,GR,CQ,runtime_seconds,started_at_utc,finished_at_utc
uniform_vs_heterogeneous_regime_mapping_v1_beta_prime__theta,uniform_vs_heterogeneous_regime_mapping_v1_meta_beta_prime__theta,beta_prime__theta,1,beta_prime,1,20.0,theta,1,0.01,uniform,baseline,beta_prime__theta_grid_01_uniform,completed,,,20.0,0.01,0.05,0.01,5,3.0,20.0,0.01,0.05,0.01,,,100,uniform,,,,557384437,4284584593,1099293797,2.2287549306760326,35.0,2.0,33.0,102.63388959993608,2026-03-15T22:11:45Z,2026-03-15T22:13:28Z
uniform_vs_heterogeneous_regime_mapping_v1_beta_prime__theta,uniform_vs_heterogeneous_regime_mapping_v1_meta_beta_prime__theta,beta_prime__theta,1,beta_prime,1,20.0,theta,1,0.01,heterogeneous,candidate,beta_prime__theta_grid_01_heterogeneous,completed,,,20.0,0.01,0.05,0.01,5,3.0,20.0,0.01,0.05,0.01,5,3.0,100,distributional_beta,random,equal,3897761708,557384437,4284584593,1099293797,3.0322433763204577,61.0,3.0,58.0,141.99601790006272,2026-03-15T22:13:28Z,2026-03-15T22:15:50Z
uniform_vs_heterogeneous_regime_mapping_v1_beta_prime__theta,uniform_vs_heterogeneous_regime_mapping_v1_meta_beta_prime__theta,beta_prime__theta,2,beta_prime,1,20.0,theta,2,0.06899999999999999,uniform,baseline,beta_prime__theta_grid_02_uniform,completed,,,20.0,0.06899999999999999,0.05,0.01,5,3.0,20.0,0.06899999999999999,0.05,0.01,,,100,uniform,,,,1420838081,3315515159,3245661404,3.34391361201021,86.0,1.0,85.0,93.7581583999563,2026-03-15T22:15:50Z,2026-03-15T22:17:24Z
uniform_vs_heterogeneous_regime_mapping_v1_beta_prime__theta,uniform_vs_heterogeneous_regime_mapping_v1_meta_beta_prime__theta,beta_prime__theta,2,beta_prime,1,20.0,theta,2,0.06899999999999999,heterogeneous,candidate,beta_prime__theta_grid_02_heterogeneous,completed,,,20.0,0.06899999999999999,0.05,0.01,5,3.0,20.0,0.06899999999999999,0.05,0.01,5,3.0,100,distributional_beta,random,equal,3897761708,1420838081,3315515159,3245661404,3.307026734459433,85.0,2.0,83.0,136.5685900999233,2026-03-15T22:17:24Z,2026-03-15T22:19:40Z
uniform_vs_heterogeneous_regime_mapping_v1_beta_prime__theta,uniform_vs_heterogeneous_regime_mapping_v1_meta_beta_prime__theta,beta_prime__theta,3,beta_prime,1,20.0,theta,3,0.128,uniform,baseline,beta_prime__theta_grid_03_uniform,completed,,,20.0,0.128,0.05,0.01,5,3.0,20.0,0.128,0.05,0.01,,,100,uniform,,,,2877095840,2219982920,2590698115,3.675001914147174,81.0,1.0,80.0,93.54028999991715,2026-03-15T22:19:40Z,2026-03-15T22:21:14Z
uniform_vs_heterogeneous_regime_mapping_v1_beta_prime__theta,uniform_vs_heterogeneous_regime_mapping_v1_meta_beta_prime__theta,beta_prime__theta,3,beta_prime,1,20.0,theta,3,0.128,heterogeneous,candidate,beta_prime__theta_grid_03_heterogeneous,completed,,,20.0,0.128,0.05,0.01,5,3.0,20.0,0.128,0.05,0.01,5,3.0,100,distributional_beta,random,equal,3897761708,2877095840,2219982920,2590698115,3.4967224857327373,70.0,1.0,69.0,136.60770509997383,2026-03-15T22:21:14Z,2026-03-15T22:23:31Z
uniform_vs_heterogeneous_regime_mapping_v1_beta_prime__theta,uniform_vs_heterogeneous_regime_mapping_v1_meta_beta_prime__theta,beta_prime__theta,4,beta_prime,1,20.0,theta,4,0.187,uniform,baseline,beta_prime__theta_grid_04_uniform,completed,,,20.0,0.187,0.05,0.01,5,3.0,20.0,0.187,0.05,0.01,,,100,uniform,,,,3324148202,3070274865,3406246820,3.5886914525312266,86.0,1.0,85.0,93.57938150013797,2026-03-15T22:23:31Z,2026-03-15T22:25:04Z
uniform_vs_heterogeneous_regime_mapping_v1_beta_prime__theta,uniform_vs_heterogeneous_regime_mapping_v1_meta_beta_prime__theta,beta_prime__theta,4,beta_prime,1,20.0,theta,4,0.187,heterogeneous,candidate,beta_prime__theta_grid_04_heterogeneous,completed,,,20.0,0.187,0.05,0.01,5,3.0,20.0,0.187,0.05,0.01,5,3.0,100,distributional_beta,random,equal,3897761708,3324148202,3070274865,3406246820,3.4043951009593454,80.0,1.0,79.0,136.70325889997184,2026-03-15T22:25:04Z,2026-03-15T22:27:21Z
uniform_vs_heterogeneous_regime_mapping_v1_beta_prime__theta,uniform_vs_heterogeneous_regime_mapping_v1_meta_beta_prime__theta,beta_prime__theta,5,beta_prime,1,20.0,theta,5,0.246,uniform,baseline,beta_prime__theta_grid_05_uniform,completed,,,20.0,0.246,0.05,0.01,5,3.0,20.0,0.246,0.05,0.01,,,100,uniform,,,,2730107343,836280899,272808745,3.559882813181484,79.0,1.0,78.0,93.96847430011258,2026-03-15T22:27:21Z,2026-03-15T22:28:55Z
uniform_vs_heterogeneous_regime_mapping_v1_beta_prime__theta,uniform_vs_heterogeneous_regime_mapping_v1_meta_beta_prime__theta,beta_prime__theta,5,beta_prime,1,20.0,theta,5,0.246,heterogeneous,candidate,beta_prime__theta_grid_05_heterogeneous,completed,,,20.0,0.246,0.05,0.01,5,3.0,20.0,0.246,0.05,0.01,5,3.0,100,distributional_beta,random,equal,3897761708,2730107343,836280899,272808745,3.731305763220028,70.0,1.0,69.0,138.90219529997557,2026-03-15T22:28:55Z,2026-03-15T22:31:14Z
uniform_vs_heterogeneous_regime_mapping_v1_beta_prime__theta,uniform_vs_heterogeneous_regime_mapping_v1_meta_beta_prime__theta,beta_prime__theta,6,beta_prime,1,20.0,theta,6,0.305,uniform,baseline,beta_prime__theta_grid_06_uniform,completed,,,20.0,0.305,0.05,0.01,5,3.0,20.0,0.305,0.05,0.01,,,100,uniform,,,,845667455,3180735762,2366377893,3.1915201596394773,75.0,1.0,74.0,93.76721510011703,2026-03-15T22:31:14Z,2026-03-15T22:32:47Z
uniform_vs_heterogeneous_regime_mapping_v1_beta_prime__theta,uniform_vs_heterogeneous_regime_mapping_v1_meta_beta_prime__theta,beta_prime__theta,6,beta_prime,1,20.0,theta,6,0.305,heterogeneous,candidate,beta_prime__theta_grid_06_heterogeneous,completed,,,20.0,0.305,0.05,0.01,5,3.0,20.0,0.305,0.05,0.01,5,3.0,100,distributional_beta,random,equal,3897761708,845667455,3180735762,2366377893,2.984817543403855,67.0,1.0,66.0,138.54435750003904,2026-03-15T22:32:47Z,2026-03-15T22:35:06Z
uniform_vs_heterogeneous_regime_mapping_v1_beta_prime__theta,uniform_vs_heterogeneous_regime_mapping_v1_meta_beta_prime__theta,beta_prime__theta,7,beta_prime,1,20.0,theta,7,0.364,uniform,baseline,beta_prime__theta_grid_07_uniform,completed,,,20.0,0.364,0.05,0.01,5,3.0,20.0,0.364,0.05,0.01,,,100,uniform,,,,2553641544,1534643511,559736296,3.1490210917700296,79.0,1.0,78.0,93.68575459998101,2026-03-15T22:35:06Z,2026-03-15T22:36:40Z
uniform_vs_heterogeneous_regime_mapping_v1_beta_prime__theta,uniform_vs_heterogeneous_regime_mapping_v1_meta_beta_prime__theta,beta_prime__theta,7,beta_prime,1,20.0,theta,7,0.364,heterogeneous,candidate,beta_prime__theta_grid_07_heterogeneous,completed,,,20.0,0.364,0.05,0.01,5,3.0,20.0,0.364,0.05,0.01,5,3.0,100,distributional_beta,random,equal,3897761708,2553641544,1534643511,559736296,3.0263403247594676,68.0,1.0,67.0,136.54765600012615,2026-03-15T22:36:40Z,2026-03-15T22:38:56Z
uniform_vs_heterogeneous_regime_mapping_v1_beta_prime__theta,uniform_vs_heterogeneous_regime_mapping_v1_meta_beta_prime__theta,beta_prime__theta,8,beta_prime,1,20.0,theta,8,0.423,uniform,baseline,beta_prime__theta_grid_08_uniform,completed,,,20.0,0.423,0.05,0.01,5,3.0,20.0,0.423,0.05,0.01,,,100,uniform,,,,820649975,3784784527,2505475035,3.309863829963952,75.0,1.0,74.0,94.20279090013355,2026-03-15T22:38:56Z,2026-03-15T22:40:30Z
uniform_vs_heterogeneous_regime_mapping_v1_beta_prime__theta,uniform_vs_heterogeneous_regime_mapping_v1_meta_beta_prime__theta,beta_prime__theta,8,beta_prime,1,20.0,theta,8,0.423,heterogeneous,candidate,beta_prime__theta_grid_08_heterogeneous,completed,,,20.0,0.423,0.05,0.01,5,3.0,20.0,0.423,0.05,0.01,5,3.0,100,distributional_beta,random,equal,3897761708,820649975,3784784527,2505475035,2.9959873383082516,62.0,1.0,61.0,137.98178889974952,2026-03-15T22:40:30Z,2026-03-15T22:42:48Z
uniform_vs_heterogeneous_regime_mapping_v1_beta_prime__theta,uniform_vs_heterogeneous_regime_mapping_v1_meta_beta_prime__theta,beta_prime__theta,9,beta_prime,1,20.0,theta,9,0.482,uniform,baseline,beta_prime__theta_grid_09_uniform,completed,,,20.0,0.482,0.05,0.01,5,3.0,20.0,0.482,0.05,0.01,,,100,uniform,,,,2861565625,3653215253,3702444616,3.3633949757686348,76.0,1.0,75.0,93.70813870010898,2026-03-15T22:42:48Z,2026-03-15T22:44:22Z
uniform_vs_heterogeneous_regime_mapping_v1_beta_prime__theta,uniform_vs_heterogeneous_regime_mapping_v1_meta_beta_prime__theta,beta_prime__theta,9,beta_prime,1,20.0,theta,9,0.482,heterogeneous,candidate,beta_prime__theta_grid_09_heterogeneous,completed,,,20.0,0.482,0.05,0.01,5,3.0,20.0,0.482,0.05,0.01,5,3.0,100,distributional_beta,random,equal,3897761708,2861565625,3653215253,3702444616,3.766067883369639,58.0,1.0,57.0,138.1968235997483,2026-03-15T22:44:22Z,2026-03-15T22:46:40Z
uniform_vs_heterogeneous_regime_mapping_v1_beta_prime__theta,uniform_vs_heterogeneous_regime_mapping_v1_meta_beta_prime__theta,beta_prime__theta,10,beta_prime,1,20.0,theta,10,0.5409999999999999,uniform,baseline,beta_prime__theta_grid_10_uniform,completed,,,20.0,0.5409999999999999,0.05,0.01,5,3.0,20.0,0.5409999999999999,0.05,0.01,,,100,uniform,,,,173019452,3335379282,3227370497,2.531479964128508,79.0,1.0,78.0,93.79666579980403,2026-03-15T22:46:40Z,2026-03-15T22:48:14Z
uniform_vs_heterogeneous_regime_mapping_v1_beta_prime__theta,uniform_vs_heterogeneous_regime_mapping_v1_meta_beta_prime__theta,beta_prime__theta,10,beta_prime,1,20.0,theta,10,0.5409999999999999,heterogeneous,candidate,beta_prime__theta_grid_10_heterogeneous,completed,,,20.0,0.5409999999999999,0.05,0.01,5,3.0,20.0,0.5409999999999999,0.05,0.01,5,3.0,100,distributional_beta,random,equal,3897761708,173019452,3335379282,3227370497,2.7562373734114525,65.0,1.0,64.0,137.89388679992408,2026-03-15T22:48:14Z,2026-03-15T22:50:32Z
uniform_vs_heterogeneous_regime_mapping_v1_beta_prime__theta,uniform_vs_heterogeneous_regime_mapping_v1_meta_beta_prime__theta,beta_prime__theta,11,beta_prime,1,20.0,theta,11,0.6,uniform,baseline,beta_prime__theta_grid_11_uniform,completed,,,20.0,0.6,0.05,0.01,5,3.0,20.0,0.6,0.05,0.01,,,100,uniform,,,,3051747814,2938311673,3927796037,3.1587728538405204,75.0,1.0,74.0,94.02193279983476,2026-03-15T22:50:32Z,2026-03-15T22:52:06Z
uniform_vs_heterogeneous_regime_mapping_v1_beta_prime__theta,uniform_vs_heterogeneous_regime_mapping_v1_meta_beta_prime__theta,beta_prime__theta,11,beta_prime,1,20.0,theta,11,0.6,heterogeneous,candidate,beta_prime__theta_grid_11_heterogeneous,completed,,,20.0,0.6,0.05,0.01,5,3.0,20.0,0.6,0.05,0.01,5,3.0,100,distributional_beta,random,equal,3897761708,3051747814,2938311673,3927796037,3.677830721724344,58.0,1.0,57.0,137.72556710010394,2026-03-15T22:52:06Z,2026-03-15T22:54:24Z
uniform_vs_heterogeneous_regime_mapping_v1_beta_prime__theta,uniform_vs_heterogeneous_regime_mapping_v1_meta_beta_prime__theta,beta_prime__theta,12,beta_prime,2,23.0,theta,1,0.01,uniform,baseline,beta_prime__theta_grid_12_uniform,completed,,,23.0,0.01,0.05,0.01,5,3.0,23.0,0.01,0.05,0.01,,,100,uniform,,,,349346877,1491040069,1209011973,2.728882818062052,47.0,2.0,45.0,93.68455510027707,2026-03-15T22:54:24Z,2026-03-15T22:55:57Z
uniform_vs_heterogeneous_regime_mapping_v1_beta_prime__theta,uniform_vs_heterogeneous_regime_mapping_v1_meta_beta_prime__theta,beta_prime__theta,12,beta_prime,2,23.0,theta,1,0.01,heterogeneous,candidate,beta_prime__theta_grid_12_heterogeneous,completed,,,23.0,0.01,0.05,0.01,5,3.0,23.0,0.01,0.05,0.01,5,3.0,100,distributional_beta,random,equal,3897761708,349346877,1491040069,1209011973,3.2963268484658386,67.0,4.0,63.0,136.89075159979984,2026-03-15T22:55:57Z,2026-03-15T22:58:14Z
uniform_vs_heterogeneous_regime_mapping_v1_beta_prime__theta,uniform_vs_heterogeneous_regime_mapping_v1_meta_beta_prime__theta,beta_prime__theta,13,beta_prime,2,23.0,theta,2,0.06899999999999999,uniform,baseline,beta_prime__theta_grid_13_uniform,completed,,,23.0,0.06899999999999999,0.05,0.01,5,3.0,23.0,0.06899999999999999,0.05,0.01,,,100,uniform,,,,3283383610,2237597193,1484433474,3.8636629953308708,81.0,1.0,80.0,93.71202510036528,2026-03-15T22:58:14Z,2026-03-15T22:59:48Z
uniform_vs_heterogeneous_regime_mapping_v1_beta_prime__theta,uniform_vs_heterogeneous_regime_mapping_v1_meta_beta_prime__theta,beta_prime__theta,13,beta_prime,2,23.0,theta,2,0.06899999999999999,heterogeneous,candidate,beta_prime__theta_grid_13_heterogeneous,completed,,,23.0,0.06899999999999999,0.05,0.01,5,3.0,23.0,0.06899999999999999,0.05,0.01,5,3.0,100,distributional_beta,random,equal,3897761708,3283383610,2237597193,1484433474,4.288926985459715,73.0,2.0,71.0,136.97551720030606,2026-03-15T22:59:48Z,2026-03-15T23:02:05Z
uniform_vs_heterogeneous_regime_mapping_v1_beta_prime__theta,uniform_vs_heterogeneous_regime_mapping_v1_meta_beta_prime__theta,beta_prime__theta,14,beta_prime,2,23.0,theta,3,0.128,uniform,baseline,beta_prime__theta_grid_14_uniform,completed,,,23.0,0.128,0.05,0.01,5,3.0,23.0,0.128,0.05,0.01,,,100,uniform,,,,1498703894,3051669214,2246098719,3.852163672501461,85.0,1.0,84.0,93.97705280035734,2026-03-15T23:02:05Z,2026-03-15T23:03:39Z
uniform_vs_heterogeneous_regime_mapping_v1_beta_prime__theta,uniform_vs_heterogeneous_regime_mapping_v1_meta_beta_prime__theta,beta_prime__theta,14,beta_prime,2,23.0,theta,3,0.128,heterogeneous,candidate,beta_prime__theta_grid_14_heterogeneous,completed,,,23.0,0.128,0.05,0.01,5,3.0,23.0,0.128,0.05,0.01,5,3.0,100,distributional_beta,random,equal,3897761708,1498703894,3051669214,2246098719,3.743690634068178,71.0,1.0,70.0,137.50613190000877,2026-03-15T23:03:39Z,2026-03-15T23:05:57Z
uniform_vs_heterogeneous_regime_mapping_v1_beta_prime__theta,uniform_vs_heterogeneous_regime_mapping_v1_meta_beta_prime__theta,beta_prime__theta,15,beta_prime,2,23.0,theta,4,0.187,uniform,baseline,beta_prime__theta_grid_15_uniform,completed,,,23.0,0.187,0.05,0.01,5,3.0,23.0,0.187,0.05,0.01,,,100,uniform,,,,561358417,1089557608,3730222718,3.5310009816334844,82.0,1.0,81.0,93.33292590035126,2026-03-15T23:05:57Z,2026-03-15T23:07:30Z
uniform_vs_heterogeneous_regime_mapping_v1_beta_prime__theta,uniform_vs_heterogeneous_regime_mapping_v1_meta_beta_prime__theta,beta_prime__theta,15,beta_prime,2,23.0,theta,4,0.187,heterogeneous,candidate,beta_prime__theta_grid_15_heterogeneous,completed,,,23.0,0.187,0.05,0.01,5,3.0,23.0,0.187,0.05,0.01,5,3.0,100,distributional_beta,random,equal,3897761708,561358417,1089557608,3730222718,3.3737770165875047,72.0,1.0,71.0,136.68893989967182,2026-03-15T23:07:30Z,2026-03-15T23:09:47Z
uniform_vs_heterogeneous_regime_mapping_v1_beta_prime__theta,uniform_vs_heterogeneous_regime_mapping_v1_meta_beta_prime__theta,beta_prime__theta,16,beta_prime,2,23.0,theta,5,0.246,uniform,baseline,beta_prime__theta_grid_16_uniform,completed,,,23.0,0.246,0.05,0.01,5,3.0,23.0,0.246,0.05,0.01,,,100,uniform,,,,3831752978,140309103,777858740,4.077641124750956,83.0,1.0,82.0,93.15367639996111,2026-03-15T23:09:47Z,2026-03-15T23:11:20Z
uniform_vs_heterogeneous_regime_mapping_v1_beta_prime__theta,uniform_vs_heterogeneous_regime_mapping_v1_meta_beta_prime__theta,beta_prime__theta,16,beta_prime,2,23.0,theta,5,0.246,heterogeneous,candidate,beta_prime__theta_grid_16_heterogeneous,completed,,,23.0,0.246,0.05,0.01,5,3.0,23.0,0.246,0.05,0.01,5,3.0,100,distributional_beta,random,equal,3897761708,3831752978,140309103,777858740,3.95738950675406,73.0,3.0,70.0,138.931841800455,2026-03-15T23:11:20Z,2026-03-15T23:13:39Z
uniform_vs_heterogeneous_regime_mapping_v1_beta_prime__theta,uniform_vs_heterogeneous_regime_mapping_v1_meta_beta_prime__theta,beta_prime__theta,17,beta_prime,2,23.0,theta,6,0.305,uniform,baseline,beta_prime__theta_grid_17_uniform,completed,,,23.0,0.305,0.05,0.01,5,3.0,23.0,0.305,0.05,0.01,,,100,uniform,,,,2310362745,1172260544,2315437138,4.176251604608978,75.0,1.0,74.0,93.1149631999433,2026-03-15T23:13:39Z,2026-03-15T23:15:12Z
uniform_vs_heterogeneous_regime_mapping_v1_beta_prime__theta,uniform_vs_heterogeneous_regime_mapping_v1_meta_beta_prime__theta,beta_prime__theta,17,beta_prime,2,23.0,theta,6,0.305,heterogeneous,candidate,beta_prime__theta_grid_17_heterogeneous,completed,,,23.0,0.305,0.05,0.01,5,3.0,23.0,0.305,0.05,0.01,5,3.0,100,distributional_beta,random,equal,3897761708,2310362745,1172260544,2315437138,3.9856389728844674,65.0,1.0,64.0,136.813988099806,2026-03-15T23:15:12Z,2026-03-15T23:17:29Z
uniform_vs_heterogeneous_regime_mapping_v1_beta_prime__theta,uniform_vs_heterogeneous_regime_mapping_v1_meta_beta_prime__theta,beta_prime__theta,18,beta_prime,2,23.0,theta,7,0.364,uniform,baseline,beta_prime__theta_grid_18_uniform,completed,,,23.0,0.364,0.05,0.01,5,3.0,23.0,0.364,0.05,0.01,,,100,uniform,,,,3334406920,2891657080,2180530600,5.221610907779031,79.0,1.0,78.0,93.33682740014046,2026-03-15T23:17:29Z,2026-03-15T23:19:02Z
uniform_vs_heterogeneous_regime_mapping_v1_beta_prime__theta,uniform_vs_heterogeneous_regime_mapping_v1_meta_beta_prime__theta,beta_prime__theta,18,beta_prime,2,23.0,theta,7,0.364,heterogeneous,candidate,beta_prime__theta_grid_18_heterogeneous,completed,,,23.0,0.364,0.05,0.01,5,3.0,23.0,0.364,0.05,0.01,5,3.0,100,distributional_beta,random,equal,3897761708,3334406920,2891657080,2180530600,5.091204100415748,65.0,1.0,64.0,136.64904180029407,2026-03-15T23:19:02Z,2026-03-15T23:21:19Z
uniform_vs_heterogeneous_regime_mapping_v1_beta_prime__theta,uniform_vs_heterogeneous_regime_mapping_v1_meta_beta_prime__theta,beta_prime__theta,19,beta_prime,2,23.0,theta,8,0.423,uniform,baseline,beta_prime__theta_grid_19_uniform,completed,,,23.0,0.423,0.05,0.01,5,3.0,23.0,0.423,0.05,0.01,,,100,uniform,,,,1949921660,2190979501,2296498402,3.230060141721021,77.0,1.0,76.0,93.10976539971307,2026-03-15T23:21:19Z,2026-03-15T23:22:52Z
uniform_vs_heterogeneous_regime_mapping_v1_beta_prime__theta,uniform_vs_heterogeneous_regime_mapping_v1_meta_beta_prime__theta,beta_prime__theta,19,beta_prime,2,23.0,theta,8,0.423,heterogeneous,candidate,beta_prime__theta_grid_19_heterogeneous,completed,,,23.0,0.423,0.05,0.01,5,3.0,23.0,0.423,0.05,0.01,5,3.0,100,distributional_beta,random,equal,3897761708,1949921660,2190979501,2296498402,3.1983520636262255,64.0,1.0,63.0,136.92233329964802,2026-03-15T23:22:52Z,2026-03-15T23:25:09Z
uniform_vs_heterogeneous_regime_mapping_v1_beta_prime__theta,uniform_vs_heterogeneous_regime_mapping_v1_meta_beta_prime__theta,beta_prime__theta,20,beta_prime,2,23.0,theta,9,0.482,uniform,baseline,beta_prime__theta_grid_20_uniform,completed,,,23.0,0.482,0.05,0.01,5,3.0,23.0,0.482,0.05,0.01,,,100,uniform,,,,1240878390,2757162680,1024490212,2.877944757641374,79.0,1.0,78.0,93.64650129992515,2026-03-15T23:25:09Z,2026-03-15T23:26:42Z
uniform_vs_heterogeneous_regime_mapping_v1_beta_prime__theta,uniform_vs_heterogeneous_regime_mapping_v1_meta_beta_prime__theta,beta_prime__theta,20,beta_prime,2,23.0,theta,9,0.482,heterogeneous,candidate,beta_prime__theta_grid_20_heterogeneous,completed,,,23.0,0.482,0.05,0.01,5,3.0,23.0,0.482,0.05,0.01,5,3.0,100,distributional_beta,random,equal,3897761708,1240878390,2757162680,1024490212,3.599409988611913,67.0,2.0,65.0,136.48136720014736,2026-03-15T23:26:42Z,2026-03-15T23:28:59Z
uniform_vs_heterogeneous_regime_mapping_v1_beta_prime__theta,uniform_vs_heterogeneous_regime_mapping_v1_meta_beta_prime__theta,beta_prime__theta,21,beta_prime,2,23.0,theta,10,0.5409999999999999,uniform,baseline,beta_prime__theta_grid_21_uniform,completed,,,23.0,0.5409999999999999,0.05,0.01,5,3.0,23.0,0.5409999999999999,0.05,0.01,,,100,uniform,,,,1443379480,235820628,1331743193,3.4276853654225654,71.0,1.0,70.0,93.08098379988223,2026-03-15T23:28:59Z,2026-03-15T23:30:32Z
uniform_vs_heterogeneous_regime_mapping_v1_beta_prime__theta,uniform_vs_heterogeneous_regime_mapping_v1_meta_beta_prime__theta,beta_prime__theta,21,beta_prime,2,23.0,theta,10,0.5409999999999999,heterogeneous,candidate,beta_prime__theta_grid_21_heterogeneous,completed,,,23.0,0.5409999999999999,0.05,0.01,5,3.0,23.0,0.5409999999999999,0.05,0.01,5,3.0,100,distributional_beta,random,equal,3897761708,1443379480,235820628,1331743193,3.7147771492507506,61.0,1.0,60.0,137.33357920031995,2026-03-15T23:30:32Z,2026-03-15T23:32:49Z
uniform_vs_heterogeneous_regime_mapping_v1_beta_prime__theta,uniform_vs_heterogeneous_regime_mapping_v1_meta_beta_prime__theta,beta_prime__theta,22,beta_prime,2,23.0,theta,11,0.6,uniform,baseline,beta_prime__theta_grid_22_uniform,completed,,,23.0,0.6,0.05,0.01,5,3.0,23.0,0.6,0.05,0.01,,,100,uniform,,,,2612121780,1195119090,3369815799,3.508307375425975,75.0,1.0,74.0,93.3596982001327,2026-03-15T23:32:49Z,2026-03-15T23:34:23Z
uniform_vs_heterogeneous_regime_mapping_v1_beta_prime__theta,uniform_vs_heterogeneous_regime_mapping_v1_meta_beta_prime__theta,beta_prime__theta,22,beta_prime,2,23.0,theta,11,0.6,heterogeneous,candidate,beta_prime__theta_grid_22_heterogeneous,completed,,,23.0,0.6,0.05,0.01,5,3.0,23.0,0.6,0.05,0.01,5,3.0,100,distributional_beta,random,equal,3897761708,2612121780,1195119090,3369815799,3.6171110447739503,55.0,1.0,54.0,137.03787870006636,2026-03-15T23:34:23Z,2026-03-15T23:36:40Z
uniform_vs_heterogeneous_regime_mapping_v1_beta_prime__theta,uniform_vs_heterogeneous_regime_mapping_v1_meta_beta_prime__theta,beta_prime__theta,23,beta_prime,3,26.0,theta,1,0.01,uniform,baseline,beta_prime__theta_grid_23_uniform,completed,,,26.0,0.01,0.05,0.01,5,3.0,26.0,0.01,0.05,0.01,,,100,uniform,,,,491212468,639730780,2426936498,2.5777948349031035,43.0,11.0,32.0,93.2811565999873,2026-03-15T23:36:40Z,2026-03-15T23:38:13Z
uniform_vs_heterogeneous_regime_mapping_v1_beta_prime__theta,uniform_vs_heterogeneous_regime_mapping_v1_meta_beta_prime__theta,beta_prime__theta,23,beta_prime,3,26.0,theta,1,0.01,heterogeneous,candidate,beta_prime__theta_grid_23_heterogeneous,completed,,,26.0,0.01,0.05,0.01,5,3.0,26.0,0.01,0.05,0.01,5,3.0,100,distributional_beta,random,equal,3897761708,491212468,639730780,2426936498,2.6343670159053083,62.0,4.0,58.0,136.46463260008022,2026-03-15T23:38:13Z,2026-03-15T23:40:29Z
uniform_vs_heterogeneous_regime_mapping_v1_beta_prime__theta,uniform_vs_heterogeneous_regime_mapping_v1_meta_beta_prime__theta,beta_prime__theta,24,beta_prime,3,26.0,theta,2,0.06899999999999999,uniform,baseline,beta_prime__theta_grid_24_uniform,completed,,,26.0,0.06899999999999999,0.05,0.01,5,3.0,26.0,0.06899999999999999,0.05,0.01,,,100,uniform,,,,2936744238,1954826618,216515674,3.9191052740949655,83.0,2.0,81.0,93.19712350005284,2026-03-15T23:40:29Z,2026-03-15T23:42:03Z
uniform_vs_heterogeneous_regime_mapping_v1_beta_prime__theta,uniform_vs_heterogeneous_regime_mapping_v1_meta_beta_prime__theta,beta_prime__theta,24,beta_prime,3,26.0,theta,2,0.06899999999999999,heterogeneous,candidate,beta_prime__theta_grid_24_heterogeneous,completed,,,26.0,0.06899999999999999,0.05,0.01,5,3.0,26.0,0.06899999999999999,0.05,0.01,5,3.0,100,distributional_beta,random,equal,3897761708,2936744238,1954826618,216515674,4.031754933886202,80.0,6.0,74.0,136.85328099969774,2026-03-15T23:42:03Z,2026-03-15T23:44:19Z
uniform_vs_heterogeneous_regime_mapping_v1_beta_prime__theta,uniform_vs_heterogeneous_regime_mapping_v1_meta_beta_prime__theta,beta_prime__theta,25,beta_prime,3,26.0,theta,3,0.128,uniform,baseline,beta_prime__theta_grid_25_uniform,completed,,,26.0,0.128,0.05,0.01,5,3.0,26.0,0.128,0.05,0.01,,,100,uniform,,,,998925781,858011228,1665825923,4.581308228205479,80.0,2.0,78.0,93.25853860005736,2026-03-15T23:44:19Z,2026-03-15T23:45:53Z
uniform_vs_heterogeneous_regime_mapping_v1_beta_prime__theta,uniform_vs_heterogeneous_regime_mapping_v1_meta_beta_prime__theta,beta_prime__theta,25,beta_prime,3,26.0,theta,3,0.128,heterogeneous,candidate,beta_prime__theta_grid_25_heterogeneous,completed,,,26.0,0.128,0.05,0.01,5,3.0,26.0,0.128,0.05,0.01,5,3.0,100,distributional_beta,random,equal,3897761708,998925781,858011228,1665825923,4.428149592879687,67.0,2.0,65.0,138.1095767999068,2026-03-15T23:45:53Z,2026-03-15T23:48:11Z
uniform_vs_heterogeneous_regime_mapping_v1_beta_prime__theta,uniform_vs_heterogeneous_regime_mapping_v1_meta_beta_prime__theta,beta_prime__theta,26,beta_prime,3,26.0,theta,4,0.187,uniform,baseline,beta_prime__theta_grid_26_uniform,completed,,,26.0,0.187,0.05,0.01,5,3.0,26.0,0.187,0.05,0.01,,,100,uniform,,,,3341645679,457886829,3538871409,4.303275223656909,81.0,1.0,80.0,93.28264589980245,2026-03-15T23:48:11Z,2026-03-15T23:49:44Z
uniform_vs_heterogeneous_regime_mapping_v1_beta_prime__theta,uniform_vs_heterogeneous_regime_mapping_v1_meta_beta_prime__theta,beta_prime__theta,26,beta_prime,3,26.0,theta,4,0.187,heterogeneous,candidate,beta_prime__theta_grid_26_heterogeneous,completed,,,26.0,0.187,0.05,0.01,5,3.0,26.0,0.187,0.05,0.01,5,3.0,100,distributional_beta,random,equal,3897761708,3341645679,457886829,3538871409,4.31931265729147,68.0,2.0,66.0,136.98962550004944,2026-03-15T23:49:44Z,2026-03-15T23:52:01Z
uniform_vs_heterogeneous_regime_mapping_v1_beta_prime__theta,uniform_vs_heterogeneous_regime_mapping_v1_meta_beta_prime__theta,beta_prime__theta,27,beta_prime,3,26.0,theta,5,0.246,uniform,baseline,beta_prime__theta_grid_27_uniform,completed,,,26.0,0.246,0.05,0.01,5,3.0,26.0,0.246,0.05,0.01,,,100,uniform,,,,3770675915,2370894938,3298362815,4.571731729065359,85.0,2.0,83.0,93.91006699996069,2026-03-15T23:52:01Z,2026-03-15T23:53:35Z
uniform_vs_heterogeneous_regime_mapping_v1_beta_prime__theta,uniform_vs_heterogeneous_regime_mapping_v1_meta_beta_prime__theta,beta_prime__theta,27,beta_prime,3,26.0,theta,5,0.246,heterogeneous,candidate,beta_prime__theta_grid_27_heterogeneous,completed,,,26.0,0.246,0.05,0.01,5,3.0,26.0,0.246,0.05,0.01,5,3.0,100,distributional_beta,random,equal,3897761708,3770675915,2370894938,3298362815,4.668532864497449,77.0,3.0,74.0,136.9433520003222,2026-03-15T23:53:35Z,2026-03-15T23:55:52Z
uniform_vs_heterogeneous_regime_mapping_v1_beta_prime__theta,uniform_vs_heterogeneous_regime_mapping_v1_meta_beta_prime__theta,beta_prime__theta,28,beta_prime,3,26.0,theta,6,0.305,uniform,baseline,beta_prime__theta_grid_28_uniform,completed,,,26.0,0.305,0.05,0.01,5,3.0,26.0,0.305,0.05,0.01,,,100,uniform,,,,941057151,1608557929,2356006179,4.639190402422138,80.0,2.0,78.0,93.24933329969645,2026-03-15T23:55:52Z,2026-03-15T23:57:25Z
uniform_vs_heterogeneous_regime_mapping_v1_beta_prime__theta,uniform_vs_heterogeneous_regime_mapping_v1_meta_beta_prime__theta,beta_prime__theta,28,beta_prime,3,26.0,theta,6,0.305,heterogeneous,candidate,beta_prime__theta_grid_28_heterogeneous,completed,,,26.0,0.305,0.05,0.01,5,3.0,26.0,0.305,0.05,0.01,5,3.0,100,distributional_beta,random,equal,3897761708,941057151,1608557929,2356006179,4.582451149935935,65.0,2.0,63.0,137.2961978004314,2026-03-15T23:57:25Z,2026-03-15T23:59:42Z
uniform_vs_heterogeneous_regime_mapping_v1_beta_prime__theta,uniform_vs_heterogeneous_regime_mapping_v1_meta_beta_prime__theta,beta_prime__theta,29,beta_prime,3,26.0,theta,7,0.364,uniform,baseline,beta_prime__theta_grid_29_uniform,completed,,,26.0,0.364,0.05,0.01,5,3.0,26.0,0.364,0.05,0.01,,,100,uniform,,,,2215109747,1487910696,1914032874,3.6094962497019596,76.0,2.0,74.0,93.43423900008202,2026-03-15T23:59:42Z,2026-03-16T00:01:16Z
uniform_vs_heterogeneous_regime_mapping_v1_beta_prime__theta,uniform_vs_heterogeneous_regime_mapping_v1_meta_beta_prime__theta,beta_prime__theta,29,beta_prime,3,26.0,theta,7,0.364,heterogeneous,candidate,beta_prime__theta_grid_29_heterogeneous,completed,,,26.0,0.364,0.05,0.01,5,3.0,26.0,0.364,0.05,0.01,5,3.0,100,distributional_beta,random,equal,3897761708,2215109747,1487910696,1914032874,3.3541092916315787,60.0,1.0,59.0,137.08456750027835,2026-03-16T00:01:16Z,2026-03-16T00:03:33Z
uniform_vs_heterogeneous_regime_mapping_v1_beta_prime__theta,uniform_vs_heterogeneous_regime_mapping_v1_meta_beta_prime__theta,beta_prime__theta,30,beta_prime,3,26.0,theta,8,0.423,uniform,baseline,beta_prime__theta_grid_30_uniform,completed,,,26.0,0.423,0.05,0.01,5,3.0,26.0,0.423,0.05,0.01,,,100,uniform,,,,2416810949,3200246158,4282125702,3.692591689455108,79.0,2.0,77.0,93.17325860029086,2026-03-16T00:03:33Z,2026-03-16T00:05:06Z
uniform_vs_heterogeneous_regime_mapping_v1_beta_prime__theta,uniform_vs_heterogeneous_regime_mapping_v1_meta_beta_prime__theta,beta_prime__theta,30,beta_prime,3,26.0,theta,8,0.423,heterogeneous,candidate,beta_prime__theta_grid_30_heterogeneous,completed,,,26.0,0.423,0.05,0.01,5,3.0,26.0,0.423,0.05,0.01,5,3.0,100,distributional_beta,random,equal,3897761708,2416810949,3200246158,4282125702,4.182825102704336,65.0,2.0,63.0,137.47774600004777,2026-03-16T00:05:06Z,2026-03-16T00:07:24Z
uniform_vs_heterogeneous_regime_mapping_v1_beta_prime__theta,uniform_vs_heterogeneous_regime_mapping_v1_meta_beta_prime__theta,beta_prime__theta,31,beta_prime,3,26.0,theta,9,0.482,uniform,baseline,beta_prime__theta_grid_31_uniform,completed,,,26.0,0.482,0.05,0.01,5,3.0,26.0,0.482,0.05,0.01,,,100,uniform,,,,558317995,3659360184,941084673,3.9896285944216556,74.0,2.0,72.0,93.293210899923,2026-03-16T00:07:24Z,2026-03-16T00:08:57Z
uniform_vs_heterogeneous_regime_mapping_v1_beta_prime__theta,uniform_vs_heterogeneous_regime_mapping_v1_meta_beta_prime__theta,beta_prime__theta,31,beta_prime,3,26.0,theta,9,0.482,heterogeneous,candidate,beta_prime__theta_grid_31_heterogeneous,completed,,,26.0,0.482,0.05,0.01,5,3.0,26.0,0.482,0.05,0.01,5,3.0,100,distributional_beta,random,equal,3897761708,558317995,3659360184,941084673,4.819864597585811,56.0,2.0,54.0,137.4054330997169,2026-03-16T00:08:57Z,2026-03-16T00:11:14Z
uniform_vs_heterogeneous_regime_mapping_v1_beta_prime__theta,uniform_vs_heterogeneous_regime_mapping_v1_meta_beta_prime__theta,beta_prime__theta,32,beta_prime,3,26.0,theta,10,0.5409999999999999,uniform,baseline,beta_prime__theta_grid_32_uniform,completed,,,26.0,0.5409999999999999,0.05,0.01,5,3.0,26.0,0.5409999999999999,0.05,0.01,,,100,uniform,,,,2229074049,1163828947,2400508265,3.8414326334006117,73.0,2.0,71.0,93.3153011999093,2026-03-16T00:11:14Z,2026-03-16T00:12:48Z
uniform_vs_heterogeneous_regime_mapping_v1_beta_prime__theta,uniform_vs_heterogeneous_regime_mapping_v1_meta_beta_prime__theta,beta_prime__theta,32,beta_prime,3,26.0,theta,10,0.5409999999999999,heterogeneous,candidate,beta_prime__theta_grid_32_heterogeneous,completed,,,26.0,0.5409999999999999,0.05,0.01,5,3.0,26.0,0.5409999999999999,0.05,0.01,5,3.0,100,distributional_beta,random,equal,3897761708,2229074049,1163828947,2400508265,3.9301081838930516,50.0,2.0,48.0,138.22313369996846,2026-03-16T00:12:48Z,2026-03-16T00:15:06Z
uniform_vs_heterogeneous_regime_mapping_v1_beta_prime__theta,uniform_vs_heterogeneous_regime_mapping_v1_meta_beta_prime__theta,beta_prime__theta,33,beta_prime,3,26.0,theta,11,0.6,uniform,baseline,beta_prime__theta_grid_33_uniform,completed,,,26.0,0.6,0.05,0.01,5,3.0,26.0,0.6,0.05,0.01,,,100,uniform,,,,3632097554,465452834,657304465,3.051561160799533,70.0,2.0,68.0,93.30261479970068,2026-03-16T00:15:06Z,2026-03-16T00:16:39Z
uniform_vs_heterogeneous_regime_mapping_v1_beta_prime__theta,uniform_vs_heterogeneous_regime_mapping_v1_meta_beta_prime__theta,beta_prime__theta,33,beta_prime,3,26.0,theta,11,0.6,heterogeneous,candidate,beta_prime__theta_grid_33_heterogeneous,completed,,,26.0,0.6,0.05,0.01,5,3.0,26.0,0.6,0.05,0.01,5,3.0,100,distributional_beta,random,equal,3897761708,3632097554,465452834,657304465,3.233963188331159,51.0,2.0,49.0,137.22441080026329,2026-03-16T00:16:39Z,2026-03-16T00:18:56Z
uniform_vs_heterogeneous_regime_mapping_v1_beta_prime__theta,uniform_vs_heterogeneous_regime_mapping_v1_meta_beta_prime__theta,beta_prime__theta,34,beta_prime,4,29.0,theta,1,0.01,uniform,baseline,beta_prime__theta_grid_34_uniform,completed,,,29.0,0.01,0.05,0.01,5,3.0,29.0,0.01,0.05,0.01,,,100,uniform,,,,2567759408,260932833,1910684027,2.717542342629495,50.0,2.0,48.0,93.34557890007272,2026-03-16T00:18:56Z,2026-03-16T00:20:30Z
uniform_vs_heterogeneous_regime_mapping_v1_beta_prime__theta,uniform_vs_heterogeneous_regime_mapping_v1_meta_beta_prime__theta,beta_prime__theta,34,beta_prime,4,29.0,theta,1,0.01,heterogeneous,candidate,beta_prime__theta_grid_34_heterogeneous,completed,,,29.0,0.01,0.05,0.01,5,3.0,29.0,0.01,0.05,0.01,5,3.0,100,distributional_beta,random,equal,3897761708,2567759408,260932833,1910684027,2.5107464147983007,74.0,3.0,71.0,136.95091650029644,2026-03-16T00:20:30Z,2026-03-16T00:22:47Z
uniform_vs_heterogeneous_regime_mapping_v1_beta_prime__theta,uniform_vs_heterogeneous_regime_mapping_v1_meta_beta_prime__theta,beta_prime__theta,35,beta_prime,4,29.0,theta,2,0.06899999999999999,uniform,baseline,beta_prime__theta_grid_35_uniform,completed,,,29.0,0.06899999999999999,0.05,0.01,5,3.0,29.0,0.06899999999999999,0.05,0.01,,,100,uniform,,,,497034915,2991699869,3440523128,5.154997933574544,91.0,3.0,88.0,93.41230720002204,2026-03-16T00:22:47Z,2026-03-16T00:24:20Z
uniform_vs_heterogeneous_regime_mapping_v1_beta_prime__theta,uniform_vs_heterogeneous_regime_mapping_v1_meta_beta_prime__theta,beta_prime__theta,35,beta_prime,4,29.0,theta,2,0.06899999999999999,heterogeneous,candidate,beta_prime__theta_grid_35_heterogeneous,completed,,,29.0,0.06899999999999999,0.05,0.01,5,3.0,29.0,0.06899999999999999,0.05,0.01,5,3.0,100,distributional_beta,random,equal,3897761708,497034915,2991699869,3440523128,5.184712213458646,88.0,7.0,81.0,137.76441100006923,2026-03-16T00:24:20Z,2026-03-16T00:26:38Z
uniform_vs_heterogeneous_regime_mapping_v1_beta_prime__theta,uniform_vs_heterogeneous_regime_mapping_v1_meta_beta_prime__theta,beta_prime__theta,36,beta_prime,4,29.0,theta,3,0.128,uniform,baseline,beta_prime__theta_grid_36_uniform,completed,,,29.0,0.128,0.05,0.01,5,3.0,29.0,0.128,0.05,0.01,,,100,uniform,,,,1083038525,86752051,1321251118,3.809827447621522,78.0,3.0,75.0,93.51228020014241,2026-03-16T00:26:38Z,2026-03-16T00:28:11Z
uniform_vs_heterogeneous_regime_mapping_v1_beta_prime__theta,uniform_vs_heterogeneous_regime_mapping_v1_meta_beta_prime__theta,beta_prime__theta,36,beta_prime,4,29.0,theta,3,0.128,heterogeneous,candidate,beta_prime__theta_grid_36_heterogeneous,completed,,,29.0,0.128,0.05,0.01,5,3.0,29.0,0.128,0.05,0.01,5,3.0,100,distributional_beta,random,equal,3897761708,1083038525,86752051,1321251118,3.5977405184485636,65.0,3.0,62.0,137.30694280005991,2026-03-16T00:28:11Z,2026-03-16T00:30:29Z
uniform_vs_heterogeneous_regime_mapping_v1_beta_prime__theta,uniform_vs_heterogeneous_regime_mapping_v1_meta_beta_prime__theta,beta_prime__theta,37,beta_prime,4,29.0,theta,4,0.187,uniform,baseline,beta_prime__theta_grid_37_uniform,completed,,,29.0,0.187,0.05,0.01,5,3.0,29.0,0.187,0.05,0.01,,,100,uniform,,,,536348740,3660727062,2092807939,3.2044264037665764,84.0,2.0,82.0,93.36561820004135,2026-03-16T00:30:29Z,2026-03-16T00:32:02Z
uniform_vs_heterogeneous_regime_mapping_v1_beta_prime__theta,uniform_vs_heterogeneous_regime_mapping_v1_meta_beta_prime__theta,beta_prime__theta,37,beta_prime,4,29.0,theta,4,0.187,heterogeneous,candidate,beta_prime__theta_grid_37_heterogeneous,completed,,,29.0,0.187,0.05,0.01,5,3.0,29.0,0.187,0.05,0.01,5,3.0,100,distributional_beta,random,equal,3897761708,536348740,3660727062,2092807939,3.224876672500903,72.0,2.0,70.0,136.36430160002783,2026-03-16T00:32:02Z,2026-03-16T00:34:18Z
uniform_vs_heterogeneous_regime_mapping_v1_beta_prime__theta,uniform_vs_heterogeneous_regime_mapping_v1_meta_beta_prime__theta,beta_prime__theta,38,beta_prime,4,29.0,theta,5,0.246,uniform,baseline,beta_prime__theta_grid_38_uniform,completed,,,29.0,0.246,0.05,0.01,5,3.0,29.0,0.246,0.05,0.01,,,100,uniform,,,,2751935958,2253353761,156623708,4.674255175090544,77.0,2.0,75.0,93.54833370028064,2026-03-16T00:34:18Z,2026-03-16T00:35:52Z
uniform_vs_heterogeneous_regime_mapping_v1_beta_prime__theta,uniform_vs_heterogeneous_regime_mapping_v1_meta_beta_prime__theta,beta_prime__theta,38,beta_prime,4,29.0,theta,5,0.246,heterogeneous,candidate,beta_prime__theta_grid_38_heterogeneous,completed,,,29.0,0.246,0.05,0.01,5,3.0,29.0,0.246,0.05,0.01,5,3.0,100,distributional_beta,random,equal,3897761708,2751935958,2253353761,156623708,4.585027972468972,67.0,2.0,65.0,136.62123099993914,2026-03-16T00:35:52Z,2026-03-16T00:38:09Z
uniform_vs_heterogeneous_regime_mapping_v1_beta_prime__theta,uniform_vs_heterogeneous_regime_mapping_v1_meta_beta_prime__theta,beta_prime__theta,39,beta_prime,4,29.0,theta,6,0.305,uniform,baseline,beta_prime__theta_grid_39_uniform,completed,,,29.0,0.305,0.05,0.01,5,3.0,29.0,0.305,0.05,0.01,,,100,uniform,,,,2602012957,1290416650,1845714525,4.0462425829116295,77.0,3.0,74.0,93.42284889984876,2026-03-16T00:38:09Z,2026-03-16T00:39:42Z
uniform_vs_heterogeneous_regime_mapping_v1_beta_prime__theta,uniform_vs_heterogeneous_regime_mapping_v1_meta_beta_prime__theta,beta_prime__theta,39,beta_prime,4,29.0,theta,6,0.305,heterogeneous,candidate,beta_prime__theta_grid_39_heterogeneous,completed,,,29.0,0.305,0.05,0.01,5,3.0,29.0,0.305,0.05,0.01,5,3.0,100,distributional_beta,random,equal,3897761708,2602012957,1290416650,1845714525,3.7388507824920927,64.0,3.0,61.0,137.67254610033706,2026-03-16T00:39:42Z,2026-03-16T00:42:00Z
uniform_vs_heterogeneous_regime_mapping_v1_beta_prime__theta,uniform_vs_heterogeneous_regime_mapping_v1_meta_beta_prime__theta,beta_prime__theta,40,beta_prime,4,29.0,theta,7,0.364,uniform,baseline,beta_prime__theta_grid_40_uniform,completed,,,29.0,0.364,0.05,0.01,5,3.0,29.0,0.364,0.05,0.01,,,100,uniform,,,,1907038877,1152328794,4239369196,3.7817354873526567,70.0,2.0,68.0,93.60446349997073,2026-03-16T00:42:00Z,2026-03-16T00:43:33Z
uniform_vs_heterogeneous_regime_mapping_v1_beta_prime__theta,uniform_vs_heterogeneous_regime_mapping_v1_meta_beta_prime__theta,beta_prime__theta,40,beta_prime,4,29.0,theta,7,0.364,heterogeneous,candidate,beta_prime__theta_grid_40_heterogeneous,completed,,,29.0,0.364,0.05,0.01,5,3.0,29.0,0.364,0.05,0.01,5,3.0,100,distributional_beta,random,equal,3897761708,1907038877,1152328794,4239369196,3.8683538562097155,50.0,2.0,48.0,137.08895169990137,2026-03-16T00:43:33Z,2026-03-16T00:45:50Z
uniform_vs_heterogeneous_regime_mapping_v1_beta_prime__theta,uniform_vs_heterogeneous_regime_mapping_v1_meta_beta_prime__theta,beta_prime__theta,41,beta_prime,4,29.0,theta,8,0.423,uniform,baseline,beta_prime__theta_grid_41_uniform,completed,,,29.0,0.423,0.05,0.01,5,3.0,29.0,0.423,0.05,0.01,,,100,uniform,,,,1453147537,1062121603,1261227742,4.3596017244881375,68.0,2.0,66.0,93.49901769962162,2026-03-16T00:45:50Z,2026-03-16T00:47:24Z
uniform_vs_heterogeneous_regime_mapping_v1_beta_prime__theta,uniform_vs_heterogeneous_regime_mapping_v1_meta_beta_prime__theta,beta_prime__theta,41,beta_prime,4,29.0,theta,8,0.423,heterogeneous,candidate,beta_prime__theta_grid_41_heterogeneous,completed,,,29.0,0.423,0.05,0.01,5,3.0,29.0,0.423,0.05,0.01,5,3.0,100,distributional_beta,random,equal,3897761708,1453147537,1062121603,1261227742,4.411547147909513,47.0,2.0,45.0,137.4104324001819,2026-03-16T00:47:24Z,2026-03-16T00:49:41Z
uniform_vs_heterogeneous_regime_mapping_v1_beta_prime__theta,uniform_vs_heterogeneous_regime_mapping_v1_meta_beta_prime__theta,beta_prime__theta,42,beta_prime,4,29.0,theta,9,0.482,uniform,baseline,beta_prime__theta_grid_42_uniform,completed,,,29.0,0.482,0.05,0.01,5,3.0,29.0,0.482,0.05,0.01,,,100,uniform,,,,4114065347,3247853397,2912670184,3.905732465535255,73.0,2.0,71.0,93.34454899979755,2026-03-16T00:49:41Z,2026-03-16T00:51:15Z
uniform_vs_heterogeneous_regime_mapping_v1_beta_prime__theta,uniform_vs_heterogeneous_regime_mapping_v1_meta_beta_prime__theta,beta_prime__theta,42,beta_prime,4,29.0,theta,9,0.482,heterogeneous,candidate,beta_prime__theta_grid_42_heterogeneous,completed,,,29.0,0.482,0.05,0.01,5,3.0,29.0,0.482,0.05,0.01,5,3.0,100,distributional_beta,random,equal,3897761708,4114065347,3247853397,2912670184,4.039681077240834,53.0,2.0,51.0,137.07529589999467,2026-03-16T00:51:15Z,2026-03-16T00:53:32Z
uniform_vs_heterogeneous_regime_mapping_v1_beta_prime__theta,uniform_vs_heterogeneous_regime_mapping_v1_meta_beta_prime__theta,beta_prime__theta,43,beta_prime,4,29.0,theta,10,0.5409999999999999,uniform,baseline,beta_prime__theta_grid_43_uniform,completed,,,29.0,0.5409999999999999,0.05,0.01,5,3.0,29.0,0.5409999999999999,0.05,0.01,,,100,uniform,,,,1700135630,2308302346,1114433315,3.558139522328573,66.0,3.0,63.0,93.43622050015256,2026-03-16T00:53:32Z,2026-03-16T00:55:05Z
uniform_vs_heterogeneous_regime_mapping_v1_beta_prime__theta,uniform_vs_heterogeneous_regime_mapping_v1_meta_beta_prime__theta,beta_prime__theta,43,beta_prime,4,29.0,theta,10,0.5409999999999999,heterogeneous,candidate,beta_prime__theta_grid_43_heterogeneous,completed,,,29.0,0.5409999999999999,0.05,0.01,5,3.0,29.0,0.5409999999999999,0.05,0.01,5,3.0,100,distributional_beta,random,equal,3897761708,1700135630,2308302346,1114433315,3.739583050157079,47.0,2.0,45.0,137.63232959993184,2026-03-16T00:55:05Z,2026-03-16T00:57:23Z
uniform_vs_heterogeneous_regime_mapping_v1_beta_prime__theta,uniform_vs_heterogeneous_regime_mapping_v1_meta_beta_prime__theta,beta_prime__theta,44,beta_prime,4,29.0,theta,11,0.6,uniform,baseline,beta_prime__theta_grid_44_uniform,completed,,,29.0,0.6,0.05,0.01,5,3.0,29.0,0.6,0.05,0.01,,,100,uniform,,,,1724648099,2347422777,3495343450,3.4985866463797453,72.0,2.0,70.0,94.23184139980003,2026-03-16T00:57:23Z,2026-03-16T00:58:57Z
uniform_vs_heterogeneous_regime_mapping_v1_beta_prime__theta,uniform_vs_heterogeneous_regime_mapping_v1_meta_beta_prime__theta,beta_prime__theta,44,beta_prime,4,29.0,theta,11,0.6,heterogeneous,candidate,beta_prime__theta_grid_44_heterogeneous,completed,,,29.0,0.6,0.05,0.01,5,3.0,29.0,0.6,0.05,0.01,5,3.0,100,distributional_beta,random,equal,3897761708,1724648099,2347422777,3495343450,3.7689683647252954,48.0,2.0,46.0,137.4572548000142,2026-03-16T00:58:57Z,2026-03-16T01:01:15Z
uniform_vs_heterogeneous_regime_mapping_v1_beta_prime__theta,uniform_vs_heterogeneous_regime_mapping_v1_meta_beta_prime__theta,beta_prime__theta,45,beta_prime,5,32.0,theta,1,0.01,uniform,baseline,beta_prime__theta_grid_45_uniform,completed,,,32.0,0.01,0.05,0.01,5,3.0,32.0,0.01,0.05,0.01,,,100,uniform,,,,102986405,787628727,3848914606,3.2282160117175596,46.0,2.0,44.0,93.43414569972083,2026-03-16T01:01:15Z,2026-03-16T01:02:48Z
uniform_vs_heterogeneous_regime_mapping_v1_beta_prime__theta,uniform_vs_heterogeneous_regime_mapping_v1_meta_beta_prime__theta,beta_prime__theta,45,beta_prime,5,32.0,theta,1,0.01,heterogeneous,candidate,beta_prime__theta_grid_45_heterogeneous,completed,,,32.0,0.01,0.05,0.01,5,3.0,32.0,0.01,0.05,0.01,5,3.0,100,distributional_beta,random,equal,3897761708,102986405,787628727,3848914606,3.474230965432212,75.0,2.0,73.0,138.19844540022314,2026-03-16T01:02:48Z,2026-03-16T01:05:06Z
uniform_vs_heterogeneous_regime_mapping_v1_beta_prime__theta,uniform_vs_heterogeneous_regime_mapping_v1_meta_beta_prime__theta,beta_prime__theta,46,beta_prime,5,32.0,theta,2,0.06899999999999999,uniform,baseline,beta_prime__theta_grid_46_uniform,completed,,,32.0,0.06899999999999999,0.05,0.01,5,3.0,32.0,0.06899999999999999,0.05,0.01,,,100,uniform,,,,4170395418,20730319,1753928110,4.0168822184529605,85.0,2.0,83.0,93.52474180003628,2026-03-16T01:05:06Z,2026-03-16T01:06:40Z
uniform_vs_heterogeneous_regime_mapping_v1_beta_prime__theta,uniform_vs_heterogeneous_regime_mapping_v1_meta_beta_prime__theta,beta_prime__theta,46,beta_prime,5,32.0,theta,2,0.06899999999999999,heterogeneous,candidate,beta_prime__theta_grid_46_heterogeneous,completed,,,32.0,0.06899999999999999,0.05,0.01,5,3.0,32.0,0.06899999999999999,0.05,0.01,5,3.0,100,distributional_beta,random,equal,3897761708,4170395418,20730319,1753928110,4.011460343290751,79.0,4.0,75.0,137.89987240033224,2026-03-16T01:06:40Z,2026-03-16T01:08:58Z
uniform_vs_heterogeneous_regime_mapping_v1_beta_prime__theta,uniform_vs_heterogeneous_regime_mapping_v1_meta_beta_prime__theta,beta_prime__theta,47,beta_prime,5,32.0,theta,3,0.128,uniform,baseline,beta_prime__theta_grid_47_uniform,completed,,,32.0,0.128,0.05,0.01,5,3.0,32.0,0.128,0.05,0.01,,,100,uniform,,,,2619905895,947886730,572748979,5.818805876311959,80.0,5.0,75.0,93.66195759968832,2026-03-16T01:08:58Z,2026-03-16T01:10:31Z
uniform_vs_heterogeneous_regime_mapping_v1_beta_prime__theta,uniform_vs_heterogeneous_regime_mapping_v1_meta_beta_prime__theta,beta_prime__theta,47,beta_prime,5,32.0,theta,3,0.128,heterogeneous,candidate,beta_prime__theta_grid_47_heterogeneous,completed,,,32.0,0.128,0.05,0.01,5,3.0,32.0,0.128,0.05,0.01,5,3.0,100,distributional_beta,random,equal,3897761708,2619905895,947886730,572748979,5.318928829312044,66.0,5.0,61.0,137.23118579993024,2026-03-16T01:10:31Z,2026-03-16T01:12:48Z
uniform_vs_heterogeneous_regime_mapping_v1_beta_prime__theta,uniform_vs_heterogeneous_regime_mapping_v1_meta_beta_prime__theta,beta_prime__theta,48,beta_prime,5,32.0,theta,4,0.187,uniform,baseline,beta_prime__theta_grid_48_uniform,completed,,,32.0,0.187,0.05,0.01,5,3.0,32.0,0.187,0.05,0.01,,,100,uniform,,,,901780484,3179849581,3507244300,4.380464763127056,82.0,3.0,79.0,93.69099269993603,2026-03-16T01:12:48Z,2026-03-16T01:14:22Z
uniform_vs_heterogeneous_regime_mapping_v1_beta_prime__theta,uniform_vs_heterogeneous_regime_mapping_v1_meta_beta_prime__theta,beta_prime__theta,48,beta_prime,5,32.0,theta,4,0.187,heterogeneous,candidate,beta_prime__theta_grid_48_heterogeneous,completed,,,32.0,0.187,0.05,0.01,5,3.0,32.0,0.187,0.05,0.01,5,3.0,100,distributional_beta,random,equal,3897761708,901780484,3179849581,3507244300,4.1089666537691265,71.0,2.0,69.0,136.84460720000789,2026-03-16T01:14:22Z,2026-03-16T01:16:39Z
uniform_vs_heterogeneous_regime_mapping_v1_beta_prime__theta,uniform_vs_heterogeneous_regime_mapping_v1_meta_beta_prime__theta,beta_prime__theta,49,beta_prime,5,32.0,theta,5,0.246,uniform,baseline,beta_prime__theta_grid_49_uniform,completed,,,32.0,0.246,0.05,0.01,5,3.0,32.0,0.246,0.05,0.01,,,100,uniform,,,,3731728325,2582231369,1826447489,3.8096588431017087,81.0,5.0,76.0,93.39117580000311,2026-03-16T01:16:39Z,2026-03-16T01:18:12Z
uniform_vs_heterogeneous_regime_mapping_v1_beta_prime__theta,uniform_vs_heterogeneous_regime_mapping_v1_meta_beta_prime__theta,beta_prime__theta,49,beta_prime,5,32.0,theta,5,0.246,heterogeneous,candidate,beta_prime__theta_grid_49_heterogeneous,completed,,,32.0,0.246,0.05,0.01,5,3.0,32.0,0.246,0.05,0.01,5,3.0,100,distributional_beta,random,equal,3897761708,3731728325,2582231369,1826447489,3.501804199401822,70.0,3.0,67.0,137.53119720006362,2026-03-16T01:18:12Z,2026-03-16T01:20:30Z
uniform_vs_heterogeneous_regime_mapping_v1_beta_prime__theta,uniform_vs_heterogeneous_regime_mapping_v1_meta_beta_prime__theta,beta_prime__theta,50,beta_prime,5,32.0,theta,6,0.305,uniform,baseline,beta_prime__theta_grid_50_uniform,completed,,,32.0,0.305,0.05,0.01,5,3.0,32.0,0.305,0.05,0.01,,,100,uniform,,,,1593229545,2172363452,3298738234,4.0283337375108825,72.0,3.0,69.0,93.55270039988682,2026-03-16T01:20:30Z,2026-03-16T01:22:03Z
uniform_vs_heterogeneous_regime_mapping_v1_beta_prime__theta,uniform_vs_heterogeneous_regime_mapping_v1_meta_beta_prime__theta,beta_prime__theta,50,beta_prime,5,32.0,theta,6,0.305,heterogeneous,candidate,beta_prime__theta_grid_50_heterogeneous,completed,,,32.0,0.305,0.05,0.01,5,3.0,32.0,0.305,0.05,0.01,5,3.0,100,distributional_beta,random,equal,3897761708,1593229545,2172363452,3298738234,4.144769490637227,53.0,2.0,51.0,138.11816819990054,2026-03-16T01:22:03Z,2026-03-16T01:24:22Z
uniform_vs_heterogeneous_regime_mapping_v1_beta_prime__theta,uniform_vs_heterogeneous_regime_mapping_v1_meta_beta_prime__theta,beta_prime__theta,51,beta_prime,5,32.0,theta,7,0.364,uniform,baseline,beta_prime__theta_grid_51_uniform,completed,,,32.0,0.364,0.05,0.01,5,3.0,32.0,0.364,0.05,0.01,,,100,uniform,,,,3689829390,1612456305,3962214019,5.05260725869885,76.0,3.0,73.0,93.74546919995919,2026-03-16T01:24:22Z,2026-03-16T01:25:55Z
uniform_vs_heterogeneous_regime_mapping_v1_beta_prime__theta,uniform_vs_heterogeneous_regime_mapping_v1_meta_beta_prime__theta,beta_prime__theta,51,beta_prime,5,32.0,theta,7,0.364,heterogeneous,candidate,beta_prime__theta_grid_51_heterogeneous,completed,,,32.0,0.364,0.05,0.01,5,3.0,32.0,0.364,0.05,0.01,5,3.0,100,distributional_beta,random,equal,3897761708,3689829390,1612456305,3962214019,4.899536242276145,56.0,2.0,54.0,136.96300889970735,2026-03-16T01:25:55Z,2026-03-16T01:28:12Z
uniform_vs_heterogeneous_regime_mapping_v1_beta_prime__theta,uniform_vs_heterogeneous_regime_mapping_v1_meta_beta_prime__theta,beta_prime__theta,52,beta_prime,5,32.0,theta,8,0.423,uniform,baseline,beta_prime__theta_grid_52_uniform,completed,,,32.0,0.423,0.05,0.01,5,3.0,32.0,0.423,0.05,0.01,,,100,uniform,,,,3593424145,1146442990,1214942181,3.6439896628420563,70.0,2.0,68.0,93.47280590003356,2026-03-16T01:28:12Z,2026-03-16T01:29:46Z
uniform_vs_heterogeneous_regime_mapping_v1_beta_prime__theta,uniform_vs_heterogeneous_regime_mapping_v1_meta_beta_prime__theta,beta_prime__theta,52,beta_prime,5,32.0,theta,8,0.423,heterogeneous,candidate,beta_prime__theta_grid_52_heterogeneous,completed,,,32.0,0.423,0.05,0.01,5,3.0,32.0,0.423,0.05,0.01,5,3.0,100,distributional_beta,random,equal,3897761708,3593424145,1146442990,1214942181,3.6119406700373657,48.0,2.0,46.0,137.75473430007696,2026-03-16T01:29:46Z,2026-03-16T01:32:04Z
uniform_vs_heterogeneous_regime_mapping_v1_beta_prime__theta,uniform_vs_heterogeneous_regime_mapping_v1_meta_beta_prime__theta,beta_prime__theta,53,beta_prime,5,32.0,theta,9,0.482,uniform,baseline,beta_prime__theta_grid_53_uniform,completed,,,32.0,0.482,0.05,0.01,5,3.0,32.0,0.482,0.05,0.01,,,100,uniform,,,,3473869916,1800170571,2678034935,3.6093165455224847,68.0,2.0,66.0,93.59549350012094,2026-03-16T01:32:04Z,2026-03-16T01:33:37Z
uniform_vs_heterogeneous_regime_mapping_v1_beta_prime__theta,uniform_vs_heterogeneous_regime_mapping_v1_meta_beta_prime__theta,beta_prime__theta,53,beta_prime,5,32.0,theta,9,0.482,heterogeneous,candidate,beta_prime__theta_grid_53_heterogeneous,completed,,,32.0,0.482,0.05,0.01,5,3.0,32.0,0.482,0.05,0.01,5,3.0,100,distributional_beta,random,equal,3897761708,3473869916,1800170571,2678034935,3.8520837875372425,48.0,2.0,46.0,137.13469989970326,2026-03-16T01:33:37Z,2026-03-16T01:35:54Z
uniform_vs_heterogeneous_regime_mapping_v1_beta_prime__theta,uniform_vs_heterogeneous_regime_mapping_v1_meta_beta_prime__theta,beta_prime__theta,54,beta_prime,5,32.0,theta,10,0.5409999999999999,uniform,baseline,beta_prime__theta_grid_54_uniform,completed,,,32.0,0.5409999999999999,0.05,0.01,5,3.0,32.0,0.5409999999999999,0.05,0.01,,,100,uniform,,,,1148196959,3048196223,2568168663,4.0532943224800455,76.0,3.0,73.0,93.42970750015229,2026-03-16T01:35:54Z,2026-03-16T01:37:28Z
uniform_vs_heterogeneous_regime_mapping_v1_beta_prime__theta,uniform_vs_heterogeneous_regime_mapping_v1_meta_beta_prime__theta,beta_prime__theta,54,beta_prime,5,32.0,theta,10,0.5409999999999999,heterogeneous,candidate,beta_prime__theta_grid_54_heterogeneous,completed,,,32.0,0.5409999999999999,0.05,0.01,5,3.0,32.0,0.5409999999999999,0.05,0.01,5,3.0,100,distributional_beta,random,equal,3897761708,1148196959,3048196223,2568168663,4.58732983707601,54.0,3.0,51.0,138.55730210011825,2026-03-16T01:37:28Z,2026-03-16T01:39:46Z
uniform_vs_heterogeneous_regime_mapping_v1_beta_prime__theta,uniform_vs_heterogeneous_regime_mapping_v1_meta_beta_prime__theta,beta_prime__theta,55,beta_prime,5,32.0,theta,11,0.6,uniform,baseline,beta_prime__theta_grid_55_uniform,completed,,,32.0,0.6,0.05,0.01,5,3.0,32.0,0.6,0.05,0.01,,,100,uniform,,,,4224082481,2220787683,1080824074,4.1196188201456785,67.0,3.0,64.0,93.53714310005307,2026-03-16T01:39:46Z,2026-03-16T01:41:20Z
uniform_vs_heterogeneous_regime_mapping_v1_beta_prime__theta,uniform_vs_heterogeneous_regime_mapping_v1_meta_beta_prime__theta,beta_prime__theta,55,beta_prime,5,32.0,theta,11,0.6,heterogeneous,candidate,beta_prime__theta_grid_55_heterogeneous,completed,,,32.0,0.6,0.05,0.01,5,3.0,32.0,0.6,0.05,0.01,5,3.0,100,distributional_beta,random,equal,3897761708,4224082481,2220787683,1080824074,4.02154006286465,47.0,2.0,45.0,136.86074410006404,2026-03-16T01:41:20Z,2026-03-16T01:43:37Z
uniform_vs_heterogeneous_regime_mapping_v1_beta_prime__theta,uniform_vs_heterogeneous_regime_mapping_v1_meta_beta_prime__theta,beta_prime__theta,56,beta_prime,6,35.0,theta,1,0.01,uniform,baseline,beta_prime__theta_grid_56_uniform,completed,,,35.0,0.01,0.05,0.01,5,3.0,35.0,0.01,0.05,0.01,,,100,uniform,,,,1206914384,2754973280,248617575,2.0878622649152065,44.0,12.0,32.0,93.17389480024576,2026-03-16T01:43:37Z,2026-03-16T01:45:10Z
uniform_vs_heterogeneous_regime_mapping_v1_beta_prime__theta,uniform_vs_heterogeneous_regime_mapping_v1_meta_beta_prime__theta,beta_prime__theta,56,beta_prime,6,35.0,theta,1,0.01,heterogeneous,candidate,beta_prime__theta_grid_56_heterogeneous,completed,,,35.0,0.01,0.05,0.01,5,3.0,35.0,0.01,0.05,0.01,5,3.0,100,distributional_beta,random,equal,3897761708,1206914384,2754973280,248617575,2.283186937767378,71.0,17.0,54.0,137.07981100026518,2026-03-16T01:45:10Z,2026-03-16T01:47:27Z
uniform_vs_heterogeneous_regime_mapping_v1_beta_prime__theta,uniform_vs_heterogeneous_regime_mapping_v1_meta_beta_prime__theta,beta_prime__theta,57,beta_prime,6,35.0,theta,2,0.06899999999999999,uniform,baseline,beta_prime__theta_grid_57_uniform,completed,,,35.0,0.06899999999999999,0.05,0.01,5,3.0,35.0,0.06899999999999999,0.05,0.01,,,100,uniform,,,,765537397,2235196203,641263299,6.879972392451663,83.0,4.0,79.0,93.24654929991812,2026-03-16T01:47:27Z,2026-03-16T01:49:00Z
uniform_vs_heterogeneous_regime_mapping_v1_beta_prime__theta,uniform_vs_heterogeneous_regime_mapping_v1_meta_beta_prime__theta,beta_prime__theta,57,beta_prime,6,35.0,theta,2,0.06899999999999999,heterogeneous,candidate,beta_prime__theta_grid_57_heterogeneous,completed,,,35.0,0.06899999999999999,0.05,0.01,5,3.0,35.0,0.06899999999999999,0.05,0.01,5,3.0,100,distributional_beta,random,equal,3897761708,765537397,2235196203,641263299,6.718967290599212,73.0,8.0,65.0,137.40646570036188,2026-03-16T01:49:00Z,2026-03-16T01:51:18Z
uniform_vs_heterogeneous_regime_mapping_v1_beta_prime__theta,uniform_vs_heterogeneous_regime_mapping_v1_meta_beta_prime__theta,beta_prime__theta,58,beta_prime,6,35.0,theta,3,0.128,uniform,baseline,beta_prime__theta_grid_58_uniform,completed,,,35.0,0.128,0.05,0.01,5,3.0,35.0,0.128,0.05,0.01,,,100,uniform,,,,1284534340,1611297655,2696863220,6.194615006450533,79.0,4.0,75.0,93.82059310004115,2026-03-16T01:51:18Z,2026-03-16T01:52:51Z
uniform_vs_heterogeneous_regime_mapping_v1_beta_prime__theta,uniform_vs_heterogeneous_regime_mapping_v1_meta_beta_prime__theta,beta_prime__theta,58,beta_prime,6,35.0,theta,3,0.128,heterogeneous,candidate,beta_prime__theta_grid_58_heterogeneous,completed,,,35.0,0.128,0.05,0.01,5,3.0,35.0,0.128,0.05,0.01,5,3.0,100,distributional_beta,random,equal,3897761708,1284534340,1611297655,2696863220,5.755795196450546,63.0,4.0,59.0,136.78527700016275,2026-03-16T01:52:51Z,2026-03-16T01:55:08Z
uniform_vs_heterogeneous_regime_mapping_v1_beta_prime__theta,uniform_vs_heterogeneous_regime_mapping_v1_meta_beta_prime__theta,beta_prime__theta,59,beta_prime,6,35.0,theta,4,0.187,uniform,baseline,beta_prime__theta_grid_59_uniform,completed,,,35.0,0.187,0.05,0.01,5,3.0,35.0,0.187,0.05,0.01,,,100,uniform,,,,3442088377,2466042371,1147842140,4.867653271590176,80.0,3.0,77.0,93.2915502996184,2026-03-16T01:55:08Z,2026-03-16T01:56:42Z
uniform_vs_heterogeneous_regime_mapping_v1_beta_prime__theta,uniform_vs_heterogeneous_regime_mapping_v1_meta_beta_prime__theta,beta_prime__theta,59,beta_prime,6,35.0,theta,4,0.187,heterogeneous,candidate,beta_prime__theta_grid_59_heterogeneous,completed,,,35.0,0.187,0.05,0.01,5,3.0,35.0,0.187,0.05,0.01,5,3.0,100,distributional_beta,random,equal,3897761708,3442088377,2466042371,1147842140,4.953443330689558,63.0,4.0,59.0,137.32571339979768,2026-03-16T01:56:42Z,2026-03-16T01:58:59Z
uniform_vs_heterogeneous_regime_mapping_v1_beta_prime__theta,uniform_vs_heterogeneous_regime_mapping_v1_meta_beta_prime__theta,beta_prime__theta,60,beta_prime,6,35.0,theta,5,0.246,uniform,baseline,beta_prime__theta_grid_60_uniform,completed,,,35.0,0.246,0.05,0.01,5,3.0,35.0,0.246,0.05,0.01,,,100,uniform,,,,200858517,2580599979,4071797276,4.572294089548318,69.0,4.0,65.0,93.58851800020784,2026-03-16T01:58:59Z,2026-03-16T02:00:32Z
uniform_vs_heterogeneous_regime_mapping_v1_beta_prime__theta,uniform_vs_heterogeneous_regime_mapping_v1_meta_beta_prime__theta,beta_prime__theta,60,beta_prime,6,35.0,theta,5,0.246,heterogeneous,candidate,beta_prime__theta_grid_60_heterogeneous,completed,,,35.0,0.246,0.05,0.01,5,3.0,35.0,0.246,0.05,0.01,5,3.0,100,distributional_beta,random,equal,3897761708,200858517,2580599979,4071797276,4.458732953231834,50.0,3.0,47.0,136.42054770002142,2026-03-16T02:00:32Z,2026-03-16T02:02:49Z
uniform_vs_heterogeneous_regime_mapping_v1_beta_prime__theta,uniform_vs_heterogeneous_regime_mapping_v1_meta_beta_prime__theta,beta_prime__theta,61,beta_prime,6,35.0,theta,6,0.305,uniform,baseline,beta_prime__theta_grid_61_uniform,completed,,,35.0,0.305,0.05,0.01,5,3.0,35.0,0.305,0.05,0.01,,,100,uniform,,,,2062789657,2556763886,248663992,4.79967444889877,77.0,4.0,73.0,93.59004190005362,2026-03-16T02:02:49Z,2026-03-16T02:04:22Z
uniform_vs_heterogeneous_regime_mapping_v1_beta_prime__theta,uniform_vs_heterogeneous_regime_mapping_v1_meta_beta_prime__theta,beta_prime__theta,61,beta_prime,6,35.0,theta,6,0.305,heterogeneous,candidate,beta_prime__theta_grid_61_heterogeneous,completed,,,35.0,0.305,0.05,0.01,5,3.0,35.0,0.305,0.05,0.01,5,3.0,100,distributional_beta,random,equal,3897761708,2062789657,2556763886,248663992,4.40680219098132,64.0,4.0,60.0,137.62542509986088,2026-03-16T02:04:22Z,2026-03-16T02:06:40Z
uniform_vs_heterogeneous_regime_mapping_v1_beta_prime__theta,uniform_vs_heterogeneous_regime_mapping_v1_meta_beta_prime__theta,beta_prime__theta,62,beta_prime,6,35.0,theta,7,0.364,uniform,baseline,beta_prime__theta_grid_62_uniform,completed,,,35.0,0.364,0.05,0.01,5,3.0,35.0,0.364,0.05,0.01,,,100,uniform,,,,4172613565,3807072352,278400282,4.903794103740564,67.0,5.0,62.0,93.4097087001428,2026-03-16T02:06:40Z,2026-03-16T02:08:13Z
uniform_vs_heterogeneous_regime_mapping_v1_beta_prime__theta,uniform_vs_heterogeneous_regime_mapping_v1_meta_beta_prime__theta,beta_prime__theta,62,beta_prime,6,35.0,theta,7,0.364,heterogeneous,candidate,beta_prime__theta_grid_62_heterogeneous,completed,,,35.0,0.364,0.05,0.01,5,3.0,35.0,0.364,0.05,0.01,5,3.0,100,distributional_beta,random,equal,3897761708,4172613565,3807072352,278400282,4.617415200053496,45.0,3.0,42.0,136.39256139984354,2026-03-16T02:08:13Z,2026-03-16T02:10:30Z
uniform_vs_heterogeneous_regime_mapping_v1_beta_prime__theta,uniform_vs_heterogeneous_regime_mapping_v1_meta_beta_prime__theta,beta_prime__theta,63,beta_prime,6,35.0,theta,8,0.423,uniform,baseline,beta_prime__theta_grid_63_uniform,completed,,,35.0,0.423,0.05,0.01,5,3.0,35.0,0.423,0.05,0.01,,,100,uniform,,,,1276121373,2633186652,1208436956,3.472175297739759,66.0,4.0,62.0,93.53526910021901,2026-03-16T02:10:30Z,2026-03-16T02:12:03Z
uniform_vs_heterogeneous_regime_mapping_v1_beta_prime__theta,uniform_vs_heterogeneous_regime_mapping_v1_meta_beta_prime__theta,beta_prime__theta,63,beta_prime,6,35.0,theta,8,0.423,heterogeneous,candidate,beta_prime__theta_grid_63_heterogeneous,completed,,,35.0,0.423,0.05,0.01,5,3.0,35.0,0.423,0.05,0.01,5,3.0,100,distributional_beta,random,equal,3897761708,1276121373,2633186652,1208436956,3.3238506740158003,48.0,3.0,45.0,137.44900440005586,2026-03-16T02:12:03Z,2026-03-16T02:14:21Z
uniform_vs_heterogeneous_regime_mapping_v1_beta_prime__theta,uniform_vs_heterogeneous_regime_mapping_v1_meta_beta_prime__theta,beta_prime__theta,64,beta_prime,6,35.0,theta,9,0.482,uniform,baseline,beta_prime__theta_grid_64_uniform,completed,,,35.0,0.482,0.05,0.01,5,3.0,35.0,0.482,0.05,0.01,,,100,uniform,,,,1440017167,1168544991,2398094129,4.218953035801807,72.0,5.0,67.0,93.64879819983616,2026-03-16T02:14:21Z,2026-03-16T02:15:55Z
uniform_vs_heterogeneous_regime_mapping_v1_beta_prime__theta,uniform_vs_heterogeneous_regime_mapping_v1_meta_beta_prime__theta,beta_prime__theta,64,beta_prime,6,35.0,theta,9,0.482,heterogeneous,candidate,beta_prime__theta_grid_64_heterogeneous,completed,,,35.0,0.482,0.05,0.01,5,3.0,35.0,0.482,0.05,0.01,5,3.0,100,distributional_beta,random,equal,3897761708,1440017167,1168544991,2398094129,4.230238368491035,49.0,3.0,46.0,136.81506519997492,2026-03-16T02:15:55Z,2026-03-16T02:18:11Z
uniform_vs_heterogeneous_regime_mapping_v1_beta_prime__theta,uniform_vs_heterogeneous_regime_mapping_v1_meta_beta_prime__theta,beta_prime__theta,65,beta_prime,6,35.0,theta,10,0.5409999999999999,uniform,baseline,beta_prime__theta_grid_65_uniform,completed,,,35.0,0.5409999999999999,0.05,0.01,5,3.0,35.0,0.5409999999999999,0.05,0.01,,,100,uniform,,,,4218643165,1933304231,1612812226,4.908319125919075,66.0,4.0,62.0,93.55419850023463,2026-03-16T02:18:11Z,2026-03-16T02:19:45Z
uniform_vs_heterogeneous_regime_mapping_v1_beta_prime__theta,uniform_vs_heterogeneous_regime_mapping_v1_meta_beta_prime__theta,beta_prime__theta,65,beta_prime,6,35.0,theta,10,0.5409999999999999,heterogeneous,candidate,beta_prime__theta_grid_65_heterogeneous,completed,,,35.0,0.5409999999999999,0.05,0.01,5,3.0,35.0,0.5409999999999999,0.05,0.01,5,3.0,100,distributional_beta,random,equal,3897761708,4218643165,1933304231,1612812226,4.701208631765906,42.0,3.0,39.0,136.5192089001648,2026-03-16T02:19:45Z,2026-03-16T02:22:01Z
uniform_vs_heterogeneous_regime_mapping_v1_beta_prime__theta,uniform_vs_heterogeneous_regime_mapping_v1_meta_beta_prime__theta,beta_prime__theta,66,beta_prime,6,35.0,theta,11,0.6,uniform,baseline,beta_prime__theta_grid_66_uniform,completed,,,35.0,0.6,0.05,0.01,5,3.0,35.0,0.6,0.05,0.01,,,100,uniform,,,,4089596886,1152943606,1254899408,4.338893960875533,64.0,4.0,60.0,93.55623909970745,2026-03-16T02:22:01Z,2026-03-16T02:23:35Z
uniform_vs_heterogeneous_regime_mapping_v1_beta_prime__theta,uniform_vs_heterogeneous_regime_mapping_v1_meta_beta_prime__theta,beta_prime__theta,66,beta_prime,6,35.0,theta,11,0.6,heterogeneous,candidate,beta_prime__theta_grid_66_heterogeneous,completed,,,35.0,0.6,0.05,0.01,5,3.0,35.0,0.6,0.05,0.01,5,3.0,100,distributional_beta,random,equal,3897761708,4089596886,1152943606,1254899408,4.263082221816024,43.0,3.0,40.0,136.63116690004244,2026-03-16T02:23:35Z,2026-03-16T02:25:52Z
uniform_vs_heterogeneous_regime_mapping_v1_beta_prime__theta,uniform_vs_heterogeneous_regime_mapping_v1_meta_beta_prime__theta,beta_prime__theta,67,beta_prime,7,38.0,theta,1,0.01,uniform,baseline,beta_prime__theta_grid_67_uniform,completed,,,38.0,0.01,0.05,0.01,5,3.0,38.0,0.01,0.05,0.01,,,100,uniform,,,,3864206074,4145502987,355190103,2.982278060027658,49.0,13.0,36.0,93.39415219984949,2026-03-16T02:25:52Z,2026-03-16T02:27:25Z
uniform_vs_heterogeneous_regime_mapping_v1_beta_prime__theta,uniform_vs_heterogeneous_regime_mapping_v1_meta_beta_prime__theta,beta_prime__theta,67,beta_prime,7,38.0,theta,1,0.01,heterogeneous,candidate,beta_prime__theta_grid_67_heterogeneous,completed,,,38.0,0.01,0.05,0.01,5,3.0,38.0,0.01,0.05,0.01,5,3.0,100,distributional_beta,random,equal,3897761708,3864206074,4145502987,355190103,3.6464473342715724,74.0,35.0,39.0,136.79496920015663,2026-03-16T02:27:25Z,2026-03-16T02:29:42Z
uniform_vs_heterogeneous_regime_mapping_v1_beta_prime__theta,uniform_vs_heterogeneous_regime_mapping_v1_meta_beta_prime__theta,beta_prime__theta,68,beta_prime,7,38.0,theta,2,0.06899999999999999,uniform,baseline,beta_prime__theta_grid_68_uniform,completed,,,38.0,0.06899999999999999,0.05,0.01,5,3.0,38.0,0.06899999999999999,0.05,0.01,,,100,uniform,,,,1814940456,573314502,4034419572,5.021708875165024,87.0,4.0,83.0,93.62081070011482,2026-03-16T02:29:42Z,2026-03-16T02:31:15Z
uniform_vs_heterogeneous_regime_mapping_v1_beta_prime__theta,uniform_vs_heterogeneous_regime_mapping_v1_meta_beta_prime__theta,beta_prime__theta,68,beta_prime,7,38.0,theta,2,0.06899999999999999,heterogeneous,candidate,beta_prime__theta_grid_68_heterogeneous,completed,,,38.0,0.06899999999999999,0.05,0.01,5,3.0,38.0,0.06899999999999999,0.05,0.01,5,3.0,100,distributional_beta,random,equal,3897761708,1814940456,573314502,4034419572,5.2661567688061055,77.0,7.0,70.0,136.2661811998114,2026-03-16T02:31:15Z,2026-03-16T02:33:32Z
uniform_vs_heterogeneous_regime_mapping_v1_beta_prime__theta,uniform_vs_heterogeneous_regime_mapping_v1_meta_beta_prime__theta,beta_prime__theta,69,beta_prime,7,38.0,theta,3,0.128,uniform,baseline,beta_prime__theta_grid_69_uniform,completed,,,38.0,0.128,0.05,0.01,5,3.0,38.0,0.128,0.05,0.01,,,100,uniform,,,,280574925,3924404988,2779624888,5.865517598761711,78.0,6.0,72.0,93.35933580016717,2026-03-16T02:33:32Z,2026-03-16T02:35:05Z
uniform_vs_heterogeneous_regime_mapping_v1_beta_prime__theta,uniform_vs_heterogeneous_regime_mapping_v1_meta_beta_prime__theta,beta_prime__theta,69,beta_prime,7,38.0,theta,3,0.128,heterogeneous,candidate,beta_prime__theta_grid_69_heterogeneous,completed,,,38.0,0.128,0.05,0.01,5,3.0,38.0,0.128,0.05,0.01,5,3.0,100,distributional_beta,random,equal,3897761708,280574925,3924404988,2779624888,5.963307906880793,64.0,5.0,59.0,136.4498721002601,2026-03-16T02:35:05Z,2026-03-16T02:37:21Z
uniform_vs_heterogeneous_regime_mapping_v1_beta_prime__theta,uniform_vs_heterogeneous_regime_mapping_v1_meta_beta_prime__theta,beta_prime__theta,70,beta_prime,7,38.0,theta,4,0.187,uniform,baseline,beta_prime__theta_grid_70_uniform,completed,,,38.0,0.187,0.05,0.01,5,3.0,38.0,0.187,0.05,0.01,,,100,uniform,,,,1007626570,553560217,2203366789,5.036826088734272,78.0,9.0,69.0,93.39878189982846,2026-03-16T02:37:21Z,2026-03-16T02:38:55Z
uniform_vs_heterogeneous_regime_mapping_v1_beta_prime__theta,uniform_vs_heterogeneous_regime_mapping_v1_meta_beta_prime__theta,beta_prime__theta,70,beta_prime,7,38.0,theta,4,0.187,heterogeneous,candidate,beta_prime__theta_grid_70_heterogeneous,completed,,,38.0,0.187,0.05,0.01,5,3.0,38.0,0.187,0.05,0.01,5,3.0,100,distributional_beta,random,equal,3897761708,1007626570,553560217,2203366789,4.444495294345821,63.0,5.0,58.0,138.05616230005398,2026-03-16T02:38:55Z,2026-03-16T02:41:13Z
uniform_vs_heterogeneous_regime_mapping_v1_beta_prime__theta,uniform_vs_heterogeneous_regime_mapping_v1_meta_beta_prime__theta,beta_prime__theta,71,beta_prime,7,38.0,theta,5,0.246,uniform,baseline,beta_prime__theta_grid_71_uniform,completed,,,38.0,0.246,0.05,0.01,5,3.0,38.0,0.246,0.05,0.01,,,100,uniform,,,,1334685809,2293501008,2153890522,3.7940881156757245,88.0,11.0,77.0,93.64968309970573,2026-03-16T02:41:13Z,2026-03-16T02:42:47Z
uniform_vs_heterogeneous_regime_mapping_v1_beta_prime__theta,uniform_vs_heterogeneous_regime_mapping_v1_meta_beta_prime__theta,beta_prime__theta,71,beta_prime,7,38.0,theta,5,0.246,heterogeneous,candidate,beta_prime__theta_grid_71_heterogeneous,completed,,,38.0,0.246,0.05,0.01,5,3.0,38.0,0.246,0.05,0.01,5,3.0,100,distributional_beta,random,equal,3897761708,1334685809,2293501008,2153890522,3.9625557790951103,80.0,14.0,66.0,136.66247820015997,2026-03-16T02:42:47Z,2026-03-16T02:45:03Z
uniform_vs_heterogeneous_regime_mapping_v1_beta_prime__theta,uniform_vs_heterogeneous_regime_mapping_v1_meta_beta_prime__theta,beta_prime__theta,72,beta_prime,7,38.0,theta,6,0.305,uniform,baseline,beta_prime__theta_grid_72_uniform,completed,,,38.0,0.305,0.05,0.01,5,3.0,38.0,0.305,0.05,0.01,,,100,uniform,,,,3262028746,1496358111,2205372794,5.603733279471665,68.0,6.0,62.0,93.42475220002234,2026-03-16T02:45:03Z,2026-03-16T02:46:37Z
uniform_vs_heterogeneous_regime_mapping_v1_beta_prime__theta,uniform_vs_heterogeneous_regime_mapping_v1_meta_beta_prime__theta,beta_prime__theta,72,beta_prime,7,38.0,theta,6,0.305,heterogeneous,candidate,beta_prime__theta_grid_72_heterogeneous,completed,,,38.0,0.305,0.05,0.01,5,3.0,38.0,0.305,0.05,0.01,5,3.0,100,distributional_beta,random,equal,3897761708,3262028746,1496358111,2205372794,5.121590034679645,48.0,4.0,44.0,136.81237949989736,2026-03-16T02:46:37Z,2026-03-16T02:48:53Z
uniform_vs_heterogeneous_regime_mapping_v1_beta_prime__theta,uniform_vs_heterogeneous_regime_mapping_v1_meta_beta_prime__theta,beta_prime__theta,73,beta_prime,7,38.0,theta,7,0.364,uniform,baseline,beta_prime__theta_grid_73_uniform,completed,,,38.0,0.364,0.05,0.01,5,3.0,38.0,0.364,0.05,0.01,,,100,uniform,,,,315837926,1329903492,1087676025,5.613537034424699,79.0,7.0,72.0,93.32669940032065,2026-03-16T02:48:54Z,2026-03-16T02:50:27Z
uniform_vs_heterogeneous_regime_mapping_v1_beta_prime__theta,uniform_vs_heterogeneous_regime_mapping_v1_meta_beta_prime__theta,beta_prime__theta,73,beta_prime,7,38.0,theta,7,0.364,heterogeneous,candidate,beta_prime__theta_grid_73_heterogeneous,completed,,,38.0,0.364,0.05,0.01,5,3.0,38.0,0.364,0.05,0.01,5,3.0,100,distributional_beta,random,equal,3897761708,315837926,1329903492,1087676025,5.417066617676149,59.0,4.0,55.0,137.58081360021606,2026-03-16T02:50:27Z,2026-03-16T02:52:44Z
uniform_vs_heterogeneous_regime_mapping_v1_beta_prime__theta,uniform_vs_heterogeneous_regime_mapping_v1_meta_beta_prime__theta,beta_prime__theta,74,beta_prime,7,38.0,theta,8,0.423,uniform,baseline,beta_prime__theta_grid_74_uniform,completed,,,38.0,0.423,0.05,0.01,5,3.0,38.0,0.423,0.05,0.01,,,100,uniform,,,,1619525756,892454320,286033652,6.786031255181589,63.0,5.0,58.0,93.60269959969446,2026-03-16T02:52:44Z,2026-03-16T02:54:18Z
uniform_vs_heterogeneous_regime_mapping_v1_beta_prime__theta,uniform_vs_heterogeneous_regime_mapping_v1_meta_beta_prime__theta,beta_prime__theta,74,beta_prime,7,38.0,theta,8,0.423,heterogeneous,candidate,beta_prime__theta_grid_74_heterogeneous,completed,,,38.0,0.423,0.05,0.01,5,3.0,38.0,0.423,0.05,0.01,5,3.0,100,distributional_beta,random,equal,3897761708,1619525756,892454320,286033652,6.522262847756732,41.0,3.0,38.0,136.8337102998048,2026-03-16T02:54:18Z,2026-03-16T02:56:35Z
uniform_vs_heterogeneous_regime_mapping_v1_beta_prime__theta,uniform_vs_heterogeneous_regime_mapping_v1_meta_beta_prime__theta,beta_prime__theta,75,beta_prime,7,38.0,theta,9,0.482,uniform,baseline,beta_prime__theta_grid_75_uniform,completed,,,38.0,0.482,0.05,0.01,5,3.0,38.0,0.482,0.05,0.01,,,100,uniform,,,,940386928,4277259300,4122687480,4.693692061921665,65.0,6.0,59.0,93.44474510010332,2026-03-16T02:56:35Z,2026-03-16T02:58:08Z
uniform_vs_heterogeneous_regime_mapping_v1_beta_prime__theta,uniform_vs_heterogeneous_regime_mapping_v1_meta_beta_prime__theta,beta_prime__theta,75,beta_prime,7,38.0,theta,9,0.482,heterogeneous,candidate,beta_prime__theta_grid_75_heterogeneous,completed,,,38.0,0.482,0.05,0.01,5,3.0,38.0,0.482,0.05,0.01,5,3.0,100,distributional_beta,random,equal,3897761708,940386928,4277259300,4122687480,4.528321555282849,44.0,3.0,41.0,137.37583500007167,2026-03-16T02:58:08Z,2026-03-16T03:00:26Z
uniform_vs_heterogeneous_regime_mapping_v1_beta_prime__theta,uniform_vs_heterogeneous_regime_mapping_v1_meta_beta_prime__theta,beta_prime__theta,76,beta_prime,7,38.0,theta,10,0.5409999999999999,uniform,baseline,beta_prime__theta_grid_76_uniform,completed,,,38.0,0.5409999999999999,0.05,0.01,5,3.0,38.0,0.5409999999999999,0.05,0.01,,,100,uniform,,,,2862836678,694776874,3539243271,5.330614941044515,59.0,6.0,53.0,93.55682579986751,2026-03-16T03:00:26Z,2026-03-16T03:01:59Z
uniform_vs_heterogeneous_regime_mapping_v1_beta_prime__theta,uniform_vs_heterogeneous_regime_mapping_v1_meta_beta_prime__theta,beta_prime__theta,76,beta_prime,7,38.0,theta,10,0.5409999999999999,heterogeneous,candidate,beta_prime__theta_grid_76_heterogeneous,completed,,,38.0,0.5409999999999999,0.05,0.01,5,3.0,38.0,0.5409999999999999,0.05,0.01,5,3.0,100,distributional_beta,random,equal,3897761708,2862836678,694776874,3539243271,5.450954134168464,37.0,3.0,34.0,136.9506494998932,2026-03-16T03:01:59Z,2026-03-16T03:04:16Z
uniform_vs_heterogeneous_regime_mapping_v1_beta_prime__theta,uniform_vs_heterogeneous_regime_mapping_v1_meta_beta_prime__theta,beta_prime__theta,77,beta_prime,7,38.0,theta,11,0.6,uniform,baseline,beta_prime__theta_grid_77_uniform,completed,,,38.0,0.6,0.05,0.01,5,3.0,38.0,0.6,0.05,0.01,,,100,uniform,,,,2278151636,1169045808,4262093853,3.43224359476444,64.0,7.0,57.0,93.61703580012545,2026-03-16T03:04:16Z,2026-03-16T03:05:50Z
uniform_vs_heterogeneous_regime_mapping_v1_beta_prime__theta,uniform_vs_heterogeneous_regime_mapping_v1_meta_beta_prime__theta,beta_prime__theta,77,beta_prime,7,38.0,theta,11,0.6,heterogeneous,candidate,beta_prime__theta_grid_77_heterogeneous,completed,,,38.0,0.6,0.05,0.01,5,3.0,38.0,0.6,0.05,0.01,5,3.0,100,distributional_beta,random,equal,3897761708,2278151636,1169045808,4262093853,3.5698331629733207,45.0,6.0,39.0,137.1909512002021,2026-03-16T03:05:50Z,2026-03-16T03:08:07Z
uniform_vs_heterogeneous_regime_mapping_v1_beta_prime__theta,uniform_vs_heterogeneous_regime_mapping_v1_meta_beta_prime__theta,beta_prime__theta,78,beta_prime,8,41.0,theta,1,0.01,uniform,baseline,beta_prime__theta_grid_78_uniform,completed,,,41.0,0.01,0.05,0.01,5,3.0,41.0,0.01,0.05,0.01,,,100,uniform,,,,740591845,4100341623,420942998,2.440934212502899,68.0,11.0,57.0,93.64713930012658,2026-03-16T03:08:07Z,2026-03-16T03:09:41Z
uniform_vs_heterogeneous_regime_mapping_v1_beta_prime__theta,uniform_vs_heterogeneous_regime_mapping_v1_meta_beta_prime__theta,beta_prime__theta,78,beta_prime,8,41.0,theta,1,0.01,heterogeneous,candidate,beta_prime__theta_grid_78_heterogeneous,completed,,,41.0,0.01,0.05,0.01,5,3.0,41.0,0.01,0.05,0.01,5,3.0,100,distributional_beta,random,equal,3897761708,740591845,4100341623,420942998,3.3601844251767408,86.0,50.0,36.0,136.95419920003042,2026-03-16T03:09:41Z,2026-03-16T03:11:58Z
uniform_vs_heterogeneous_regime_mapping_v1_beta_prime__theta,uniform_vs_heterogeneous_regime_mapping_v1_meta_beta_prime__theta,beta_prime__theta,79,beta_prime,8,41.0,theta,2,0.06899999999999999,uniform,baseline,beta_prime__theta_grid_79_uniform,completed,,,41.0,0.06899999999999999,0.05,0.01,5,3.0,41.0,0.06899999999999999,0.05,0.01,,,100,uniform,,,,739349512,1657496065,552080929,5.309466497445967,83.0,6.0,77.0,93.3964430000633,2026-03-16T03:11:58Z,2026-03-16T03:13:31Z
uniform_vs_heterogeneous_regime_mapping_v1_beta_prime__theta,uniform_vs_heterogeneous_regime_mapping_v1_meta_beta_prime__theta,beta_prime__theta,79,beta_prime,8,41.0,theta,2,0.06899999999999999,heterogeneous,candidate,beta_prime__theta_grid_79_heterogeneous,completed,,,41.0,0.06899999999999999,0.05,0.01,5,3.0,41.0,0.06899999999999999,0.05,0.01,5,3.0,100,distributional_beta,random,equal,3897761708,739349512,1657496065,552080929,5.335473089501277,69.0,6.0,63.0,136.98324700025842,2026-03-16T03:13:31Z,2026-03-16T03:15:48Z
uniform_vs_heterogeneous_regime_mapping_v1_beta_prime__theta,uniform_vs_heterogeneous_regime_mapping_v1_meta_beta_prime__theta,beta_prime__theta,80,beta_prime,8,41.0,theta,3,0.128,uniform,baseline,beta_prime__theta_grid_80_uniform,completed,,,41.0,0.128,0.05,0.01,5,3.0,41.0,0.128,0.05,0.01,,,100,uniform,,,,1323919646,3332646679,2403702811,6.3691276097190785,73.0,8.0,65.0,93.52752749994397,2026-03-16T03:15:48Z,2026-03-16T03:17:22Z
uniform_vs_heterogeneous_regime_mapping_v1_beta_prime__theta,uniform_vs_heterogeneous_regime_mapping_v1_meta_beta_prime__theta,beta_prime__theta,80,beta_prime,8,41.0,theta,3,0.128,heterogeneous,candidate,beta_prime__theta_grid_80_heterogeneous,completed,,,41.0,0.128,0.05,0.01,5,3.0,41.0,0.128,0.05,0.01,5,3.0,100,distributional_beta,random,equal,3897761708,1323919646,3332646679,2403702811,5.967367336200878,52.0,5.0,47.0,137.08911149995402,2026-03-16T03:17:22Z,2026-03-16T03:19:39Z
uniform_vs_heterogeneous_regime_mapping_v1_beta_prime__theta,uniform_vs_heterogeneous_regime_mapping_v1_meta_beta_prime__theta,beta_prime__theta,81,beta_prime,8,41.0,theta,4,0.187,uniform,baseline,beta_prime__theta_grid_81_uniform,completed,,,41.0,0.187,0.05,0.01,5,3.0,41.0,0.187,0.05,0.01,,,100,uniform,,,,3194878246,237065149,1694502857,5.224024192869503,65.0,6.0,59.0,93.54936620034277,2026-03-16T03:19:39Z,2026-03-16T03:21:12Z
uniform_vs_heterogeneous_regime_mapping_v1_beta_prime__theta,uniform_vs_heterogeneous_regime_mapping_v1_meta_beta_prime__theta,beta_prime__theta,81,beta_prime,8,41.0,theta,4,0.187,heterogeneous,candidate,beta_prime__theta_grid_81_heterogeneous,completed,,,41.0,0.187,0.05,0.01,5,3.0,41.0,0.187,0.05,0.01,5,3.0,100,distributional_beta,random,equal,3897761708,3194878246,237065149,1694502857,4.8696243808727075,46.0,6.0,40.0,138.27343380032107,2026-03-16T03:21:12Z,2026-03-16T03:23:30Z
uniform_vs_heterogeneous_regime_mapping_v1_beta_prime__theta,uniform_vs_heterogeneous_regime_mapping_v1_meta_beta_prime__theta,beta_prime__theta,82,beta_prime,8,41.0,theta,5,0.246,uniform,baseline,beta_prime__theta_grid_82_uniform,completed,,,41.0,0.246,0.05,0.01,5,3.0,41.0,0.246,0.05,0.01,,,100,uniform,,,,1980447107,2494224283,1230896977,5.96660563580078,73.0,8.0,65.0,93.41484150011092,2026-03-16T03:23:30Z,2026-03-16T03:25:04Z
uniform_vs_heterogeneous_regime_mapping_v1_beta_prime__theta,uniform_vs_heterogeneous_regime_mapping_v1_meta_beta_prime__theta,beta_prime__theta,82,beta_prime,8,41.0,theta,5,0.246,heterogeneous,candidate,beta_prime__theta_grid_82_heterogeneous,completed,,,41.0,0.246,0.05,0.01,5,3.0,41.0,0.246,0.05,0.01,5,3.0,100,distributional_beta,random,equal,3897761708,1980447107,2494224283,1230896977,5.764926331734991,55.0,6.0,49.0,137.79217629972845,2026-03-16T03:25:04Z,2026-03-16T03:27:22Z
uniform_vs_heterogeneous_regime_mapping_v1_beta_prime__theta,uniform_vs_heterogeneous_regime_mapping_v1_meta_beta_prime__theta,beta_prime__theta,83,beta_prime,8,41.0,theta,6,0.305,uniform,baseline,beta_prime__theta_grid_83_uniform,completed,,,41.0,0.305,0.05,0.01,5,3.0,41.0,0.305,0.05,0.01,,,100,uniform,,,,2812225581,3695467298,2724195123,5.040282134200231,77.0,12.0,65.0,93.52445389982313,2026-03-16T03:27:22Z,2026-03-16T03:28:55Z
uniform_vs_heterogeneous_regime_mapping_v1_beta_prime__theta,uniform_vs_heterogeneous_regime_mapping_v1_meta_beta_prime__theta,beta_prime__theta,83,beta_prime,8,41.0,theta,6,0.305,heterogeneous,candidate,beta_prime__theta_grid_83_heterogeneous,completed,,,41.0,0.305,0.05,0.01,5,3.0,41.0,0.305,0.05,0.01,5,3.0,100,distributional_beta,random,equal,3897761708,2812225581,3695467298,2724195123,4.994311505000676,60.0,5.0,55.0,136.64976479997858,2026-03-16T03:28:55Z,2026-03-16T03:31:12Z
uniform_vs_heterogeneous_regime_mapping_v1_beta_prime__theta,uniform_vs_heterogeneous_regime_mapping_v1_meta_beta_prime__theta,beta_prime__theta,84,beta_prime,8,41.0,theta,7,0.364,uniform,baseline,beta_prime__theta_grid_84_uniform,completed,,,41.0,0.364,0.05,0.01,5,3.0,41.0,0.364,0.05,0.01,,,100,uniform,,,,4078116839,3866088774,2385791191,4.700176564438129,73.0,11.0,62.0,93.30212859995663,2026-03-16T03:31:12Z,2026-03-16T03:32:45Z
uniform_vs_heterogeneous_regime_mapping_v1_beta_prime__theta,uniform_vs_heterogeneous_regime_mapping_v1_meta_beta_prime__theta,beta_prime__theta,84,beta_prime,8,41.0,theta,7,0.364,heterogeneous,candidate,beta_prime__theta_grid_84_heterogeneous,completed,,,41.0,0.364,0.05,0.01,5,3.0,41.0,0.364,0.05,0.01,5,3.0,100,distributional_beta,random,equal,3897761708,4078116839,3866088774,2385791191,4.63088369051539,53.0,6.0,47.0,135.8026877003722,2026-03-16T03:32:45Z,2026-03-16T03:35:01Z
uniform_vs_heterogeneous_regime_mapping_v1_beta_prime__theta,uniform_vs_heterogeneous_regime_mapping_v1_meta_beta_prime__theta,beta_prime__theta,85,beta_prime,8,41.0,theta,8,0.423,uniform,baseline,beta_prime__theta_grid_85_uniform,completed,,,41.0,0.423,0.05,0.01,5,3.0,41.0,0.423,0.05,0.01,,,100,uniform,,,,360791998,3759787954,2366511329,4.0807773696207486,64.0,8.0,56.0,93.61166429985315,2026-03-16T03:35:01Z,2026-03-16T03:36:35Z
uniform_vs_heterogeneous_regime_mapping_v1_beta_prime__theta,uniform_vs_heterogeneous_regime_mapping_v1_meta_beta_prime__theta,beta_prime__theta,85,beta_prime,8,41.0,theta,8,0.423,heterogeneous,candidate,beta_prime__theta_grid_85_heterogeneous,completed,,,41.0,0.423,0.05,0.01,5,3.0,41.0,0.423,0.05,0.01,5,3.0,100,distributional_beta,random,equal,3897761708,360791998,3759787954,2366511329,4.166112639298849,50.0,6.0,44.0,140.65857629990205,2026-03-16T03:36:35Z,2026-03-16T03:38:55Z
uniform_vs_heterogeneous_regime_mapping_v1_beta_prime__theta,uniform_vs_heterogeneous_regime_mapping_v1_meta_beta_prime__theta,beta_prime__theta,86,beta_prime,8,41.0,theta,9,0.482,uniform,baseline,beta_prime__theta_grid_86_uniform,completed,,,41.0,0.482,0.05,0.01,5,3.0,41.0,0.482,0.05,0.01,,,100,uniform,,,,2835264557,2730710268,3650938485,4.015641870587908,57.0,7.0,50.0,93.58924160012975,2026-03-16T03:38:55Z,2026-03-16T03:40:29Z
uniform_vs_heterogeneous_regime_mapping_v1_beta_prime__theta,uniform_vs_heterogeneous_regime_mapping_v1_meta_beta_prime__theta,beta_prime__theta,86,beta_prime,8,41.0,theta,9,0.482,heterogeneous,candidate,beta_prime__theta_grid_86_heterogeneous,completed,,,41.0,0.482,0.05,0.01,5,3.0,41.0,0.482,0.05,0.01,5,3.0,100,distributional_beta,random,equal,3897761708,2835264557,2730710268,3650938485,4.235660961864937,36.0,5.0,31.0,138.0418666996993,2026-03-16T03:40:29Z,2026-03-16T03:42:47Z
uniform_vs_heterogeneous_regime_mapping_v1_beta_prime__theta,uniform_vs_heterogeneous_regime_mapping_v1_meta_beta_prime__theta,beta_prime__theta,87,beta_prime,8,41.0,theta,10,0.5409999999999999,uniform,baseline,beta_prime__theta_grid_87_uniform,completed,,,41.0,0.5409999999999999,0.05,0.01,5,3.0,41.0,0.5409999999999999,0.05,0.01,,,100,uniform,,,,3600459750,1457513753,2730766268,4.114539666920123,59.0,8.0,51.0,93.2871607998386,2026-03-16T03:42:47Z,2026-03-16T03:44:20Z
uniform_vs_heterogeneous_regime_mapping_v1_beta_prime__theta,uniform_vs_heterogeneous_regime_mapping_v1_meta_beta_prime__theta,beta_prime__theta,87,beta_prime,8,41.0,theta,10,0.5409999999999999,heterogeneous,candidate,beta_prime__theta_grid_87_heterogeneous,completed,,,41.0,0.5409999999999999,0.05,0.01,5,3.0,41.0,0.5409999999999999,0.05,0.01,5,3.0,100,distributional_beta,random,equal,3897761708,3600459750,1457513753,2730766268,4.232058082537259,44.0,5.0,39.0,137.41827350016683,2026-03-16T03:44:20Z,2026-03-16T03:46:38Z
uniform_vs_heterogeneous_regime_mapping_v1_beta_prime__theta,uniform_vs_heterogeneous_regime_mapping_v1_meta_beta_prime__theta,beta_prime__theta,88,beta_prime,8,41.0,theta,11,0.6,uniform,baseline,beta_prime__theta_grid_88_uniform,completed,,,41.0,0.6,0.05,0.01,5,3.0,41.0,0.6,0.05,0.01,,,100,uniform,,,,1640686540,3482870705,371467778,3.548138934160825,63.0,8.0,55.0,93.56449509970844,2026-03-16T03:46:38Z,2026-03-16T03:48:11Z
uniform_vs_heterogeneous_regime_mapping_v1_beta_prime__theta,uniform_vs_heterogeneous_regime_mapping_v1_meta_beta_prime__theta,beta_prime__theta,88,beta_prime,8,41.0,theta,11,0.6,heterogeneous,candidate,beta_prime__theta_grid_88_heterogeneous,completed,,,41.0,0.6,0.05,0.01,5,3.0,41.0,0.6,0.05,0.01,5,3.0,100,distributional_beta,random,equal,3897761708,1640686540,3482870705,371467778,4.078271461643363,46.0,5.0,41.0,137.42543550021946,2026-03-16T03:48:11Z,2026-03-16T03:50:29Z
uniform_vs_heterogeneous_regime_mapping_v1_beta_prime__theta,uniform_vs_heterogeneous_regime_mapping_v1_meta_beta_prime__theta,beta_prime__theta,89,beta_prime,9,44.0,theta,1,0.01,uniform,baseline,beta_prime__theta_grid_89_uniform,completed,,,44.0,0.01,0.05,0.01,5,3.0,44.0,0.01,0.05,0.01,,,100,uniform,,,,1352206775,1373754043,1070700840,2.4176775719579116,77.0,4.0,73.0,93.57854879973456,2026-03-16T03:50:29Z,2026-03-16T03:52:02Z
uniform_vs_heterogeneous_regime_mapping_v1_beta_prime__theta,uniform_vs_heterogeneous_regime_mapping_v1_meta_beta_prime__theta,beta_prime__theta,89,beta_prime,9,44.0,theta,1,0.01,heterogeneous,candidate,beta_prime__theta_grid_89_heterogeneous,completed,,,44.0,0.01,0.05,0.01,5,3.0,44.0,0.01,0.05,0.01,5,3.0,100,distributional_beta,random,equal,3897761708,1352206775,1373754043,1070700840,3.1229668282068612,82.0,22.0,60.0,136.60593120008707,2026-03-16T03:52:02Z,2026-03-16T03:54:19Z
uniform_vs_heterogeneous_regime_mapping_v1_beta_prime__theta,uniform_vs_heterogeneous_regime_mapping_v1_meta_beta_prime__theta,beta_prime__theta,90,beta_prime,9,44.0,theta,2,0.06899999999999999,uniform,baseline,beta_prime__theta_grid_90_uniform,completed,,,44.0,0.06899999999999999,0.05,0.01,5,3.0,44.0,0.06899999999999999,0.05,0.01,,,100,uniform,,,,914693185,2005729848,3915452197,4.705547329438231,81.0,5.0,76.0,93.47871079994366,2026-03-16T03:54:19Z,2026-03-16T03:55:52Z
uniform_vs_heterogeneous_regime_mapping_v1_beta_prime__theta,uniform_vs_heterogeneous_regime_mapping_v1_meta_beta_prime__theta,beta_prime__theta,90,beta_prime,9,44.0,theta,2,0.06899999999999999,heterogeneous,candidate,beta_prime__theta_grid_90_heterogeneous,completed,,,44.0,0.06899999999999999,0.05,0.01,5,3.0,44.0,0.06899999999999999,0.05,0.01,5,3.0,100,distributional_beta,random,equal,3897761708,914693185,2005729848,3915452197,4.315448389952555,71.0,7.0,64.0,137.03001429978758,2026-03-16T03:55:52Z,2026-03-16T03:58:09Z
uniform_vs_heterogeneous_regime_mapping_v1_beta_prime__theta,uniform_vs_heterogeneous_regime_mapping_v1_meta_beta_prime__theta,beta_prime__theta,91,beta_prime,9,44.0,theta,3,0.128,uniform,baseline,beta_prime__theta_grid_91_uniform,completed,,,44.0,0.128,0.05,0.01,5,3.0,44.0,0.128,0.05,0.01,,,100,uniform,,,,2835750687,3335461984,2390238070,5.60797905445999,79.0,12.0,67.0,93.51842670002952,2026-03-16T03:58:09Z,2026-03-16T03:59:43Z
uniform_vs_heterogeneous_regime_mapping_v1_beta_prime__theta,uniform_vs_heterogeneous_regime_mapping_v1_meta_beta_prime__theta,beta_prime__theta,91,beta_prime,9,44.0,theta,3,0.128,heterogeneous,candidate,beta_prime__theta_grid_91_heterogeneous,completed,,,44.0,0.128,0.05,0.01,5,3.0,44.0,0.128,0.05,0.01,5,3.0,100,distributional_beta,random,equal,3897761708,2835750687,3335461984,2390238070,5.245451561540644,63.0,7.0,56.0,136.78782319976017,2026-03-16T03:59:43Z,2026-03-16T04:02:00Z
uniform_vs_heterogeneous_regime_mapping_v1_beta_prime__theta,uniform_vs_heterogeneous_regime_mapping_v1_meta_beta_prime__theta,beta_prime__theta,92,beta_prime,9,44.0,theta,4,0.187,uniform,baseline,beta_prime__theta_grid_92_uniform,completed,,,44.0,0.187,0.05,0.01,5,3.0,44.0,0.187,0.05,0.01,,,100,uniform,,,,1581587163,3192496834,1238717762,5.252016462861171,75.0,9.0,66.0,93.58133079996333,2026-03-16T04:02:00Z,2026-03-16T04:03:33Z
uniform_vs_heterogeneous_regime_mapping_v1_beta_prime__theta,uniform_vs_heterogeneous_regime_mapping_v1_meta_beta_prime__theta,beta_prime__theta,92,beta_prime,9,44.0,theta,4,0.187,heterogeneous,candidate,beta_prime__theta_grid_92_heterogeneous,completed,,,44.0,0.187,0.05,0.01,5,3.0,44.0,0.187,0.05,0.01,5,3.0,100,distributional_beta,random,equal,3897761708,1581587163,3192496834,1238717762,5.132404490664876,57.0,8.0,49.0,137.27374249976128,2026-03-16T04:03:33Z,2026-03-16T04:05:50Z
uniform_vs_heterogeneous_regime_mapping_v1_beta_prime__theta,uniform_vs_heterogeneous_regime_mapping_v1_meta_beta_prime__theta,beta_prime__theta,93,beta_prime,9,44.0,theta,5,0.246,uniform,baseline,beta_prime__theta_grid_93_uniform,completed,,,44.0,0.246,0.05,0.01,5,3.0,44.0,0.246,0.05,0.01,,,100,uniform,,,,1895244887,1831987477,3273327923,4.367433646087563,58.0,10.0,48.0,93.5914736003615,2026-03-16T04:05:50Z,2026-03-16T04:07:24Z
uniform_vs_heterogeneous_regime_mapping_v1_beta_prime__theta,uniform_vs_heterogeneous_regime_mapping_v1_meta_beta_prime__theta,beta_prime__theta,93,beta_prime,9,44.0,theta,5,0.246,heterogeneous,candidate,beta_prime__theta_grid_93_heterogeneous,completed,,,44.0,0.246,0.05,0.01,5,3.0,44.0,0.246,0.05,0.01,5,3.0,100,distributional_beta,random,equal,3897761708,1895244887,1831987477,3273327923,4.563745612190625,35.0,5.0,30.0,136.629952899646,2026-03-16T04:07:24Z,2026-03-16T04:09:41Z
uniform_vs_heterogeneous_regime_mapping_v1_beta_prime__theta,uniform_vs_heterogeneous_regime_mapping_v1_meta_beta_prime__theta,beta_prime__theta,94,beta_prime,9,44.0,theta,6,0.305,uniform,baseline,beta_prime__theta_grid_94_uniform,completed,,,44.0,0.305,0.05,0.01,5,3.0,44.0,0.305,0.05,0.01,,,100,uniform,,,,3214643057,413097942,1713521914,4.509700166900395,73.0,12.0,61.0,93.72060190001503,2026-03-16T04:09:41Z,2026-03-16T04:11:14Z
uniform_vs_heterogeneous_regime_mapping_v1_beta_prime__theta,uniform_vs_heterogeneous_regime_mapping_v1_meta_beta_prime__theta,beta_prime__theta,94,beta_prime,9,44.0,theta,6,0.305,heterogeneous,candidate,beta_prime__theta_grid_94_heterogeneous,completed,,,44.0,0.305,0.05,0.01,5,3.0,44.0,0.305,0.05,0.01,5,3.0,100,distributional_beta,random,equal,3897761708,3214643057,413097942,1713521914,4.252373792157144,56.0,7.0,49.0,136.8635313999839,2026-03-16T04:11:14Z,2026-03-16T04:13:31Z
uniform_vs_heterogeneous_regime_mapping_v1_beta_prime__theta,uniform_vs_heterogeneous_regime_mapping_v1_meta_beta_prime__theta,beta_prime__theta,95,beta_prime,9,44.0,theta,7,0.364,uniform,baseline,beta_prime__theta_grid_95_uniform,completed,,,44.0,0.364,0.05,0.01,5,3.0,44.0,0.364,0.05,0.01,,,100,uniform,,,,754826404,3914237952,609773082,6.044132143301043,61.0,10.0,51.0,93.53991390019655,2026-03-16T04:13:31Z,2026-03-16T04:15:05Z
uniform_vs_heterogeneous_regime_mapping_v1_beta_prime__theta,uniform_vs_heterogeneous_regime_mapping_v1_meta_beta_prime__theta,beta_prime__theta,95,beta_prime,9,44.0,theta,7,0.364,heterogeneous,candidate,beta_prime__theta_grid_95_heterogeneous,completed,,,44.0,0.364,0.05,0.01,5,3.0,44.0,0.364,0.05,0.01,5,3.0,100,distributional_beta,random,equal,3897761708,754826404,3914237952,609773082,6.107449699255393,42.0,6.0,36.0,137.13061210000888,2026-03-16T04:15:05Z,2026-03-16T04:17:22Z
uniform_vs_heterogeneous_regime_mapping_v1_beta_prime__theta,uniform_vs_heterogeneous_regime_mapping_v1_meta_beta_prime__theta,beta_prime__theta,96,beta_prime,9,44.0,theta,8,0.423,uniform,baseline,beta_prime__theta_grid_96_uniform,completed,,,44.0,0.423,0.05,0.01,5,3.0,44.0,0.423,0.05,0.01,,,100,uniform,,,,2430271523,3620614577,1025835085,3.2422910902521824,62.0,12.0,50.0,93.54056379990652,2026-03-16T04:17:22Z,2026-03-16T04:18:55Z
uniform_vs_heterogeneous_regime_mapping_v1_beta_prime__theta,uniform_vs_heterogeneous_regime_mapping_v1_meta_beta_prime__theta,beta_prime__theta,96,beta_prime,9,44.0,theta,8,0.423,heterogeneous,candidate,beta_prime__theta_grid_96_heterogeneous,completed,,,44.0,0.423,0.05,0.01,5,3.0,44.0,0.423,0.05,0.01,5,3.0,100,distributional_beta,random,equal,3897761708,2430271523,3620614577,1025835085,3.063859692045124,44.0,6.0,38.0,136.65605699969456,2026-03-16T04:18:55Z,2026-03-16T04:21:12Z
uniform_vs_heterogeneous_regime_mapping_v1_beta_prime__theta,uniform_vs_heterogeneous_regime_mapping_v1_meta_beta_prime__theta,beta_prime__theta,97,beta_prime,9,44.0,theta,9,0.482,uniform,baseline,beta_prime__theta_grid_97_uniform,completed,,,44.0,0.482,0.05,0.01,5,3.0,44.0,0.482,0.05,0.01,,,100,uniform,,,,3021065059,1451849369,3420119044,5.519065351782233,61.0,12.0,49.0,93.62785550020635,2026-03-16T04:21:12Z,2026-03-16T04:22:46Z
uniform_vs_heterogeneous_regime_mapping_v1_beta_prime__theta,uniform_vs_heterogeneous_regime_mapping_v1_meta_beta_prime__theta,beta_prime__theta,97,beta_prime,9,44.0,theta,9,0.482,heterogeneous,candidate,beta_prime__theta_grid_97_heterogeneous,completed,,,44.0,0.482,0.05,0.01,5,3.0,44.0,0.482,0.05,0.01,5,3.0,100,distributional_beta,random,equal,3897761708,3021065059,1451849369,3420119044,5.513032586245076,42.0,5.0,37.0,136.50314409984276,2026-03-16T04:22:46Z,2026-03-16T04:25:02Z
uniform_vs_heterogeneous_regime_mapping_v1_beta_prime__theta,uniform_vs_heterogeneous_regime_mapping_v1_meta_beta_prime__theta,beta_prime__theta,98,beta_prime,9,44.0,theta,10,0.5409999999999999,uniform,baseline,beta_prime__theta_grid_98_uniform,completed,,,44.0,0.5409999999999999,0.05,0.01,5,3.0,44.0,0.5409999999999999,0.05,0.01,,,100,uniform,,,,295593669,2531581051,807761131,6.087251047323378,61.0,10.0,51.0,93.68552879989147,2026-03-16T04:25:02Z,2026-03-16T04:26:36Z
uniform_vs_heterogeneous_regime_mapping_v1_beta_prime__theta,uniform_vs_heterogeneous_regime_mapping_v1_meta_beta_prime__theta,beta_prime__theta,98,beta_prime,9,44.0,theta,10,0.5409999999999999,heterogeneous,candidate,beta_prime__theta_grid_98_heterogeneous,completed,,,44.0,0.5409999999999999,0.05,0.01,5,3.0,44.0,0.5409999999999999,0.05,0.01,5,3.0,100,distributional_beta,random,equal,3897761708,295593669,2531581051,807761131,6.133221988870884,40.0,6.0,34.0,136.5316844000481,2026-03-16T04:26:36Z,2026-03-16T04:28:52Z
uniform_vs_heterogeneous_regime_mapping_v1_beta_prime__theta,uniform_vs_heterogeneous_regime_mapping_v1_meta_beta_prime__theta,beta_prime__theta,99,beta_prime,9,44.0,theta,11,0.6,uniform,baseline,beta_prime__theta_grid_99_uniform,completed,,,44.0,0.6,0.05,0.01,5,3.0,44.0,0.6,0.05,0.01,,,100,uniform,,,,4160665652,36835708,2922188162,4.800412260957545,59.0,9.0,50.0,93.88124410016462,2026-03-16T04:28:52Z,2026-03-16T04:30:26Z
uniform_vs_heterogeneous_regime_mapping_v1_beta_prime__theta,uniform_vs_heterogeneous_regime_mapping_v1_meta_beta_prime__theta,beta_prime__theta,99,beta_prime,9,44.0,theta,11,0.6,heterogeneous,candidate,beta_prime__theta_grid_99_heterogeneous,completed,,,44.0,0.6,0.05,0.01,5,3.0,44.0,0.6,0.05,0.01,5,3.0,100,distributional_beta,random,equal,3897761708,4160665652,36835708,2922188162,5.238607483923145,42.0,6.0,36.0,136.48110690014437,2026-03-16T04:30:26Z,2026-03-16T04:32:43Z
uniform_vs_heterogeneous_regime_mapping_v1_beta_prime__theta,uniform_vs_heterogeneous_regime_mapping_v1_meta_beta_prime__theta,beta_prime__theta,100,beta_prime,10,47.0,theta,1,0.01,uniform,baseline,beta_prime__theta_grid_100_uniform,completed,,,47.0,0.01,0.05,0.01,5,3.0,47.0,0.01,0.05,0.01,,,100,uniform,,,,2272770299,3291017162,751073784,2.4407426169199304,74.0,6.0,68.0,93.69594650017098,2026-03-16T04:32:43Z,2026-03-16T04:34:17Z
uniform_vs_heterogeneous_regime_mapping_v1_beta_prime__theta,uniform_vs_heterogeneous_regime_mapping_v1_meta_beta_prime__theta,beta_prime__theta,100,beta_prime,10,47.0,theta,1,0.01,heterogeneous,candidate,beta_prime__theta_grid_100_heterogeneous,completed,,,47.0,0.01,0.05,0.01,5,3.0,47.0,0.01,0.05,0.01,5,3.0,100,distributional_beta,random,equal,3897761708,2272770299,3291017162,751073784,3.2665373351633615,81.0,35.0,46.0,136.71940870024264,2026-03-16T04:34:17Z,2026-03-16T04:36:33Z
uniform_vs_heterogeneous_regime_mapping_v1_beta_prime__theta,uniform_vs_heterogeneous_regime_mapping_v1_meta_beta_prime__theta,beta_prime__theta,101,beta_prime,10,47.0,theta,2,0.06899999999999999,uniform,baseline,beta_prime__theta_grid_101_uniform,completed,,,47.0,0.06899999999999999,0.05,0.01,5,3.0,47.0,0.06899999999999999,0.05,0.01,,,100,uniform,,,,1065291831,3175857252,1734672798,6.16986486180827,96.0,37.0,59.0,93.43631560029462,2026-03-16T04:36:33Z,2026-03-16T04:38:07Z
uniform_vs_heterogeneous_regime_mapping_v1_beta_prime__theta,uniform_vs_heterogeneous_regime_mapping_v1_meta_beta_prime__theta,beta_prime__theta,101,beta_prime,10,47.0,theta,2,0.06899999999999999,heterogeneous,candidate,beta_prime__theta_grid_101_heterogeneous,completed,,,47.0,0.06899999999999999,0.05,0.01,5,3.0,47.0,0.06899999999999999,0.05,0.01,5,3.0,100,distributional_beta,random,equal,3897761708,1065291831,3175857252,1734672798,6.089338079974958,89.0,49.0,40.0,137.20734959980473,2026-03-16T04:38:07Z,2026-03-16T04:40:24Z
uniform_vs_heterogeneous_regime_mapping_v1_beta_prime__theta,uniform_vs_heterogeneous_regime_mapping_v1_meta_beta_prime__theta,beta_prime__theta,102,beta_prime,10,47.0,theta,3,0.128,uniform,baseline,beta_prime__theta_grid_102_uniform,completed,,,47.0,0.128,0.05,0.01,5,3.0,47.0,0.128,0.05,0.01,,,100,uniform,,,,1887137874,298918337,3009373744,5.796776351502162,83.0,21.0,62.0,93.54410520009696,2026-03-16T04:40:24Z,2026-03-16T04:41:57Z
uniform_vs_heterogeneous_regime_mapping_v1_beta_prime__theta,uniform_vs_heterogeneous_regime_mapping_v1_meta_beta_prime__theta,beta_prime__theta,102,beta_prime,10,47.0,theta,3,0.128,heterogeneous,candidate,beta_prime__theta_grid_102_heterogeneous,completed,,,47.0,0.128,0.05,0.01,5,3.0,47.0,0.128,0.05,0.01,5,3.0,100,distributional_beta,random,equal,3897761708,1887137874,298918337,3009373744,5.89519135245283,70.0,15.0,55.0,137.6371023003012,2026-03-16T04:41:57Z,2026-03-16T04:44:15Z
uniform_vs_heterogeneous_regime_mapping_v1_beta_prime__theta,uniform_vs_heterogeneous_regime_mapping_v1_meta_beta_prime__theta,beta_prime__theta,103,beta_prime,10,47.0,theta,4,0.187,uniform,baseline,beta_prime__theta_grid_103_uniform,completed,,,47.0,0.187,0.05,0.01,5,3.0,47.0,0.187,0.05,0.01,,,100,uniform,,,,1286178840,3686406010,4190258427,4.8286299828900905,76.0,23.0,53.0,93.51068340009078,2026-03-16T04:44:15Z,2026-03-16T04:45:49Z
uniform_vs_heterogeneous_regime_mapping_v1_beta_prime__theta,uniform_vs_heterogeneous_regime_mapping_v1_meta_beta_prime__theta,beta_prime__theta,103,beta_prime,10,47.0,theta,4,0.187,heterogeneous,candidate,beta_prime__theta_grid_103_heterogeneous,completed,,,47.0,0.187,0.05,0.01,5,3.0,47.0,0.187,0.05,0.01,5,3.0,100,distributional_beta,random,equal,3897761708,1286178840,3686406010,4190258427,4.3699511227126635,59.0,9.0,50.0,137.09855100000277,2026-03-16T04:45:49Z,2026-03-16T04:48:06Z
uniform_vs_heterogeneous_regime_mapping_v1_beta_prime__theta,uniform_vs_heterogeneous_regime_mapping_v1_meta_beta_prime__theta,beta_prime__theta,104,beta_prime,10,47.0,theta,5,0.246,uniform,baseline,beta_prime__theta_grid_104_uniform,completed,,,47.0,0.246,0.05,0.01,5,3.0,47.0,0.246,0.05,0.01,,,100,uniform,,,,3495592210,147377807,3517605808,6.066269037435165,86.0,33.0,53.0,93.58853759989142,2026-03-16T04:48:06Z,2026-03-16T04:49:39Z
uniform_vs_heterogeneous_regime_mapping_v1_beta_prime__theta,uniform_vs_heterogeneous_regime_mapping_v1_meta_beta_prime__theta,beta_prime__theta,104,beta_prime,10,47.0,theta,5,0.246,heterogeneous,candidate,beta_prime__theta_grid_104_heterogeneous,completed,,,47.0,0.246,0.05,0.01,5,3.0,47.0,0.246,0.05,0.01,5,3.0,100,distributional_beta,random,equal,3897761708,3495592210,147377807,3517605808,5.87318866498072,73.0,23.0,50.0,137.0983174997382,2026-03-16T04:49:39Z,2026-03-16T04:51:56Z
uniform_vs_heterogeneous_regime_mapping_v1_beta_prime__theta,uniform_vs_heterogeneous_regime_mapping_v1_meta_beta_prime__theta,beta_prime__theta,105,beta_prime,10,47.0,theta,6,0.305,uniform,baseline,beta_prime__theta_grid_105_uniform,completed,,,47.0,0.305,0.05,0.01,5,3.0,47.0,0.305,0.05,0.01,,,100,uniform,,,,2744954352,3117083050,522392297,5.098512476525906,78.0,24.0,54.0,93.45802030013874,2026-03-16T04:51:56Z,2026-03-16T04:53:30Z
uniform_vs_heterogeneous_regime_mapping_v1_beta_prime__theta,uniform_vs_heterogeneous_regime_mapping_v1_meta_beta_prime__theta,beta_prime__theta,105,beta_prime,10,47.0,theta,6,0.305,heterogeneous,candidate,beta_prime__theta_grid_105_heterogeneous,completed,,,47.0,0.305,0.05,0.01,5,3.0,47.0,0.305,0.05,0.01,5,3.0,100,distributional_beta,random,equal,3897761708,2744954352,3117083050,522392297,5.180544523253566,59.0,13.0,46.0,137.09172999998555,2026-03-16T04:53:30Z,2026-03-16T04:55:47Z
uniform_vs_heterogeneous_regime_mapping_v1_beta_prime__theta,uniform_vs_heterogeneous_regime_mapping_v1_meta_beta_prime__theta,beta_prime__theta,106,beta_prime,10,47.0,theta,7,0.364,uniform,baseline,beta_prime__theta_grid_106_uniform,completed,,,47.0,0.364,0.05,0.01,5,3.0,47.0,0.364,0.05,0.01,,,100,uniform,,,,2911530073,4244674546,2506541798,6.539500149123458,57.0,13.0,44.0,93.54998449981213,2026-03-16T04:55:47Z,2026-03-16T04:57:20Z
uniform_vs_heterogeneous_regime_mapping_v1_beta_prime__theta,uniform_vs_heterogeneous_regime_mapping_v1_meta_beta_prime__theta,beta_prime__theta,106,beta_prime,10,47.0,theta,7,0.364,heterogeneous,candidate,beta_prime__theta_grid_106_heterogeneous,completed,,,47.0,0.364,0.05,0.01,5,3.0,47.0,0.364,0.05,0.01,5,3.0,100,distributional_beta,random,equal,3897761708,2911530073,4244674546,2506541798,6.267620842648533,36.0,7.0,29.0,136.79354170011356,2026-03-16T04:57:20Z,2026-03-16T04:59:37Z
uniform_vs_heterogeneous_regime_mapping_v1_beta_prime__theta,uniform_vs_heterogeneous_regime_mapping_v1_meta_beta_prime__theta,beta_prime__theta,107,beta_prime,10,47.0,theta,8,0.423,uniform,baseline,beta_prime__theta_grid_107_uniform,completed,,,47.0,0.423,0.05,0.01,5,3.0,47.0,0.423,0.05,0.01,,,100,uniform,,,,3852134245,3654193925,2441700079,4.210028861044957,62.0,14.0,48.0,93.76315969973803,2026-03-16T04:59:37Z,2026-03-16T05:01:11Z
uniform_vs_heterogeneous_regime_mapping_v1_beta_prime__theta,uniform_vs_heterogeneous_regime_mapping_v1_meta_beta_prime__theta,beta_prime__theta,107,beta_prime,10,47.0,theta,8,0.423,heterogeneous,candidate,beta_prime__theta_grid_107_heterogeneous,completed,,,47.0,0.423,0.05,0.01,5,3.0,47.0,0.423,0.05,0.01,5,3.0,100,distributional_beta,random,equal,3897761708,3852134245,3654193925,2441700079,4.301743353913358,43.0,6.0,37.0,137.6257442003116,2026-03-16T05:01:11Z,2026-03-16T05:03:29Z
uniform_vs_heterogeneous_regime_mapping_v1_beta_prime__theta,uniform_vs_heterogeneous_regime_mapping_v1_meta_beta_prime__theta,beta_prime__theta,108,beta_prime,10,47.0,theta,9,0.482,uniform,baseline,beta_prime__theta_grid_108_uniform,completed,,,47.0,0.482,0.05,0.01,5,3.0,47.0,0.482,0.05,0.01,,,100,uniform,,,,2023143690,1254659695,1025110329,4.07475327259902,58.0,15.0,43.0,93.90273620001972,2026-03-16T05:03:29Z,2026-03-16T05:05:03Z
uniform_vs_heterogeneous_regime_mapping_v1_beta_prime__theta,uniform_vs_heterogeneous_regime_mapping_v1_meta_beta_prime__theta,beta_prime__theta,108,beta_prime,10,47.0,theta,9,0.482,heterogeneous,candidate,beta_prime__theta_grid_108_heterogeneous,completed,,,47.0,0.482,0.05,0.01,5,3.0,47.0,0.482,0.05,0.01,5,3.0,100,distributional_beta,random,equal,3897761708,2023143690,1254659695,1025110329,3.9888632596491735,35.0,6.0,29.0,137.0355680002831,2026-03-16T05:05:03Z,2026-03-16T05:07:20Z
uniform_vs_heterogeneous_regime_mapping_v1_beta_prime__theta,uniform_vs_heterogeneous_regime_mapping_v1_meta_beta_prime__theta,beta_prime__theta,109,beta_prime,10,47.0,theta,10,0.5409999999999999,uniform,baseline,beta_prime__theta_grid_109_uniform,completed,,,47.0,0.5409999999999999,0.05,0.01,5,3.0,47.0,0.5409999999999999,0.05,0.01,,,100,uniform,,,,875667003,4066930353,3340755503,5.264678247256079,61.0,13.0,48.0,93.60224559996277,2026-03-16T05:07:20Z,2026-03-16T05:08:53Z
uniform_vs_heterogeneous_regime_mapping_v1_beta_prime__theta,uniform_vs_heterogeneous_regime_mapping_v1_meta_beta_prime__theta,beta_prime__theta,109,beta_prime,10,47.0,theta,10,0.5409999999999999,heterogeneous,candidate,beta_prime__theta_grid_109_heterogeneous,completed,,,47.0,0.5409999999999999,0.05,0.01,5,3.0,47.0,0.5409999999999999,0.05,0.01,5,3.0,100,distributional_beta,random,equal,3897761708,875667003,4066930353,3340755503,5.331268729913509,37.0,7.0,30.0,137.8129032999277,2026-03-16T05:08:53Z,2026-03-16T05:11:11Z
uniform_vs_heterogeneous_regime_mapping_v1_beta_prime__theta,uniform_vs_heterogeneous_regime_mapping_v1_meta_beta_prime__theta,beta_prime__theta,110,beta_prime,10,47.0,theta,11,0.6,uniform,baseline,beta_prime__theta_grid_110_uniform,completed,,,47.0,0.6,0.05,0.01,5,3.0,47.0,0.6,0.05,0.01,,,100,uniform,,,,1158476047,626795770,1054345743,5.06528506945935,59.0,15.0,44.0,93.69101890036836,2026-03-16T05:11:11Z,2026-03-16T05:12:45Z
uniform_vs_heterogeneous_regime_mapping_v1_beta_prime__theta,uniform_vs_heterogeneous_regime_mapping_v1_meta_beta_prime__theta,beta_prime__theta,110,beta_prime,10,47.0,theta,11,0.6,heterogeneous,candidate,beta_prime__theta_grid_110_heterogeneous,completed,,,47.0,0.6,0.05,0.01,5,3.0,47.0,0.6,0.05,0.01,5,3.0,100,distributional_beta,random,equal,3897761708,1158476047,626795770,1054345743,4.945436299117052,38.0,7.0,31.0,136.81071299966425,2026-03-16T05:12:45Z,2026-03-16T05:15:02Z
uniform_vs_heterogeneous_regime_mapping_v1_beta_prime__theta,uniform_vs_heterogeneous_regime_mapping_v1_meta_beta_prime__theta,beta_prime__theta,111,beta_prime,11,50.0,theta,1,0.01,uniform,baseline,beta_prime__theta_grid_111_uniform,completed,,,50.0,0.01,0.05,0.01,5,3.0,50.0,0.01,0.05,0.01,,,100,uniform,,,,1585855569,3768139060,2843832576,2.4892655609042666,66.0,29.0,37.0,93.60525060025975,2026-03-16T05:15:02Z,2026-03-16T05:16:35Z
uniform_vs_heterogeneous_regime_mapping_v1_beta_prime__theta,uniform_vs_heterogeneous_regime_mapping_v1_meta_beta_prime__theta,beta_prime__theta,111,beta_prime,11,50.0,theta,1,0.01,heterogeneous,candidate,beta_prime__theta_grid_111_heterogeneous,completed,,,50.0,0.01,0.05,0.01,5,3.0,50.0,0.01,0.05,0.01,5,3.0,100,distributional_beta,random,equal,3897761708,1585855569,3768139060,2843832576,2.9963179553233283,70.0,34.0,36.0,136.97687719995156,2026-03-16T05:16:35Z,2026-03-16T05:18:52Z
uniform_vs_heterogeneous_regime_mapping_v1_beta_prime__theta,uniform_vs_heterogeneous_regime_mapping_v1_meta_beta_prime__theta,beta_prime__theta,112,beta_prime,11,50.0,theta,2,0.06899999999999999,uniform,baseline,beta_prime__theta_grid_112_uniform,completed,,,50.0,0.06899999999999999,0.05,0.01,5,3.0,50.0,0.06899999999999999,0.05,0.01,,,100,uniform,,,,89918391,300333907,3336682671,5.059264671524282,84.0,24.0,60.0,93.78509660018608,2026-03-16T05:18:52Z,2026-03-16T05:20:26Z
uniform_vs_heterogeneous_regime_mapping_v1_beta_prime__theta,uniform_vs_heterogeneous_regime_mapping_v1_meta_beta_prime__theta,beta_prime__theta,112,beta_prime,11,50.0,theta,2,0.06899999999999999,heterogeneous,candidate,beta_prime__theta_grid_112_heterogeneous,completed,,,50.0,0.06899999999999999,0.05,0.01,5,3.0,50.0,0.06899999999999999,0.05,0.01,5,3.0,100,distributional_beta,random,equal,3897761708,89918391,300333907,3336682671,4.679742792966404,75.0,26.0,49.0,137.26848369976506,2026-03-16T05:20:26Z,2026-03-16T05:22:43Z
uniform_vs_heterogeneous_regime_mapping_v1_beta_prime__theta,uniform_vs_heterogeneous_regime_mapping_v1_meta_beta_prime__theta,beta_prime__theta,113,beta_prime,11,50.0,theta,3,0.128,uniform,baseline,beta_prime__theta_grid_113_uniform,completed,,,50.0,0.128,0.05,0.01,5,3.0,50.0,0.128,0.05,0.01,,,100,uniform,,,,128598513,1103094742,3397744645,4.51067594870199,64.0,17.0,47.0,93.51589130004868,2026-03-16T05:22:43Z,2026-03-16T05:24:17Z
uniform_vs_heterogeneous_regime_mapping_v1_beta_prime__theta,uniform_vs_heterogeneous_regime_mapping_v1_meta_beta_prime__theta,beta_prime__theta,113,beta_prime,11,50.0,theta,3,0.128,heterogeneous,candidate,beta_prime__theta_grid_113_heterogeneous,completed,,,50.0,0.128,0.05,0.01,5,3.0,50.0,0.128,0.05,0.01,5,3.0,100,distributional_beta,random,equal,3897761708,128598513,1103094742,3397744645,3.7300836136551285,44.0,7.0,37.0,137.32847950002179,2026-03-16T05:24:17Z,2026-03-16T05:26:34Z
uniform_vs_heterogeneous_regime_mapping_v1_beta_prime__theta,uniform_vs_heterogeneous_regime_mapping_v1_meta_beta_prime__theta,beta_prime__theta,114,beta_prime,11,50.0,theta,4,0.187,uniform,baseline,beta_prime__theta_grid_114_uniform,completed,,,50.0,0.187,0.05,0.01,5,3.0,50.0,0.187,0.05,0.01,,,100,uniform,,,,1716871987,2924469080,680738980,4.817023648591538,70.0,20.0,50.0,93.53945930022746,2026-03-16T05:26:34Z,2026-03-16T05:28:08Z
uniform_vs_heterogeneous_regime_mapping_v1_beta_prime__theta,uniform_vs_heterogeneous_regime_mapping_v1_meta_beta_prime__theta,beta_prime__theta,114,beta_prime,11,50.0,theta,4,0.187,heterogeneous,candidate,beta_prime__theta_grid_114_heterogeneous,completed,,,50.0,0.187,0.05,0.01,5,3.0,50.0,0.187,0.05,0.01,5,3.0,100,distributional_beta,random,equal,3897761708,1716871987,2924469080,680738980,4.889290389113278,46.0,9.0,37.0,136.65180230000988,2026-03-16T05:28:08Z,2026-03-16T05:30:24Z
uniform_vs_heterogeneous_regime_mapping_v1_beta_prime__theta,uniform_vs_heterogeneous_regime_mapping_v1_meta_beta_prime__theta,beta_prime__theta,115,beta_prime,11,50.0,theta,5,0.246,uniform,baseline,beta_prime__theta_grid_115_uniform,completed,,,50.0,0.246,0.05,0.01,5,3.0,50.0,0.246,0.05,0.01,,,100,uniform,,,,1888708746,3898112445,1496295809,4.152117236093911,77.0,30.0,47.0,94.0564943999052,2026-03-16T05:30:24Z,2026-03-16T05:31:58Z
uniform_vs_heterogeneous_regime_mapping_v1_beta_prime__theta,uniform_vs_heterogeneous_regime_mapping_v1_meta_beta_prime__theta,beta_prime__theta,115,beta_prime,11,50.0,theta,5,0.246,heterogeneous,candidate,beta_prime__theta_grid_115_heterogeneous,completed,,,50.0,0.246,0.05,0.01,5,3.0,50.0,0.246,0.05,0.01,5,3.0,100,distributional_beta,random,equal,3897761708,1888708746,3898112445,1496295809,3.5567294357635486,58.0,15.0,43.0,136.9943422996439,2026-03-16T05:31:58Z,2026-03-16T05:34:15Z
uniform_vs_heterogeneous_regime_mapping_v1_beta_prime__theta,uniform_vs_heterogeneous_regime_mapping_v1_meta_beta_prime__theta,beta_prime__theta,116,beta_prime,11,50.0,theta,6,0.305,uniform,baseline,beta_prime__theta_grid_116_uniform,completed,,,50.0,0.305,0.05,0.01,5,3.0,50.0,0.305,0.05,0.01,,,100,uniform,,,,3390548928,1860642052,2365131639,4.394844248650158,60.0,16.0,44.0,93.94790629995987,2026-03-16T05:34:15Z,2026-03-16T05:35:49Z
uniform_vs_heterogeneous_regime_mapping_v1_beta_prime__theta,uniform_vs_heterogeneous_regime_mapping_v1_meta_beta_prime__theta,beta_prime__theta,116,beta_prime,11,50.0,theta,6,0.305,heterogeneous,candidate,beta_prime__theta_grid_116_heterogeneous,completed,,,50.0,0.305,0.05,0.01,5,3.0,50.0,0.305,0.05,0.01,5,3.0,100,distributional_beta,random,equal,3897761708,3390548928,1860642052,2365131639,4.194392048435693,39.0,9.0,30.0,137.04425619961694,2026-03-16T05:35:49Z,2026-03-16T05:38:06Z
uniform_vs_heterogeneous_regime_mapping_v1_beta_prime__theta,uniform_vs_heterogeneous_regime_mapping_v1_meta_beta_prime__theta,beta_prime__theta,117,beta_prime,11,50.0,theta,7,0.364,uniform,baseline,beta_prime__theta_grid_117_uniform,completed,,,50.0,0.364,0.05,0.01,5,3.0,50.0,0.364,0.05,0.01,,,100,uniform,,,,656253064,3818063064,1216331064,3.813726012013185,68.0,18.0,50.0,93.71963339997455,2026-03-16T05:38:06Z,2026-03-16T05:39:40Z
uniform_vs_heterogeneous_regime_mapping_v1_beta_prime__theta,uniform_vs_heterogeneous_regime_mapping_v1_meta_beta_prime__theta,beta_prime__theta,117,beta_prime,11,50.0,theta,7,0.364,heterogeneous,candidate,beta_prime__theta_grid_117_heterogeneous,completed,,,50.0,0.364,0.05,0.01,5,3.0,50.0,0.364,0.05,0.01,5,3.0,100,distributional_beta,random,equal,3897761708,656253064,3818063064,1216331064,3.6000770138163314,46.0,9.0,37.0,137.2187535003759,2026-03-16T05:39:40Z,2026-03-16T05:41:57Z
uniform_vs_heterogeneous_regime_mapping_v1_beta_prime__theta,uniform_vs_heterogeneous_regime_mapping_v1_meta_beta_prime__theta,beta_prime__theta,118,beta_prime,11,50.0,theta,8,0.423,uniform,baseline,beta_prime__theta_grid_118_uniform,completed,,,50.0,0.423,0.05,0.01,5,3.0,50.0,0.423,0.05,0.01,,,100,uniform,,,,1706523125,330411143,2647856842,4.054186418306795,59.0,16.0,43.0,93.9522278001532,2026-03-16T05:41:57Z,2026-03-16T05:43:31Z
uniform_vs_heterogeneous_regime_mapping_v1_beta_prime__theta,uniform_vs_heterogeneous_regime_mapping_v1_meta_beta_prime__theta,beta_prime__theta,118,beta_prime,11,50.0,theta,8,0.423,heterogeneous,candidate,beta_prime__theta_grid_118_heterogeneous,completed,,,50.0,0.423,0.05,0.01,5,3.0,50.0,0.423,0.05,0.01,5,3.0,100,distributional_beta,random,equal,3897761708,1706523125,330411143,2647856842,4.066036975847069,35.0,8.0,27.0,137.26687909988686,2026-03-16T05:43:31Z,2026-03-16T05:45:48Z
uniform_vs_heterogeneous_regime_mapping_v1_beta_prime__theta,uniform_vs_heterogeneous_regime_mapping_v1_meta_beta_prime__theta,beta_prime__theta,119,beta_prime,11,50.0,theta,9,0.482,uniform,baseline,beta_prime__theta_grid_119_uniform,completed,,,50.0,0.482,0.05,0.01,5,3.0,50.0,0.482,0.05,0.01,,,100,uniform,,,,420462631,247569917,3433665116,3.2441208338302228,74.0,31.0,43.0,94.02698109997436,2026-03-16T05:45:48Z,2026-03-16T05:47:22Z
uniform_vs_heterogeneous_regime_mapping_v1_beta_prime__theta,uniform_vs_heterogeneous_regime_mapping_v1_meta_beta_prime__theta,beta_prime__theta,119,beta_prime,11,50.0,theta,9,0.482,heterogeneous,candidate,beta_prime__theta_grid_119_heterogeneous,completed,,,50.0,0.482,0.05,0.01,5,3.0,50.0,0.482,0.05,0.01,5,3.0,100,distributional_beta,random,equal,3897761708,420462631,247569917,3433665116,3.670208173752413,55.0,15.0,40.0,137.4161992999725,2026-03-16T05:47:22Z,2026-03-16T05:49:40Z
uniform_vs_heterogeneous_regime_mapping_v1_beta_prime__theta,uniform_vs_heterogeneous_regime_mapping_v1_meta_beta_prime__theta,beta_prime__theta,120,beta_prime,11,50.0,theta,10,0.5409999999999999,uniform,baseline,beta_prime__theta_grid_120_uniform,completed,,,50.0,0.5409999999999999,0.05,0.01,5,3.0,50.0,0.5409999999999999,0.05,0.01,,,100,uniform,,,,2275709012,956471336,2636605149,4.696185385323332,61.0,20.0,41.0,93.51717879995704,2026-03-16T05:49:40Z,2026-03-16T05:51:13Z
uniform_vs_heterogeneous_regime_mapping_v1_beta_prime__theta,uniform_vs_heterogeneous_regime_mapping_v1_meta_beta_prime__theta,beta_prime__theta,120,beta_prime,11,50.0,theta,10,0.5409999999999999,heterogeneous,candidate,beta_prime__theta_grid_120_heterogeneous,completed,,,50.0,0.5409999999999999,0.05,0.01,5,3.0,50.0,0.5409999999999999,0.05,0.01,5,3.0,100,distributional_beta,random,equal,3897761708,2275709012,956471336,2636605149,4.211536786576028,40.0,9.0,31.0,137.6044608997181,2026-03-16T05:51:13Z,2026-03-16T05:53:31Z
uniform_vs_heterogeneous_regime_mapping_v1_beta_prime__theta,uniform_vs_heterogeneous_regime_mapping_v1_meta_beta_prime__theta,beta_prime__theta,121,beta_prime,11,50.0,theta,11,0.6,uniform,baseline,beta_prime__theta_grid_121_uniform,completed,,,50.0,0.6,0.05,0.01,5,3.0,50.0,0.6,0.05,0.01,,,100,uniform,,,,818240068,3130530590,3234359148,2.65908669931554,56.0,16.0,40.0,93.30021800007671,2026-03-16T05:53:31Z,2026-03-16T05:55:04Z
uniform_vs_heterogeneous_regime_mapping_v1_beta_prime__theta,uniform_vs_heterogeneous_regime_mapping_v1_meta_beta_prime__theta,beta_prime__theta,121,beta_prime,11,50.0,theta,11,0.6,heterogeneous,candidate,beta_prime__theta_grid_121_heterogeneous,completed,,,50.0,0.6,0.05,0.01,5,3.0,50.0,0.6,0.05,0.01,5,3.0,100,distributional_beta,random,equal,3897761708,818240068,3130530590,3234359148,3.2213509480400164,31.0,8.0,23.0,137.25974799972028,2026-03-16T05:55:04Z,2026-03-16T05:57:22Z
