result_schema_version,study_id,run_id,trial_id,family,family_role,family_trial_index,optuna_study_name,optuna_trial_number,status,failure_code,failure_message,global_seed,trial_seed,input_signal_seed,mask_seed,morphology_seed,beta_prime,theta,gamma,m0,Nvirt,geometry_mode,morphology_scheme,morphology_n_instances,morphology_beta_spread,morphology_weights_mode,MC,KR,GR,CQ,CQ_formula,runtime_seconds,started_at_utc,finished_at_utc,resolved_config_path,trial_log_path
1.0,uniform_vs_heterogeneous_fixed_geometry_beta20_v2_seed_02,uniform_vs_heterogeneous_fixed_geometry_beta20_v2_seed_sweep_seed_02_2718281828,uniform_trial_0001,uniform,baseline,1,uniform_fixed_repeated_eval_study,0,completed,,,1234,557384437,4284584593,1099293797,,20.0,0.2,0.05,0.01,100,uniform,,,,,3.695236080817649,81.0,1.0,80.0,KR_minus_GR,95.0728823998943,2026-03-13T16:42:01Z,2026-03-13T16:43:36Z,results/raw/uniform_vs_heterogeneous_fixed_geometry_beta20_v2_seed_02/uniform_vs_heterogeneous_fixed_geometry_beta20_v2_seed_sweep_seed_02_2718281828/resolved_config.yaml,
1.0,uniform_vs_heterogeneous_fixed_geometry_beta20_v2_seed_02,uniform_vs_heterogeneous_fixed_geometry_beta20_v2_seed_sweep_seed_02_2718281828,uniform_trial_0002,uniform,baseline,2,uniform_fixed_repeated_eval_study,1,completed,,,1234,1420838081,3315515159,3245661404,,20.0,0.2,0.05,0.01,100,uniform,,,,,3.212799602839156,83.0,1.0,82.0,KR_minus_GR,94.98562669986859,2026-03-13T16:43:36Z,2026-03-13T16:45:11Z,results/raw/uniform_vs_heterogeneous_fixed_geometry_beta20_v2_seed_02/uniform_vs_heterogeneous_fixed_geometry_beta20_v2_seed_sweep_seed_02_2718281828/resolved_config.yaml,
1.0,uniform_vs_heterogeneous_fixed_geometry_beta20_v2_seed_02,uniform_vs_heterogeneous_fixed_geometry_beta20_v2_seed_sweep_seed_02_2718281828,uniform_trial_0003,uniform,baseline,3,uniform_fixed_repeated_eval_study,2,completed,,,1234,2877095840,2219982920,2590698115,,20.0,0.2,0.05,0.01,100,uniform,,,,,3.578931478247708,81.0,1.0,80.0,KR_minus_GR,95.07537019997835,2026-03-13T16:45:11Z,2026-03-13T16:46:46Z,results/raw/uniform_vs_heterogeneous_fixed_geometry_beta20_v2_seed_02/uniform_vs_heterogeneous_fixed_geometry_beta20_v2_seed_sweep_seed_02_2718281828/resolved_config.yaml,
1.0,uniform_vs_heterogeneous_fixed_geometry_beta20_v2_seed_02,uniform_vs_heterogeneous_fixed_geometry_beta20_v2_seed_sweep_seed_02_2718281828,uniform_trial_0004,uniform,baseline,4,uniform_fixed_repeated_eval_study,3,completed,,,1234,3324148202,3070274865,3406246820,,20.0,0.2,0.05,0.01,100,uniform,,,,,3.796476061549033,87.0,1.0,86.0,KR_minus_GR,94.77090789983049,2026-03-13T16:46:46Z,2026-03-13T16:48:21Z,results/raw/uniform_vs_heterogeneous_fixed_geometry_beta20_v2_seed_02/uniform_vs_heterogeneous_fixed_geometry_beta20_v2_seed_sweep_seed_02_2718281828/resolved_config.yaml,
1.0,uniform_vs_heterogeneous_fixed_geometry_beta20_v2_seed_02,uniform_vs_heterogeneous_fixed_geometry_beta20_v2_seed_sweep_seed_02_2718281828,uniform_trial_0005,uniform,baseline,5,uniform_fixed_repeated_eval_study,4,completed,,,1234,2730107343,836280899,272808745,,20.0,0.2,0.05,0.01,100,uniform,,,,,3.6630340974853466,79.0,1.0,78.0,KR_minus_GR,94.66729640006088,2026-03-13T16:48:21Z,2026-03-13T16:49:55Z,results/raw/uniform_vs_heterogeneous_fixed_geometry_beta20_v2_seed_02/uniform_vs_heterogeneous_fixed_geometry_beta20_v2_seed_sweep_seed_02_2718281828/resolved_config.yaml,
1.0,uniform_vs_heterogeneous_fixed_geometry_beta20_v2_seed_02,uniform_vs_heterogeneous_fixed_geometry_beta20_v2_seed_sweep_seed_02_2718281828,uniform_trial_0006,uniform,baseline,6,uniform_fixed_repeated_eval_study,5,completed,,,1234,845667455,3180735762,2366377893,,20.0,0.2,0.05,0.01,100,uniform,,,,,2.9859338722333906,77.0,1.0,76.0,KR_minus_GR,94.80506659997627,2026-03-13T16:49:55Z,2026-03-13T16:51:30Z,results/raw/uniform_vs_heterogeneous_fixed_geometry_beta20_v2_seed_02/uniform_vs_heterogeneous_fixed_geometry_beta20_v2_seed_sweep_seed_02_2718281828/resolved_config.yaml,
1.0,uniform_vs_heterogeneous_fixed_geometry_beta20_v2_seed_02,uniform_vs_heterogeneous_fixed_geometry_beta20_v2_seed_sweep_seed_02_2718281828,uniform_trial_0007,uniform,baseline,7,uniform_fixed_repeated_eval_study,6,completed,,,1234,2553641544,1534643511,559736296,,20.0,0.2,0.05,0.01,100,uniform,,,,,3.1671458285134264,82.0,1.0,81.0,KR_minus_GR,94.83559589996003,2026-03-13T16:51:30Z,2026-03-13T16:53:05Z,results/raw/uniform_vs_heterogeneous_fixed_geometry_beta20_v2_seed_02/uniform_vs_heterogeneous_fixed_geometry_beta20_v2_seed_sweep_seed_02_2718281828/resolved_config.yaml,
1.0,uniform_vs_heterogeneous_fixed_geometry_beta20_v2_seed_02,uniform_vs_heterogeneous_fixed_geometry_beta20_v2_seed_sweep_seed_02_2718281828,uniform_trial_0008,uniform,baseline,8,uniform_fixed_repeated_eval_study,7,completed,,,1234,820649975,3784784527,2505475035,,20.0,0.2,0.05,0.01,100,uniform,,,,,2.936453998051178,80.0,1.0,79.0,KR_minus_GR,94.8694845000282,2026-03-13T16:53:05Z,2026-03-13T16:54:40Z,results/raw/uniform_vs_heterogeneous_fixed_geometry_beta20_v2_seed_02/uniform_vs_heterogeneous_fixed_geometry_beta20_v2_seed_sweep_seed_02_2718281828/resolved_config.yaml,
1.0,uniform_vs_heterogeneous_fixed_geometry_beta20_v2_seed_02,uniform_vs_heterogeneous_fixed_geometry_beta20_v2_seed_sweep_seed_02_2718281828,uniform_trial_0009,uniform,baseline,9,uniform_fixed_repeated_eval_study,8,completed,,,1234,2861565625,3653215253,3702444616,,20.0,0.2,0.05,0.01,100,uniform,,,,,3.7794708191952955,79.0,1.0,78.0,KR_minus_GR,94.57716370001435,2026-03-13T16:54:40Z,2026-03-13T16:56:14Z,results/raw/uniform_vs_heterogeneous_fixed_geometry_beta20_v2_seed_02/uniform_vs_heterogeneous_fixed_geometry_beta20_v2_seed_sweep_seed_02_2718281828/resolved_config.yaml,
1.0,uniform_vs_heterogeneous_fixed_geometry_beta20_v2_seed_02,uniform_vs_heterogeneous_fixed_geometry_beta20_v2_seed_sweep_seed_02_2718281828,uniform_trial_0010,uniform,baseline,10,uniform_fixed_repeated_eval_study,9,completed,,,1234,173019452,3335379282,3227370497,,20.0,0.2,0.05,0.01,100,uniform,,,,,3.1291329777378287,86.0,1.0,85.0,KR_minus_GR,94.64016530010849,2026-03-13T16:56:14Z,2026-03-13T16:57:49Z,results/raw/uniform_vs_heterogeneous_fixed_geometry_beta20_v2_seed_02/uniform_vs_heterogeneous_fixed_geometry_beta20_v2_seed_sweep_seed_02_2718281828/resolved_config.yaml,
1.0,uniform_vs_heterogeneous_fixed_geometry_beta20_v2_seed_02,uniform_vs_heterogeneous_fixed_geometry_beta20_v2_seed_sweep_seed_02_2718281828,uniform_trial_0011,uniform,baseline,11,uniform_fixed_repeated_eval_study,10,completed,,,1234,3051747814,2938311673,3927796037,,20.0,0.2,0.05,0.01,100,uniform,,,,,3.3304097415525096,83.0,1.0,82.0,KR_minus_GR,94.7223321001511,2026-03-13T16:57:49Z,2026-03-13T16:59:24Z,results/raw/uniform_vs_heterogeneous_fixed_geometry_beta20_v2_seed_02/uniform_vs_heterogeneous_fixed_geometry_beta20_v2_seed_sweep_seed_02_2718281828/resolved_config.yaml,
1.0,uniform_vs_heterogeneous_fixed_geometry_beta20_v2_seed_02,uniform_vs_heterogeneous_fixed_geometry_beta20_v2_seed_sweep_seed_02_2718281828,uniform_trial_0012,uniform,baseline,12,uniform_fixed_repeated_eval_study,11,completed,,,1234,349346877,1491040069,1209011973,,20.0,0.2,0.05,0.01,100,uniform,,,,,3.89654633430366,85.0,1.0,84.0,KR_minus_GR,94.64454269991256,2026-03-13T16:59:24Z,2026-03-13T17:00:58Z,results/raw/uniform_vs_heterogeneous_fixed_geometry_beta20_v2_seed_02/uniform_vs_heterogeneous_fixed_geometry_beta20_v2_seed_sweep_seed_02_2718281828/resolved_config.yaml,
1.0,uniform_vs_heterogeneous_fixed_geometry_beta20_v2_seed_02,uniform_vs_heterogeneous_fixed_geometry_beta20_v2_seed_sweep_seed_02_2718281828,uniform_trial_0013,uniform,baseline,13,uniform_fixed_repeated_eval_study,12,completed,,,1234,3283383610,2237597193,1484433474,,20.0,0.2,0.05,0.01,100,uniform,,,,,3.789121622739425,82.0,1.0,81.0,KR_minus_GR,94.82170209987089,2026-03-13T17:00:58Z,2026-03-13T17:02:33Z,results/raw/uniform_vs_heterogeneous_fixed_geometry_beta20_v2_seed_02/uniform_vs_heterogeneous_fixed_geometry_beta20_v2_seed_sweep_seed_02_2718281828/resolved_config.yaml,
1.0,uniform_vs_heterogeneous_fixed_geometry_beta20_v2_seed_02,uniform_vs_heterogeneous_fixed_geometry_beta20_v2_seed_sweep_seed_02_2718281828,uniform_trial_0014,uniform,baseline,14,uniform_fixed_repeated_eval_study,13,completed,,,1234,1498703894,3051669214,2246098719,,20.0,0.2,0.05,0.01,100,uniform,,,,,4.22311331769861,83.0,1.0,82.0,KR_minus_GR,94.66166560002603,2026-03-13T17:02:33Z,2026-03-13T17:04:08Z,results/raw/uniform_vs_heterogeneous_fixed_geometry_beta20_v2_seed_02/uniform_vs_heterogeneous_fixed_geometry_beta20_v2_seed_sweep_seed_02_2718281828/resolved_config.yaml,
1.0,uniform_vs_heterogeneous_fixed_geometry_beta20_v2_seed_02,uniform_vs_heterogeneous_fixed_geometry_beta20_v2_seed_sweep_seed_02_2718281828,uniform_trial_0015,uniform,baseline,15,uniform_fixed_repeated_eval_study,14,completed,,,1234,561358417,1089557608,3730222718,,20.0,0.2,0.05,0.01,100,uniform,,,,,3.6453888502828793,81.0,1.0,80.0,KR_minus_GR,94.7345996000804,2026-03-13T17:04:08Z,2026-03-13T17:05:43Z,results/raw/uniform_vs_heterogeneous_fixed_geometry_beta20_v2_seed_02/uniform_vs_heterogeneous_fixed_geometry_beta20_v2_seed_sweep_seed_02_2718281828/resolved_config.yaml,
1.0,uniform_vs_heterogeneous_fixed_geometry_beta20_v2_seed_02,uniform_vs_heterogeneous_fixed_geometry_beta20_v2_seed_sweep_seed_02_2718281828,uniform_trial_0016,uniform,baseline,16,uniform_fixed_repeated_eval_study,15,completed,,,1234,3831752978,140309103,777858740,,20.0,0.2,0.05,0.01,100,uniform,,,,,4.163162599754343,87.0,2.0,85.0,KR_minus_GR,94.7166169998236,2026-03-13T17:05:43Z,2026-03-13T17:07:17Z,results/raw/uniform_vs_heterogeneous_fixed_geometry_beta20_v2_seed_02/uniform_vs_heterogeneous_fixed_geometry_beta20_v2_seed_sweep_seed_02_2718281828/resolved_config.yaml,
1.0,uniform_vs_heterogeneous_fixed_geometry_beta20_v2_seed_02,uniform_vs_heterogeneous_fixed_geometry_beta20_v2_seed_sweep_seed_02_2718281828,uniform_trial_0017,uniform,baseline,17,uniform_fixed_repeated_eval_study,16,completed,,,1234,2310362745,1172260544,2315437138,,20.0,0.2,0.05,0.01,100,uniform,,,,,4.1853265380426565,82.0,1.0,81.0,KR_minus_GR,94.34908630000427,2026-03-13T17:07:17Z,2026-03-13T17:08:52Z,results/raw/uniform_vs_heterogeneous_fixed_geometry_beta20_v2_seed_02/uniform_vs_heterogeneous_fixed_geometry_beta20_v2_seed_sweep_seed_02_2718281828/resolved_config.yaml,
1.0,uniform_vs_heterogeneous_fixed_geometry_beta20_v2_seed_02,uniform_vs_heterogeneous_fixed_geometry_beta20_v2_seed_sweep_seed_02_2718281828,uniform_trial_0018,uniform,baseline,18,uniform_fixed_repeated_eval_study,17,completed,,,1234,3334406920,2891657080,2180530600,,20.0,0.2,0.05,0.01,100,uniform,,,,,4.3809382563099835,83.0,1.0,82.0,KR_minus_GR,94.56408359995112,2026-03-13T17:08:52Z,2026-03-13T17:10:26Z,results/raw/uniform_vs_heterogeneous_fixed_geometry_beta20_v2_seed_02/uniform_vs_heterogeneous_fixed_geometry_beta20_v2_seed_sweep_seed_02_2718281828/resolved_config.yaml,
1.0,uniform_vs_heterogeneous_fixed_geometry_beta20_v2_seed_02,uniform_vs_heterogeneous_fixed_geometry_beta20_v2_seed_sweep_seed_02_2718281828,uniform_trial_0019,uniform,baseline,19,uniform_fixed_repeated_eval_study,18,completed,,,1234,1949921660,2190979501,2296498402,,20.0,0.2,0.05,0.01,100,uniform,,,,,3.1335849396878075,83.0,1.0,82.0,KR_minus_GR,94.64101929985918,2026-03-13T17:10:26Z,2026-03-13T17:12:01Z,results/raw/uniform_vs_heterogeneous_fixed_geometry_beta20_v2_seed_02/uniform_vs_heterogeneous_fixed_geometry_beta20_v2_seed_sweep_seed_02_2718281828/resolved_config.yaml,
1.0,uniform_vs_heterogeneous_fixed_geometry_beta20_v2_seed_02,uniform_vs_heterogeneous_fixed_geometry_beta20_v2_seed_sweep_seed_02_2718281828,uniform_trial_0020,uniform,baseline,20,uniform_fixed_repeated_eval_study,19,completed,,,1234,1240878390,2757162680,1024490212,,20.0,0.2,0.05,0.01,100,uniform,,,,,3.5818187724199815,85.0,1.0,84.0,KR_minus_GR,94.57326109986752,2026-03-13T17:12:01Z,2026-03-13T17:13:35Z,results/raw/uniform_vs_heterogeneous_fixed_geometry_beta20_v2_seed_02/uniform_vs_heterogeneous_fixed_geometry_beta20_v2_seed_sweep_seed_02_2718281828/resolved_config.yaml,
1.0,uniform_vs_heterogeneous_fixed_geometry_beta20_v2_seed_02,uniform_vs_heterogeneous_fixed_geometry_beta20_v2_seed_sweep_seed_02_2718281828,uniform_trial_0021,uniform,baseline,21,uniform_fixed_repeated_eval_study,20,completed,,,1234,1443379480,235820628,1331743193,,20.0,0.2,0.05,0.01,100,uniform,,,,,3.2754027483886365,84.0,1.0,83.0,KR_minus_GR,94.73995140008628,2026-03-13T17:13:35Z,2026-03-13T17:15:10Z,results/raw/uniform_vs_heterogeneous_fixed_geometry_beta20_v2_seed_02/uniform_vs_heterogeneous_fixed_geometry_beta20_v2_seed_sweep_seed_02_2718281828/resolved_config.yaml,
1.0,uniform_vs_heterogeneous_fixed_geometry_beta20_v2_seed_02,uniform_vs_heterogeneous_fixed_geometry_beta20_v2_seed_sweep_seed_02_2718281828,uniform_trial_0022,uniform,baseline,22,uniform_fixed_repeated_eval_study,21,completed,,,1234,2612121780,1195119090,3369815799,,20.0,0.2,0.05,0.01,100,uniform,,,,,3.5456756962403277,80.0,1.0,79.0,KR_minus_GR,94.68565199989825,2026-03-13T17:15:10Z,2026-03-13T17:16:45Z,results/raw/uniform_vs_heterogeneous_fixed_geometry_beta20_v2_seed_02/uniform_vs_heterogeneous_fixed_geometry_beta20_v2_seed_sweep_seed_02_2718281828/resolved_config.yaml,
1.0,uniform_vs_heterogeneous_fixed_geometry_beta20_v2_seed_02,uniform_vs_heterogeneous_fixed_geometry_beta20_v2_seed_sweep_seed_02_2718281828,uniform_trial_0023,uniform,baseline,23,uniform_fixed_repeated_eval_study,22,completed,,,1234,491212468,639730780,2426936498,,20.0,0.2,0.05,0.01,100,uniform,,,,,3.0634336754727363,81.0,1.0,80.0,KR_minus_GR,94.70644100010395,2026-03-13T17:16:45Z,2026-03-13T17:18:20Z,results/raw/uniform_vs_heterogeneous_fixed_geometry_beta20_v2_seed_02/uniform_vs_heterogeneous_fixed_geometry_beta20_v2_seed_sweep_seed_02_2718281828/resolved_config.yaml,
1.0,uniform_vs_heterogeneous_fixed_geometry_beta20_v2_seed_02,uniform_vs_heterogeneous_fixed_geometry_beta20_v2_seed_sweep_seed_02_2718281828,uniform_trial_0024,uniform,baseline,24,uniform_fixed_repeated_eval_study,23,completed,,,1234,2936744238,1954826618,216515674,,20.0,0.2,0.05,0.01,100,uniform,,,,,3.476781770386676,83.0,1.0,82.0,KR_minus_GR,94.47025969997048,2026-03-13T17:18:20Z,2026-03-13T17:19:54Z,results/raw/uniform_vs_heterogeneous_fixed_geometry_beta20_v2_seed_02/uniform_vs_heterogeneous_fixed_geometry_beta20_v2_seed_sweep_seed_02_2718281828/resolved_config.yaml,
1.0,uniform_vs_heterogeneous_fixed_geometry_beta20_v2_seed_02,uniform_vs_heterogeneous_fixed_geometry_beta20_v2_seed_sweep_seed_02_2718281828,uniform_trial_0025,uniform,baseline,25,uniform_fixed_repeated_eval_study,24,completed,,,1234,998925781,858011228,1665825923,,20.0,0.2,0.05,0.01,100,uniform,,,,,3.6473367909352095,80.0,1.0,79.0,KR_minus_GR,94.35387960006483,2026-03-13T17:19:54Z,2026-03-13T17:21:28Z,results/raw/uniform_vs_heterogeneous_fixed_geometry_beta20_v2_seed_02/uniform_vs_heterogeneous_fixed_geometry_beta20_v2_seed_sweep_seed_02_2718281828/resolved_config.yaml,
1.0,uniform_vs_heterogeneous_fixed_geometry_beta20_v2_seed_02,uniform_vs_heterogeneous_fixed_geometry_beta20_v2_seed_sweep_seed_02_2718281828,uniform_trial_0026,uniform,baseline,26,uniform_fixed_repeated_eval_study,25,completed,,,1234,3341645679,457886829,3538871409,,20.0,0.2,0.05,0.01,100,uniform,,,,,3.830098123869903,82.0,1.0,81.0,KR_minus_GR,94.6466632001102,2026-03-13T17:21:28Z,2026-03-13T17:23:03Z,results/raw/uniform_vs_heterogeneous_fixed_geometry_beta20_v2_seed_02/uniform_vs_heterogeneous_fixed_geometry_beta20_v2_seed_sweep_seed_02_2718281828/resolved_config.yaml,
1.0,uniform_vs_heterogeneous_fixed_geometry_beta20_v2_seed_02,uniform_vs_heterogeneous_fixed_geometry_beta20_v2_seed_sweep_seed_02_2718281828,uniform_trial_0027,uniform,baseline,27,uniform_fixed_repeated_eval_study,26,completed,,,1234,3770675915,2370894938,3298362815,,20.0,0.2,0.05,0.01,100,uniform,,,,,3.522289075991232,86.0,1.0,85.0,KR_minus_GR,94.66483289981261,2026-03-13T17:23:03Z,2026-03-13T17:24:38Z,results/raw/uniform_vs_heterogeneous_fixed_geometry_beta20_v2_seed_02/uniform_vs_heterogeneous_fixed_geometry_beta20_v2_seed_sweep_seed_02_2718281828/resolved_config.yaml,
1.0,uniform_vs_heterogeneous_fixed_geometry_beta20_v2_seed_02,uniform_vs_heterogeneous_fixed_geometry_beta20_v2_seed_sweep_seed_02_2718281828,uniform_trial_0028,uniform,baseline,28,uniform_fixed_repeated_eval_study,27,completed,,,1234,941057151,1608557929,2356006179,,20.0,0.2,0.05,0.01,100,uniform,,,,,3.9635130832574683,82.0,1.0,81.0,KR_minus_GR,94.71086799982004,2026-03-13T17:24:38Z,2026-03-13T17:26:12Z,results/raw/uniform_vs_heterogeneous_fixed_geometry_beta20_v2_seed_02/uniform_vs_heterogeneous_fixed_geometry_beta20_v2_seed_sweep_seed_02_2718281828/resolved_config.yaml,
1.0,uniform_vs_heterogeneous_fixed_geometry_beta20_v2_seed_02,uniform_vs_heterogeneous_fixed_geometry_beta20_v2_seed_sweep_seed_02_2718281828,uniform_trial_0029,uniform,baseline,29,uniform_fixed_repeated_eval_study,28,completed,,,1234,2215109747,1487910696,1914032874,,20.0,0.2,0.05,0.01,100,uniform,,,,,3.8000210434985093,82.0,1.0,81.0,KR_minus_GR,94.77160870004445,2026-03-13T17:26:12Z,2026-03-13T17:27:47Z,results/raw/uniform_vs_heterogeneous_fixed_geometry_beta20_v2_seed_02/uniform_vs_heterogeneous_fixed_geometry_beta20_v2_seed_sweep_seed_02_2718281828/resolved_config.yaml,
1.0,uniform_vs_heterogeneous_fixed_geometry_beta20_v2_seed_02,uniform_vs_heterogeneous_fixed_geometry_beta20_v2_seed_sweep_seed_02_2718281828,uniform_trial_0030,uniform,baseline,30,uniform_fixed_repeated_eval_study,29,completed,,,1234,2416810949,3200246158,4282125702,,20.0,0.2,0.05,0.01,100,uniform,,,,,3.9695832216145632,88.0,1.0,87.0,KR_minus_GR,94.56707670004107,2026-03-13T17:27:47Z,2026-03-13T17:29:22Z,results/raw/uniform_vs_heterogeneous_fixed_geometry_beta20_v2_seed_02/uniform_vs_heterogeneous_fixed_geometry_beta20_v2_seed_sweep_seed_02_2718281828/resolved_config.yaml,
1.0,uniform_vs_heterogeneous_fixed_geometry_beta20_v2_seed_02,uniform_vs_heterogeneous_fixed_geometry_beta20_v2_seed_sweep_seed_02_2718281828,uniform_trial_0031,uniform,baseline,31,uniform_fixed_repeated_eval_study,30,completed,,,1234,558317995,3659360184,941084673,,20.0,0.2,0.05,0.01,100,uniform,,,,,4.046023155687339,83.0,1.0,82.0,KR_minus_GR,94.81783269997686,2026-03-13T17:29:22Z,2026-03-13T17:30:57Z,results/raw/uniform_vs_heterogeneous_fixed_geometry_beta20_v2_seed_02/uniform_vs_heterogeneous_fixed_geometry_beta20_v2_seed_sweep_seed_02_2718281828/resolved_config.yaml,
1.0,uniform_vs_heterogeneous_fixed_geometry_beta20_v2_seed_02,uniform_vs_heterogeneous_fixed_geometry_beta20_v2_seed_sweep_seed_02_2718281828,uniform_trial_0032,uniform,baseline,32,uniform_fixed_repeated_eval_study,31,completed,,,1234,2229074049,1163828947,2400508265,,20.0,0.2,0.05,0.01,100,uniform,,,,,4.021760642328562,79.0,1.0,78.0,KR_minus_GR,94.63389329984784,2026-03-13T17:30:57Z,2026-03-13T17:32:31Z,results/raw/uniform_vs_heterogeneous_fixed_geometry_beta20_v2_seed_02/uniform_vs_heterogeneous_fixed_geometry_beta20_v2_seed_sweep_seed_02_2718281828/resolved_config.yaml,
1.0,uniform_vs_heterogeneous_fixed_geometry_beta20_v2_seed_02,uniform_vs_heterogeneous_fixed_geometry_beta20_v2_seed_sweep_seed_02_2718281828,uniform_trial_0033,uniform,baseline,33,uniform_fixed_repeated_eval_study,32,completed,,,1234,3632097554,465452834,657304465,,20.0,0.2,0.05,0.01,100,uniform,,,,,3.123881937096436,81.0,1.0,80.0,KR_minus_GR,94.46548860007897,2026-03-13T17:32:31Z,2026-03-13T17:34:06Z,results/raw/uniform_vs_heterogeneous_fixed_geometry_beta20_v2_seed_02/uniform_vs_heterogeneous_fixed_geometry_beta20_v2_seed_sweep_seed_02_2718281828/resolved_config.yaml,
1.0,uniform_vs_heterogeneous_fixed_geometry_beta20_v2_seed_02,uniform_vs_heterogeneous_fixed_geometry_beta20_v2_seed_sweep_seed_02_2718281828,uniform_trial_0034,uniform,baseline,34,uniform_fixed_repeated_eval_study,33,completed,,,1234,2567759408,260932833,1910684027,,20.0,0.2,0.05,0.01,100,uniform,,,,,3.2863276957585126,84.0,1.0,83.0,KR_minus_GR,94.63771580019966,2026-03-13T17:34:06Z,2026-03-13T17:35:40Z,results/raw/uniform_vs_heterogeneous_fixed_geometry_beta20_v2_seed_02/uniform_vs_heterogeneous_fixed_geometry_beta20_v2_seed_sweep_seed_02_2718281828/resolved_config.yaml,
1.0,uniform_vs_heterogeneous_fixed_geometry_beta20_v2_seed_02,uniform_vs_heterogeneous_fixed_geometry_beta20_v2_seed_sweep_seed_02_2718281828,uniform_trial_0035,uniform,baseline,35,uniform_fixed_repeated_eval_study,34,completed,,,1234,497034915,2991699869,3440523128,,20.0,0.2,0.05,0.01,100,uniform,,,,,3.7826501855444876,88.0,1.0,87.0,KR_minus_GR,94.96766379987821,2026-03-13T17:35:40Z,2026-03-13T17:37:15Z,results/raw/uniform_vs_heterogeneous_fixed_geometry_beta20_v2_seed_02/uniform_vs_heterogeneous_fixed_geometry_beta20_v2_seed_sweep_seed_02_2718281828/resolved_config.yaml,
1.0,uniform_vs_heterogeneous_fixed_geometry_beta20_v2_seed_02,uniform_vs_heterogeneous_fixed_geometry_beta20_v2_seed_sweep_seed_02_2718281828,uniform_trial_0036,uniform,baseline,36,uniform_fixed_repeated_eval_study,35,completed,,,1234,1083038525,86752051,1321251118,,20.0,0.2,0.05,0.01,100,uniform,,,,,3.2112513749553804,81.0,2.0,79.0,KR_minus_GR,94.5758962999098,2026-03-13T17:37:15Z,2026-03-13T17:38:50Z,results/raw/uniform_vs_heterogeneous_fixed_geometry_beta20_v2_seed_02/uniform_vs_heterogeneous_fixed_geometry_beta20_v2_seed_sweep_seed_02_2718281828/resolved_config.yaml,
1.0,uniform_vs_heterogeneous_fixed_geometry_beta20_v2_seed_02,uniform_vs_heterogeneous_fixed_geometry_beta20_v2_seed_sweep_seed_02_2718281828,uniform_trial_0037,uniform,baseline,37,uniform_fixed_repeated_eval_study,36,completed,,,1234,536348740,3660727062,2092807939,,20.0,0.2,0.05,0.01,100,uniform,,,,,2.9792058614977064,84.0,1.0,83.0,KR_minus_GR,94.82471309998073,2026-03-13T17:38:50Z,2026-03-13T17:40:25Z,results/raw/uniform_vs_heterogeneous_fixed_geometry_beta20_v2_seed_02/uniform_vs_heterogeneous_fixed_geometry_beta20_v2_seed_sweep_seed_02_2718281828/resolved_config.yaml,
1.0,uniform_vs_heterogeneous_fixed_geometry_beta20_v2_seed_02,uniform_vs_heterogeneous_fixed_geometry_beta20_v2_seed_sweep_seed_02_2718281828,uniform_trial_0038,uniform,baseline,38,uniform_fixed_repeated_eval_study,37,completed,,,1234,2751935958,2253353761,156623708,,20.0,0.2,0.05,0.01,100,uniform,,,,,3.6237383718363345,83.0,1.0,82.0,KR_minus_GR,94.82269220007583,2026-03-13T17:40:25Z,2026-03-13T17:41:59Z,results/raw/uniform_vs_heterogeneous_fixed_geometry_beta20_v2_seed_02/uniform_vs_heterogeneous_fixed_geometry_beta20_v2_seed_sweep_seed_02_2718281828/resolved_config.yaml,
1.0,uniform_vs_heterogeneous_fixed_geometry_beta20_v2_seed_02,uniform_vs_heterogeneous_fixed_geometry_beta20_v2_seed_sweep_seed_02_2718281828,uniform_trial_0039,uniform,baseline,39,uniform_fixed_repeated_eval_study,38,completed,,,1234,2602012957,1290416650,1845714525,,20.0,0.2,0.05,0.01,100,uniform,,,,,3.4429232744487113,83.0,1.0,82.0,KR_minus_GR,94.71693959995173,2026-03-13T17:42:00Z,2026-03-13T17:43:34Z,results/raw/uniform_vs_heterogeneous_fixed_geometry_beta20_v2_seed_02/uniform_vs_heterogeneous_fixed_geometry_beta20_v2_seed_sweep_seed_02_2718281828/resolved_config.yaml,
1.0,uniform_vs_heterogeneous_fixed_geometry_beta20_v2_seed_02,uniform_vs_heterogeneous_fixed_geometry_beta20_v2_seed_sweep_seed_02_2718281828,uniform_trial_0040,uniform,baseline,40,uniform_fixed_repeated_eval_study,39,completed,,,1234,1907038877,1152328794,4239369196,,20.0,0.2,0.05,0.01,100,uniform,,,,,4.183402814206704,78.0,1.0,77.0,KR_minus_GR,94.68270029989071,2026-03-13T17:43:34Z,2026-03-13T17:45:09Z,results/raw/uniform_vs_heterogeneous_fixed_geometry_beta20_v2_seed_02/uniform_vs_heterogeneous_fixed_geometry_beta20_v2_seed_sweep_seed_02_2718281828/resolved_config.yaml,
1.0,uniform_vs_heterogeneous_fixed_geometry_beta20_v2_seed_02,uniform_vs_heterogeneous_fixed_geometry_beta20_v2_seed_sweep_seed_02_2718281828,uniform_trial_0041,uniform,baseline,41,uniform_fixed_repeated_eval_study,40,completed,,,1234,1453147537,1062121603,1261227742,,20.0,0.2,0.05,0.01,100,uniform,,,,,4.035881800292219,77.0,1.0,76.0,KR_minus_GR,94.48617769987322,2026-03-13T17:45:09Z,2026-03-13T17:46:43Z,results/raw/uniform_vs_heterogeneous_fixed_geometry_beta20_v2_seed_02/uniform_vs_heterogeneous_fixed_geometry_beta20_v2_seed_sweep_seed_02_2718281828/resolved_config.yaml,
1.0,uniform_vs_heterogeneous_fixed_geometry_beta20_v2_seed_02,uniform_vs_heterogeneous_fixed_geometry_beta20_v2_seed_sweep_seed_02_2718281828,uniform_trial_0042,uniform,baseline,42,uniform_fixed_repeated_eval_study,41,completed,,,1234,4114065347,3247853397,2912670184,,20.0,0.2,0.05,0.01,100,uniform,,,,,3.3075398518495636,82.0,1.0,81.0,KR_minus_GR,94.4763563000597,2026-03-13T17:46:43Z,2026-03-13T17:48:18Z,results/raw/uniform_vs_heterogeneous_fixed_geometry_beta20_v2_seed_02/uniform_vs_heterogeneous_fixed_geometry_beta20_v2_seed_sweep_seed_02_2718281828/resolved_config.yaml,
1.0,uniform_vs_heterogeneous_fixed_geometry_beta20_v2_seed_02,uniform_vs_heterogeneous_fixed_geometry_beta20_v2_seed_sweep_seed_02_2718281828,uniform_trial_0043,uniform,baseline,43,uniform_fixed_repeated_eval_study,42,completed,,,1234,1700135630,2308302346,1114433315,,20.0,0.2,0.05,0.01,100,uniform,,,,,3.325301189241814,77.0,1.0,76.0,KR_minus_GR,94.55550949997269,2026-03-13T17:48:18Z,2026-03-13T17:49:52Z,results/raw/uniform_vs_heterogeneous_fixed_geometry_beta20_v2_seed_02/uniform_vs_heterogeneous_fixed_geometry_beta20_v2_seed_sweep_seed_02_2718281828/resolved_config.yaml,
1.0,uniform_vs_heterogeneous_fixed_geometry_beta20_v2_seed_02,uniform_vs_heterogeneous_fixed_geometry_beta20_v2_seed_sweep_seed_02_2718281828,uniform_trial_0044,uniform,baseline,44,uniform_fixed_repeated_eval_study,43,completed,,,1234,1724648099,2347422777,3495343450,,20.0,0.2,0.05,0.01,100,uniform,,,,,2.9568606728370495,80.0,1.0,79.0,KR_minus_GR,94.62064189999364,2026-03-13T17:49:52Z,2026-03-13T17:51:27Z,results/raw/uniform_vs_heterogeneous_fixed_geometry_beta20_v2_seed_02/uniform_vs_heterogeneous_fixed_geometry_beta20_v2_seed_sweep_seed_02_2718281828/resolved_config.yaml,
1.0,uniform_vs_heterogeneous_fixed_geometry_beta20_v2_seed_02,uniform_vs_heterogeneous_fixed_geometry_beta20_v2_seed_sweep_seed_02_2718281828,uniform_trial_0045,uniform,baseline,45,uniform_fixed_repeated_eval_study,44,completed,,,1234,102986405,787628727,3848914606,,20.0,0.2,0.05,0.01,100,uniform,,,,,3.519229381471336,83.0,1.0,82.0,KR_minus_GR,94.57938200002536,2026-03-13T17:51:27Z,2026-03-13T17:53:02Z,results/raw/uniform_vs_heterogeneous_fixed_geometry_beta20_v2_seed_02/uniform_vs_heterogeneous_fixed_geometry_beta20_v2_seed_sweep_seed_02_2718281828/resolved_config.yaml,
1.0,uniform_vs_heterogeneous_fixed_geometry_beta20_v2_seed_02,uniform_vs_heterogeneous_fixed_geometry_beta20_v2_seed_sweep_seed_02_2718281828,uniform_trial_0046,uniform,baseline,46,uniform_fixed_repeated_eval_study,45,completed,,,1234,4170395418,20730319,1753928110,,20.0,0.2,0.05,0.01,100,uniform,,,,,3.5787449250625207,84.0,1.0,83.0,KR_minus_GR,94.63541879993863,2026-03-13T17:53:02Z,2026-03-13T17:54:36Z,results/raw/uniform_vs_heterogeneous_fixed_geometry_beta20_v2_seed_02/uniform_vs_heterogeneous_fixed_geometry_beta20_v2_seed_sweep_seed_02_2718281828/resolved_config.yaml,
1.0,uniform_vs_heterogeneous_fixed_geometry_beta20_v2_seed_02,uniform_vs_heterogeneous_fixed_geometry_beta20_v2_seed_sweep_seed_02_2718281828,uniform_trial_0047,uniform,baseline,47,uniform_fixed_repeated_eval_study,46,completed,,,1234,2619905895,947886730,572748979,,20.0,0.2,0.05,0.01,100,uniform,,,,,4.0467807497156905,83.0,1.0,82.0,KR_minus_GR,94.89934699982405,2026-03-13T17:54:36Z,2026-03-13T17:56:11Z,results/raw/uniform_vs_heterogeneous_fixed_geometry_beta20_v2_seed_02/uniform_vs_heterogeneous_fixed_geometry_beta20_v2_seed_sweep_seed_02_2718281828/resolved_config.yaml,
1.0,uniform_vs_heterogeneous_fixed_geometry_beta20_v2_seed_02,uniform_vs_heterogeneous_fixed_geometry_beta20_v2_seed_sweep_seed_02_2718281828,uniform_trial_0048,uniform,baseline,48,uniform_fixed_repeated_eval_study,47,completed,,,1234,901780484,3179849581,3507244300,,20.0,0.2,0.05,0.01,100,uniform,,,,,3.8609154369509784,82.0,1.0,81.0,KR_minus_GR,94.5025786999613,2026-03-13T17:56:11Z,2026-03-13T17:57:46Z,results/raw/uniform_vs_heterogeneous_fixed_geometry_beta20_v2_seed_02/uniform_vs_heterogeneous_fixed_geometry_beta20_v2_seed_sweep_seed_02_2718281828/resolved_config.yaml,
1.0,uniform_vs_heterogeneous_fixed_geometry_beta20_v2_seed_02,uniform_vs_heterogeneous_fixed_geometry_beta20_v2_seed_sweep_seed_02_2718281828,uniform_trial_0049,uniform,baseline,49,uniform_fixed_repeated_eval_study,48,completed,,,1234,3731728325,2582231369,1826447489,,20.0,0.2,0.05,0.01,100,uniform,,,,,3.19679659316618,86.0,1.0,85.0,KR_minus_GR,94.51993940002285,2026-03-13T17:57:46Z,2026-03-13T17:59:20Z,results/raw/uniform_vs_heterogeneous_fixed_geometry_beta20_v2_seed_02/uniform_vs_heterogeneous_fixed_geometry_beta20_v2_seed_sweep_seed_02_2718281828/resolved_config.yaml,
1.0,uniform_vs_heterogeneous_fixed_geometry_beta20_v2_seed_02,uniform_vs_heterogeneous_fixed_geometry_beta20_v2_seed_sweep_seed_02_2718281828,uniform_trial_0050,uniform,baseline,50,uniform_fixed_repeated_eval_study,49,completed,,,1234,1593229545,2172363452,3298738234,,20.0,0.2,0.05,0.01,100,uniform,,,,,3.48556454883101,82.0,1.0,81.0,KR_minus_GR,94.56549780000933,2026-03-13T17:59:20Z,2026-03-13T18:00:55Z,results/raw/uniform_vs_heterogeneous_fixed_geometry_beta20_v2_seed_02/uniform_vs_heterogeneous_fixed_geometry_beta20_v2_seed_sweep_seed_02_2718281828/resolved_config.yaml,
1.0,uniform_vs_heterogeneous_fixed_geometry_beta20_v2_seed_02,uniform_vs_heterogeneous_fixed_geometry_beta20_v2_seed_sweep_seed_02_2718281828,uniform_trial_0051,uniform,baseline,51,uniform_fixed_repeated_eval_study,50,completed,,,1234,3689829390,1612456305,3962214019,,20.0,0.2,0.05,0.01,100,uniform,,,,,3.3177475637471816,77.0,1.0,76.0,KR_minus_GR,94.71801469987258,2026-03-13T18:00:55Z,2026-03-13T18:02:29Z,results/raw/uniform_vs_heterogeneous_fixed_geometry_beta20_v2_seed_02/uniform_vs_heterogeneous_fixed_geometry_beta20_v2_seed_sweep_seed_02_2718281828/resolved_config.yaml,
1.0,uniform_vs_heterogeneous_fixed_geometry_beta20_v2_seed_02,uniform_vs_heterogeneous_fixed_geometry_beta20_v2_seed_sweep_seed_02_2718281828,uniform_trial_0052,uniform,baseline,52,uniform_fixed_repeated_eval_study,51,completed,,,1234,3593424145,1146442990,1214942181,,20.0,0.2,0.05,0.01,100,uniform,,,,,3.133093099401081,80.0,1.0,79.0,KR_minus_GR,94.54078540019691,2026-03-13T18:02:29Z,2026-03-13T18:04:04Z,results/raw/uniform_vs_heterogeneous_fixed_geometry_beta20_v2_seed_02/uniform_vs_heterogeneous_fixed_geometry_beta20_v2_seed_sweep_seed_02_2718281828/resolved_config.yaml,
1.0,uniform_vs_heterogeneous_fixed_geometry_beta20_v2_seed_02,uniform_vs_heterogeneous_fixed_geometry_beta20_v2_seed_sweep_seed_02_2718281828,uniform_trial_0053,uniform,baseline,53,uniform_fixed_repeated_eval_study,52,completed,,,1234,3473869916,1800170571,2678034935,,20.0,0.2,0.05,0.01,100,uniform,,,,,3.144978324942529,80.0,1.0,79.0,KR_minus_GR,94.68079790007323,2026-03-13T18:04:04Z,2026-03-13T18:05:39Z,results/raw/uniform_vs_heterogeneous_fixed_geometry_beta20_v2_seed_02/uniform_vs_heterogeneous_fixed_geometry_beta20_v2_seed_sweep_seed_02_2718281828/resolved_config.yaml,
1.0,uniform_vs_heterogeneous_fixed_geometry_beta20_v2_seed_02,uniform_vs_heterogeneous_fixed_geometry_beta20_v2_seed_sweep_seed_02_2718281828,uniform_trial_0054,uniform,baseline,54,uniform_fixed_repeated_eval_study,53,completed,,,1234,1148196959,3048196223,2568168663,,20.0,0.2,0.05,0.01,100,uniform,,,,,3.8380328217084294,88.0,1.0,87.0,KR_minus_GR,94.65779020008631,2026-03-13T18:05:39Z,2026-03-13T18:07:13Z,results/raw/uniform_vs_heterogeneous_fixed_geometry_beta20_v2_seed_02/uniform_vs_heterogeneous_fixed_geometry_beta20_v2_seed_sweep_seed_02_2718281828/resolved_config.yaml,
1.0,uniform_vs_heterogeneous_fixed_geometry_beta20_v2_seed_02,uniform_vs_heterogeneous_fixed_geometry_beta20_v2_seed_sweep_seed_02_2718281828,uniform_trial_0055,uniform,baseline,55,uniform_fixed_repeated_eval_study,54,completed,,,1234,4224082481,2220787683,1080824074,,20.0,0.2,0.05,0.01,100,uniform,,,,,3.7319127899504494,84.0,1.0,83.0,KR_minus_GR,94.8545208000578,2026-03-13T18:07:13Z,2026-03-13T18:08:48Z,results/raw/uniform_vs_heterogeneous_fixed_geometry_beta20_v2_seed_02/uniform_vs_heterogeneous_fixed_geometry_beta20_v2_seed_sweep_seed_02_2718281828/resolved_config.yaml,
1.0,uniform_vs_heterogeneous_fixed_geometry_beta20_v2_seed_02,uniform_vs_heterogeneous_fixed_geometry_beta20_v2_seed_sweep_seed_02_2718281828,uniform_trial_0056,uniform,baseline,56,uniform_fixed_repeated_eval_study,55,completed,,,1234,1206914384,2754973280,248617575,,20.0,0.2,0.05,0.01,100,uniform,,,,,3.1645327802366827,81.0,1.0,80.0,KR_minus_GR,94.54381880001165,2026-03-13T18:08:48Z,2026-03-13T18:10:23Z,results/raw/uniform_vs_heterogeneous_fixed_geometry_beta20_v2_seed_02/uniform_vs_heterogeneous_fixed_geometry_beta20_v2_seed_sweep_seed_02_2718281828/resolved_config.yaml,
1.0,uniform_vs_heterogeneous_fixed_geometry_beta20_v2_seed_02,uniform_vs_heterogeneous_fixed_geometry_beta20_v2_seed_sweep_seed_02_2718281828,uniform_trial_0057,uniform,baseline,57,uniform_fixed_repeated_eval_study,56,completed,,,1234,765537397,2235196203,641263299,,20.0,0.2,0.05,0.01,100,uniform,,,,,4.632553798690341,83.0,1.0,82.0,KR_minus_GR,94.47708219988272,2026-03-13T18:10:23Z,2026-03-13T18:11:57Z,results/raw/uniform_vs_heterogeneous_fixed_geometry_beta20_v2_seed_02/uniform_vs_heterogeneous_fixed_geometry_beta20_v2_seed_sweep_seed_02_2718281828/resolved_config.yaml,
1.0,uniform_vs_heterogeneous_fixed_geometry_beta20_v2_seed_02,uniform_vs_heterogeneous_fixed_geometry_beta20_v2_seed_sweep_seed_02_2718281828,uniform_trial_0058,uniform,baseline,58,uniform_fixed_repeated_eval_study,57,completed,,,1234,1284534340,1611297655,2696863220,,20.0,0.2,0.05,0.01,100,uniform,,,,,3.893576344229884,83.0,1.0,82.0,KR_minus_GR,94.56207949994132,2026-03-13T18:11:57Z,2026-03-13T18:13:32Z,results/raw/uniform_vs_heterogeneous_fixed_geometry_beta20_v2_seed_02/uniform_vs_heterogeneous_fixed_geometry_beta20_v2_seed_sweep_seed_02_2718281828/resolved_config.yaml,
1.0,uniform_vs_heterogeneous_fixed_geometry_beta20_v2_seed_02,uniform_vs_heterogeneous_fixed_geometry_beta20_v2_seed_sweep_seed_02_2718281828,uniform_trial_0059,uniform,baseline,59,uniform_fixed_repeated_eval_study,58,completed,,,1234,3442088377,2466042371,1147842140,,20.0,0.2,0.05,0.01,100,uniform,,,,,3.804643462434285,83.0,1.0,82.0,KR_minus_GR,94.80156700010411,2026-03-13T18:13:32Z,2026-03-13T18:15:07Z,results/raw/uniform_vs_heterogeneous_fixed_geometry_beta20_v2_seed_02/uniform_vs_heterogeneous_fixed_geometry_beta20_v2_seed_sweep_seed_02_2718281828/resolved_config.yaml,
1.0,uniform_vs_heterogeneous_fixed_geometry_beta20_v2_seed_02,uniform_vs_heterogeneous_fixed_geometry_beta20_v2_seed_sweep_seed_02_2718281828,uniform_trial_0060,uniform,baseline,60,uniform_fixed_repeated_eval_study,59,completed,,,1234,200858517,2580599979,4071797276,,20.0,0.2,0.05,0.01,100,uniform,,,,,3.7602729770951973,79.0,1.0,78.0,KR_minus_GR,94.61849330016412,2026-03-13T18:15:07Z,2026-03-13T18:16:41Z,results/raw/uniform_vs_heterogeneous_fixed_geometry_beta20_v2_seed_02/uniform_vs_heterogeneous_fixed_geometry_beta20_v2_seed_sweep_seed_02_2718281828/resolved_config.yaml,
1.0,uniform_vs_heterogeneous_fixed_geometry_beta20_v2_seed_02,uniform_vs_heterogeneous_fixed_geometry_beta20_v2_seed_sweep_seed_02_2718281828,uniform_trial_0061,uniform,baseline,61,uniform_fixed_repeated_eval_study,60,completed,,,1234,2062789657,2556763886,248663992,,20.0,0.2,0.05,0.01,100,uniform,,,,,3.6272129970923186,84.0,1.0,83.0,KR_minus_GR,94.54620460001752,2026-03-13T18:16:41Z,2026-03-13T18:18:16Z,results/raw/uniform_vs_heterogeneous_fixed_geometry_beta20_v2_seed_02/uniform_vs_heterogeneous_fixed_geometry_beta20_v2_seed_sweep_seed_02_2718281828/resolved_config.yaml,
1.0,uniform_vs_heterogeneous_fixed_geometry_beta20_v2_seed_02,uniform_vs_heterogeneous_fixed_geometry_beta20_v2_seed_sweep_seed_02_2718281828,uniform_trial_0062,uniform,baseline,62,uniform_fixed_repeated_eval_study,61,completed,,,1234,4172613565,3807072352,278400282,,20.0,0.2,0.05,0.01,100,uniform,,,,,3.873938840301461,82.0,1.0,81.0,KR_minus_GR,94.65217070002109,2026-03-13T18:18:16Z,2026-03-13T18:19:50Z,results/raw/uniform_vs_heterogeneous_fixed_geometry_beta20_v2_seed_02/uniform_vs_heterogeneous_fixed_geometry_beta20_v2_seed_sweep_seed_02_2718281828/resolved_config.yaml,
1.0,uniform_vs_heterogeneous_fixed_geometry_beta20_v2_seed_02,uniform_vs_heterogeneous_fixed_geometry_beta20_v2_seed_sweep_seed_02_2718281828,uniform_trial_0063,uniform,baseline,63,uniform_fixed_repeated_eval_study,62,completed,,,1234,1276121373,2633186652,1208436956,,20.0,0.2,0.05,0.01,100,uniform,,,,,3.142110462378902,79.0,1.0,78.0,KR_minus_GR,94.52553770015948,2026-03-13T18:19:50Z,2026-03-13T18:21:25Z,results/raw/uniform_vs_heterogeneous_fixed_geometry_beta20_v2_seed_02/uniform_vs_heterogeneous_fixed_geometry_beta20_v2_seed_sweep_seed_02_2718281828/resolved_config.yaml,
1.0,uniform_vs_heterogeneous_fixed_geometry_beta20_v2_seed_02,uniform_vs_heterogeneous_fixed_geometry_beta20_v2_seed_sweep_seed_02_2718281828,uniform_trial_0064,uniform,baseline,64,uniform_fixed_repeated_eval_study,63,completed,,,1234,1440017167,1168544991,2398094129,,20.0,0.2,0.05,0.01,100,uniform,,,,,3.7659554835807327,86.0,1.0,85.0,KR_minus_GR,94.57967600016855,2026-03-13T18:21:25Z,2026-03-13T18:23:00Z,results/raw/uniform_vs_heterogeneous_fixed_geometry_beta20_v2_seed_02/uniform_vs_heterogeneous_fixed_geometry_beta20_v2_seed_sweep_seed_02_2718281828/resolved_config.yaml,
1.0,uniform_vs_heterogeneous_fixed_geometry_beta20_v2_seed_02,uniform_vs_heterogeneous_fixed_geometry_beta20_v2_seed_sweep_seed_02_2718281828,uniform_trial_0065,uniform,baseline,65,uniform_fixed_repeated_eval_study,64,completed,,,1234,4218643165,1933304231,1612812226,,20.0,0.2,0.05,0.01,100,uniform,,,,,2.929616041627755,82.0,1.0,81.0,KR_minus_GR,94.22561440011486,2026-03-13T18:23:00Z,2026-03-13T18:24:34Z,results/raw/uniform_vs_heterogeneous_fixed_geometry_beta20_v2_seed_02/uniform_vs_heterogeneous_fixed_geometry_beta20_v2_seed_sweep_seed_02_2718281828/resolved_config.yaml,
1.0,uniform_vs_heterogeneous_fixed_geometry_beta20_v2_seed_02,uniform_vs_heterogeneous_fixed_geometry_beta20_v2_seed_sweep_seed_02_2718281828,uniform_trial_0066,uniform,baseline,66,uniform_fixed_repeated_eval_study,65,completed,,,1234,4089596886,1152943606,1254899408,,20.0,0.2,0.05,0.01,100,uniform,,,,,3.336079589004883,85.0,1.0,84.0,KR_minus_GR,94.41854210011661,2026-03-13T18:24:34Z,2026-03-13T18:26:08Z,results/raw/uniform_vs_heterogeneous_fixed_geometry_beta20_v2_seed_02/uniform_vs_heterogeneous_fixed_geometry_beta20_v2_seed_sweep_seed_02_2718281828/resolved_config.yaml,
1.0,uniform_vs_heterogeneous_fixed_geometry_beta20_v2_seed_02,uniform_vs_heterogeneous_fixed_geometry_beta20_v2_seed_sweep_seed_02_2718281828,uniform_trial_0067,uniform,baseline,67,uniform_fixed_repeated_eval_study,66,completed,,,1234,3864206074,4145502987,355190103,,20.0,0.2,0.05,0.01,100,uniform,,,,,3.467901019659622,88.0,1.0,87.0,KR_minus_GR,94.72878900007345,2026-03-13T18:26:08Z,2026-03-13T18:27:43Z,results/raw/uniform_vs_heterogeneous_fixed_geometry_beta20_v2_seed_02/uniform_vs_heterogeneous_fixed_geometry_beta20_v2_seed_sweep_seed_02_2718281828/resolved_config.yaml,
1.0,uniform_vs_heterogeneous_fixed_geometry_beta20_v2_seed_02,uniform_vs_heterogeneous_fixed_geometry_beta20_v2_seed_sweep_seed_02_2718281828,uniform_trial_0068,uniform,baseline,68,uniform_fixed_repeated_eval_study,67,completed,,,1234,1814940456,573314502,4034419572,,20.0,0.2,0.05,0.01,100,uniform,,,,,3.35766206240765,86.0,1.0,85.0,KR_minus_GR,94.39624899998307,2026-03-13T18:27:43Z,2026-03-13T18:29:17Z,results/raw/uniform_vs_heterogeneous_fixed_geometry_beta20_v2_seed_02/uniform_vs_heterogeneous_fixed_geometry_beta20_v2_seed_sweep_seed_02_2718281828/resolved_config.yaml,
1.0,uniform_vs_heterogeneous_fixed_geometry_beta20_v2_seed_02,uniform_vs_heterogeneous_fixed_geometry_beta20_v2_seed_sweep_seed_02_2718281828,uniform_trial_0069,uniform,baseline,69,uniform_fixed_repeated_eval_study,68,completed,,,1234,280574925,3924404988,2779624888,,20.0,0.2,0.05,0.01,100,uniform,,,,,3.322313437576254,81.0,1.0,80.0,KR_minus_GR,94.67788300011307,2026-03-13T18:29:17Z,2026-03-13T18:30:52Z,results/raw/uniform_vs_heterogeneous_fixed_geometry_beta20_v2_seed_02/uniform_vs_heterogeneous_fixed_geometry_beta20_v2_seed_sweep_seed_02_2718281828/resolved_config.yaml,
1.0,uniform_vs_heterogeneous_fixed_geometry_beta20_v2_seed_02,uniform_vs_heterogeneous_fixed_geometry_beta20_v2_seed_sweep_seed_02_2718281828,uniform_trial_0070,uniform,baseline,70,uniform_fixed_repeated_eval_study,69,completed,,,1234,1007626570,553560217,2203366789,,20.0,0.2,0.05,0.01,100,uniform,,,,,3.5042830675198355,83.0,1.0,82.0,KR_minus_GR,94.50740160001442,2026-03-13T18:30:52Z,2026-03-13T18:32:27Z,results/raw/uniform_vs_heterogeneous_fixed_geometry_beta20_v2_seed_02/uniform_vs_heterogeneous_fixed_geometry_beta20_v2_seed_sweep_seed_02_2718281828/resolved_config.yaml,
1.0,uniform_vs_heterogeneous_fixed_geometry_beta20_v2_seed_02,uniform_vs_heterogeneous_fixed_geometry_beta20_v2_seed_sweep_seed_02_2718281828,uniform_trial_0071,uniform,baseline,71,uniform_fixed_repeated_eval_study,70,completed,,,1234,1334685809,2293501008,2153890522,,20.0,0.2,0.05,0.01,100,uniform,,,,,3.3557547979589684,90.0,1.0,89.0,KR_minus_GR,94.60392290004529,2026-03-13T18:32:27Z,2026-03-13T18:34:01Z,results/raw/uniform_vs_heterogeneous_fixed_geometry_beta20_v2_seed_02/uniform_vs_heterogeneous_fixed_geometry_beta20_v2_seed_sweep_seed_02_2718281828/resolved_config.yaml,
1.0,uniform_vs_heterogeneous_fixed_geometry_beta20_v2_seed_02,uniform_vs_heterogeneous_fixed_geometry_beta20_v2_seed_sweep_seed_02_2718281828,uniform_trial_0072,uniform,baseline,72,uniform_fixed_repeated_eval_study,71,completed,,,1234,3262028746,1496358111,2205372794,,20.0,0.2,0.05,0.01,100,uniform,,,,,3.610820234078394,78.0,1.0,77.0,KR_minus_GR,94.66235100012273,2026-03-13T18:34:01Z,2026-03-13T18:35:36Z,results/raw/uniform_vs_heterogeneous_fixed_geometry_beta20_v2_seed_02/uniform_vs_heterogeneous_fixed_geometry_beta20_v2_seed_sweep_seed_02_2718281828/resolved_config.yaml,
1.0,uniform_vs_heterogeneous_fixed_geometry_beta20_v2_seed_02,uniform_vs_heterogeneous_fixed_geometry_beta20_v2_seed_sweep_seed_02_2718281828,uniform_trial_0073,uniform,baseline,73,uniform_fixed_repeated_eval_study,72,completed,,,1234,315837926,1329903492,1087676025,,20.0,0.2,0.05,0.01,100,uniform,,,,,3.6642082638001003,90.0,1.0,89.0,KR_minus_GR,94.32834660005756,2026-03-13T18:35:36Z,2026-03-13T18:37:10Z,results/raw/uniform_vs_heterogeneous_fixed_geometry_beta20_v2_seed_02/uniform_vs_heterogeneous_fixed_geometry_beta20_v2_seed_sweep_seed_02_2718281828/resolved_config.yaml,
1.0,uniform_vs_heterogeneous_fixed_geometry_beta20_v2_seed_02,uniform_vs_heterogeneous_fixed_geometry_beta20_v2_seed_sweep_seed_02_2718281828,uniform_trial_0074,uniform,baseline,74,uniform_fixed_repeated_eval_study,73,completed,,,1234,1619525756,892454320,286033652,,20.0,0.2,0.05,0.01,100,uniform,,,,,3.9640781178251663,78.0,1.0,77.0,KR_minus_GR,94.50696839997545,2026-03-13T18:37:10Z,2026-03-13T18:38:45Z,results/raw/uniform_vs_heterogeneous_fixed_geometry_beta20_v2_seed_02/uniform_vs_heterogeneous_fixed_geometry_beta20_v2_seed_sweep_seed_02_2718281828/resolved_config.yaml,
1.0,uniform_vs_heterogeneous_fixed_geometry_beta20_v2_seed_02,uniform_vs_heterogeneous_fixed_geometry_beta20_v2_seed_sweep_seed_02_2718281828,uniform_trial_0075,uniform,baseline,75,uniform_fixed_repeated_eval_study,74,completed,,,1234,940386928,4277259300,4122687480,,20.0,0.2,0.05,0.01,100,uniform,,,,,3.229737877565753,81.0,1.0,80.0,KR_minus_GR,95.15868870005943,2026-03-13T18:38:45Z,2026-03-13T18:40:20Z,results/raw/uniform_vs_heterogeneous_fixed_geometry_beta20_v2_seed_02/uniform_vs_heterogeneous_fixed_geometry_beta20_v2_seed_sweep_seed_02_2718281828/resolved_config.yaml,
1.0,uniform_vs_heterogeneous_fixed_geometry_beta20_v2_seed_02,uniform_vs_heterogeneous_fixed_geometry_beta20_v2_seed_sweep_seed_02_2718281828,uniform_trial_0076,uniform,baseline,76,uniform_fixed_repeated_eval_study,75,completed,,,1234,2862836678,694776874,3539243271,,20.0,0.2,0.05,0.01,100,uniform,,,,,4.096227828660512,81.0,1.0,80.0,KR_minus_GR,94.73650379991159,2026-03-13T18:40:20Z,2026-03-13T18:41:55Z,results/raw/uniform_vs_heterogeneous_fixed_geometry_beta20_v2_seed_02/uniform_vs_heterogeneous_fixed_geometry_beta20_v2_seed_sweep_seed_02_2718281828/resolved_config.yaml,
1.0,uniform_vs_heterogeneous_fixed_geometry_beta20_v2_seed_02,uniform_vs_heterogeneous_fixed_geometry_beta20_v2_seed_sweep_seed_02_2718281828,uniform_trial_0077,uniform,baseline,77,uniform_fixed_repeated_eval_study,76,completed,,,1234,2278151636,1169045808,4262093853,,20.0,0.2,0.05,0.01,100,uniform,,,,,3.7744886169181315,86.0,1.0,85.0,KR_minus_GR,94.7127476001624,2026-03-13T18:41:55Z,2026-03-13T18:43:29Z,results/raw/uniform_vs_heterogeneous_fixed_geometry_beta20_v2_seed_02/uniform_vs_heterogeneous_fixed_geometry_beta20_v2_seed_sweep_seed_02_2718281828/resolved_config.yaml,
1.0,uniform_vs_heterogeneous_fixed_geometry_beta20_v2_seed_02,uniform_vs_heterogeneous_fixed_geometry_beta20_v2_seed_sweep_seed_02_2718281828,uniform_trial_0078,uniform,baseline,78,uniform_fixed_repeated_eval_study,77,completed,,,1234,740591845,4100341623,420942998,,20.0,0.2,0.05,0.01,100,uniform,,,,,3.6815249525760843,83.0,1.0,82.0,KR_minus_GR,94.47789239999838,2026-03-13T18:43:29Z,2026-03-13T18:45:04Z,results/raw/uniform_vs_heterogeneous_fixed_geometry_beta20_v2_seed_02/uniform_vs_heterogeneous_fixed_geometry_beta20_v2_seed_sweep_seed_02_2718281828/resolved_config.yaml,
1.0,uniform_vs_heterogeneous_fixed_geometry_beta20_v2_seed_02,uniform_vs_heterogeneous_fixed_geometry_beta20_v2_seed_sweep_seed_02_2718281828,uniform_trial_0079,uniform,baseline,79,uniform_fixed_repeated_eval_study,78,completed,,,1234,739349512,1657496065,552080929,,20.0,0.2,0.05,0.01,100,uniform,,,,,3.2266272791169834,82.0,1.0,81.0,KR_minus_GR,94.7800336999353,2026-03-13T18:45:04Z,2026-03-13T18:46:38Z,results/raw/uniform_vs_heterogeneous_fixed_geometry_beta20_v2_seed_02/uniform_vs_heterogeneous_fixed_geometry_beta20_v2_seed_sweep_seed_02_2718281828/resolved_config.yaml,
1.0,uniform_vs_heterogeneous_fixed_geometry_beta20_v2_seed_02,uniform_vs_heterogeneous_fixed_geometry_beta20_v2_seed_sweep_seed_02_2718281828,uniform_trial_0080,uniform,baseline,80,uniform_fixed_repeated_eval_study,79,completed,,,1234,1323919646,3332646679,2403702811,,20.0,0.2,0.05,0.01,100,uniform,,,,,3.925260301509394,79.0,1.0,78.0,KR_minus_GR,94.32720310008153,2026-03-13T18:46:38Z,2026-03-13T18:48:13Z,results/raw/uniform_vs_heterogeneous_fixed_geometry_beta20_v2_seed_02/uniform_vs_heterogeneous_fixed_geometry_beta20_v2_seed_sweep_seed_02_2718281828/resolved_config.yaml,
1.0,uniform_vs_heterogeneous_fixed_geometry_beta20_v2_seed_02,uniform_vs_heterogeneous_fixed_geometry_beta20_v2_seed_sweep_seed_02_2718281828,uniform_trial_0081,uniform,baseline,81,uniform_fixed_repeated_eval_study,80,completed,,,1234,3194878246,237065149,1694502857,,20.0,0.2,0.05,0.01,100,uniform,,,,,3.6453460305547596,75.0,1.0,74.0,KR_minus_GR,94.3919206999708,2026-03-13T18:48:13Z,2026-03-13T18:49:47Z,results/raw/uniform_vs_heterogeneous_fixed_geometry_beta20_v2_seed_02/uniform_vs_heterogeneous_fixed_geometry_beta20_v2_seed_sweep_seed_02_2718281828/resolved_config.yaml,
1.0,uniform_vs_heterogeneous_fixed_geometry_beta20_v2_seed_02,uniform_vs_heterogeneous_fixed_geometry_beta20_v2_seed_sweep_seed_02_2718281828,uniform_trial_0082,uniform,baseline,82,uniform_fixed_repeated_eval_study,81,completed,,,1234,1980447107,2494224283,1230896977,,20.0,0.2,0.05,0.01,100,uniform,,,,,3.3182102450488142,82.0,1.0,81.0,KR_minus_GR,94.43773579993285,2026-03-13T18:49:47Z,2026-03-13T18:51:22Z,results/raw/uniform_vs_heterogeneous_fixed_geometry_beta20_v2_seed_02/uniform_vs_heterogeneous_fixed_geometry_beta20_v2_seed_sweep_seed_02_2718281828/resolved_config.yaml,
1.0,uniform_vs_heterogeneous_fixed_geometry_beta20_v2_seed_02,uniform_vs_heterogeneous_fixed_geometry_beta20_v2_seed_sweep_seed_02_2718281828,uniform_trial_0083,uniform,baseline,83,uniform_fixed_repeated_eval_study,82,completed,,,1234,2812225581,3695467298,2724195123,,20.0,0.2,0.05,0.01,100,uniform,,,,,3.810499185516402,86.0,1.0,85.0,KR_minus_GR,94.47696439991705,2026-03-13T18:51:22Z,2026-03-13T18:52:56Z,results/raw/uniform_vs_heterogeneous_fixed_geometry_beta20_v2_seed_02/uniform_vs_heterogeneous_fixed_geometry_beta20_v2_seed_sweep_seed_02_2718281828/resolved_config.yaml,
1.0,uniform_vs_heterogeneous_fixed_geometry_beta20_v2_seed_02,uniform_vs_heterogeneous_fixed_geometry_beta20_v2_seed_sweep_seed_02_2718281828,uniform_trial_0084,uniform,baseline,84,uniform_fixed_repeated_eval_study,83,completed,,,1234,4078116839,3866088774,2385791191,,20.0,0.2,0.05,0.01,100,uniform,,,,,3.667445665646584,85.0,1.0,84.0,KR_minus_GR,94.49858310003765,2026-03-13T18:52:56Z,2026-03-13T18:54:31Z,results/raw/uniform_vs_heterogeneous_fixed_geometry_beta20_v2_seed_02/uniform_vs_heterogeneous_fixed_geometry_beta20_v2_seed_sweep_seed_02_2718281828/resolved_config.yaml,
1.0,uniform_vs_heterogeneous_fixed_geometry_beta20_v2_seed_02,uniform_vs_heterogeneous_fixed_geometry_beta20_v2_seed_sweep_seed_02_2718281828,uniform_trial_0085,uniform,baseline,85,uniform_fixed_repeated_eval_study,84,completed,,,1234,360791998,3759787954,2366511329,,20.0,0.2,0.05,0.01,100,uniform,,,,,3.3198797901441175,84.0,1.0,83.0,KR_minus_GR,94.6480441999156,2026-03-13T18:54:31Z,2026-03-13T18:56:05Z,results/raw/uniform_vs_heterogeneous_fixed_geometry_beta20_v2_seed_02/uniform_vs_heterogeneous_fixed_geometry_beta20_v2_seed_sweep_seed_02_2718281828/resolved_config.yaml,
1.0,uniform_vs_heterogeneous_fixed_geometry_beta20_v2_seed_02,uniform_vs_heterogeneous_fixed_geometry_beta20_v2_seed_sweep_seed_02_2718281828,uniform_trial_0086,uniform,baseline,86,uniform_fixed_repeated_eval_study,85,completed,,,1234,2835264557,2730710268,3650938485,,20.0,0.2,0.05,0.01,100,uniform,,,,,3.5261566426387927,78.0,1.0,77.0,KR_minus_GR,94.5478107999079,2026-03-13T18:56:05Z,2026-03-13T18:57:40Z,results/raw/uniform_vs_heterogeneous_fixed_geometry_beta20_v2_seed_02/uniform_vs_heterogeneous_fixed_geometry_beta20_v2_seed_sweep_seed_02_2718281828/resolved_config.yaml,
1.0,uniform_vs_heterogeneous_fixed_geometry_beta20_v2_seed_02,uniform_vs_heterogeneous_fixed_geometry_beta20_v2_seed_sweep_seed_02_2718281828,uniform_trial_0087,uniform,baseline,87,uniform_fixed_repeated_eval_study,86,completed,,,1234,3600459750,1457513753,2730766268,,20.0,0.2,0.05,0.01,100,uniform,,,,,3.3051315134256214,83.0,1.0,82.0,KR_minus_GR,94.68907570000738,2026-03-13T18:57:40Z,2026-03-13T18:59:15Z,results/raw/uniform_vs_heterogeneous_fixed_geometry_beta20_v2_seed_02/uniform_vs_heterogeneous_fixed_geometry_beta20_v2_seed_sweep_seed_02_2718281828/resolved_config.yaml,
1.0,uniform_vs_heterogeneous_fixed_geometry_beta20_v2_seed_02,uniform_vs_heterogeneous_fixed_geometry_beta20_v2_seed_sweep_seed_02_2718281828,uniform_trial_0088,uniform,baseline,88,uniform_fixed_repeated_eval_study,87,completed,,,1234,1640686540,3482870705,371467778,,20.0,0.2,0.05,0.01,100,uniform,,,,,3.515147895380191,84.0,1.0,83.0,KR_minus_GR,94.48008850007318,2026-03-13T18:59:15Z,2026-03-13T19:00:49Z,results/raw/uniform_vs_heterogeneous_fixed_geometry_beta20_v2_seed_02/uniform_vs_heterogeneous_fixed_geometry_beta20_v2_seed_sweep_seed_02_2718281828/resolved_config.yaml,
1.0,uniform_vs_heterogeneous_fixed_geometry_beta20_v2_seed_02,uniform_vs_heterogeneous_fixed_geometry_beta20_v2_seed_sweep_seed_02_2718281828,uniform_trial_0089,uniform,baseline,89,uniform_fixed_repeated_eval_study,88,completed,,,1234,1352206775,1373754043,1070700840,,20.0,0.2,0.05,0.01,100,uniform,,,,,3.4827654923449445,83.0,1.0,82.0,KR_minus_GR,94.29812319995835,2026-03-13T19:00:49Z,2026-03-13T19:02:23Z,results/raw/uniform_vs_heterogeneous_fixed_geometry_beta20_v2_seed_02/uniform_vs_heterogeneous_fixed_geometry_beta20_v2_seed_sweep_seed_02_2718281828/resolved_config.yaml,
1.0,uniform_vs_heterogeneous_fixed_geometry_beta20_v2_seed_02,uniform_vs_heterogeneous_fixed_geometry_beta20_v2_seed_sweep_seed_02_2718281828,uniform_trial_0090,uniform,baseline,90,uniform_fixed_repeated_eval_study,89,completed,,,1234,914693185,2005729848,3915452197,,20.0,0.2,0.05,0.01,100,uniform,,,,,3.3765146528893344,82.0,1.0,81.0,KR_minus_GR,94.45978220016696,2026-03-13T19:02:23Z,2026-03-13T19:03:58Z,results/raw/uniform_vs_heterogeneous_fixed_geometry_beta20_v2_seed_02/uniform_vs_heterogeneous_fixed_geometry_beta20_v2_seed_sweep_seed_02_2718281828/resolved_config.yaml,
1.0,uniform_vs_heterogeneous_fixed_geometry_beta20_v2_seed_02,uniform_vs_heterogeneous_fixed_geometry_beta20_v2_seed_sweep_seed_02_2718281828,uniform_trial_0091,uniform,baseline,91,uniform_fixed_repeated_eval_study,90,completed,,,1234,2835750687,3335461984,2390238070,,20.0,0.2,0.05,0.01,100,uniform,,,,,3.220643520431206,82.0,1.0,81.0,KR_minus_GR,94.655848500086,2026-03-13T19:03:58Z,2026-03-13T19:05:32Z,results/raw/uniform_vs_heterogeneous_fixed_geometry_beta20_v2_seed_02/uniform_vs_heterogeneous_fixed_geometry_beta20_v2_seed_sweep_seed_02_2718281828/resolved_config.yaml,
1.0,uniform_vs_heterogeneous_fixed_geometry_beta20_v2_seed_02,uniform_vs_heterogeneous_fixed_geometry_beta20_v2_seed_sweep_seed_02_2718281828,uniform_trial_0092,uniform,baseline,92,uniform_fixed_repeated_eval_study,91,completed,,,1234,1581587163,3192496834,1238717762,,20.0,0.2,0.05,0.01,100,uniform,,,,,3.787406770557136,81.0,1.0,80.0,KR_minus_GR,94.5004252998624,2026-03-13T19:05:32Z,2026-03-13T19:07:07Z,results/raw/uniform_vs_heterogeneous_fixed_geometry_beta20_v2_seed_02/uniform_vs_heterogeneous_fixed_geometry_beta20_v2_seed_sweep_seed_02_2718281828/resolved_config.yaml,
1.0,uniform_vs_heterogeneous_fixed_geometry_beta20_v2_seed_02,uniform_vs_heterogeneous_fixed_geometry_beta20_v2_seed_sweep_seed_02_2718281828,uniform_trial_0093,uniform,baseline,93,uniform_fixed_repeated_eval_study,92,completed,,,1234,1895244887,1831987477,3273327923,,20.0,0.2,0.05,0.01,100,uniform,,,,,3.644172912157995,80.0,1.0,79.0,KR_minus_GR,94.58783259987831,2026-03-13T19:07:07Z,2026-03-13T19:08:42Z,results/raw/uniform_vs_heterogeneous_fixed_geometry_beta20_v2_seed_02/uniform_vs_heterogeneous_fixed_geometry_beta20_v2_seed_sweep_seed_02_2718281828/resolved_config.yaml,
1.0,uniform_vs_heterogeneous_fixed_geometry_beta20_v2_seed_02,uniform_vs_heterogeneous_fixed_geometry_beta20_v2_seed_sweep_seed_02_2718281828,uniform_trial_0094,uniform,baseline,94,uniform_fixed_repeated_eval_study,93,completed,,,1234,3214643057,413097942,1713521914,,20.0,0.2,0.05,0.01,100,uniform,,,,,3.57610339261378,82.0,1.0,81.0,KR_minus_GR,94.68031720002182,2026-03-13T19:08:42Z,2026-03-13T19:10:16Z,results/raw/uniform_vs_heterogeneous_fixed_geometry_beta20_v2_seed_02/uniform_vs_heterogeneous_fixed_geometry_beta20_v2_seed_sweep_seed_02_2718281828/resolved_config.yaml,
1.0,uniform_vs_heterogeneous_fixed_geometry_beta20_v2_seed_02,uniform_vs_heterogeneous_fixed_geometry_beta20_v2_seed_sweep_seed_02_2718281828,uniform_trial_0095,uniform,baseline,95,uniform_fixed_repeated_eval_study,94,completed,,,1234,754826404,3914237952,609773082,,20.0,0.2,0.05,0.01,100,uniform,,,,,4.2159227108730555,80.0,1.0,79.0,KR_minus_GR,94.73669449985027,2026-03-13T19:10:16Z,2026-03-13T19:11:51Z,results/raw/uniform_vs_heterogeneous_fixed_geometry_beta20_v2_seed_02/uniform_vs_heterogeneous_fixed_geometry_beta20_v2_seed_sweep_seed_02_2718281828/resolved_config.yaml,
1.0,uniform_vs_heterogeneous_fixed_geometry_beta20_v2_seed_02,uniform_vs_heterogeneous_fixed_geometry_beta20_v2_seed_sweep_seed_02_2718281828,uniform_trial_0096,uniform,baseline,96,uniform_fixed_repeated_eval_study,95,completed,,,1234,2430271523,3620614577,1025835085,,20.0,0.2,0.05,0.01,100,uniform,,,,,3.0543476590669525,82.0,1.0,81.0,KR_minus_GR,94.62647780007683,2026-03-13T19:11:51Z,2026-03-13T19:13:26Z,results/raw/uniform_vs_heterogeneous_fixed_geometry_beta20_v2_seed_02/uniform_vs_heterogeneous_fixed_geometry_beta20_v2_seed_sweep_seed_02_2718281828/resolved_config.yaml,
1.0,uniform_vs_heterogeneous_fixed_geometry_beta20_v2_seed_02,uniform_vs_heterogeneous_fixed_geometry_beta20_v2_seed_sweep_seed_02_2718281828,uniform_trial_0097,uniform,baseline,97,uniform_fixed_repeated_eval_study,96,completed,,,1234,3021065059,1451849369,3420119044,,20.0,0.2,0.05,0.01,100,uniform,,,,,3.961112519172035,83.0,1.0,82.0,KR_minus_GR,94.5857877000235,2026-03-13T19:13:26Z,2026-03-13T19:15:00Z,results/raw/uniform_vs_heterogeneous_fixed_geometry_beta20_v2_seed_02/uniform_vs_heterogeneous_fixed_geometry_beta20_v2_seed_sweep_seed_02_2718281828/resolved_config.yaml,
1.0,uniform_vs_heterogeneous_fixed_geometry_beta20_v2_seed_02,uniform_vs_heterogeneous_fixed_geometry_beta20_v2_seed_sweep_seed_02_2718281828,uniform_trial_0098,uniform,baseline,98,uniform_fixed_repeated_eval_study,97,completed,,,1234,295593669,2531581051,807761131,,20.0,0.2,0.05,0.01,100,uniform,,,,,4.14782051128016,84.0,1.0,83.0,KR_minus_GR,94.34933599992655,2026-03-13T19:15:00Z,2026-03-13T19:16:35Z,results/raw/uniform_vs_heterogeneous_fixed_geometry_beta20_v2_seed_02/uniform_vs_heterogeneous_fixed_geometry_beta20_v2_seed_sweep_seed_02_2718281828/resolved_config.yaml,
1.0,uniform_vs_heterogeneous_fixed_geometry_beta20_v2_seed_02,uniform_vs_heterogeneous_fixed_geometry_beta20_v2_seed_sweep_seed_02_2718281828,uniform_trial_0099,uniform,baseline,99,uniform_fixed_repeated_eval_study,98,completed,,,1234,4160665652,36835708,2922188162,,20.0,0.2,0.05,0.01,100,uniform,,,,,3.7339210993816665,85.0,1.0,84.0,KR_minus_GR,94.74954320001416,2026-03-13T19:16:35Z,2026-03-13T19:18:09Z,results/raw/uniform_vs_heterogeneous_fixed_geometry_beta20_v2_seed_02/uniform_vs_heterogeneous_fixed_geometry_beta20_v2_seed_sweep_seed_02_2718281828/resolved_config.yaml,
1.0,uniform_vs_heterogeneous_fixed_geometry_beta20_v2_seed_02,uniform_vs_heterogeneous_fixed_geometry_beta20_v2_seed_sweep_seed_02_2718281828,uniform_trial_0100,uniform,baseline,100,uniform_fixed_repeated_eval_study,99,completed,,,1234,2272770299,3291017162,751073784,,20.0,0.2,0.05,0.01,100,uniform,,,,,3.232424968524221,81.0,1.0,80.0,KR_minus_GR,94.5027615998406,2026-03-13T19:18:09Z,2026-03-13T19:19:44Z,results/raw/uniform_vs_heterogeneous_fixed_geometry_beta20_v2_seed_02/uniform_vs_heterogeneous_fixed_geometry_beta20_v2_seed_sweep_seed_02_2718281828/resolved_config.yaml,
1.0,uniform_vs_heterogeneous_fixed_geometry_beta20_v2_seed_02,uniform_vs_heterogeneous_fixed_geometry_beta20_v2_seed_sweep_seed_02_2718281828,heterogeneous_trial_0001,heterogeneous,candidate,1,heterogeneous_fixed_repeated_eval_study,0,completed,,,1234,557384437,4284584593,1099293797,1376544170,20.0,0.2,0.05,0.01,100,distributional_beta,random,5,3.0,equal,3.6130291534880064,74.0,1.0,73.0,KR_minus_GR,146.3813789000269,2026-03-13T19:19:44Z,2026-03-13T19:22:10Z,results/raw/uniform_vs_heterogeneous_fixed_geometry_beta20_v2_seed_02/uniform_vs_heterogeneous_fixed_geometry_beta20_v2_seed_sweep_seed_02_2718281828/resolved_config.yaml,
1.0,uniform_vs_heterogeneous_fixed_geometry_beta20_v2_seed_02,uniform_vs_heterogeneous_fixed_geometry_beta20_v2_seed_sweep_seed_02_2718281828,heterogeneous_trial_0002,heterogeneous,candidate,2,heterogeneous_fixed_repeated_eval_study,1,completed,,,1234,1420838081,3315515159,3245661404,3305288327,20.0,0.2,0.05,0.01,100,distributional_beta,random,5,3.0,equal,3.569867889623271,76.0,1.0,75.0,KR_minus_GR,137.9926274002064,2026-03-13T19:22:10Z,2026-03-13T19:24:28Z,results/raw/uniform_vs_heterogeneous_fixed_geometry_beta20_v2_seed_02/uniform_vs_heterogeneous_fixed_geometry_beta20_v2_seed_sweep_seed_02_2718281828/resolved_config.yaml,
1.0,uniform_vs_heterogeneous_fixed_geometry_beta20_v2_seed_02,uniform_vs_heterogeneous_fixed_geometry_beta20_v2_seed_sweep_seed_02_2718281828,heterogeneous_trial_0003,heterogeneous,candidate,3,heterogeneous_fixed_repeated_eval_study,2,completed,,,1234,2877095840,2219982920,2590698115,3104769887,20.0,0.2,0.05,0.01,100,distributional_beta,random,5,3.0,equal,4.10900694355471,71.0,1.0,70.0,KR_minus_GR,137.72423930000514,2026-03-13T19:24:28Z,2026-03-13T19:26:46Z,results/raw/uniform_vs_heterogeneous_fixed_geometry_beta20_v2_seed_02/uniform_vs_heterogeneous_fixed_geometry_beta20_v2_seed_sweep_seed_02_2718281828/resolved_config.yaml,
1.0,uniform_vs_heterogeneous_fixed_geometry_beta20_v2_seed_02,uniform_vs_heterogeneous_fixed_geometry_beta20_v2_seed_sweep_seed_02_2718281828,heterogeneous_trial_0004,heterogeneous,candidate,4,heterogeneous_fixed_repeated_eval_study,3,completed,,,1234,3324148202,3070274865,3406246820,1203308717,20.0,0.2,0.05,0.01,100,distributional_beta,random,5,3.0,equal,3.5422714645176665,83.0,1.0,82.0,KR_minus_GR,137.7607670999132,2026-03-13T19:26:46Z,2026-03-13T19:29:04Z,results/raw/uniform_vs_heterogeneous_fixed_geometry_beta20_v2_seed_02/uniform_vs_heterogeneous_fixed_geometry_beta20_v2_seed_sweep_seed_02_2718281828/resolved_config.yaml,
1.0,uniform_vs_heterogeneous_fixed_geometry_beta20_v2_seed_02,uniform_vs_heterogeneous_fixed_geometry_beta20_v2_seed_sweep_seed_02_2718281828,heterogeneous_trial_0005,heterogeneous,candidate,5,heterogeneous_fixed_repeated_eval_study,4,completed,,,1234,2730107343,836280899,272808745,1200887716,20.0,0.2,0.05,0.01,100,distributional_beta,random,5,3.0,equal,3.9696511073193905,72.0,1.0,71.0,KR_minus_GR,137.92959309997968,2026-03-13T19:29:04Z,2026-03-13T19:31:22Z,results/raw/uniform_vs_heterogeneous_fixed_geometry_beta20_v2_seed_02/uniform_vs_heterogeneous_fixed_geometry_beta20_v2_seed_sweep_seed_02_2718281828/resolved_config.yaml,
1.0,uniform_vs_heterogeneous_fixed_geometry_beta20_v2_seed_02,uniform_vs_heterogeneous_fixed_geometry_beta20_v2_seed_sweep_seed_02_2718281828,heterogeneous_trial_0006,heterogeneous,candidate,6,heterogeneous_fixed_repeated_eval_study,5,completed,,,1234,845667455,3180735762,2366377893,1850950307,20.0,0.2,0.05,0.01,100,distributional_beta,random,5,3.0,equal,3.072388965533585,74.0,1.0,73.0,KR_minus_GR,137.8283689999953,2026-03-13T19:31:22Z,2026-03-13T19:33:39Z,results/raw/uniform_vs_heterogeneous_fixed_geometry_beta20_v2_seed_02/uniform_vs_heterogeneous_fixed_geometry_beta20_v2_seed_sweep_seed_02_2718281828/resolved_config.yaml,
1.0,uniform_vs_heterogeneous_fixed_geometry_beta20_v2_seed_02,uniform_vs_heterogeneous_fixed_geometry_beta20_v2_seed_sweep_seed_02_2718281828,heterogeneous_trial_0007,heterogeneous,candidate,7,heterogeneous_fixed_repeated_eval_study,6,completed,,,1234,2553641544,1534643511,559736296,3775585786,20.0,0.2,0.05,0.01,100,distributional_beta,random,5,3.0,equal,2.8088906749983034,77.0,1.0,76.0,KR_minus_GR,138.18226459994912,2026-03-13T19:33:39Z,2026-03-13T19:35:58Z,results/raw/uniform_vs_heterogeneous_fixed_geometry_beta20_v2_seed_02/uniform_vs_heterogeneous_fixed_geometry_beta20_v2_seed_sweep_seed_02_2718281828/resolved_config.yaml,
1.0,uniform_vs_heterogeneous_fixed_geometry_beta20_v2_seed_02,uniform_vs_heterogeneous_fixed_geometry_beta20_v2_seed_sweep_seed_02_2718281828,heterogeneous_trial_0008,heterogeneous,candidate,8,heterogeneous_fixed_repeated_eval_study,7,completed,,,1234,820649975,3784784527,2505475035,4274935208,20.0,0.2,0.05,0.01,100,distributional_beta,random,5,3.0,equal,3.2181419636148827,73.0,1.0,72.0,KR_minus_GR,138.52089330018498,2026-03-13T19:35:58Z,2026-03-13T19:38:16Z,results/raw/uniform_vs_heterogeneous_fixed_geometry_beta20_v2_seed_02/uniform_vs_heterogeneous_fixed_geometry_beta20_v2_seed_sweep_seed_02_2718281828/resolved_config.yaml,
1.0,uniform_vs_heterogeneous_fixed_geometry_beta20_v2_seed_02,uniform_vs_heterogeneous_fixed_geometry_beta20_v2_seed_sweep_seed_02_2718281828,heterogeneous_trial_0009,heterogeneous,candidate,9,heterogeneous_fixed_repeated_eval_study,8,completed,,,1234,2861565625,3653215253,3702444616,789326658,20.0,0.2,0.05,0.01,100,distributional_beta,random,5,3.0,equal,3.8524529741848186,68.0,1.0,67.0,KR_minus_GR,137.9922368999105,2026-03-13T19:38:16Z,2026-03-13T19:40:34Z,results/raw/uniform_vs_heterogeneous_fixed_geometry_beta20_v2_seed_02/uniform_vs_heterogeneous_fixed_geometry_beta20_v2_seed_sweep_seed_02_2718281828/resolved_config.yaml,
1.0,uniform_vs_heterogeneous_fixed_geometry_beta20_v2_seed_02,uniform_vs_heterogeneous_fixed_geometry_beta20_v2_seed_sweep_seed_02_2718281828,heterogeneous_trial_0010,heterogeneous,candidate,10,heterogeneous_fixed_repeated_eval_study,9,completed,,,1234,173019452,3335379282,3227370497,1344856317,20.0,0.2,0.05,0.01,100,distributional_beta,random,5,3.0,equal,3.2266120457903713,79.0,1.0,78.0,KR_minus_GR,137.26384180015884,2026-03-13T19:40:34Z,2026-03-13T19:42:51Z,results/raw/uniform_vs_heterogeneous_fixed_geometry_beta20_v2_seed_02/uniform_vs_heterogeneous_fixed_geometry_beta20_v2_seed_sweep_seed_02_2718281828/resolved_config.yaml,
1.0,uniform_vs_heterogeneous_fixed_geometry_beta20_v2_seed_02,uniform_vs_heterogeneous_fixed_geometry_beta20_v2_seed_sweep_seed_02_2718281828,heterogeneous_trial_0011,heterogeneous,candidate,11,heterogeneous_fixed_repeated_eval_study,10,completed,,,1234,3051747814,2938311673,3927796037,2055696195,20.0,0.2,0.05,0.01,100,distributional_beta,random,5,3.0,equal,3.5084545740204414,77.0,1.0,76.0,KR_minus_GR,138.00308980001137,2026-03-13T19:42:51Z,2026-03-13T19:45:09Z,results/raw/uniform_vs_heterogeneous_fixed_geometry_beta20_v2_seed_02/uniform_vs_heterogeneous_fixed_geometry_beta20_v2_seed_sweep_seed_02_2718281828/resolved_config.yaml,
1.0,uniform_vs_heterogeneous_fixed_geometry_beta20_v2_seed_02,uniform_vs_heterogeneous_fixed_geometry_beta20_v2_seed_sweep_seed_02_2718281828,heterogeneous_trial_0012,heterogeneous,candidate,12,heterogeneous_fixed_repeated_eval_study,11,completed,,,1234,349346877,1491040069,1209011973,1016424053,20.0,0.2,0.05,0.01,100,distributional_beta,random,5,3.0,equal,3.5721927874073414,81.0,1.0,80.0,KR_minus_GR,137.34035039995797,2026-03-13T19:45:09Z,2026-03-13T19:47:27Z,results/raw/uniform_vs_heterogeneous_fixed_geometry_beta20_v2_seed_02/uniform_vs_heterogeneous_fixed_geometry_beta20_v2_seed_sweep_seed_02_2718281828/resolved_config.yaml,
1.0,uniform_vs_heterogeneous_fixed_geometry_beta20_v2_seed_02,uniform_vs_heterogeneous_fixed_geometry_beta20_v2_seed_sweep_seed_02_2718281828,heterogeneous_trial_0013,heterogeneous,candidate,13,heterogeneous_fixed_repeated_eval_study,12,completed,,,1234,3283383610,2237597193,1484433474,2891514546,20.0,0.2,0.05,0.01,100,distributional_beta,random,5,3.0,equal,3.5632989430310036,72.0,1.0,71.0,KR_minus_GR,137.55884540011175,2026-03-13T19:47:27Z,2026-03-13T19:49:44Z,results/raw/uniform_vs_heterogeneous_fixed_geometry_beta20_v2_seed_02/uniform_vs_heterogeneous_fixed_geometry_beta20_v2_seed_sweep_seed_02_2718281828/resolved_config.yaml,
1.0,uniform_vs_heterogeneous_fixed_geometry_beta20_v2_seed_02,uniform_vs_heterogeneous_fixed_geometry_beta20_v2_seed_sweep_seed_02_2718281828,heterogeneous_trial_0014,heterogeneous,candidate,14,heterogeneous_fixed_repeated_eval_study,13,completed,,,1234,1498703894,3051669214,2246098719,4169896274,20.0,0.2,0.05,0.01,100,distributional_beta,random,5,3.0,equal,4.057815912834366,74.0,1.0,73.0,KR_minus_GR,137.5947443000041,2026-03-13T19:49:44Z,2026-03-13T19:52:02Z,results/raw/uniform_vs_heterogeneous_fixed_geometry_beta20_v2_seed_02/uniform_vs_heterogeneous_fixed_geometry_beta20_v2_seed_sweep_seed_02_2718281828/resolved_config.yaml,
1.0,uniform_vs_heterogeneous_fixed_geometry_beta20_v2_seed_02,uniform_vs_heterogeneous_fixed_geometry_beta20_v2_seed_sweep_seed_02_2718281828,heterogeneous_trial_0015,heterogeneous,candidate,15,heterogeneous_fixed_repeated_eval_study,14,completed,,,1234,561358417,1089557608,3730222718,3983881972,20.0,0.2,0.05,0.01,100,distributional_beta,random,5,3.0,equal,3.5350048162486676,73.0,1.0,72.0,KR_minus_GR,137.77549139992334,2026-03-13T19:52:02Z,2026-03-13T19:54:20Z,results/raw/uniform_vs_heterogeneous_fixed_geometry_beta20_v2_seed_02/uniform_vs_heterogeneous_fixed_geometry_beta20_v2_seed_sweep_seed_02_2718281828/resolved_config.yaml,
1.0,uniform_vs_heterogeneous_fixed_geometry_beta20_v2_seed_02,uniform_vs_heterogeneous_fixed_geometry_beta20_v2_seed_sweep_seed_02_2718281828,heterogeneous_trial_0016,heterogeneous,candidate,16,heterogeneous_fixed_repeated_eval_study,15,completed,,,1234,3831752978,140309103,777858740,1495374378,20.0,0.2,0.05,0.01,100,distributional_beta,random,5,3.0,equal,3.8842024232153283,80.0,1.0,79.0,KR_minus_GR,137.93907519988716,2026-03-13T19:54:20Z,2026-03-13T19:56:38Z,results/raw/uniform_vs_heterogeneous_fixed_geometry_beta20_v2_seed_02/uniform_vs_heterogeneous_fixed_geometry_beta20_v2_seed_sweep_seed_02_2718281828/resolved_config.yaml,
1.0,uniform_vs_heterogeneous_fixed_geometry_beta20_v2_seed_02,uniform_vs_heterogeneous_fixed_geometry_beta20_v2_seed_sweep_seed_02_2718281828,heterogeneous_trial_0017,heterogeneous,candidate,17,heterogeneous_fixed_repeated_eval_study,16,completed,,,1234,2310362745,1172260544,2315437138,4249515612,20.0,0.2,0.05,0.01,100,distributional_beta,random,5,3.0,equal,3.9021066177287773,75.0,1.0,74.0,KR_minus_GR,137.30564970010892,2026-03-13T19:56:38Z,2026-03-13T19:58:55Z,results/raw/uniform_vs_heterogeneous_fixed_geometry_beta20_v2_seed_02/uniform_vs_heterogeneous_fixed_geometry_beta20_v2_seed_sweep_seed_02_2718281828/resolved_config.yaml,
1.0,uniform_vs_heterogeneous_fixed_geometry_beta20_v2_seed_02,uniform_vs_heterogeneous_fixed_geometry_beta20_v2_seed_sweep_seed_02_2718281828,heterogeneous_trial_0018,heterogeneous,candidate,18,heterogeneous_fixed_repeated_eval_study,17,completed,,,1234,3334406920,2891657080,2180530600,1764607568,20.0,0.2,0.05,0.01,100,distributional_beta,random,5,3.0,equal,3.9295243857059514,75.0,1.0,74.0,KR_minus_GR,136.8718076001387,2026-03-13T19:58:55Z,2026-03-13T20:01:12Z,results/raw/uniform_vs_heterogeneous_fixed_geometry_beta20_v2_seed_02/uniform_vs_heterogeneous_fixed_geometry_beta20_v2_seed_sweep_seed_02_2718281828/resolved_config.yaml,
1.0,uniform_vs_heterogeneous_fixed_geometry_beta20_v2_seed_02,uniform_vs_heterogeneous_fixed_geometry_beta20_v2_seed_sweep_seed_02_2718281828,heterogeneous_trial_0019,heterogeneous,candidate,19,heterogeneous_fixed_repeated_eval_study,18,completed,,,1234,1949921660,2190979501,2296498402,2157316045,20.0,0.2,0.05,0.01,100,distributional_beta,random,5,3.0,equal,3.434924797757975,77.0,1.0,76.0,KR_minus_GR,138.7541408999823,2026-03-13T20:01:12Z,2026-03-13T20:03:31Z,results/raw/uniform_vs_heterogeneous_fixed_geometry_beta20_v2_seed_02/uniform_vs_heterogeneous_fixed_geometry_beta20_v2_seed_sweep_seed_02_2718281828/resolved_config.yaml,
1.0,uniform_vs_heterogeneous_fixed_geometry_beta20_v2_seed_02,uniform_vs_heterogeneous_fixed_geometry_beta20_v2_seed_sweep_seed_02_2718281828,heterogeneous_trial_0020,heterogeneous,candidate,20,heterogeneous_fixed_repeated_eval_study,19,completed,,,1234,1240878390,2757162680,1024490212,1811432105,20.0,0.2,0.05,0.01,100,distributional_beta,random,5,3.0,equal,3.259194757174294,85.0,1.0,84.0,KR_minus_GR,138.80618260009214,2026-03-13T20:03:31Z,2026-03-13T20:05:49Z,results/raw/uniform_vs_heterogeneous_fixed_geometry_beta20_v2_seed_02/uniform_vs_heterogeneous_fixed_geometry_beta20_v2_seed_sweep_seed_02_2718281828/resolved_config.yaml,
1.0,uniform_vs_heterogeneous_fixed_geometry_beta20_v2_seed_02,uniform_vs_heterogeneous_fixed_geometry_beta20_v2_seed_sweep_seed_02_2718281828,heterogeneous_trial_0021,heterogeneous,candidate,21,heterogeneous_fixed_repeated_eval_study,20,completed,,,1234,1443379480,235820628,1331743193,3363695144,20.0,0.2,0.05,0.01,100,distributional_beta,random,5,3.0,equal,3.1037278302747584,79.0,1.0,78.0,KR_minus_GR,137.86708869994618,2026-03-13T20:05:49Z,2026-03-13T20:08:07Z,results/raw/uniform_vs_heterogeneous_fixed_geometry_beta20_v2_seed_02/uniform_vs_heterogeneous_fixed_geometry_beta20_v2_seed_sweep_seed_02_2718281828/resolved_config.yaml,
1.0,uniform_vs_heterogeneous_fixed_geometry_beta20_v2_seed_02,uniform_vs_heterogeneous_fixed_geometry_beta20_v2_seed_sweep_seed_02_2718281828,heterogeneous_trial_0022,heterogeneous,candidate,22,heterogeneous_fixed_repeated_eval_study,21,completed,,,1234,2612121780,1195119090,3369815799,1373177439,20.0,0.2,0.05,0.01,100,distributional_beta,random,5,3.0,equal,3.3719546771390227,71.0,1.0,70.0,KR_minus_GR,137.4973724000156,2026-03-13T20:08:07Z,2026-03-13T20:10:25Z,results/raw/uniform_vs_heterogeneous_fixed_geometry_beta20_v2_seed_02/uniform_vs_heterogeneous_fixed_geometry_beta20_v2_seed_sweep_seed_02_2718281828/resolved_config.yaml,
1.0,uniform_vs_heterogeneous_fixed_geometry_beta20_v2_seed_02,uniform_vs_heterogeneous_fixed_geometry_beta20_v2_seed_sweep_seed_02_2718281828,heterogeneous_trial_0023,heterogeneous,candidate,23,heterogeneous_fixed_repeated_eval_study,22,completed,,,1234,491212468,639730780,2426936498,1472595924,20.0,0.2,0.05,0.01,100,distributional_beta,random,5,3.0,equal,3.2873897885845746,75.0,1.0,74.0,KR_minus_GR,138.88084550015628,2026-03-13T20:10:25Z,2026-03-13T20:12:44Z,results/raw/uniform_vs_heterogeneous_fixed_geometry_beta20_v2_seed_02/uniform_vs_heterogeneous_fixed_geometry_beta20_v2_seed_sweep_seed_02_2718281828/resolved_config.yaml,
1.0,uniform_vs_heterogeneous_fixed_geometry_beta20_v2_seed_02,uniform_vs_heterogeneous_fixed_geometry_beta20_v2_seed_sweep_seed_02_2718281828,heterogeneous_trial_0024,heterogeneous,candidate,24,heterogeneous_fixed_repeated_eval_study,23,completed,,,1234,2936744238,1954826618,216515674,2230279700,20.0,0.2,0.05,0.01,100,distributional_beta,random,5,3.0,equal,3.675600700351076,78.0,1.0,77.0,KR_minus_GR,139.67541339993477,2026-03-13T20:12:44Z,2026-03-13T20:15:03Z,results/raw/uniform_vs_heterogeneous_fixed_geometry_beta20_v2_seed_02/uniform_vs_heterogeneous_fixed_geometry_beta20_v2_seed_sweep_seed_02_2718281828/resolved_config.yaml,
1.0,uniform_vs_heterogeneous_fixed_geometry_beta20_v2_seed_02,uniform_vs_heterogeneous_fixed_geometry_beta20_v2_seed_sweep_seed_02_2718281828,heterogeneous_trial_0025,heterogeneous,candidate,25,heterogeneous_fixed_repeated_eval_study,24,completed,,,1234,998925781,858011228,1665825923,1633877636,20.0,0.2,0.05,0.01,100,distributional_beta,random,5,3.0,equal,3.3608925634895535,70.0,1.0,69.0,KR_minus_GR,138.08762870007195,2026-03-13T20:15:03Z,2026-03-13T20:17:21Z,results/raw/uniform_vs_heterogeneous_fixed_geometry_beta20_v2_seed_02/uniform_vs_heterogeneous_fixed_geometry_beta20_v2_seed_sweep_seed_02_2718281828/resolved_config.yaml,
1.0,uniform_vs_heterogeneous_fixed_geometry_beta20_v2_seed_02,uniform_vs_heterogeneous_fixed_geometry_beta20_v2_seed_sweep_seed_02_2718281828,heterogeneous_trial_0026,heterogeneous,candidate,26,heterogeneous_fixed_repeated_eval_study,25,completed,,,1234,3341645679,457886829,3538871409,3143197333,20.0,0.2,0.05,0.01,100,distributional_beta,random,5,3.0,equal,3.859616374414354,72.0,1.0,71.0,KR_minus_GR,137.73329539992847,2026-03-13T20:17:21Z,2026-03-13T20:19:39Z,results/raw/uniform_vs_heterogeneous_fixed_geometry_beta20_v2_seed_02/uniform_vs_heterogeneous_fixed_geometry_beta20_v2_seed_sweep_seed_02_2718281828/resolved_config.yaml,
1.0,uniform_vs_heterogeneous_fixed_geometry_beta20_v2_seed_02,uniform_vs_heterogeneous_fixed_geometry_beta20_v2_seed_sweep_seed_02_2718281828,heterogeneous_trial_0027,heterogeneous,candidate,27,heterogeneous_fixed_repeated_eval_study,26,completed,,,1234,3770675915,2370894938,3298362815,3393539029,20.0,0.2,0.05,0.01,100,distributional_beta,random,5,3.0,equal,3.6299241891639884,81.0,1.0,80.0,KR_minus_GR,138.26009880006313,2026-03-13T20:19:39Z,2026-03-13T20:21:57Z,results/raw/uniform_vs_heterogeneous_fixed_geometry_beta20_v2_seed_02/uniform_vs_heterogeneous_fixed_geometry_beta20_v2_seed_sweep_seed_02_2718281828/resolved_config.yaml,
1.0,uniform_vs_heterogeneous_fixed_geometry_beta20_v2_seed_02,uniform_vs_heterogeneous_fixed_geometry_beta20_v2_seed_sweep_seed_02_2718281828,heterogeneous_trial_0028,heterogeneous,candidate,28,heterogeneous_fixed_repeated_eval_study,27,completed,,,1234,941057151,1608557929,2356006179,866487982,20.0,0.2,0.05,0.01,100,distributional_beta,random,5,3.0,equal,4.0012393642847135,75.0,1.0,74.0,KR_minus_GR,137.4804108000826,2026-03-13T20:21:57Z,2026-03-13T20:24:15Z,results/raw/uniform_vs_heterogeneous_fixed_geometry_beta20_v2_seed_02/uniform_vs_heterogeneous_fixed_geometry_beta20_v2_seed_sweep_seed_02_2718281828/resolved_config.yaml,
1.0,uniform_vs_heterogeneous_fixed_geometry_beta20_v2_seed_02,uniform_vs_heterogeneous_fixed_geometry_beta20_v2_seed_sweep_seed_02_2718281828,heterogeneous_trial_0029,heterogeneous,candidate,29,heterogeneous_fixed_repeated_eval_study,28,completed,,,1234,2215109747,1487910696,1914032874,882549657,20.0,0.2,0.05,0.01,100,distributional_beta,random,5,3.0,equal,3.934855660132116,77.0,1.0,76.0,KR_minus_GR,137.680403099861,2026-03-13T20:24:15Z,2026-03-13T20:26:33Z,results/raw/uniform_vs_heterogeneous_fixed_geometry_beta20_v2_seed_02/uniform_vs_heterogeneous_fixed_geometry_beta20_v2_seed_sweep_seed_02_2718281828/resolved_config.yaml,
1.0,uniform_vs_heterogeneous_fixed_geometry_beta20_v2_seed_02,uniform_vs_heterogeneous_fixed_geometry_beta20_v2_seed_sweep_seed_02_2718281828,heterogeneous_trial_0030,heterogeneous,candidate,30,heterogeneous_fixed_repeated_eval_study,29,completed,,,1234,2416810949,3200246158,4282125702,3638646820,20.0,0.2,0.05,0.01,100,distributional_beta,random,5,3.0,equal,3.5567132170622786,83.0,1.0,82.0,KR_minus_GR,137.66453180019744,2026-03-13T20:26:33Z,2026-03-13T20:28:50Z,results/raw/uniform_vs_heterogeneous_fixed_geometry_beta20_v2_seed_02/uniform_vs_heterogeneous_fixed_geometry_beta20_v2_seed_sweep_seed_02_2718281828/resolved_config.yaml,
1.0,uniform_vs_heterogeneous_fixed_geometry_beta20_v2_seed_02,uniform_vs_heterogeneous_fixed_geometry_beta20_v2_seed_sweep_seed_02_2718281828,heterogeneous_trial_0031,heterogeneous,candidate,31,heterogeneous_fixed_repeated_eval_study,30,completed,,,1234,558317995,3659360184,941084673,841854966,20.0,0.2,0.05,0.01,100,distributional_beta,random,5,3.0,equal,4.055651526526326,76.0,1.0,75.0,KR_minus_GR,137.41203089989722,2026-03-13T20:28:50Z,2026-03-13T20:31:08Z,results/raw/uniform_vs_heterogeneous_fixed_geometry_beta20_v2_seed_02/uniform_vs_heterogeneous_fixed_geometry_beta20_v2_seed_sweep_seed_02_2718281828/resolved_config.yaml,
1.0,uniform_vs_heterogeneous_fixed_geometry_beta20_v2_seed_02,uniform_vs_heterogeneous_fixed_geometry_beta20_v2_seed_sweep_seed_02_2718281828,heterogeneous_trial_0032,heterogeneous,candidate,32,heterogeneous_fixed_repeated_eval_study,31,completed,,,1234,2229074049,1163828947,2400508265,263421551,20.0,0.2,0.05,0.01,100,distributional_beta,random,5,3.0,equal,4.47865789063354,71.0,1.0,70.0,KR_minus_GR,137.4616677998565,2026-03-13T20:31:08Z,2026-03-13T20:33:25Z,results/raw/uniform_vs_heterogeneous_fixed_geometry_beta20_v2_seed_02/uniform_vs_heterogeneous_fixed_geometry_beta20_v2_seed_sweep_seed_02_2718281828/resolved_config.yaml,
1.0,uniform_vs_heterogeneous_fixed_geometry_beta20_v2_seed_02,uniform_vs_heterogeneous_fixed_geometry_beta20_v2_seed_sweep_seed_02_2718281828,heterogeneous_trial_0033,heterogeneous,candidate,33,heterogeneous_fixed_repeated_eval_study,32,completed,,,1234,3632097554,465452834,657304465,2334106207,20.0,0.2,0.05,0.01,100,distributional_beta,random,5,3.0,equal,3.1705869999380667,76.0,1.0,75.0,KR_minus_GR,137.68613239983097,2026-03-13T20:33:25Z,2026-03-13T20:35:43Z,results/raw/uniform_vs_heterogeneous_fixed_geometry_beta20_v2_seed_02/uniform_vs_heterogeneous_fixed_geometry_beta20_v2_seed_sweep_seed_02_2718281828/resolved_config.yaml,
1.0,uniform_vs_heterogeneous_fixed_geometry_beta20_v2_seed_02,uniform_vs_heterogeneous_fixed_geometry_beta20_v2_seed_sweep_seed_02_2718281828,heterogeneous_trial_0034,heterogeneous,candidate,34,heterogeneous_fixed_repeated_eval_study,33,completed,,,1234,2567759408,260932833,1910684027,2129766098,20.0,0.2,0.05,0.01,100,distributional_beta,random,5,3.0,equal,2.8951254810272165,79.0,1.0,78.0,KR_minus_GR,138.21906500007026,2026-03-13T20:35:43Z,2026-03-13T20:38:01Z,results/raw/uniform_vs_heterogeneous_fixed_geometry_beta20_v2_seed_02/uniform_vs_heterogeneous_fixed_geometry_beta20_v2_seed_sweep_seed_02_2718281828/resolved_config.yaml,
1.0,uniform_vs_heterogeneous_fixed_geometry_beta20_v2_seed_02,uniform_vs_heterogeneous_fixed_geometry_beta20_v2_seed_sweep_seed_02_2718281828,heterogeneous_trial_0035,heterogeneous,candidate,35,heterogeneous_fixed_repeated_eval_study,34,completed,,,1234,497034915,2991699869,3440523128,3185962476,20.0,0.2,0.05,0.01,100,distributional_beta,random,5,3.0,equal,3.9261021999515955,83.0,1.0,82.0,KR_minus_GR,137.3556582001038,2026-03-13T20:38:01Z,2026-03-13T20:40:18Z,results/raw/uniform_vs_heterogeneous_fixed_geometry_beta20_v2_seed_02/uniform_vs_heterogeneous_fixed_geometry_beta20_v2_seed_sweep_seed_02_2718281828/resolved_config.yaml,
1.0,uniform_vs_heterogeneous_fixed_geometry_beta20_v2_seed_02,uniform_vs_heterogeneous_fixed_geometry_beta20_v2_seed_sweep_seed_02_2718281828,heterogeneous_trial_0036,heterogeneous,candidate,36,heterogeneous_fixed_repeated_eval_study,35,completed,,,1234,1083038525,86752051,1321251118,2003827370,20.0,0.2,0.05,0.01,100,distributional_beta,random,5,3.0,equal,3.739104755228682,70.0,1.0,69.0,KR_minus_GR,137.6181829001289,2026-03-13T20:40:18Z,2026-03-13T20:42:36Z,results/raw/uniform_vs_heterogeneous_fixed_geometry_beta20_v2_seed_02/uniform_vs_heterogeneous_fixed_geometry_beta20_v2_seed_sweep_seed_02_2718281828/resolved_config.yaml,
1.0,uniform_vs_heterogeneous_fixed_geometry_beta20_v2_seed_02,uniform_vs_heterogeneous_fixed_geometry_beta20_v2_seed_sweep_seed_02_2718281828,heterogeneous_trial_0037,heterogeneous,candidate,37,heterogeneous_fixed_repeated_eval_study,36,completed,,,1234,536348740,3660727062,2092807939,1699839151,20.0,0.2,0.05,0.01,100,distributional_beta,random,5,3.0,equal,3.0326840417433933,79.0,1.0,78.0,KR_minus_GR,138.34327229997143,2026-03-13T20:42:36Z,2026-03-13T20:44:54Z,results/raw/uniform_vs_heterogeneous_fixed_geometry_beta20_v2_seed_02/uniform_vs_heterogeneous_fixed_geometry_beta20_v2_seed_sweep_seed_02_2718281828/resolved_config.yaml,
1.0,uniform_vs_heterogeneous_fixed_geometry_beta20_v2_seed_02,uniform_vs_heterogeneous_fixed_geometry_beta20_v2_seed_sweep_seed_02_2718281828,heterogeneous_trial_0038,heterogeneous,candidate,38,heterogeneous_fixed_repeated_eval_study,37,completed,,,1234,2751935958,2253353761,156623708,1151821820,20.0,0.2,0.05,0.01,100,distributional_beta,random,5,3.0,equal,3.6461309754378037,77.0,1.0,76.0,KR_minus_GR,137.92014720011503,2026-03-13T20:44:54Z,2026-03-13T20:47:12Z,results/raw/uniform_vs_heterogeneous_fixed_geometry_beta20_v2_seed_02/uniform_vs_heterogeneous_fixed_geometry_beta20_v2_seed_sweep_seed_02_2718281828/resolved_config.yaml,
1.0,uniform_vs_heterogeneous_fixed_geometry_beta20_v2_seed_02,uniform_vs_heterogeneous_fixed_geometry_beta20_v2_seed_sweep_seed_02_2718281828,heterogeneous_trial_0039,heterogeneous,candidate,39,heterogeneous_fixed_repeated_eval_study,38,completed,,,1234,2602012957,1290416650,1845714525,3064252843,20.0,0.2,0.05,0.01,100,distributional_beta,random,5,3.0,equal,3.3256632746994628,77.0,1.0,76.0,KR_minus_GR,137.1719692000188,2026-03-13T20:47:12Z,2026-03-13T20:49:29Z,results/raw/uniform_vs_heterogeneous_fixed_geometry_beta20_v2_seed_02/uniform_vs_heterogeneous_fixed_geometry_beta20_v2_seed_sweep_seed_02_2718281828/resolved_config.yaml,
1.0,uniform_vs_heterogeneous_fixed_geometry_beta20_v2_seed_02,uniform_vs_heterogeneous_fixed_geometry_beta20_v2_seed_sweep_seed_02_2718281828,heterogeneous_trial_0040,heterogeneous,candidate,40,heterogeneous_fixed_repeated_eval_study,39,completed,,,1234,1907038877,1152328794,4239369196,252778725,20.0,0.2,0.05,0.01,100,distributional_beta,random,5,3.0,equal,3.5721436348298097,71.0,1.0,70.0,KR_minus_GR,137.564756100066,2026-03-13T20:49:29Z,2026-03-13T20:51:47Z,results/raw/uniform_vs_heterogeneous_fixed_geometry_beta20_v2_seed_02/uniform_vs_heterogeneous_fixed_geometry_beta20_v2_seed_sweep_seed_02_2718281828/resolved_config.yaml,
1.0,uniform_vs_heterogeneous_fixed_geometry_beta20_v2_seed_02,uniform_vs_heterogeneous_fixed_geometry_beta20_v2_seed_sweep_seed_02_2718281828,heterogeneous_trial_0041,heterogeneous,candidate,41,heterogeneous_fixed_repeated_eval_study,40,completed,,,1234,1453147537,1062121603,1261227742,2777988245,20.0,0.2,0.05,0.01,100,distributional_beta,random,5,3.0,equal,4.091877508786796,69.0,1.0,68.0,KR_minus_GR,137.83043490001,2026-03-13T20:51:47Z,2026-03-13T20:54:05Z,results/raw/uniform_vs_heterogeneous_fixed_geometry_beta20_v2_seed_02/uniform_vs_heterogeneous_fixed_geometry_beta20_v2_seed_sweep_seed_02_2718281828/resolved_config.yaml,
1.0,uniform_vs_heterogeneous_fixed_geometry_beta20_v2_seed_02,uniform_vs_heterogeneous_fixed_geometry_beta20_v2_seed_sweep_seed_02_2718281828,heterogeneous_trial_0042,heterogeneous,candidate,42,heterogeneous_fixed_repeated_eval_study,41,completed,,,1234,4114065347,3247853397,2912670184,3565841436,20.0,0.2,0.05,0.01,100,distributional_beta,random,5,3.0,equal,3.58128229194777,77.0,1.0,76.0,KR_minus_GR,138.45078970002942,2026-03-13T20:54:05Z,2026-03-13T20:56:23Z,results/raw/uniform_vs_heterogeneous_fixed_geometry_beta20_v2_seed_02/uniform_vs_heterogeneous_fixed_geometry_beta20_v2_seed_sweep_seed_02_2718281828/resolved_config.yaml,
1.0,uniform_vs_heterogeneous_fixed_geometry_beta20_v2_seed_02,uniform_vs_heterogeneous_fixed_geometry_beta20_v2_seed_sweep_seed_02_2718281828,heterogeneous_trial_0043,heterogeneous,candidate,43,heterogeneous_fixed_repeated_eval_study,42,completed,,,1234,1700135630,2308302346,1114433315,2050136687,20.0,0.2,0.05,0.01,100,distributional_beta,random,5,3.0,equal,3.7241457931805195,71.0,1.0,70.0,KR_minus_GR,137.3471371999476,2026-03-13T20:56:23Z,2026-03-13T20:58:41Z,results/raw/uniform_vs_heterogeneous_fixed_geometry_beta20_v2_seed_02/uniform_vs_heterogeneous_fixed_geometry_beta20_v2_seed_sweep_seed_02_2718281828/resolved_config.yaml,
1.0,uniform_vs_heterogeneous_fixed_geometry_beta20_v2_seed_02,uniform_vs_heterogeneous_fixed_geometry_beta20_v2_seed_sweep_seed_02_2718281828,heterogeneous_trial_0044,heterogeneous,candidate,44,heterogeneous_fixed_repeated_eval_study,43,completed,,,1234,1724648099,2347422777,3495343450,2564459944,20.0,0.2,0.05,0.01,100,distributional_beta,random,5,3.0,equal,3.184190227678134,71.0,1.0,70.0,KR_minus_GR,137.9690098001156,2026-03-13T20:58:41Z,2026-03-13T21:00:59Z,results/raw/uniform_vs_heterogeneous_fixed_geometry_beta20_v2_seed_02/uniform_vs_heterogeneous_fixed_geometry_beta20_v2_seed_sweep_seed_02_2718281828/resolved_config.yaml,
1.0,uniform_vs_heterogeneous_fixed_geometry_beta20_v2_seed_02,uniform_vs_heterogeneous_fixed_geometry_beta20_v2_seed_sweep_seed_02_2718281828,heterogeneous_trial_0045,heterogeneous,candidate,45,heterogeneous_fixed_repeated_eval_study,44,completed,,,1234,102986405,787628727,3848914606,832558653,20.0,0.2,0.05,0.01,100,distributional_beta,random,5,3.0,equal,3.1464377220313735,80.0,1.0,79.0,KR_minus_GR,137.4618508000858,2026-03-13T21:00:59Z,2026-03-13T21:03:16Z,results/raw/uniform_vs_heterogeneous_fixed_geometry_beta20_v2_seed_02/uniform_vs_heterogeneous_fixed_geometry_beta20_v2_seed_sweep_seed_02_2718281828/resolved_config.yaml,
1.0,uniform_vs_heterogeneous_fixed_geometry_beta20_v2_seed_02,uniform_vs_heterogeneous_fixed_geometry_beta20_v2_seed_sweep_seed_02_2718281828,heterogeneous_trial_0046,heterogeneous,candidate,46,heterogeneous_fixed_repeated_eval_study,45,completed,,,1234,4170395418,20730319,1753928110,3560832448,20.0,0.2,0.05,0.01,100,distributional_beta,random,5,3.0,equal,3.949500678808448,77.0,1.0,76.0,KR_minus_GR,139.6913139000535,2026-03-13T21:03:16Z,2026-03-13T21:05:36Z,results/raw/uniform_vs_heterogeneous_fixed_geometry_beta20_v2_seed_02/uniform_vs_heterogeneous_fixed_geometry_beta20_v2_seed_sweep_seed_02_2718281828/resolved_config.yaml,
1.0,uniform_vs_heterogeneous_fixed_geometry_beta20_v2_seed_02,uniform_vs_heterogeneous_fixed_geometry_beta20_v2_seed_sweep_seed_02_2718281828,heterogeneous_trial_0047,heterogeneous,candidate,47,heterogeneous_fixed_repeated_eval_study,46,completed,,,1234,2619905895,947886730,572748979,4293898333,20.0,0.2,0.05,0.01,100,distributional_beta,random,5,3.0,equal,4.051616170709526,77.0,1.0,76.0,KR_minus_GR,137.67660039989278,2026-03-13T21:05:36Z,2026-03-13T21:07:53Z,results/raw/uniform_vs_heterogeneous_fixed_geometry_beta20_v2_seed_02/uniform_vs_heterogeneous_fixed_geometry_beta20_v2_seed_sweep_seed_02_2718281828/resolved_config.yaml,
1.0,uniform_vs_heterogeneous_fixed_geometry_beta20_v2_seed_02,uniform_vs_heterogeneous_fixed_geometry_beta20_v2_seed_sweep_seed_02_2718281828,heterogeneous_trial_0048,heterogeneous,candidate,48,heterogeneous_fixed_repeated_eval_study,47,completed,,,1234,901780484,3179849581,3507244300,2209317771,20.0,0.2,0.05,0.01,100,distributional_beta,random,5,3.0,equal,3.48396436957417,79.0,1.0,78.0,KR_minus_GR,137.31312400009483,2026-03-13T21:07:53Z,2026-03-13T21:10:11Z,results/raw/uniform_vs_heterogeneous_fixed_geometry_beta20_v2_seed_02/uniform_vs_heterogeneous_fixed_geometry_beta20_v2_seed_sweep_seed_02_2718281828/resolved_config.yaml,
1.0,uniform_vs_heterogeneous_fixed_geometry_beta20_v2_seed_02,uniform_vs_heterogeneous_fixed_geometry_beta20_v2_seed_sweep_seed_02_2718281828,heterogeneous_trial_0049,heterogeneous,candidate,49,heterogeneous_fixed_repeated_eval_study,48,completed,,,1234,3731728325,2582231369,1826447489,3359754421,20.0,0.2,0.05,0.01,100,distributional_beta,random,5,3.0,equal,2.9898471295295983,82.0,1.0,81.0,KR_minus_GR,137.77704850002192,2026-03-13T21:10:11Z,2026-03-13T21:12:28Z,results/raw/uniform_vs_heterogeneous_fixed_geometry_beta20_v2_seed_02/uniform_vs_heterogeneous_fixed_geometry_beta20_v2_seed_sweep_seed_02_2718281828/resolved_config.yaml,
1.0,uniform_vs_heterogeneous_fixed_geometry_beta20_v2_seed_02,uniform_vs_heterogeneous_fixed_geometry_beta20_v2_seed_sweep_seed_02_2718281828,heterogeneous_trial_0050,heterogeneous,candidate,50,heterogeneous_fixed_repeated_eval_study,49,completed,,,1234,1593229545,2172363452,3298738234,2180911957,20.0,0.2,0.05,0.01,100,distributional_beta,random,5,3.0,equal,3.1963969084938224,73.0,1.0,72.0,KR_minus_GR,137.43683749996126,2026-03-13T21:12:28Z,2026-03-13T21:14:46Z,results/raw/uniform_vs_heterogeneous_fixed_geometry_beta20_v2_seed_02/uniform_vs_heterogeneous_fixed_geometry_beta20_v2_seed_sweep_seed_02_2718281828/resolved_config.yaml,
1.0,uniform_vs_heterogeneous_fixed_geometry_beta20_v2_seed_02,uniform_vs_heterogeneous_fixed_geometry_beta20_v2_seed_sweep_seed_02_2718281828,heterogeneous_trial_0051,heterogeneous,candidate,51,heterogeneous_fixed_repeated_eval_study,50,completed,,,1234,3689829390,1612456305,3962214019,2415336692,20.0,0.2,0.05,0.01,100,distributional_beta,random,5,3.0,equal,3.216226119157108,75.0,1.0,74.0,KR_minus_GR,137.38976900000125,2026-03-13T21:14:46Z,2026-03-13T21:17:03Z,results/raw/uniform_vs_heterogeneous_fixed_geometry_beta20_v2_seed_02/uniform_vs_heterogeneous_fixed_geometry_beta20_v2_seed_sweep_seed_02_2718281828/resolved_config.yaml,
1.0,uniform_vs_heterogeneous_fixed_geometry_beta20_v2_seed_02,uniform_vs_heterogeneous_fixed_geometry_beta20_v2_seed_sweep_seed_02_2718281828,heterogeneous_trial_0052,heterogeneous,candidate,52,heterogeneous_fixed_repeated_eval_study,51,completed,,,1234,3593424145,1146442990,1214942181,2378316376,20.0,0.2,0.05,0.01,100,distributional_beta,random,5,3.0,equal,2.9590212198760364,72.0,1.0,71.0,KR_minus_GR,137.63602820015512,2026-03-13T21:17:03Z,2026-03-13T21:19:21Z,results/raw/uniform_vs_heterogeneous_fixed_geometry_beta20_v2_seed_02/uniform_vs_heterogeneous_fixed_geometry_beta20_v2_seed_sweep_seed_02_2718281828/resolved_config.yaml,
1.0,uniform_vs_heterogeneous_fixed_geometry_beta20_v2_seed_02,uniform_vs_heterogeneous_fixed_geometry_beta20_v2_seed_sweep_seed_02_2718281828,heterogeneous_trial_0053,heterogeneous,candidate,53,heterogeneous_fixed_repeated_eval_study,52,completed,,,1234,3473869916,1800170571,2678034935,1694964817,20.0,0.2,0.05,0.01,100,distributional_beta,random,5,3.0,equal,3.0349558698138566,73.0,1.0,72.0,KR_minus_GR,137.48914059996605,2026-03-13T21:19:21Z,2026-03-13T21:21:38Z,results/raw/uniform_vs_heterogeneous_fixed_geometry_beta20_v2_seed_02/uniform_vs_heterogeneous_fixed_geometry_beta20_v2_seed_sweep_seed_02_2718281828/resolved_config.yaml,
1.0,uniform_vs_heterogeneous_fixed_geometry_beta20_v2_seed_02,uniform_vs_heterogeneous_fixed_geometry_beta20_v2_seed_sweep_seed_02_2718281828,heterogeneous_trial_0054,heterogeneous,candidate,54,heterogeneous_fixed_repeated_eval_study,53,completed,,,1234,1148196959,3048196223,2568168663,4118161365,20.0,0.2,0.05,0.01,100,distributional_beta,random,5,3.0,equal,4.292534906276835,82.0,1.0,81.0,KR_minus_GR,137.37815519981086,2026-03-13T21:21:38Z,2026-03-13T21:23:56Z,results/raw/uniform_vs_heterogeneous_fixed_geometry_beta20_v2_seed_02/uniform_vs_heterogeneous_fixed_geometry_beta20_v2_seed_sweep_seed_02_2718281828/resolved_config.yaml,
1.0,uniform_vs_heterogeneous_fixed_geometry_beta20_v2_seed_02,uniform_vs_heterogeneous_fixed_geometry_beta20_v2_seed_sweep_seed_02_2718281828,heterogeneous_trial_0055,heterogeneous,candidate,55,heterogeneous_fixed_repeated_eval_study,54,completed,,,1234,4224082481,2220787683,1080824074,1026201492,20.0,0.2,0.05,0.01,100,distributional_beta,random,5,3.0,equal,3.831363633987312,77.0,1.0,76.0,KR_minus_GR,137.2994848000817,2026-03-13T21:23:56Z,2026-03-13T21:26:13Z,results/raw/uniform_vs_heterogeneous_fixed_geometry_beta20_v2_seed_02/uniform_vs_heterogeneous_fixed_geometry_beta20_v2_seed_sweep_seed_02_2718281828/resolved_config.yaml,
1.0,uniform_vs_heterogeneous_fixed_geometry_beta20_v2_seed_02,uniform_vs_heterogeneous_fixed_geometry_beta20_v2_seed_sweep_seed_02_2718281828,heterogeneous_trial_0056,heterogeneous,candidate,56,heterogeneous_fixed_repeated_eval_study,55,completed,,,1234,1206914384,2754973280,248617575,609683164,20.0,0.2,0.05,0.01,100,distributional_beta,random,5,3.0,equal,3.1265467876947755,74.0,1.0,73.0,KR_minus_GR,137.74815099989064,2026-03-13T21:26:13Z,2026-03-13T21:28:31Z,results/raw/uniform_vs_heterogeneous_fixed_geometry_beta20_v2_seed_02/uniform_vs_heterogeneous_fixed_geometry_beta20_v2_seed_sweep_seed_02_2718281828/resolved_config.yaml,
1.0,uniform_vs_heterogeneous_fixed_geometry_beta20_v2_seed_02,uniform_vs_heterogeneous_fixed_geometry_beta20_v2_seed_sweep_seed_02_2718281828,heterogeneous_trial_0057,heterogeneous,candidate,57,heterogeneous_fixed_repeated_eval_study,56,completed,,,1234,765537397,2235196203,641263299,2679013375,20.0,0.2,0.05,0.01,100,distributional_beta,random,5,3.0,equal,4.567055519892321,77.0,1.0,76.0,KR_minus_GR,137.7912675999105,2026-03-13T21:28:31Z,2026-03-13T21:30:49Z,results/raw/uniform_vs_heterogeneous_fixed_geometry_beta20_v2_seed_02/uniform_vs_heterogeneous_fixed_geometry_beta20_v2_seed_sweep_seed_02_2718281828/resolved_config.yaml,
1.0,uniform_vs_heterogeneous_fixed_geometry_beta20_v2_seed_02,uniform_vs_heterogeneous_fixed_geometry_beta20_v2_seed_sweep_seed_02_2718281828,heterogeneous_trial_0058,heterogeneous,candidate,58,heterogeneous_fixed_repeated_eval_study,57,completed,,,1234,1284534340,1611297655,2696863220,1887507662,20.0,0.2,0.05,0.01,100,distributional_beta,random,5,3.0,equal,3.88975751527804,75.0,1.0,74.0,KR_minus_GR,137.17792879999615,2026-03-13T21:30:49Z,2026-03-13T21:33:06Z,results/raw/uniform_vs_heterogeneous_fixed_geometry_beta20_v2_seed_02/uniform_vs_heterogeneous_fixed_geometry_beta20_v2_seed_sweep_seed_02_2718281828/resolved_config.yaml,
1.0,uniform_vs_heterogeneous_fixed_geometry_beta20_v2_seed_02,uniform_vs_heterogeneous_fixed_geometry_beta20_v2_seed_sweep_seed_02_2718281828,heterogeneous_trial_0059,heterogeneous,candidate,59,heterogeneous_fixed_repeated_eval_study,58,completed,,,1234,3442088377,2466042371,1147842140,194098052,20.0,0.2,0.05,0.01,100,distributional_beta,random,5,3.0,equal,3.8716034817649208,75.0,1.0,74.0,KR_minus_GR,137.2280249998439,2026-03-13T21:33:06Z,2026-03-13T21:35:23Z,results/raw/uniform_vs_heterogeneous_fixed_geometry_beta20_v2_seed_02/uniform_vs_heterogeneous_fixed_geometry_beta20_v2_seed_sweep_seed_02_2718281828/resolved_config.yaml,
1.0,uniform_vs_heterogeneous_fixed_geometry_beta20_v2_seed_02,uniform_vs_heterogeneous_fixed_geometry_beta20_v2_seed_sweep_seed_02_2718281828,heterogeneous_trial_0060,heterogeneous,candidate,60,heterogeneous_fixed_repeated_eval_study,59,completed,,,1234,200858517,2580599979,4071797276,1745725877,20.0,0.2,0.05,0.01,100,distributional_beta,random,5,3.0,equal,3.7335033485470355,70.0,1.0,69.0,KR_minus_GR,138.6926298001781,2026-03-13T21:35:23Z,2026-03-13T21:37:42Z,results/raw/uniform_vs_heterogeneous_fixed_geometry_beta20_v2_seed_02/uniform_vs_heterogeneous_fixed_geometry_beta20_v2_seed_sweep_seed_02_2718281828/resolved_config.yaml,
1.0,uniform_vs_heterogeneous_fixed_geometry_beta20_v2_seed_02,uniform_vs_heterogeneous_fixed_geometry_beta20_v2_seed_sweep_seed_02_2718281828,heterogeneous_trial_0061,heterogeneous,candidate,61,heterogeneous_fixed_repeated_eval_study,60,completed,,,1234,2062789657,2556763886,248663992,269655493,20.0,0.2,0.05,0.01,100,distributional_beta,random,5,3.0,equal,3.74506259624708,81.0,1.0,80.0,KR_minus_GR,137.1565306999255,2026-03-13T21:37:42Z,2026-03-13T21:39:59Z,results/raw/uniform_vs_heterogeneous_fixed_geometry_beta20_v2_seed_02/uniform_vs_heterogeneous_fixed_geometry_beta20_v2_seed_sweep_seed_02_2718281828/resolved_config.yaml,
1.0,uniform_vs_heterogeneous_fixed_geometry_beta20_v2_seed_02,uniform_vs_heterogeneous_fixed_geometry_beta20_v2_seed_sweep_seed_02_2718281828,heterogeneous_trial_0062,heterogeneous,candidate,62,heterogeneous_fixed_repeated_eval_study,61,completed,,,1234,4172613565,3807072352,278400282,1327944775,20.0,0.2,0.05,0.01,100,distributional_beta,random,5,3.0,equal,4.2665288821924605,72.0,1.0,71.0,KR_minus_GR,137.94564740010537,2026-03-13T21:39:59Z,2026-03-13T21:42:17Z,results/raw/uniform_vs_heterogeneous_fixed_geometry_beta20_v2_seed_02/uniform_vs_heterogeneous_fixed_geometry_beta20_v2_seed_sweep_seed_02_2718281828/resolved_config.yaml,
1.0,uniform_vs_heterogeneous_fixed_geometry_beta20_v2_seed_02,uniform_vs_heterogeneous_fixed_geometry_beta20_v2_seed_sweep_seed_02_2718281828,heterogeneous_trial_0063,heterogeneous,candidate,63,heterogeneous_fixed_repeated_eval_study,62,completed,,,1234,1276121373,2633186652,1208436956,3057305679,20.0,0.2,0.05,0.01,100,distributional_beta,random,5,3.0,equal,3.0604292087129186,72.0,1.0,71.0,KR_minus_GR,138.2140426998958,2026-03-13T21:42:17Z,2026-03-13T21:44:35Z,results/raw/uniform_vs_heterogeneous_fixed_geometry_beta20_v2_seed_02/uniform_vs_heterogeneous_fixed_geometry_beta20_v2_seed_sweep_seed_02_2718281828/resolved_config.yaml,
1.0,uniform_vs_heterogeneous_fixed_geometry_beta20_v2_seed_02,uniform_vs_heterogeneous_fixed_geometry_beta20_v2_seed_sweep_seed_02_2718281828,heterogeneous_trial_0064,heterogeneous,candidate,64,heterogeneous_fixed_repeated_eval_study,63,completed,,,1234,1440017167,1168544991,2398094129,2782734475,20.0,0.2,0.05,0.01,100,distributional_beta,random,5,3.0,equal,4.0448435179591575,80.0,1.0,79.0,KR_minus_GR,138.06686280015856,2026-03-13T21:44:35Z,2026-03-13T21:46:53Z,results/raw/uniform_vs_heterogeneous_fixed_geometry_beta20_v2_seed_02/uniform_vs_heterogeneous_fixed_geometry_beta20_v2_seed_sweep_seed_02_2718281828/resolved_config.yaml,
1.0,uniform_vs_heterogeneous_fixed_geometry_beta20_v2_seed_02,uniform_vs_heterogeneous_fixed_geometry_beta20_v2_seed_sweep_seed_02_2718281828,heterogeneous_trial_0065,heterogeneous,candidate,65,heterogeneous_fixed_repeated_eval_study,64,completed,,,1234,4218643165,1933304231,1612812226,3199207145,20.0,0.2,0.05,0.01,100,distributional_beta,random,5,3.0,equal,3.349803334778559,72.0,1.0,71.0,KR_minus_GR,137.2242310999427,2026-03-13T21:46:53Z,2026-03-13T21:49:10Z,results/raw/uniform_vs_heterogeneous_fixed_geometry_beta20_v2_seed_02/uniform_vs_heterogeneous_fixed_geometry_beta20_v2_seed_sweep_seed_02_2718281828/resolved_config.yaml,
1.0,uniform_vs_heterogeneous_fixed_geometry_beta20_v2_seed_02,uniform_vs_heterogeneous_fixed_geometry_beta20_v2_seed_sweep_seed_02_2718281828,heterogeneous_trial_0066,heterogeneous,candidate,66,heterogeneous_fixed_repeated_eval_study,65,completed,,,1234,4089596886,1152943606,1254899408,2905385923,20.0,0.2,0.05,0.01,100,distributional_beta,random,5,3.0,equal,3.5663872886427543,77.0,1.0,76.0,KR_minus_GR,137.34283920004964,2026-03-13T21:49:10Z,2026-03-13T21:51:28Z,results/raw/uniform_vs_heterogeneous_fixed_geometry_beta20_v2_seed_02/uniform_vs_heterogeneous_fixed_geometry_beta20_v2_seed_sweep_seed_02_2718281828/resolved_config.yaml,
1.0,uniform_vs_heterogeneous_fixed_geometry_beta20_v2_seed_02,uniform_vs_heterogeneous_fixed_geometry_beta20_v2_seed_sweep_seed_02_2718281828,heterogeneous_trial_0067,heterogeneous,candidate,67,heterogeneous_fixed_repeated_eval_study,66,completed,,,1234,3864206074,4145502987,355190103,1520129455,20.0,0.2,0.05,0.01,100,distributional_beta,random,5,3.0,equal,3.7235353018338455,83.0,1.0,82.0,KR_minus_GR,137.34341529989615,2026-03-13T21:51:28Z,2026-03-13T21:53:45Z,results/raw/uniform_vs_heterogeneous_fixed_geometry_beta20_v2_seed_02/uniform_vs_heterogeneous_fixed_geometry_beta20_v2_seed_sweep_seed_02_2718281828/resolved_config.yaml,
1.0,uniform_vs_heterogeneous_fixed_geometry_beta20_v2_seed_02,uniform_vs_heterogeneous_fixed_geometry_beta20_v2_seed_sweep_seed_02_2718281828,heterogeneous_trial_0068,heterogeneous,candidate,68,heterogeneous_fixed_repeated_eval_study,67,completed,,,1234,1814940456,573314502,4034419572,2324922049,20.0,0.2,0.05,0.01,100,distributional_beta,random,5,3.0,equal,3.395605377747734,79.0,1.0,78.0,KR_minus_GR,137.03119060001336,2026-03-13T21:53:45Z,2026-03-13T21:56:02Z,results/raw/uniform_vs_heterogeneous_fixed_geometry_beta20_v2_seed_02/uniform_vs_heterogeneous_fixed_geometry_beta20_v2_seed_sweep_seed_02_2718281828/resolved_config.yaml,
1.0,uniform_vs_heterogeneous_fixed_geometry_beta20_v2_seed_02,uniform_vs_heterogeneous_fixed_geometry_beta20_v2_seed_sweep_seed_02_2718281828,heterogeneous_trial_0069,heterogeneous,candidate,69,heterogeneous_fixed_repeated_eval_study,68,completed,,,1234,280574925,3924404988,2779624888,347477365,20.0,0.2,0.05,0.01,100,distributional_beta,random,5,3.0,equal,3.3842623782673655,75.0,1.0,74.0,KR_minus_GR,137.12797449994832,2026-03-13T21:56:02Z,2026-03-13T21:58:19Z,results/raw/uniform_vs_heterogeneous_fixed_geometry_beta20_v2_seed_02/uniform_vs_heterogeneous_fixed_geometry_beta20_v2_seed_sweep_seed_02_2718281828/resolved_config.yaml,
1.0,uniform_vs_heterogeneous_fixed_geometry_beta20_v2_seed_02,uniform_vs_heterogeneous_fixed_geometry_beta20_v2_seed_sweep_seed_02_2718281828,heterogeneous_trial_0070,heterogeneous,candidate,70,heterogeneous_fixed_repeated_eval_study,69,completed,,,1234,1007626570,553560217,2203366789,1587442512,20.0,0.2,0.05,0.01,100,distributional_beta,random,5,3.0,equal,3.68037916165267,76.0,1.0,75.0,KR_minus_GR,137.50874949991703,2026-03-13T21:58:19Z,2026-03-13T22:00:37Z,results/raw/uniform_vs_heterogeneous_fixed_geometry_beta20_v2_seed_02/uniform_vs_heterogeneous_fixed_geometry_beta20_v2_seed_sweep_seed_02_2718281828/resolved_config.yaml,
1.0,uniform_vs_heterogeneous_fixed_geometry_beta20_v2_seed_02,uniform_vs_heterogeneous_fixed_geometry_beta20_v2_seed_sweep_seed_02_2718281828,heterogeneous_trial_0071,heterogeneous,candidate,71,heterogeneous_fixed_repeated_eval_study,70,completed,,,1234,1334685809,2293501008,2153890522,3454368370,20.0,0.2,0.05,0.01,100,distributional_beta,random,5,3.0,equal,3.0772712331773144,89.0,1.0,88.0,KR_minus_GR,137.34530429984443,2026-03-13T22:00:37Z,2026-03-13T22:02:54Z,results/raw/uniform_vs_heterogeneous_fixed_geometry_beta20_v2_seed_02/uniform_vs_heterogeneous_fixed_geometry_beta20_v2_seed_sweep_seed_02_2718281828/resolved_config.yaml,
1.0,uniform_vs_heterogeneous_fixed_geometry_beta20_v2_seed_02,uniform_vs_heterogeneous_fixed_geometry_beta20_v2_seed_sweep_seed_02_2718281828,heterogeneous_trial_0072,heterogeneous,candidate,72,heterogeneous_fixed_repeated_eval_study,71,completed,,,1234,3262028746,1496358111,2205372794,3409719262,20.0,0.2,0.05,0.01,100,distributional_beta,random,5,3.0,equal,3.7314187147521936,73.0,1.0,72.0,KR_minus_GR,138.08589369989932,2026-03-13T22:02:54Z,2026-03-13T22:05:12Z,results/raw/uniform_vs_heterogeneous_fixed_geometry_beta20_v2_seed_02/uniform_vs_heterogeneous_fixed_geometry_beta20_v2_seed_sweep_seed_02_2718281828/resolved_config.yaml,
1.0,uniform_vs_heterogeneous_fixed_geometry_beta20_v2_seed_02,uniform_vs_heterogeneous_fixed_geometry_beta20_v2_seed_sweep_seed_02_2718281828,heterogeneous_trial_0073,heterogeneous,candidate,73,heterogeneous_fixed_repeated_eval_study,72,completed,,,1234,315837926,1329903492,1087676025,181678096,20.0,0.2,0.05,0.01,100,distributional_beta,random,5,3.0,equal,4.008843662722097,85.0,1.0,84.0,KR_minus_GR,137.55214529996738,2026-03-13T22:05:12Z,2026-03-13T22:07:30Z,results/raw/uniform_vs_heterogeneous_fixed_geometry_beta20_v2_seed_02/uniform_vs_heterogeneous_fixed_geometry_beta20_v2_seed_sweep_seed_02_2718281828/resolved_config.yaml,
1.0,uniform_vs_heterogeneous_fixed_geometry_beta20_v2_seed_02,uniform_vs_heterogeneous_fixed_geometry_beta20_v2_seed_sweep_seed_02_2718281828,heterogeneous_trial_0074,heterogeneous,candidate,74,heterogeneous_fixed_repeated_eval_study,73,completed,,,1234,1619525756,892454320,286033652,3401876110,20.0,0.2,0.05,0.01,100,distributional_beta,random,5,3.0,equal,3.4674871078438034,72.0,1.0,71.0,KR_minus_GR,137.27148290001787,2026-03-13T22:07:30Z,2026-03-13T22:09:47Z,results/raw/uniform_vs_heterogeneous_fixed_geometry_beta20_v2_seed_02/uniform_vs_heterogeneous_fixed_geometry_beta20_v2_seed_sweep_seed_02_2718281828/resolved_config.yaml,
1.0,uniform_vs_heterogeneous_fixed_geometry_beta20_v2_seed_02,uniform_vs_heterogeneous_fixed_geometry_beta20_v2_seed_sweep_seed_02_2718281828,heterogeneous_trial_0075,heterogeneous,candidate,75,heterogeneous_fixed_repeated_eval_study,74,completed,,,1234,940386928,4277259300,4122687480,2099872261,20.0,0.2,0.05,0.01,100,distributional_beta,random,5,3.0,equal,3.3287441029838845,73.0,1.0,72.0,KR_minus_GR,137.86479919985868,2026-03-13T22:09:47Z,2026-03-13T22:12:05Z,results/raw/uniform_vs_heterogeneous_fixed_geometry_beta20_v2_seed_02/uniform_vs_heterogeneous_fixed_geometry_beta20_v2_seed_sweep_seed_02_2718281828/resolved_config.yaml,
1.0,uniform_vs_heterogeneous_fixed_geometry_beta20_v2_seed_02,uniform_vs_heterogeneous_fixed_geometry_beta20_v2_seed_sweep_seed_02_2718281828,heterogeneous_trial_0076,heterogeneous,candidate,76,heterogeneous_fixed_repeated_eval_study,75,completed,,,1234,2862836678,694776874,3539243271,2311074289,20.0,0.2,0.05,0.01,100,distributional_beta,random,5,3.0,equal,4.011574230387904,72.0,1.0,71.0,KR_minus_GR,137.52992339991033,2026-03-13T22:12:05Z,2026-03-13T22:14:22Z,results/raw/uniform_vs_heterogeneous_fixed_geometry_beta20_v2_seed_02/uniform_vs_heterogeneous_fixed_geometry_beta20_v2_seed_sweep_seed_02_2718281828/resolved_config.yaml,
1.0,uniform_vs_heterogeneous_fixed_geometry_beta20_v2_seed_02,uniform_vs_heterogeneous_fixed_geometry_beta20_v2_seed_sweep_seed_02_2718281828,heterogeneous_trial_0077,heterogeneous,candidate,77,heterogeneous_fixed_repeated_eval_study,76,completed,,,1234,2278151636,1169045808,4262093853,2476013854,20.0,0.2,0.05,0.01,100,distributional_beta,random,5,3.0,equal,3.5717649883362332,84.0,1.0,83.0,KR_minus_GR,138.0449779999908,2026-03-13T22:14:22Z,2026-03-13T22:16:40Z,results/raw/uniform_vs_heterogeneous_fixed_geometry_beta20_v2_seed_02/uniform_vs_heterogeneous_fixed_geometry_beta20_v2_seed_sweep_seed_02_2718281828/resolved_config.yaml,
1.0,uniform_vs_heterogeneous_fixed_geometry_beta20_v2_seed_02,uniform_vs_heterogeneous_fixed_geometry_beta20_v2_seed_sweep_seed_02_2718281828,heterogeneous_trial_0078,heterogeneous,candidate,78,heterogeneous_fixed_repeated_eval_study,77,completed,,,1234,740591845,4100341623,420942998,29630481,20.0,0.2,0.05,0.01,100,distributional_beta,random,5,3.0,equal,3.4516480759061765,78.0,1.0,77.0,KR_minus_GR,137.50014400016516,2026-03-13T22:16:40Z,2026-03-13T22:18:58Z,results/raw/uniform_vs_heterogeneous_fixed_geometry_beta20_v2_seed_02/uniform_vs_heterogeneous_fixed_geometry_beta20_v2_seed_sweep_seed_02_2718281828/resolved_config.yaml,
1.0,uniform_vs_heterogeneous_fixed_geometry_beta20_v2_seed_02,uniform_vs_heterogeneous_fixed_geometry_beta20_v2_seed_sweep_seed_02_2718281828,heterogeneous_trial_0079,heterogeneous,candidate,79,heterogeneous_fixed_repeated_eval_study,78,completed,,,1234,739349512,1657496065,552080929,2995839232,20.0,0.2,0.05,0.01,100,distributional_beta,random,5,3.0,equal,3.457472818878285,75.0,1.0,74.0,KR_minus_GR,137.4888257998973,2026-03-13T22:18:58Z,2026-03-13T22:21:15Z,results/raw/uniform_vs_heterogeneous_fixed_geometry_beta20_v2_seed_02/uniform_vs_heterogeneous_fixed_geometry_beta20_v2_seed_sweep_seed_02_2718281828/resolved_config.yaml,
1.0,uniform_vs_heterogeneous_fixed_geometry_beta20_v2_seed_02,uniform_vs_heterogeneous_fixed_geometry_beta20_v2_seed_sweep_seed_02_2718281828,heterogeneous_trial_0080,heterogeneous,candidate,80,heterogeneous_fixed_repeated_eval_study,79,completed,,,1234,1323919646,3332646679,2403702811,390301169,20.0,0.2,0.05,0.01,100,distributional_beta,random,5,3.0,equal,4.0328921503380855,70.0,1.0,69.0,KR_minus_GR,137.86529630003497,2026-03-13T22:21:15Z,2026-03-13T22:23:33Z,results/raw/uniform_vs_heterogeneous_fixed_geometry_beta20_v2_seed_02/uniform_vs_heterogeneous_fixed_geometry_beta20_v2_seed_sweep_seed_02_2718281828/resolved_config.yaml,
1.0,uniform_vs_heterogeneous_fixed_geometry_beta20_v2_seed_02,uniform_vs_heterogeneous_fixed_geometry_beta20_v2_seed_sweep_seed_02_2718281828,heterogeneous_trial_0081,heterogeneous,candidate,81,heterogeneous_fixed_repeated_eval_study,80,completed,,,1234,3194878246,237065149,1694502857,2305587606,20.0,0.2,0.05,0.01,100,distributional_beta,random,5,3.0,equal,4.19256095624535,68.0,1.0,67.0,KR_minus_GR,138.39991809986532,2026-03-13T22:23:33Z,2026-03-13T22:25:52Z,results/raw/uniform_vs_heterogeneous_fixed_geometry_beta20_v2_seed_02/uniform_vs_heterogeneous_fixed_geometry_beta20_v2_seed_sweep_seed_02_2718281828/resolved_config.yaml,
1.0,uniform_vs_heterogeneous_fixed_geometry_beta20_v2_seed_02,uniform_vs_heterogeneous_fixed_geometry_beta20_v2_seed_sweep_seed_02_2718281828,heterogeneous_trial_0082,heterogeneous,candidate,82,heterogeneous_fixed_repeated_eval_study,81,completed,,,1234,1980447107,2494224283,1230896977,2166170423,20.0,0.2,0.05,0.01,100,distributional_beta,random,5,3.0,equal,3.0564319765080334,77.0,1.0,76.0,KR_minus_GR,137.3379205998499,2026-03-13T22:25:52Z,2026-03-13T22:28:09Z,results/raw/uniform_vs_heterogeneous_fixed_geometry_beta20_v2_seed_02/uniform_vs_heterogeneous_fixed_geometry_beta20_v2_seed_sweep_seed_02_2718281828/resolved_config.yaml,
1.0,uniform_vs_heterogeneous_fixed_geometry_beta20_v2_seed_02,uniform_vs_heterogeneous_fixed_geometry_beta20_v2_seed_sweep_seed_02_2718281828,heterogeneous_trial_0083,heterogeneous,candidate,83,heterogeneous_fixed_repeated_eval_study,82,completed,,,1234,2812225581,3695467298,2724195123,1457605280,20.0,0.2,0.05,0.01,100,distributional_beta,random,5,3.0,equal,3.809958359890291,80.0,1.0,79.0,KR_minus_GR,137.76531410007738,2026-03-13T22:28:09Z,2026-03-13T22:30:27Z,results/raw/uniform_vs_heterogeneous_fixed_geometry_beta20_v2_seed_02/uniform_vs_heterogeneous_fixed_geometry_beta20_v2_seed_sweep_seed_02_2718281828/resolved_config.yaml,
1.0,uniform_vs_heterogeneous_fixed_geometry_beta20_v2_seed_02,uniform_vs_heterogeneous_fixed_geometry_beta20_v2_seed_sweep_seed_02_2718281828,heterogeneous_trial_0084,heterogeneous,candidate,84,heterogeneous_fixed_repeated_eval_study,83,completed,,,1234,4078116839,3866088774,2385791191,344120996,20.0,0.2,0.05,0.01,100,distributional_beta,random,5,3.0,equal,3.652592257157381,78.0,1.0,77.0,KR_minus_GR,137.77914290013723,2026-03-13T22:30:27Z,2026-03-13T22:32:45Z,results/raw/uniform_vs_heterogeneous_fixed_geometry_beta20_v2_seed_02/uniform_vs_heterogeneous_fixed_geometry_beta20_v2_seed_sweep_seed_02_2718281828/resolved_config.yaml,
1.0,uniform_vs_heterogeneous_fixed_geometry_beta20_v2_seed_02,uniform_vs_heterogeneous_fixed_geometry_beta20_v2_seed_sweep_seed_02_2718281828,heterogeneous_trial_0085,heterogeneous,candidate,85,heterogeneous_fixed_repeated_eval_study,84,completed,,,1234,360791998,3759787954,2366511329,983022645,20.0,0.2,0.05,0.01,100,distributional_beta,random,5,3.0,equal,3.2866497878652137,79.0,1.0,78.0,KR_minus_GR,137.59883609996177,2026-03-13T22:32:45Z,2026-03-13T22:35:02Z,results/raw/uniform_vs_heterogeneous_fixed_geometry_beta20_v2_seed_02/uniform_vs_heterogeneous_fixed_geometry_beta20_v2_seed_sweep_seed_02_2718281828/resolved_config.yaml,
1.0,uniform_vs_heterogeneous_fixed_geometry_beta20_v2_seed_02,uniform_vs_heterogeneous_fixed_geometry_beta20_v2_seed_sweep_seed_02_2718281828,heterogeneous_trial_0086,heterogeneous,candidate,86,heterogeneous_fixed_repeated_eval_study,85,completed,,,1234,2835264557,2730710268,3650938485,3527729869,20.0,0.2,0.05,0.01,100,distributional_beta,random,5,3.0,equal,3.5133968215692457,71.0,1.0,70.0,KR_minus_GR,137.0178859999869,2026-03-13T22:35:02Z,2026-03-13T22:37:19Z,results/raw/uniform_vs_heterogeneous_fixed_geometry_beta20_v2_seed_02/uniform_vs_heterogeneous_fixed_geometry_beta20_v2_seed_sweep_seed_02_2718281828/resolved_config.yaml,
1.0,uniform_vs_heterogeneous_fixed_geometry_beta20_v2_seed_02,uniform_vs_heterogeneous_fixed_geometry_beta20_v2_seed_sweep_seed_02_2718281828,heterogeneous_trial_0087,heterogeneous,candidate,87,heterogeneous_fixed_repeated_eval_study,86,completed,,,1234,3600459750,1457513753,2730766268,3902545392,20.0,0.2,0.05,0.01,100,distributional_beta,random,5,3.0,equal,2.9177985358683283,79.0,1.0,78.0,KR_minus_GR,137.5465305999387,2026-03-13T22:37:19Z,2026-03-13T22:39:37Z,results/raw/uniform_vs_heterogeneous_fixed_geometry_beta20_v2_seed_02/uniform_vs_heterogeneous_fixed_geometry_beta20_v2_seed_sweep_seed_02_2718281828/resolved_config.yaml,
1.0,uniform_vs_heterogeneous_fixed_geometry_beta20_v2_seed_02,uniform_vs_heterogeneous_fixed_geometry_beta20_v2_seed_sweep_seed_02_2718281828,heterogeneous_trial_0088,heterogeneous,candidate,88,heterogeneous_fixed_repeated_eval_study,87,completed,,,1234,1640686540,3482870705,371467778,2791047886,20.0,0.2,0.05,0.01,100,distributional_beta,random,5,3.0,equal,3.8471490821814536,78.0,1.0,77.0,KR_minus_GR,138.26695129997097,2026-03-13T22:39:37Z,2026-03-13T22:41:55Z,results/raw/uniform_vs_heterogeneous_fixed_geometry_beta20_v2_seed_02/uniform_vs_heterogeneous_fixed_geometry_beta20_v2_seed_sweep_seed_02_2718281828/resolved_config.yaml,
1.0,uniform_vs_heterogeneous_fixed_geometry_beta20_v2_seed_02,uniform_vs_heterogeneous_fixed_geometry_beta20_v2_seed_sweep_seed_02_2718281828,heterogeneous_trial_0089,heterogeneous,candidate,89,heterogeneous_fixed_repeated_eval_study,88,completed,,,1234,1352206775,1373754043,1070700840,2962668715,20.0,0.2,0.05,0.01,100,distributional_beta,random,5,3.0,equal,3.8700854553528106,81.0,1.0,80.0,KR_minus_GR,137.69470570003614,2026-03-13T22:41:55Z,2026-03-13T22:44:13Z,results/raw/uniform_vs_heterogeneous_fixed_geometry_beta20_v2_seed_02/uniform_vs_heterogeneous_fixed_geometry_beta20_v2_seed_sweep_seed_02_2718281828/resolved_config.yaml,
1.0,uniform_vs_heterogeneous_fixed_geometry_beta20_v2_seed_02,uniform_vs_heterogeneous_fixed_geometry_beta20_v2_seed_sweep_seed_02_2718281828,heterogeneous_trial_0090,heterogeneous,candidate,90,heterogeneous_fixed_repeated_eval_study,89,completed,,,1234,914693185,2005729848,3915452197,1785167368,20.0,0.2,0.05,0.01,100,distributional_beta,random,5,3.0,equal,3.294810079245376,73.0,1.0,72.0,KR_minus_GR,137.62411820003763,2026-03-13T22:44:13Z,2026-03-13T22:46:30Z,results/raw/uniform_vs_heterogeneous_fixed_geometry_beta20_v2_seed_02/uniform_vs_heterogeneous_fixed_geometry_beta20_v2_seed_sweep_seed_02_2718281828/resolved_config.yaml,
1.0,uniform_vs_heterogeneous_fixed_geometry_beta20_v2_seed_02,uniform_vs_heterogeneous_fixed_geometry_beta20_v2_seed_sweep_seed_02_2718281828,heterogeneous_trial_0091,heterogeneous,candidate,91,heterogeneous_fixed_repeated_eval_study,90,completed,,,1234,2835750687,3335461984,2390238070,1775676291,20.0,0.2,0.05,0.01,100,distributional_beta,random,5,3.0,equal,3.077363562900921,75.0,1.0,74.0,KR_minus_GR,137.4253215000499,2026-03-13T22:46:30Z,2026-03-13T22:48:48Z,results/raw/uniform_vs_heterogeneous_fixed_geometry_beta20_v2_seed_02/uniform_vs_heterogeneous_fixed_geometry_beta20_v2_seed_sweep_seed_02_2718281828/resolved_config.yaml,
1.0,uniform_vs_heterogeneous_fixed_geometry_beta20_v2_seed_02,uniform_vs_heterogeneous_fixed_geometry_beta20_v2_seed_sweep_seed_02_2718281828,heterogeneous_trial_0092,heterogeneous,candidate,92,heterogeneous_fixed_repeated_eval_study,91,completed,,,1234,1581587163,3192496834,1238717762,3291872438,20.0,0.2,0.05,0.01,100,distributional_beta,random,5,3.0,equal,3.82182936683295,76.0,1.0,75.0,KR_minus_GR,138.0643477998674,2026-03-13T22:48:48Z,2026-03-13T22:51:06Z,results/raw/uniform_vs_heterogeneous_fixed_geometry_beta20_v2_seed_02/uniform_vs_heterogeneous_fixed_geometry_beta20_v2_seed_sweep_seed_02_2718281828/resolved_config.yaml,
1.0,uniform_vs_heterogeneous_fixed_geometry_beta20_v2_seed_02,uniform_vs_heterogeneous_fixed_geometry_beta20_v2_seed_sweep_seed_02_2718281828,heterogeneous_trial_0093,heterogeneous,candidate,93,heterogeneous_fixed_repeated_eval_study,92,completed,,,1234,1895244887,1831987477,3273327923,576137233,20.0,0.2,0.05,0.01,100,distributional_beta,random,5,3.0,equal,4.47439161199327,70.0,1.0,69.0,KR_minus_GR,138.8810957998503,2026-03-13T22:51:06Z,2026-03-13T22:53:25Z,results/raw/uniform_vs_heterogeneous_fixed_geometry_beta20_v2_seed_02/uniform_vs_heterogeneous_fixed_geometry_beta20_v2_seed_sweep_seed_02_2718281828/resolved_config.yaml,
1.0,uniform_vs_heterogeneous_fixed_geometry_beta20_v2_seed_02,uniform_vs_heterogeneous_fixed_geometry_beta20_v2_seed_sweep_seed_02_2718281828,heterogeneous_trial_0094,heterogeneous,candidate,94,heterogeneous_fixed_repeated_eval_study,93,completed,,,1234,3214643057,413097942,1713521914,3067444667,20.0,0.2,0.05,0.01,100,distributional_beta,random,5,3.0,equal,3.637080560635476,77.0,1.0,76.0,KR_minus_GR,138.46260869991966,2026-03-13T22:53:25Z,2026-03-13T22:55:43Z,results/raw/uniform_vs_heterogeneous_fixed_geometry_beta20_v2_seed_02/uniform_vs_heterogeneous_fixed_geometry_beta20_v2_seed_sweep_seed_02_2718281828/resolved_config.yaml,
1.0,uniform_vs_heterogeneous_fixed_geometry_beta20_v2_seed_02,uniform_vs_heterogeneous_fixed_geometry_beta20_v2_seed_sweep_seed_02_2718281828,heterogeneous_trial_0095,heterogeneous,candidate,95,heterogeneous_fixed_repeated_eval_study,94,completed,,,1234,754826404,3914237952,609773082,1829373611,20.0,0.2,0.05,0.01,100,distributional_beta,random,5,3.0,equal,4.146099675894412,73.0,1.0,72.0,KR_minus_GR,138.08442490012385,2026-03-13T22:55:43Z,2026-03-13T22:58:01Z,results/raw/uniform_vs_heterogeneous_fixed_geometry_beta20_v2_seed_02/uniform_vs_heterogeneous_fixed_geometry_beta20_v2_seed_sweep_seed_02_2718281828/resolved_config.yaml,
1.0,uniform_vs_heterogeneous_fixed_geometry_beta20_v2_seed_02,uniform_vs_heterogeneous_fixed_geometry_beta20_v2_seed_sweep_seed_02_2718281828,heterogeneous_trial_0096,heterogeneous,candidate,96,heterogeneous_fixed_repeated_eval_study,95,completed,,,1234,2430271523,3620614577,1025835085,1464706777,20.0,0.2,0.05,0.01,100,distributional_beta,random,5,3.0,equal,3.197959253195034,77.0,1.0,76.0,KR_minus_GR,137.19983569998294,2026-03-13T22:58:01Z,2026-03-13T23:00:18Z,results/raw/uniform_vs_heterogeneous_fixed_geometry_beta20_v2_seed_02/uniform_vs_heterogeneous_fixed_geometry_beta20_v2_seed_sweep_seed_02_2718281828/resolved_config.yaml,
1.0,uniform_vs_heterogeneous_fixed_geometry_beta20_v2_seed_02,uniform_vs_heterogeneous_fixed_geometry_beta20_v2_seed_sweep_seed_02_2718281828,heterogeneous_trial_0097,heterogeneous,candidate,97,heterogeneous_fixed_repeated_eval_study,96,completed,,,1234,3021065059,1451849369,3420119044,117322132,20.0,0.2,0.05,0.01,100,distributional_beta,random,5,3.0,equal,3.5561026611049957,75.0,1.0,74.0,KR_minus_GR,137.57280530012213,2026-03-13T23:00:18Z,2026-03-13T23:02:36Z,results/raw/uniform_vs_heterogeneous_fixed_geometry_beta20_v2_seed_02/uniform_vs_heterogeneous_fixed_geometry_beta20_v2_seed_sweep_seed_02_2718281828/resolved_config.yaml,
1.0,uniform_vs_heterogeneous_fixed_geometry_beta20_v2_seed_02,uniform_vs_heterogeneous_fixed_geometry_beta20_v2_seed_sweep_seed_02_2718281828,heterogeneous_trial_0098,heterogeneous,candidate,98,heterogeneous_fixed_repeated_eval_study,97,completed,,,1234,295593669,2531581051,807761131,3990610316,20.0,0.2,0.05,0.01,100,distributional_beta,random,5,3.0,equal,4.298229624049135,80.0,1.0,79.0,KR_minus_GR,137.9134672000073,2026-03-13T23:02:36Z,2026-03-13T23:04:54Z,results/raw/uniform_vs_heterogeneous_fixed_geometry_beta20_v2_seed_02/uniform_vs_heterogeneous_fixed_geometry_beta20_v2_seed_sweep_seed_02_2718281828/resolved_config.yaml,
1.0,uniform_vs_heterogeneous_fixed_geometry_beta20_v2_seed_02,uniform_vs_heterogeneous_fixed_geometry_beta20_v2_seed_sweep_seed_02_2718281828,heterogeneous_trial_0099,heterogeneous,candidate,99,heterogeneous_fixed_repeated_eval_study,98,completed,,,1234,4160665652,36835708,2922188162,3105002498,20.0,0.2,0.05,0.01,100,distributional_beta,random,5,3.0,equal,3.8081990694255703,77.0,1.0,76.0,KR_minus_GR,137.7660479999613,2026-03-13T23:04:54Z,2026-03-13T23:07:12Z,results/raw/uniform_vs_heterogeneous_fixed_geometry_beta20_v2_seed_02/uniform_vs_heterogeneous_fixed_geometry_beta20_v2_seed_sweep_seed_02_2718281828/resolved_config.yaml,
1.0,uniform_vs_heterogeneous_fixed_geometry_beta20_v2_seed_02,uniform_vs_heterogeneous_fixed_geometry_beta20_v2_seed_sweep_seed_02_2718281828,heterogeneous_trial_0100,heterogeneous,candidate,100,heterogeneous_fixed_repeated_eval_study,99,completed,,,1234,2272770299,3291017162,751073784,1206079474,20.0,0.2,0.05,0.01,100,distributional_beta,random,5,3.0,equal,2.9897570543561205,75.0,1.0,74.0,KR_minus_GR,137.47309900005348,2026-03-13T23:07:12Z,2026-03-13T23:09:29Z,results/raw/uniform_vs_heterogeneous_fixed_geometry_beta20_v2_seed_02/uniform_vs_heterogeneous_fixed_geometry_beta20_v2_seed_sweep_seed_02_2718281828/resolved_config.yaml,
