result_schema_version,study_id,run_id,trial_id,family,family_role,family_trial_index,optuna_study_name,optuna_trial_number,status,failure_code,failure_message,global_seed,trial_seed,input_signal_seed,mask_seed,morphology_seed,beta_prime,theta,gamma,m0,Nvirt,geometry_mode,morphology_scheme,morphology_n_instances,morphology_beta_spread,morphology_weights_mode,MC,KR,GR,CQ,CQ_formula,runtime_seconds,started_at_utc,finished_at_utc,resolved_config_path,trial_log_path
1.0,uniform_vs_heterogeneous_parameter_pair_tims_sweep_v1,run_20260315_113140,beta_prime__theta_grid_01_uniform,uniform,baseline,1,beta_prime__theta_parameter_pair_sweep,0,completed,,,1234,557384437,4284584593,1099293797,,20.0,0.01,0.05,0.01,100,uniform,,,,,2.2287549306760326,35.0,2.0,33.0,KR_minus_GR,97.58179780002683,2026-03-15T11:31:40Z,2026-03-15T11:33:17Z,results/raw/uniform_vs_heterogeneous_parameter_pair_tims_sweep_v1/run_20260315_113140/resolved_config.yaml,
1.0,uniform_vs_heterogeneous_parameter_pair_tims_sweep_v1,run_20260315_113140,beta_prime__theta_grid_01_heterogeneous,heterogeneous,candidate,1,beta_prime__theta_parameter_pair_sweep,0,completed,,,1234,557384437,4284584593,1099293797,3897761708,20.0,0.01,0.05,0.01,100,distributional_beta,random,5,3.0,equal,3.0322433763204577,61.0,3.0,58.0,KR_minus_GR,141.7860300000757,2026-03-15T11:33:17Z,2026-03-15T11:35:39Z,results/raw/uniform_vs_heterogeneous_parameter_pair_tims_sweep_v1/run_20260315_113140/resolved_config.yaml,
1.0,uniform_vs_heterogeneous_parameter_pair_tims_sweep_v1,run_20260315_113140,beta_prime__theta_grid_02_uniform,uniform,baseline,2,beta_prime__theta_parameter_pair_sweep,1,completed,,,1234,1420838081,3315515159,3245661404,,20.0,0.1575,0.05,0.01,100,uniform,,,,,3.3838244122260823,84.0,1.0,83.0,KR_minus_GR,94.23494799993932,2026-03-15T11:35:39Z,2026-03-15T11:37:13Z,results/raw/uniform_vs_heterogeneous_parameter_pair_tims_sweep_v1/run_20260315_113140/resolved_config.yaml,
1.0,uniform_vs_heterogeneous_parameter_pair_tims_sweep_v1,run_20260315_113140,beta_prime__theta_grid_02_heterogeneous,heterogeneous,candidate,2,beta_prime__theta_parameter_pair_sweep,1,completed,,,1234,1420838081,3315515159,3245661404,3897761708,20.0,0.1575,0.05,0.01,100,distributional_beta,random,5,3.0,equal,3.5335101107013456,78.0,1.0,77.0,KR_minus_GR,137.6688808000181,2026-03-15T11:37:13Z,2026-03-15T11:39:31Z,results/raw/uniform_vs_heterogeneous_parameter_pair_tims_sweep_v1/run_20260315_113140/resolved_config.yaml,
1.0,uniform_vs_heterogeneous_parameter_pair_tims_sweep_v1,run_20260315_113140,beta_prime__theta_grid_03_uniform,uniform,baseline,3,beta_prime__theta_parameter_pair_sweep,2,completed,,,1234,2877095840,2219982920,2590698115,,20.0,0.305,0.05,0.01,100,uniform,,,,,3.6712225243134227,79.0,1.0,78.0,KR_minus_GR,93.97539429995231,2026-03-15T11:39:31Z,2026-03-15T11:41:05Z,results/raw/uniform_vs_heterogeneous_parameter_pair_tims_sweep_v1/run_20260315_113140/resolved_config.yaml,
1.0,uniform_vs_heterogeneous_parameter_pair_tims_sweep_v1,run_20260315_113140,beta_prime__theta_grid_03_heterogeneous,heterogeneous,candidate,3,beta_prime__theta_parameter_pair_sweep,2,completed,,,1234,2877095840,2219982920,2590698115,3897761708,20.0,0.305,0.05,0.01,100,distributional_beta,random,5,3.0,equal,3.5816442845741365,63.0,1.0,62.0,KR_minus_GR,137.59976519993506,2026-03-15T11:41:05Z,2026-03-15T11:43:22Z,results/raw/uniform_vs_heterogeneous_parameter_pair_tims_sweep_v1/run_20260315_113140/resolved_config.yaml,
1.0,uniform_vs_heterogeneous_parameter_pair_tims_sweep_v1,run_20260315_113140,beta_prime__theta_grid_04_uniform,uniform,baseline,4,beta_prime__theta_parameter_pair_sweep,3,completed,,,1234,3324148202,3070274865,3406246820,,20.0,0.4525,0.05,0.01,100,uniform,,,,,3.3148487373005553,83.0,1.0,82.0,KR_minus_GR,93.88756940001622,2026-03-15T11:43:22Z,2026-03-15T11:44:56Z,results/raw/uniform_vs_heterogeneous_parameter_pair_tims_sweep_v1/run_20260315_113140/resolved_config.yaml,
1.0,uniform_vs_heterogeneous_parameter_pair_tims_sweep_v1,run_20260315_113140,beta_prime__theta_grid_04_heterogeneous,heterogeneous,candidate,4,beta_prime__theta_parameter_pair_sweep,3,completed,,,1234,3324148202,3070274865,3406246820,3897761708,20.0,0.4525,0.05,0.01,100,distributional_beta,random,5,3.0,equal,3.309018457098297,69.0,1.0,68.0,KR_minus_GR,139.08698099991307,2026-03-15T11:44:56Z,2026-03-15T11:47:15Z,results/raw/uniform_vs_heterogeneous_parameter_pair_tims_sweep_v1/run_20260315_113140/resolved_config.yaml,
1.0,uniform_vs_heterogeneous_parameter_pair_tims_sweep_v1,run_20260315_113140,beta_prime__theta_grid_05_uniform,uniform,baseline,5,beta_prime__theta_parameter_pair_sweep,4,completed,,,1234,2730107343,836280899,272808745,,20.0,0.6,0.05,0.01,100,uniform,,,,,3.573775162350291,77.0,1.0,76.0,KR_minus_GR,94.06233890005387,2026-03-15T11:47:15Z,2026-03-15T11:48:49Z,results/raw/uniform_vs_heterogeneous_parameter_pair_tims_sweep_v1/run_20260315_113140/resolved_config.yaml,
1.0,uniform_vs_heterogeneous_parameter_pair_tims_sweep_v1,run_20260315_113140,beta_prime__theta_grid_05_heterogeneous,heterogeneous,candidate,5,beta_prime__theta_parameter_pair_sweep,4,completed,,,1234,2730107343,836280899,272808745,3897761708,20.0,0.6,0.05,0.01,100,distributional_beta,random,5,3.0,equal,3.62051503176577,60.0,1.0,59.0,KR_minus_GR,138.20037099998444,2026-03-15T11:48:49Z,2026-03-15T11:51:08Z,results/raw/uniform_vs_heterogeneous_parameter_pair_tims_sweep_v1/run_20260315_113140/resolved_config.yaml,
1.0,uniform_vs_heterogeneous_parameter_pair_tims_sweep_v1,run_20260315_113140,beta_prime__theta_grid_06_uniform,uniform,baseline,6,beta_prime__theta_parameter_pair_sweep,5,completed,,,1234,845667455,3180735762,2366377893,,27.5,0.01,0.05,0.01,100,uniform,,,,,2.238202463275067,37.0,7.0,30.0,KR_minus_GR,94.10538839991204,2026-03-15T11:51:08Z,2026-03-15T11:52:42Z,results/raw/uniform_vs_heterogeneous_parameter_pair_tims_sweep_v1/run_20260315_113140/resolved_config.yaml,
1.0,uniform_vs_heterogeneous_parameter_pair_tims_sweep_v1,run_20260315_113140,beta_prime__theta_grid_06_heterogeneous,heterogeneous,candidate,6,beta_prime__theta_parameter_pair_sweep,5,completed,,,1234,845667455,3180735762,2366377893,3897761708,27.5,0.01,0.05,0.01,100,distributional_beta,random,5,3.0,equal,2.908808450571865,55.0,19.0,36.0,KR_minus_GR,137.79814909980632,2026-03-15T11:52:42Z,2026-03-15T11:55:00Z,results/raw/uniform_vs_heterogeneous_parameter_pair_tims_sweep_v1/run_20260315_113140/resolved_config.yaml,
1.0,uniform_vs_heterogeneous_parameter_pair_tims_sweep_v1,run_20260315_113140,beta_prime__theta_grid_07_uniform,uniform,baseline,7,beta_prime__theta_parameter_pair_sweep,6,completed,,,1234,2553641544,1534643511,559736296,,27.5,0.1575,0.05,0.01,100,uniform,,,,,3.7895735920200564,84.0,2.0,82.0,KR_minus_GR,94.32303819991648,2026-03-15T11:55:00Z,2026-03-15T11:56:34Z,results/raw/uniform_vs_heterogeneous_parameter_pair_tims_sweep_v1/run_20260315_113140/resolved_config.yaml,
1.0,uniform_vs_heterogeneous_parameter_pair_tims_sweep_v1,run_20260315_113140,beta_prime__theta_grid_07_heterogeneous,heterogeneous,candidate,7,beta_prime__theta_parameter_pair_sweep,6,completed,,,1234,2553641544,1534643511,559736296,3897761708,27.5,0.1575,0.05,0.01,100,distributional_beta,random,5,3.0,equal,3.650560890890932,73.0,2.0,71.0,KR_minus_GR,138.40350420004688,2026-03-15T11:56:34Z,2026-03-15T11:58:52Z,results/raw/uniform_vs_heterogeneous_parameter_pair_tims_sweep_v1/run_20260315_113140/resolved_config.yaml,
1.0,uniform_vs_heterogeneous_parameter_pair_tims_sweep_v1,run_20260315_113140,beta_prime__theta_grid_08_uniform,uniform,baseline,8,beta_prime__theta_parameter_pair_sweep,7,completed,,,1234,820649975,3784784527,2505475035,,27.5,0.305,0.05,0.01,100,uniform,,,,,3.2466905868134734,73.0,2.0,71.0,KR_minus_GR,94.17832070006989,2026-03-15T11:58:52Z,2026-03-15T12:00:27Z,results/raw/uniform_vs_heterogeneous_parameter_pair_tims_sweep_v1/run_20260315_113140/resolved_config.yaml,
1.0,uniform_vs_heterogeneous_parameter_pair_tims_sweep_v1,run_20260315_113140,beta_prime__theta_grid_08_heterogeneous,heterogeneous,candidate,8,beta_prime__theta_parameter_pair_sweep,7,completed,,,1234,820649975,3784784527,2505475035,3897761708,27.5,0.305,0.05,0.01,100,distributional_beta,random,5,3.0,equal,3.539892958659558,55.0,2.0,53.0,KR_minus_GR,138.26084140012972,2026-03-15T12:00:27Z,2026-03-15T12:02:45Z,results/raw/uniform_vs_heterogeneous_parameter_pair_tims_sweep_v1/run_20260315_113140/resolved_config.yaml,
1.0,uniform_vs_heterogeneous_parameter_pair_tims_sweep_v1,run_20260315_113140,beta_prime__theta_grid_09_uniform,uniform,baseline,9,beta_prime__theta_parameter_pair_sweep,8,completed,,,1234,2861565625,3653215253,3702444616,,27.5,0.4525,0.05,0.01,100,uniform,,,,,3.956169117896053,68.0,3.0,65.0,KR_minus_GR,94.09763389988802,2026-03-15T12:02:45Z,2026-03-15T12:04:19Z,results/raw/uniform_vs_heterogeneous_parameter_pair_tims_sweep_v1/run_20260315_113140/resolved_config.yaml,
1.0,uniform_vs_heterogeneous_parameter_pair_tims_sweep_v1,run_20260315_113140,beta_prime__theta_grid_09_heterogeneous,heterogeneous,candidate,9,beta_prime__theta_parameter_pair_sweep,8,completed,,,1234,2861565625,3653215253,3702444616,3897761708,27.5,0.4525,0.05,0.01,100,distributional_beta,random,5,3.0,equal,4.062330571145399,48.0,2.0,46.0,KR_minus_GR,137.59731149999425,2026-03-15T12:04:19Z,2026-03-15T12:06:36Z,results/raw/uniform_vs_heterogeneous_parameter_pair_tims_sweep_v1/run_20260315_113140/resolved_config.yaml,
1.0,uniform_vs_heterogeneous_parameter_pair_tims_sweep_v1,run_20260315_113140,beta_prime__theta_grid_10_uniform,uniform,baseline,10,beta_prime__theta_parameter_pair_sweep,9,completed,,,1234,173019452,3335379282,3227370497,,27.5,0.6,0.05,0.01,100,uniform,,,,,3.343735233318801,74.0,2.0,72.0,KR_minus_GR,94.21471219998784,2026-03-15T12:06:36Z,2026-03-15T12:08:11Z,results/raw/uniform_vs_heterogeneous_parameter_pair_tims_sweep_v1/run_20260315_113140/resolved_config.yaml,
1.0,uniform_vs_heterogeneous_parameter_pair_tims_sweep_v1,run_20260315_113140,beta_prime__theta_grid_10_heterogeneous,heterogeneous,candidate,10,beta_prime__theta_parameter_pair_sweep,9,completed,,,1234,173019452,3335379282,3227370497,3897761708,27.5,0.6,0.05,0.01,100,distributional_beta,random,5,3.0,equal,3.6694416141489437,58.0,2.0,56.0,KR_minus_GR,138.08651269995607,2026-03-15T12:08:11Z,2026-03-15T12:10:29Z,results/raw/uniform_vs_heterogeneous_parameter_pair_tims_sweep_v1/run_20260315_113140/resolved_config.yaml,
1.0,uniform_vs_heterogeneous_parameter_pair_tims_sweep_v1,run_20260315_113140,beta_prime__theta_grid_11_uniform,uniform,baseline,11,beta_prime__theta_parameter_pair_sweep,10,completed,,,1234,3051747814,2938311673,3927796037,,35.0,0.01,0.05,0.01,100,uniform,,,,,2.471456016932508,47.0,2.0,45.0,KR_minus_GR,94.18063860014081,2026-03-15T12:10:29Z,2026-03-15T12:12:03Z,results/raw/uniform_vs_heterogeneous_parameter_pair_tims_sweep_v1/run_20260315_113140/resolved_config.yaml,
1.0,uniform_vs_heterogeneous_parameter_pair_tims_sweep_v1,run_20260315_113140,beta_prime__theta_grid_11_heterogeneous,heterogeneous,candidate,11,beta_prime__theta_parameter_pair_sweep,10,completed,,,1234,3051747814,2938311673,3927796037,3897761708,35.0,0.01,0.05,0.01,100,distributional_beta,random,5,3.0,equal,3.4132967347969045,73.0,3.0,70.0,KR_minus_GR,138.43945530010387,2026-03-15T12:12:03Z,2026-03-15T12:14:21Z,results/raw/uniform_vs_heterogeneous_parameter_pair_tims_sweep_v1/run_20260315_113140/resolved_config.yaml,
1.0,uniform_vs_heterogeneous_parameter_pair_tims_sweep_v1,run_20260315_113140,beta_prime__theta_grid_12_uniform,uniform,baseline,12,beta_prime__theta_parameter_pair_sweep,11,completed,,,1234,349346877,1491040069,1209011973,,35.0,0.1575,0.05,0.01,100,uniform,,,,,4.387992782307096,84.0,6.0,78.0,KR_minus_GR,94.21333289984614,2026-03-15T12:14:21Z,2026-03-15T12:15:56Z,results/raw/uniform_vs_heterogeneous_parameter_pair_tims_sweep_v1/run_20260315_113140/resolved_config.yaml,
1.0,uniform_vs_heterogeneous_parameter_pair_tims_sweep_v1,run_20260315_113140,beta_prime__theta_grid_12_heterogeneous,heterogeneous,candidate,12,beta_prime__theta_parameter_pair_sweep,11,completed,,,1234,349346877,1491040069,1209011973,3897761708,35.0,0.1575,0.05,0.01,100,distributional_beta,random,5,3.0,equal,4.006333737356673,73.0,6.0,67.0,KR_minus_GR,138.82202930003405,2026-03-15T12:15:56Z,2026-03-15T12:18:14Z,results/raw/uniform_vs_heterogeneous_parameter_pair_tims_sweep_v1/run_20260315_113140/resolved_config.yaml,
1.0,uniform_vs_heterogeneous_parameter_pair_tims_sweep_v1,run_20260315_113140,beta_prime__theta_grid_13_uniform,uniform,baseline,13,beta_prime__theta_parameter_pair_sweep,12,completed,,,1234,3283383610,2237597193,1484433474,,35.0,0.305,0.05,0.01,100,uniform,,,,,4.4170900560142865,68.0,3.0,65.0,KR_minus_GR,94.13023929996416,2026-03-15T12:18:14Z,2026-03-15T12:19:49Z,results/raw/uniform_vs_heterogeneous_parameter_pair_tims_sweep_v1/run_20260315_113140/resolved_config.yaml,
1.0,uniform_vs_heterogeneous_parameter_pair_tims_sweep_v1,run_20260315_113140,beta_prime__theta_grid_13_heterogeneous,heterogeneous,candidate,13,beta_prime__theta_parameter_pair_sweep,12,completed,,,1234,3283383610,2237597193,1484433474,3897761708,35.0,0.305,0.05,0.01,100,distributional_beta,random,5,3.0,equal,4.63879129852412,48.0,3.0,45.0,KR_minus_GR,138.2813403001055,2026-03-15T12:19:49Z,2026-03-15T12:22:07Z,results/raw/uniform_vs_heterogeneous_parameter_pair_tims_sweep_v1/run_20260315_113140/resolved_config.yaml,
1.0,uniform_vs_heterogeneous_parameter_pair_tims_sweep_v1,run_20260315_113140,beta_prime__theta_grid_14_uniform,uniform,baseline,14,beta_prime__theta_parameter_pair_sweep,13,completed,,,1234,1498703894,3051669214,2246098719,,35.0,0.4525,0.05,0.01,100,uniform,,,,,4.405259944633278,63.0,5.0,58.0,KR_minus_GR,94.34357389993966,2026-03-15T12:22:07Z,2026-03-15T12:23:41Z,results/raw/uniform_vs_heterogeneous_parameter_pair_tims_sweep_v1/run_20260315_113140/resolved_config.yaml,
1.0,uniform_vs_heterogeneous_parameter_pair_tims_sweep_v1,run_20260315_113140,beta_prime__theta_grid_14_heterogeneous,heterogeneous,candidate,14,beta_prime__theta_parameter_pair_sweep,13,completed,,,1234,1498703894,3051669214,2246098719,3897761708,35.0,0.4525,0.05,0.01,100,distributional_beta,random,5,3.0,equal,4.154810102239145,42.0,3.0,39.0,KR_minus_GR,138.11460560001433,2026-03-15T12:23:41Z,2026-03-15T12:25:59Z,results/raw/uniform_vs_heterogeneous_parameter_pair_tims_sweep_v1/run_20260315_113140/resolved_config.yaml,
1.0,uniform_vs_heterogeneous_parameter_pair_tims_sweep_v1,run_20260315_113140,beta_prime__theta_grid_15_uniform,uniform,baseline,15,beta_prime__theta_parameter_pair_sweep,14,completed,,,1234,561358417,1089557608,3730222718,,35.0,0.6,0.05,0.01,100,uniform,,,,,3.956443877322253,64.0,4.0,60.0,KR_minus_GR,93.9217556999065,2026-03-15T12:25:59Z,2026-03-15T12:27:33Z,results/raw/uniform_vs_heterogeneous_parameter_pair_tims_sweep_v1/run_20260315_113140/resolved_config.yaml,
1.0,uniform_vs_heterogeneous_parameter_pair_tims_sweep_v1,run_20260315_113140,beta_prime__theta_grid_15_heterogeneous,heterogeneous,candidate,15,beta_prime__theta_parameter_pair_sweep,14,completed,,,1234,561358417,1089557608,3730222718,3897761708,35.0,0.6,0.05,0.01,100,distributional_beta,random,5,3.0,equal,4.211327940105438,40.0,3.0,37.0,KR_minus_GR,138.04006849997677,2026-03-15T12:27:33Z,2026-03-15T12:29:51Z,results/raw/uniform_vs_heterogeneous_parameter_pair_tims_sweep_v1/run_20260315_113140/resolved_config.yaml,
1.0,uniform_vs_heterogeneous_parameter_pair_tims_sweep_v1,run_20260315_113140,beta_prime__theta_grid_16_uniform,uniform,baseline,16,beta_prime__theta_parameter_pair_sweep,15,completed,,,1234,3831752978,140309103,777858740,,42.5,0.01,0.05,0.01,100,uniform,,,,,2.998339525046923,62.0,12.0,50.0,KR_minus_GR,93.98504310008138,2026-03-15T12:29:51Z,2026-03-15T12:31:25Z,results/raw/uniform_vs_heterogeneous_parameter_pair_tims_sweep_v1/run_20260315_113140/resolved_config.yaml,
1.0,uniform_vs_heterogeneous_parameter_pair_tims_sweep_v1,run_20260315_113140,beta_prime__theta_grid_16_heterogeneous,heterogeneous,candidate,16,beta_prime__theta_parameter_pair_sweep,15,completed,,,1234,3831752978,140309103,777858740,3897761708,42.5,0.01,0.05,0.01,100,distributional_beta,random,5,3.0,equal,3.2671132378232803,88.0,10.0,78.0,KR_minus_GR,138.28913490008563,2026-03-15T12:31:25Z,2026-03-15T12:33:44Z,results/raw/uniform_vs_heterogeneous_parameter_pair_tims_sweep_v1/run_20260315_113140/resolved_config.yaml,
1.0,uniform_vs_heterogeneous_parameter_pair_tims_sweep_v1,run_20260315_113140,beta_prime__theta_grid_17_uniform,uniform,baseline,17,beta_prime__theta_parameter_pair_sweep,16,completed,,,1234,2310362745,1172260544,2315437138,,42.5,0.1575,0.05,0.01,100,uniform,,,,,4.617786271184366,77.0,9.0,68.0,KR_minus_GR,94.36310550011694,2026-03-15T12:33:44Z,2026-03-15T12:35:18Z,results/raw/uniform_vs_heterogeneous_parameter_pair_tims_sweep_v1/run_20260315_113140/resolved_config.yaml,
1.0,uniform_vs_heterogeneous_parameter_pair_tims_sweep_v1,run_20260315_113140,beta_prime__theta_grid_17_heterogeneous,heterogeneous,candidate,17,beta_prime__theta_parameter_pair_sweep,16,completed,,,1234,2310362745,1172260544,2315437138,3897761708,42.5,0.1575,0.05,0.01,100,distributional_beta,random,5,3.0,equal,4.327070573295175,58.0,6.0,52.0,KR_minus_GR,138.1458759000525,2026-03-15T12:35:18Z,2026-03-15T12:37:36Z,results/raw/uniform_vs_heterogeneous_parameter_pair_tims_sweep_v1/run_20260315_113140/resolved_config.yaml,
1.0,uniform_vs_heterogeneous_parameter_pair_tims_sweep_v1,run_20260315_113140,beta_prime__theta_grid_18_uniform,uniform,baseline,18,beta_prime__theta_parameter_pair_sweep,17,completed,,,1234,3334406920,2891657080,2180530600,,42.5,0.305,0.05,0.01,100,uniform,,,,,7.823796177219268,71.0,8.0,63.0,KR_minus_GR,94.09380190004595,2026-03-15T12:37:36Z,2026-03-15T12:39:10Z,results/raw/uniform_vs_heterogeneous_parameter_pair_tims_sweep_v1/run_20260315_113140/resolved_config.yaml,
1.0,uniform_vs_heterogeneous_parameter_pair_tims_sweep_v1,run_20260315_113140,beta_prime__theta_grid_18_heterogeneous,heterogeneous,candidate,18,beta_prime__theta_parameter_pair_sweep,17,completed,,,1234,3334406920,2891657080,2180530600,3897761708,42.5,0.305,0.05,0.01,100,distributional_beta,random,5,3.0,equal,7.550348825298707,52.0,5.0,47.0,KR_minus_GR,138.86608990002424,2026-03-15T12:39:10Z,2026-03-15T12:41:29Z,results/raw/uniform_vs_heterogeneous_parameter_pair_tims_sweep_v1/run_20260315_113140/resolved_config.yaml,
1.0,uniform_vs_heterogeneous_parameter_pair_tims_sweep_v1,run_20260315_113140,beta_prime__theta_grid_19_uniform,uniform,baseline,19,beta_prime__theta_parameter_pair_sweep,18,completed,,,1234,1949921660,2190979501,2296498402,,42.5,0.4525,0.05,0.01,100,uniform,,,,,4.054174745152378,67.0,10.0,57.0,KR_minus_GR,94.53817389998585,2026-03-15T12:41:29Z,2026-03-15T12:43:04Z,results/raw/uniform_vs_heterogeneous_parameter_pair_tims_sweep_v1/run_20260315_113140/resolved_config.yaml,
1.0,uniform_vs_heterogeneous_parameter_pair_tims_sweep_v1,run_20260315_113140,beta_prime__theta_grid_19_heterogeneous,heterogeneous,candidate,19,beta_prime__theta_parameter_pair_sweep,18,completed,,,1234,1949921660,2190979501,2296498402,3897761708,42.5,0.4525,0.05,0.01,100,distributional_beta,random,5,3.0,equal,3.7416554483264868,44.0,6.0,38.0,KR_minus_GR,139.2496652000118,2026-03-15T12:43:04Z,2026-03-15T12:45:23Z,results/raw/uniform_vs_heterogeneous_parameter_pair_tims_sweep_v1/run_20260315_113140/resolved_config.yaml,
1.0,uniform_vs_heterogeneous_parameter_pair_tims_sweep_v1,run_20260315_113140,beta_prime__theta_grid_20_uniform,uniform,baseline,20,beta_prime__theta_parameter_pair_sweep,19,completed,,,1234,1240878390,2757162680,1024490212,,42.5,0.6,0.05,0.01,100,uniform,,,,,4.524004405166229,68.0,10.0,58.0,KR_minus_GR,93.88753739977255,2026-03-15T12:45:23Z,2026-03-15T12:46:57Z,results/raw/uniform_vs_heterogeneous_parameter_pair_tims_sweep_v1/run_20260315_113140/resolved_config.yaml,
1.0,uniform_vs_heterogeneous_parameter_pair_tims_sweep_v1,run_20260315_113140,beta_prime__theta_grid_20_heterogeneous,heterogeneous,candidate,20,beta_prime__theta_parameter_pair_sweep,19,completed,,,1234,1240878390,2757162680,1024490212,3897761708,42.5,0.6,0.05,0.01,100,distributional_beta,random,5,3.0,equal,4.344512593412801,51.0,7.0,44.0,KR_minus_GR,138.59935880010016,2026-03-15T12:46:57Z,2026-03-15T12:49:15Z,results/raw/uniform_vs_heterogeneous_parameter_pair_tims_sweep_v1/run_20260315_113140/resolved_config.yaml,
1.0,uniform_vs_heterogeneous_parameter_pair_tims_sweep_v1,run_20260315_113140,beta_prime__theta_grid_21_uniform,uniform,baseline,21,beta_prime__theta_parameter_pair_sweep,20,completed,,,1234,1443379480,235820628,1331743193,,50.0,0.01,0.05,0.01,100,uniform,,,,,2.807920768827872,58.0,13.0,45.0,KR_minus_GR,93.86086439993232,2026-03-15T12:49:15Z,2026-03-15T12:50:49Z,results/raw/uniform_vs_heterogeneous_parameter_pair_tims_sweep_v1/run_20260315_113140/resolved_config.yaml,
1.0,uniform_vs_heterogeneous_parameter_pair_tims_sweep_v1,run_20260315_113140,beta_prime__theta_grid_21_heterogeneous,heterogeneous,candidate,21,beta_prime__theta_parameter_pair_sweep,20,completed,,,1234,1443379480,235820628,1331743193,3897761708,50.0,0.01,0.05,0.01,100,distributional_beta,random,5,3.0,equal,2.8465696213236065,89.0,11.0,78.0,KR_minus_GR,139.46697010006756,2026-03-15T12:50:49Z,2026-03-15T12:53:09Z,results/raw/uniform_vs_heterogeneous_parameter_pair_tims_sweep_v1/run_20260315_113140/resolved_config.yaml,
1.0,uniform_vs_heterogeneous_parameter_pair_tims_sweep_v1,run_20260315_113140,beta_prime__theta_grid_22_uniform,uniform,baseline,22,beta_prime__theta_parameter_pair_sweep,21,completed,,,1234,2612121780,1195119090,3369815799,,50.0,0.1575,0.05,0.01,100,uniform,,,,,5.396815305664212,71.0,14.0,57.0,KR_minus_GR,94.49265039991587,2026-03-15T12:53:09Z,2026-03-15T12:54:43Z,results/raw/uniform_vs_heterogeneous_parameter_pair_tims_sweep_v1/run_20260315_113140/resolved_config.yaml,
1.0,uniform_vs_heterogeneous_parameter_pair_tims_sweep_v1,run_20260315_113140,beta_prime__theta_grid_22_heterogeneous,heterogeneous,candidate,22,beta_prime__theta_parameter_pair_sweep,21,completed,,,1234,2612121780,1195119090,3369815799,3897761708,50.0,0.1575,0.05,0.01,100,distributional_beta,random,5,3.0,equal,4.4931480109216215,52.0,7.0,45.0,KR_minus_GR,138.56886460003443,2026-03-15T12:54:43Z,2026-03-15T12:57:02Z,results/raw/uniform_vs_heterogeneous_parameter_pair_tims_sweep_v1/run_20260315_113140/resolved_config.yaml,
1.0,uniform_vs_heterogeneous_parameter_pair_tims_sweep_v1,run_20260315_113140,beta_prime__theta_grid_23_uniform,uniform,baseline,23,beta_prime__theta_parameter_pair_sweep,22,completed,,,1234,491212468,639730780,2426936498,,50.0,0.305,0.05,0.01,100,uniform,,,,,4.4613915344796755,68.0,23.0,45.0,KR_minus_GR,94.03889279998839,2026-03-15T12:57:02Z,2026-03-15T12:58:36Z,results/raw/uniform_vs_heterogeneous_parameter_pair_tims_sweep_v1/run_20260315_113140/resolved_config.yaml,
1.0,uniform_vs_heterogeneous_parameter_pair_tims_sweep_v1,run_20260315_113140,beta_prime__theta_grid_23_heterogeneous,heterogeneous,candidate,23,beta_prime__theta_parameter_pair_sweep,22,completed,,,1234,491212468,639730780,2426936498,3897761708,50.0,0.305,0.05,0.01,100,distributional_beta,random,5,3.0,equal,4.152552519268529,53.0,11.0,42.0,KR_minus_GR,138.16996019985527,2026-03-15T12:58:36Z,2026-03-15T13:00:54Z,results/raw/uniform_vs_heterogeneous_parameter_pair_tims_sweep_v1/run_20260315_113140/resolved_config.yaml,
1.0,uniform_vs_heterogeneous_parameter_pair_tims_sweep_v1,run_20260315_113140,beta_prime__theta_grid_24_uniform,uniform,baseline,24,beta_prime__theta_parameter_pair_sweep,23,completed,,,1234,2936744238,1954826618,216515674,,50.0,0.4525,0.05,0.01,100,uniform,,,,,4.614680514142284,64.0,23.0,41.0,KR_minus_GR,94.43458480015397,2026-03-15T13:00:54Z,2026-03-15T13:02:28Z,results/raw/uniform_vs_heterogeneous_parameter_pair_tims_sweep_v1/run_20260315_113140/resolved_config.yaml,
1.0,uniform_vs_heterogeneous_parameter_pair_tims_sweep_v1,run_20260315_113140,beta_prime__theta_grid_24_heterogeneous,heterogeneous,candidate,24,beta_prime__theta_parameter_pair_sweep,23,completed,,,1234,2936744238,1954826618,216515674,3897761708,50.0,0.4525,0.05,0.01,100,distributional_beta,random,5,3.0,equal,4.598741678043172,43.0,12.0,31.0,KR_minus_GR,139.05701440013945,2026-03-15T13:02:28Z,2026-03-15T13:04:47Z,results/raw/uniform_vs_heterogeneous_parameter_pair_tims_sweep_v1/run_20260315_113140/resolved_config.yaml,
1.0,uniform_vs_heterogeneous_parameter_pair_tims_sweep_v1,run_20260315_113140,beta_prime__theta_grid_25_uniform,uniform,baseline,25,beta_prime__theta_parameter_pair_sweep,24,completed,,,1234,998925781,858011228,1665825923,,50.0,0.6,0.05,0.01,100,uniform,,,,,4.366416673191686,52.0,15.0,37.0,KR_minus_GR,93.82775100017898,2026-03-15T13:04:47Z,2026-03-15T13:06:21Z,results/raw/uniform_vs_heterogeneous_parameter_pair_tims_sweep_v1/run_20260315_113140/resolved_config.yaml,
1.0,uniform_vs_heterogeneous_parameter_pair_tims_sweep_v1,run_20260315_113140,beta_prime__theta_grid_25_heterogeneous,heterogeneous,candidate,25,beta_prime__theta_parameter_pair_sweep,24,completed,,,1234,998925781,858011228,1665825923,3897761708,50.0,0.6,0.05,0.01,100,distributional_beta,random,5,3.0,equal,4.245308670213646,27.0,8.0,19.0,KR_minus_GR,138.17139999987558,2026-03-15T13:06:21Z,2026-03-15T13:08:39Z,results/raw/uniform_vs_heterogeneous_parameter_pair_tims_sweep_v1/run_20260315_113140/resolved_config.yaml,
1.0,uniform_vs_heterogeneous_parameter_pair_tims_sweep_v1,run_20260315_113140,beta_prime__beta_spread_grid_01_uniform,uniform,baseline,26,beta_prime__beta_spread_parameter_pair_sweep,25,completed,,,1234,3341645679,457886829,3538871409,,20.0,0.2,0.05,0.01,100,uniform,,,,,3.830098123869903,82.0,1.0,81.0,KR_minus_GR,93.7396217000205,2026-03-15T13:08:39Z,2026-03-15T13:10:13Z,results/raw/uniform_vs_heterogeneous_parameter_pair_tims_sweep_v1/run_20260315_113140/resolved_config.yaml,
1.0,uniform_vs_heterogeneous_parameter_pair_tims_sweep_v1,run_20260315_113140,beta_prime__beta_spread_grid_01_heterogeneous,heterogeneous,candidate,26,beta_prime__beta_spread_parameter_pair_sweep,25,completed,,,1234,3341645679,457886829,3538871409,3897761708,20.0,0.2,0.05,0.01,100,distributional_beta,random,5,1.0,equal,3.8464431818048426,73.0,1.0,72.0,KR_minus_GR,138.36381360003725,2026-03-15T13:10:13Z,2026-03-15T13:12:32Z,results/raw/uniform_vs_heterogeneous_parameter_pair_tims_sweep_v1/run_20260315_113140/resolved_config.yaml,
1.0,uniform_vs_heterogeneous_parameter_pair_tims_sweep_v1,run_20260315_113140,beta_prime__beta_spread_grid_02_uniform,uniform,baseline,27,beta_prime__beta_spread_parameter_pair_sweep,26,completed,,,1234,3770675915,2370894938,3298362815,,20.0,0.2,0.05,0.01,100,uniform,,,,,3.522289075991232,86.0,1.0,85.0,KR_minus_GR,94.51868940005079,2026-03-15T13:12:32Z,2026-03-15T13:14:06Z,results/raw/uniform_vs_heterogeneous_parameter_pair_tims_sweep_v1/run_20260315_113140/resolved_config.yaml,
1.0,uniform_vs_heterogeneous_parameter_pair_tims_sweep_v1,run_20260315_113140,beta_prime__beta_spread_grid_02_heterogeneous,heterogeneous,candidate,27,beta_prime__beta_spread_parameter_pair_sweep,26,completed,,,1234,3770675915,2370894938,3298362815,3897761708,20.0,0.2,0.05,0.01,100,distributional_beta,random,5,3.25,equal,3.6538061784599427,81.0,1.0,80.0,KR_minus_GR,139.2354963000398,2026-03-15T13:14:06Z,2026-03-15T13:16:25Z,results/raw/uniform_vs_heterogeneous_parameter_pair_tims_sweep_v1/run_20260315_113140/resolved_config.yaml,
1.0,uniform_vs_heterogeneous_parameter_pair_tims_sweep_v1,run_20260315_113140,beta_prime__beta_spread_grid_03_uniform,uniform,baseline,28,beta_prime__beta_spread_parameter_pair_sweep,27,completed,,,1234,941057151,1608557929,2356006179,,20.0,0.2,0.05,0.01,100,uniform,,,,,3.9635130832574683,82.0,1.0,81.0,KR_minus_GR,94.1967182001099,2026-03-15T13:16:25Z,2026-03-15T13:17:59Z,results/raw/uniform_vs_heterogeneous_parameter_pair_tims_sweep_v1/run_20260315_113140/resolved_config.yaml,
1.0,uniform_vs_heterogeneous_parameter_pair_tims_sweep_v1,run_20260315_113140,beta_prime__beta_spread_grid_03_heterogeneous,heterogeneous,candidate,28,beta_prime__beta_spread_parameter_pair_sweep,27,completed,,,1234,941057151,1608557929,2356006179,3897761708,20.0,0.2,0.05,0.01,100,distributional_beta,random,5,5.5,equal,3.8479982129810106,71.0,2.0,69.0,KR_minus_GR,138.82370259985328,2026-03-15T13:17:59Z,2026-03-15T13:20:18Z,results/raw/uniform_vs_heterogeneous_parameter_pair_tims_sweep_v1/run_20260315_113140/resolved_config.yaml,
1.0,uniform_vs_heterogeneous_parameter_pair_tims_sweep_v1,run_20260315_113140,beta_prime__beta_spread_grid_04_uniform,uniform,baseline,29,beta_prime__beta_spread_parameter_pair_sweep,28,completed,,,1234,2215109747,1487910696,1914032874,,20.0,0.2,0.05,0.01,100,uniform,,,,,3.8000210434985093,82.0,1.0,81.0,KR_minus_GR,94.37597110006027,2026-03-15T13:20:18Z,2026-03-15T13:21:53Z,results/raw/uniform_vs_heterogeneous_parameter_pair_tims_sweep_v1/run_20260315_113140/resolved_config.yaml,
1.0,uniform_vs_heterogeneous_parameter_pair_tims_sweep_v1,run_20260315_113140,beta_prime__beta_spread_grid_04_heterogeneous,heterogeneous,candidate,29,beta_prime__beta_spread_parameter_pair_sweep,28,completed,,,1234,2215109747,1487910696,1914032874,3897761708,20.0,0.2,0.05,0.01,100,distributional_beta,random,5,7.75,equal,3.3628908930428043,67.0,2.0,65.0,KR_minus_GR,138.40919160004705,2026-03-15T13:21:53Z,2026-03-15T13:24:11Z,results/raw/uniform_vs_heterogeneous_parameter_pair_tims_sweep_v1/run_20260315_113140/resolved_config.yaml,
1.0,uniform_vs_heterogeneous_parameter_pair_tims_sweep_v1,run_20260315_113140,beta_prime__beta_spread_grid_05_uniform,uniform,baseline,30,beta_prime__beta_spread_parameter_pair_sweep,29,completed,,,1234,2416810949,3200246158,4282125702,,20.0,0.2,0.05,0.01,100,uniform,,,,,3.9695832216145632,88.0,1.0,87.0,KR_minus_GR,94.12821609992534,2026-03-15T13:24:11Z,2026-03-15T13:25:45Z,results/raw/uniform_vs_heterogeneous_parameter_pair_tims_sweep_v1/run_20260315_113140/resolved_config.yaml,
1.0,uniform_vs_heterogeneous_parameter_pair_tims_sweep_v1,run_20260315_113140,beta_prime__beta_spread_grid_05_heterogeneous,heterogeneous,candidate,30,beta_prime__beta_spread_parameter_pair_sweep,29,completed,,,1234,2416810949,3200246158,4282125702,3897761708,20.0,0.2,0.05,0.01,100,distributional_beta,random,5,10.0,equal,4.009319432116817,68.0,26.0,42.0,KR_minus_GR,137.92949579982087,2026-03-15T13:25:45Z,2026-03-15T13:28:03Z,results/raw/uniform_vs_heterogeneous_parameter_pair_tims_sweep_v1/run_20260315_113140/resolved_config.yaml,
1.0,uniform_vs_heterogeneous_parameter_pair_tims_sweep_v1,run_20260315_113140,beta_prime__beta_spread_grid_06_uniform,uniform,baseline,31,beta_prime__beta_spread_parameter_pair_sweep,30,completed,,,1234,558317995,3659360184,941084673,,27.5,0.2,0.05,0.01,100,uniform,,,,,4.9685928295052175,81.0,2.0,79.0,KR_minus_GR,94.49903850001283,2026-03-15T13:28:03Z,2026-03-15T13:29:38Z,results/raw/uniform_vs_heterogeneous_parameter_pair_tims_sweep_v1/run_20260315_113140/resolved_config.yaml,
1.0,uniform_vs_heterogeneous_parameter_pair_tims_sweep_v1,run_20260315_113140,beta_prime__beta_spread_grid_06_heterogeneous,heterogeneous,candidate,31,beta_prime__beta_spread_parameter_pair_sweep,30,completed,,,1234,558317995,3659360184,941084673,3897761708,27.5,0.2,0.05,0.01,100,distributional_beta,random,5,1.0,equal,4.9650164228827975,67.0,2.0,65.0,KR_minus_GR,137.9254171999637,2026-03-15T13:29:38Z,2026-03-15T13:31:56Z,results/raw/uniform_vs_heterogeneous_parameter_pair_tims_sweep_v1/run_20260315_113140/resolved_config.yaml,
1.0,uniform_vs_heterogeneous_parameter_pair_tims_sweep_v1,run_20260315_113140,beta_prime__beta_spread_grid_07_uniform,uniform,baseline,32,beta_prime__beta_spread_parameter_pair_sweep,31,completed,,,1234,2229074049,1163828947,2400508265,,27.5,0.2,0.05,0.01,100,uniform,,,,,4.356124515448754,76.0,2.0,74.0,KR_minus_GR,94.61287719989195,2026-03-15T13:31:56Z,2026-03-15T13:33:30Z,results/raw/uniform_vs_heterogeneous_parameter_pair_tims_sweep_v1/run_20260315_113140/resolved_config.yaml,
1.0,uniform_vs_heterogeneous_parameter_pair_tims_sweep_v1,run_20260315_113140,beta_prime__beta_spread_grid_07_heterogeneous,heterogeneous,candidate,32,beta_prime__beta_spread_parameter_pair_sweep,31,completed,,,1234,2229074049,1163828947,2400508265,3897761708,27.5,0.2,0.05,0.01,100,distributional_beta,random,5,3.25,equal,4.628257193085707,62.0,2.0,60.0,KR_minus_GR,138.47641240013763,2026-03-15T13:33:30Z,2026-03-15T13:35:49Z,results/raw/uniform_vs_heterogeneous_parameter_pair_tims_sweep_v1/run_20260315_113140/resolved_config.yaml,
1.0,uniform_vs_heterogeneous_parameter_pair_tims_sweep_v1,run_20260315_113140,beta_prime__beta_spread_grid_08_uniform,uniform,baseline,33,beta_prime__beta_spread_parameter_pair_sweep,32,completed,,,1234,3632097554,465452834,657304465,,27.5,0.2,0.05,0.01,100,uniform,,,,,3.524234866275515,80.0,2.0,78.0,KR_minus_GR,94.62004890013486,2026-03-15T13:35:49Z,2026-03-15T13:37:23Z,results/raw/uniform_vs_heterogeneous_parameter_pair_tims_sweep_v1/run_20260315_113140/resolved_config.yaml,
1.0,uniform_vs_heterogeneous_parameter_pair_tims_sweep_v1,run_20260315_113140,beta_prime__beta_spread_grid_08_heterogeneous,heterogeneous,candidate,33,beta_prime__beta_spread_parameter_pair_sweep,32,completed,,,1234,3632097554,465452834,657304465,3897761708,27.5,0.2,0.05,0.01,100,distributional_beta,random,5,5.5,equal,3.4971591100827064,65.0,2.0,63.0,KR_minus_GR,138.25071569997817,2026-03-15T13:37:23Z,2026-03-15T13:39:42Z,results/raw/uniform_vs_heterogeneous_parameter_pair_tims_sweep_v1/run_20260315_113140/resolved_config.yaml,
1.0,uniform_vs_heterogeneous_parameter_pair_tims_sweep_v1,run_20260315_113140,beta_prime__beta_spread_grid_09_uniform,uniform,baseline,34,beta_prime__beta_spread_parameter_pair_sweep,33,completed,,,1234,2567759408,260932833,1910684027,,27.5,0.2,0.05,0.01,100,uniform,,,,,3.4147570608282574,80.0,2.0,78.0,KR_minus_GR,94.32550980011001,2026-03-15T13:39:42Z,2026-03-15T13:41:16Z,results/raw/uniform_vs_heterogeneous_parameter_pair_tims_sweep_v1/run_20260315_113140/resolved_config.yaml,
1.0,uniform_vs_heterogeneous_parameter_pair_tims_sweep_v1,run_20260315_113140,beta_prime__beta_spread_grid_09_heterogeneous,heterogeneous,candidate,34,beta_prime__beta_spread_parameter_pair_sweep,33,completed,,,1234,2567759408,260932833,1910684027,3897761708,27.5,0.2,0.05,0.01,100,distributional_beta,random,5,7.75,equal,3.7174745385967443,64.0,3.0,61.0,KR_minus_GR,138.40497300005518,2026-03-15T13:41:16Z,2026-03-15T13:43:34Z,results/raw/uniform_vs_heterogeneous_parameter_pair_tims_sweep_v1/run_20260315_113140/resolved_config.yaml,
1.0,uniform_vs_heterogeneous_parameter_pair_tims_sweep_v1,run_20260315_113140,beta_prime__beta_spread_grid_10_uniform,uniform,baseline,35,beta_prime__beta_spread_parameter_pair_sweep,34,completed,,,1234,497034915,2991699869,3440523128,,27.5,0.2,0.05,0.01,100,uniform,,,,,5.300736482635217,88.0,2.0,86.0,KR_minus_GR,94.05036850017495,2026-03-15T13:43:34Z,2026-03-15T13:45:08Z,results/raw/uniform_vs_heterogeneous_parameter_pair_tims_sweep_v1/run_20260315_113140/resolved_config.yaml,
1.0,uniform_vs_heterogeneous_parameter_pair_tims_sweep_v1,run_20260315_113140,beta_prime__beta_spread_grid_10_heterogeneous,heterogeneous,candidate,35,beta_prime__beta_spread_parameter_pair_sweep,34,completed,,,1234,497034915,2991699869,3440523128,3897761708,27.5,0.2,0.05,0.01,100,distributional_beta,random,5,10.0,equal,5.007601473908047,66.0,5.0,61.0,KR_minus_GR,138.2788592998404,2026-03-15T13:45:08Z,2026-03-15T13:47:27Z,results/raw/uniform_vs_heterogeneous_parameter_pair_tims_sweep_v1/run_20260315_113140/resolved_config.yaml,
1.0,uniform_vs_heterogeneous_parameter_pair_tims_sweep_v1,run_20260315_113140,beta_prime__beta_spread_grid_11_uniform,uniform,baseline,36,beta_prime__beta_spread_parameter_pair_sweep,35,completed,,,1234,1083038525,86752051,1321251118,,35.0,0.2,0.05,0.01,100,uniform,,,,,3.874048539833061,73.0,4.0,69.0,KR_minus_GR,94.1484022999648,2026-03-15T13:47:27Z,2026-03-15T13:49:01Z,results/raw/uniform_vs_heterogeneous_parameter_pair_tims_sweep_v1/run_20260315_113140/resolved_config.yaml,
1.0,uniform_vs_heterogeneous_parameter_pair_tims_sweep_v1,run_20260315_113140,beta_prime__beta_spread_grid_11_heterogeneous,heterogeneous,candidate,36,beta_prime__beta_spread_parameter_pair_sweep,35,completed,,,1234,1083038525,86752051,1321251118,3897761708,35.0,0.2,0.05,0.01,100,distributional_beta,random,5,1.0,equal,3.7571656571285175,56.0,3.0,53.0,KR_minus_GR,138.36717159999534,2026-03-15T13:49:01Z,2026-03-15T13:51:19Z,results/raw/uniform_vs_heterogeneous_parameter_pair_tims_sweep_v1/run_20260315_113140/resolved_config.yaml,
1.0,uniform_vs_heterogeneous_parameter_pair_tims_sweep_v1,run_20260315_113140,beta_prime__beta_spread_grid_12_uniform,uniform,baseline,37,beta_prime__beta_spread_parameter_pair_sweep,36,completed,,,1234,536348740,3660727062,2092807939,,35.0,0.2,0.05,0.01,100,uniform,,,,,3.640125837370884,80.0,5.0,75.0,KR_minus_GR,95.12696799985133,2026-03-15T13:51:19Z,2026-03-15T13:52:54Z,results/raw/uniform_vs_heterogeneous_parameter_pair_tims_sweep_v1/run_20260315_113140/resolved_config.yaml,
1.0,uniform_vs_heterogeneous_parameter_pair_tims_sweep_v1,run_20260315_113140,beta_prime__beta_spread_grid_12_heterogeneous,heterogeneous,candidate,37,beta_prime__beta_spread_parameter_pair_sweep,36,completed,,,1234,536348740,3660727062,2092807939,3897761708,35.0,0.2,0.05,0.01,100,distributional_beta,random,5,3.25,equal,3.6152251090221585,68.0,3.0,65.0,KR_minus_GR,138.78075970010832,2026-03-15T13:52:54Z,2026-03-15T13:55:13Z,results/raw/uniform_vs_heterogeneous_parameter_pair_tims_sweep_v1/run_20260315_113140/resolved_config.yaml,
1.0,uniform_vs_heterogeneous_parameter_pair_tims_sweep_v1,run_20260315_113140,beta_prime__beta_spread_grid_13_uniform,uniform,baseline,38,beta_prime__beta_spread_parameter_pair_sweep,37,completed,,,1234,2751935958,2253353761,156623708,,35.0,0.2,0.05,0.01,100,uniform,,,,,5.426217103915524,79.0,3.0,76.0,KR_minus_GR,94.54945809999481,2026-03-15T13:55:13Z,2026-03-15T13:56:48Z,results/raw/uniform_vs_heterogeneous_parameter_pair_tims_sweep_v1/run_20260315_113140/resolved_config.yaml,
1.0,uniform_vs_heterogeneous_parameter_pair_tims_sweep_v1,run_20260315_113140,beta_prime__beta_spread_grid_13_heterogeneous,heterogeneous,candidate,38,beta_prime__beta_spread_parameter_pair_sweep,37,completed,,,1234,2751935958,2253353761,156623708,3897761708,35.0,0.2,0.05,0.01,100,distributional_beta,random,5,5.5,equal,5.516709813000834,61.0,3.0,58.0,KR_minus_GR,139.08438039990142,2026-03-15T13:56:48Z,2026-03-15T13:59:07Z,results/raw/uniform_vs_heterogeneous_parameter_pair_tims_sweep_v1/run_20260315_113140/resolved_config.yaml,
1.0,uniform_vs_heterogeneous_parameter_pair_tims_sweep_v1,run_20260315_113140,beta_prime__beta_spread_grid_14_uniform,uniform,baseline,39,beta_prime__beta_spread_parameter_pair_sweep,38,completed,,,1234,2602012957,1290416650,1845714525,,35.0,0.2,0.05,0.01,100,uniform,,,,,4.622419787666373,83.0,4.0,79.0,KR_minus_GR,94.33674749988131,2026-03-15T13:59:07Z,2026-03-15T14:00:41Z,results/raw/uniform_vs_heterogeneous_parameter_pair_tims_sweep_v1/run_20260315_113140/resolved_config.yaml,
1.0,uniform_vs_heterogeneous_parameter_pair_tims_sweep_v1,run_20260315_113140,beta_prime__beta_spread_grid_14_heterogeneous,heterogeneous,candidate,39,beta_prime__beta_spread_parameter_pair_sweep,38,completed,,,1234,2602012957,1290416650,1845714525,3897761708,35.0,0.2,0.05,0.01,100,distributional_beta,random,5,7.75,equal,4.1736500369318055,60.0,11.0,49.0,KR_minus_GR,137.437321000034,2026-03-15T14:00:41Z,2026-03-15T14:02:58Z,results/raw/uniform_vs_heterogeneous_parameter_pair_tims_sweep_v1/run_20260315_113140/resolved_config.yaml,
1.0,uniform_vs_heterogeneous_parameter_pair_tims_sweep_v1,run_20260315_113140,beta_prime__beta_spread_grid_15_uniform,uniform,baseline,40,beta_prime__beta_spread_parameter_pair_sweep,39,completed,,,1234,1907038877,1152328794,4239369196,,35.0,0.2,0.05,0.01,100,uniform,,,,,4.737613491902636,70.0,5.0,65.0,KR_minus_GR,94.47448750003241,2026-03-15T14:02:58Z,2026-03-15T14:04:33Z,results/raw/uniform_vs_heterogeneous_parameter_pair_tims_sweep_v1/run_20260315_113140/resolved_config.yaml,
1.0,uniform_vs_heterogeneous_parameter_pair_tims_sweep_v1,run_20260315_113140,beta_prime__beta_spread_grid_15_heterogeneous,heterogeneous,candidate,40,beta_prime__beta_spread_parameter_pair_sweep,39,completed,,,1234,1907038877,1152328794,4239369196,3897761708,35.0,0.2,0.05,0.01,100,distributional_beta,random,5,10.0,equal,4.249893969796096,47.0,6.0,41.0,KR_minus_GR,138.82795799989253,2026-03-15T14:04:33Z,2026-03-15T14:06:52Z,results/raw/uniform_vs_heterogeneous_parameter_pair_tims_sweep_v1/run_20260315_113140/resolved_config.yaml,
1.0,uniform_vs_heterogeneous_parameter_pair_tims_sweep_v1,run_20260315_113140,beta_prime__beta_spread_grid_16_uniform,uniform,baseline,41,beta_prime__beta_spread_parameter_pair_sweep,40,completed,,,1234,1453147537,1062121603,1261227742,,42.5,0.2,0.05,0.01,100,uniform,,,,,5.213541693010292,64.0,10.0,54.0,KR_minus_GR,94.65041040000506,2026-03-15T14:06:52Z,2026-03-15T14:08:26Z,results/raw/uniform_vs_heterogeneous_parameter_pair_tims_sweep_v1/run_20260315_113140/resolved_config.yaml,
1.0,uniform_vs_heterogeneous_parameter_pair_tims_sweep_v1,run_20260315_113140,beta_prime__beta_spread_grid_16_heterogeneous,heterogeneous,candidate,41,beta_prime__beta_spread_parameter_pair_sweep,40,completed,,,1234,1453147537,1062121603,1261227742,3897761708,42.5,0.2,0.05,0.01,100,distributional_beta,random,5,1.0,equal,4.8002503208427605,44.0,6.0,38.0,KR_minus_GR,138.7725840001367,2026-03-15T14:08:26Z,2026-03-15T14:10:45Z,results/raw/uniform_vs_heterogeneous_parameter_pair_tims_sweep_v1/run_20260315_113140/resolved_config.yaml,
1.0,uniform_vs_heterogeneous_parameter_pair_tims_sweep_v1,run_20260315_113140,beta_prime__beta_spread_grid_17_uniform,uniform,baseline,42,beta_prime__beta_spread_parameter_pair_sweep,41,completed,,,1234,4114065347,3247853397,2912670184,,42.5,0.2,0.05,0.01,100,uniform,,,,,5.487877439026997,78.0,11.0,67.0,KR_minus_GR,94.60598269989714,2026-03-15T14:10:45Z,2026-03-15T14:12:20Z,results/raw/uniform_vs_heterogeneous_parameter_pair_tims_sweep_v1/run_20260315_113140/resolved_config.yaml,
1.0,uniform_vs_heterogeneous_parameter_pair_tims_sweep_v1,run_20260315_113140,beta_prime__beta_spread_grid_17_heterogeneous,heterogeneous,candidate,42,beta_prime__beta_spread_parameter_pair_sweep,41,completed,,,1234,4114065347,3247853397,2912670184,3897761708,42.5,0.2,0.05,0.01,100,distributional_beta,random,5,3.25,equal,5.552235061495587,62.0,7.0,55.0,KR_minus_GR,138.10361939994618,2026-03-15T14:12:20Z,2026-03-15T14:14:38Z,results/raw/uniform_vs_heterogeneous_parameter_pair_tims_sweep_v1/run_20260315_113140/resolved_config.yaml,
1.0,uniform_vs_heterogeneous_parameter_pair_tims_sweep_v1,run_20260315_113140,beta_prime__beta_spread_grid_18_uniform,uniform,baseline,43,beta_prime__beta_spread_parameter_pair_sweep,42,completed,,,1234,1700135630,2308302346,1114433315,,42.5,0.2,0.05,0.01,100,uniform,,,,,4.678285350694939,68.0,15.0,53.0,KR_minus_GR,94.2356032000389,2026-03-15T14:14:38Z,2026-03-15T14:16:12Z,results/raw/uniform_vs_heterogeneous_parameter_pair_tims_sweep_v1/run_20260315_113140/resolved_config.yaml,
1.0,uniform_vs_heterogeneous_parameter_pair_tims_sweep_v1,run_20260315_113140,beta_prime__beta_spread_grid_18_heterogeneous,heterogeneous,candidate,43,beta_prime__beta_spread_parameter_pair_sweep,42,completed,,,1234,1700135630,2308302346,1114433315,3897761708,42.5,0.2,0.05,0.01,100,distributional_beta,random,5,5.5,equal,4.735958855331248,42.0,7.0,35.0,KR_minus_GR,137.88904009992257,2026-03-15T14:16:12Z,2026-03-15T14:18:30Z,results/raw/uniform_vs_heterogeneous_parameter_pair_tims_sweep_v1/run_20260315_113140/resolved_config.yaml,
1.0,uniform_vs_heterogeneous_parameter_pair_tims_sweep_v1,run_20260315_113140,beta_prime__beta_spread_grid_19_uniform,uniform,baseline,44,beta_prime__beta_spread_parameter_pair_sweep,43,completed,,,1234,1724648099,2347422777,3495343450,,42.5,0.2,0.05,0.01,100,uniform,,,,,4.97901584671863,73.0,10.0,63.0,KR_minus_GR,94.45517349988222,2026-03-15T14:18:30Z,2026-03-15T14:20:05Z,results/raw/uniform_vs_heterogeneous_parameter_pair_tims_sweep_v1/run_20260315_113140/resolved_config.yaml,
1.0,uniform_vs_heterogeneous_parameter_pair_tims_sweep_v1,run_20260315_113140,beta_prime__beta_spread_grid_19_heterogeneous,heterogeneous,candidate,44,beta_prime__beta_spread_parameter_pair_sweep,43,completed,,,1234,1724648099,2347422777,3495343450,3897761708,42.5,0.2,0.05,0.01,100,distributional_beta,random,5,7.75,equal,5.356272305242063,46.0,8.0,38.0,KR_minus_GR,138.35454329987988,2026-03-15T14:20:05Z,2026-03-15T14:22:23Z,results/raw/uniform_vs_heterogeneous_parameter_pair_tims_sweep_v1/run_20260315_113140/resolved_config.yaml,
1.0,uniform_vs_heterogeneous_parameter_pair_tims_sweep_v1,run_20260315_113140,beta_prime__beta_spread_grid_20_uniform,uniform,baseline,45,beta_prime__beta_spread_parameter_pair_sweep,44,completed,,,1234,102986405,787628727,3848914606,,42.5,0.2,0.05,0.01,100,uniform,,,,,4.222328968837417,76.0,11.0,65.0,KR_minus_GR,94.38609610009007,2026-03-15T14:22:23Z,2026-03-15T14:23:57Z,results/raw/uniform_vs_heterogeneous_parameter_pair_tims_sweep_v1/run_20260315_113140/resolved_config.yaml,
1.0,uniform_vs_heterogeneous_parameter_pair_tims_sweep_v1,run_20260315_113140,beta_prime__beta_spread_grid_20_heterogeneous,heterogeneous,candidate,45,beta_prime__beta_spread_parameter_pair_sweep,44,completed,,,1234,102986405,787628727,3848914606,3897761708,42.5,0.2,0.05,0.01,100,distributional_beta,random,5,10.0,equal,4.162431431598615,38.0,5.0,33.0,KR_minus_GR,138.1775415998418,2026-03-15T14:23:57Z,2026-03-15T14:26:15Z,results/raw/uniform_vs_heterogeneous_parameter_pair_tims_sweep_v1/run_20260315_113140/resolved_config.yaml,
1.0,uniform_vs_heterogeneous_parameter_pair_tims_sweep_v1,run_20260315_113140,beta_prime__beta_spread_grid_21_uniform,uniform,baseline,46,beta_prime__beta_spread_parameter_pair_sweep,45,completed,,,1234,4170395418,20730319,1753928110,,50.0,0.2,0.05,0.01,100,uniform,,,,,5.033155856178142,75.0,24.0,51.0,KR_minus_GR,94.51853640004992,2026-03-15T14:26:15Z,2026-03-15T14:27:50Z,results/raw/uniform_vs_heterogeneous_parameter_pair_tims_sweep_v1/run_20260315_113140/resolved_config.yaml,
1.0,uniform_vs_heterogeneous_parameter_pair_tims_sweep_v1,run_20260315_113140,beta_prime__beta_spread_grid_21_heterogeneous,heterogeneous,candidate,46,beta_prime__beta_spread_parameter_pair_sweep,45,completed,,,1234,4170395418,20730319,1753928110,3897761708,50.0,0.2,0.05,0.01,100,distributional_beta,random,5,1.0,equal,4.714608946091113,58.0,11.0,47.0,KR_minus_GR,137.90884070005268,2026-03-15T14:27:50Z,2026-03-15T14:30:08Z,results/raw/uniform_vs_heterogeneous_parameter_pair_tims_sweep_v1/run_20260315_113140/resolved_config.yaml,
1.0,uniform_vs_heterogeneous_parameter_pair_tims_sweep_v1,run_20260315_113140,beta_prime__beta_spread_grid_22_uniform,uniform,baseline,47,beta_prime__beta_spread_parameter_pair_sweep,46,completed,,,1234,2619905895,947886730,572748979,,50.0,0.2,0.05,0.01,100,uniform,,,,,6.027989607045644,66.0,23.0,43.0,KR_minus_GR,94.4189681999851,2026-03-15T14:30:08Z,2026-03-15T14:31:42Z,results/raw/uniform_vs_heterogeneous_parameter_pair_tims_sweep_v1/run_20260315_113140/resolved_config.yaml,
1.0,uniform_vs_heterogeneous_parameter_pair_tims_sweep_v1,run_20260315_113140,beta_prime__beta_spread_grid_22_heterogeneous,heterogeneous,candidate,47,beta_prime__beta_spread_parameter_pair_sweep,46,completed,,,1234,2619905895,947886730,572748979,3897761708,50.0,0.2,0.05,0.01,100,distributional_beta,random,5,3.25,equal,5.7132638990788855,43.0,10.0,33.0,KR_minus_GR,138.47379780001938,2026-03-15T14:31:42Z,2026-03-15T14:34:01Z,results/raw/uniform_vs_heterogeneous_parameter_pair_tims_sweep_v1/run_20260315_113140/resolved_config.yaml,
1.0,uniform_vs_heterogeneous_parameter_pair_tims_sweep_v1,run_20260315_113140,beta_prime__beta_spread_grid_23_uniform,uniform,baseline,48,beta_prime__beta_spread_parameter_pair_sweep,47,completed,,,1234,901780484,3179849581,3507244300,,50.0,0.2,0.05,0.01,100,uniform,,,,,5.513648889431467,78.0,20.0,58.0,KR_minus_GR,94.41761390003376,2026-03-15T14:34:01Z,2026-03-15T14:35:35Z,results/raw/uniform_vs_heterogeneous_parameter_pair_tims_sweep_v1/run_20260315_113140/resolved_config.yaml,
1.0,uniform_vs_heterogeneous_parameter_pair_tims_sweep_v1,run_20260315_113140,beta_prime__beta_spread_grid_23_heterogeneous,heterogeneous,candidate,48,beta_prime__beta_spread_parameter_pair_sweep,47,completed,,,1234,901780484,3179849581,3507244300,3897761708,50.0,0.2,0.05,0.01,100,distributional_beta,random,5,5.5,equal,4.537476072026896,56.0,12.0,44.0,KR_minus_GR,139.5443577999249,2026-03-15T14:35:35Z,2026-03-15T14:37:55Z,results/raw/uniform_vs_heterogeneous_parameter_pair_tims_sweep_v1/run_20260315_113140/resolved_config.yaml,
1.0,uniform_vs_heterogeneous_parameter_pair_tims_sweep_v1,run_20260315_113140,beta_prime__beta_spread_grid_24_uniform,uniform,baseline,49,beta_prime__beta_spread_parameter_pair_sweep,48,completed,,,1234,3731728325,2582231369,1826447489,,50.0,0.2,0.05,0.01,100,uniform,,,,,4.34498878358453,81.0,34.0,47.0,KR_minus_GR,94.32174949999899,2026-03-15T14:37:55Z,2026-03-15T14:39:29Z,results/raw/uniform_vs_heterogeneous_parameter_pair_tims_sweep_v1/run_20260315_113140/resolved_config.yaml,
1.0,uniform_vs_heterogeneous_parameter_pair_tims_sweep_v1,run_20260315_113140,beta_prime__beta_spread_grid_24_heterogeneous,heterogeneous,candidate,49,beta_prime__beta_spread_parameter_pair_sweep,48,completed,,,1234,3731728325,2582231369,1826447489,3897761708,50.0,0.2,0.05,0.01,100,distributional_beta,random,5,7.75,equal,4.032556565735042,55.0,20.0,35.0,KR_minus_GR,139.6151636999566,2026-03-15T14:39:29Z,2026-03-15T14:41:49Z,results/raw/uniform_vs_heterogeneous_parameter_pair_tims_sweep_v1/run_20260315_113140/resolved_config.yaml,
1.0,uniform_vs_heterogeneous_parameter_pair_tims_sweep_v1,run_20260315_113140,beta_prime__beta_spread_grid_25_uniform,uniform,baseline,50,beta_prime__beta_spread_parameter_pair_sweep,49,completed,,,1234,1593229545,2172363452,3298738234,,50.0,0.2,0.05,0.01,100,uniform,,,,,4.474981868317487,68.0,22.0,46.0,KR_minus_GR,94.71357150003314,2026-03-15T14:41:49Z,2026-03-15T14:43:23Z,results/raw/uniform_vs_heterogeneous_parameter_pair_tims_sweep_v1/run_20260315_113140/resolved_config.yaml,
1.0,uniform_vs_heterogeneous_parameter_pair_tims_sweep_v1,run_20260315_113140,beta_prime__beta_spread_grid_25_heterogeneous,heterogeneous,candidate,50,beta_prime__beta_spread_parameter_pair_sweep,49,completed,,,1234,1593229545,2172363452,3298738234,3897761708,50.0,0.2,0.05,0.01,100,distributional_beta,random,5,10.0,equal,4.453448050161904,32.0,8.0,24.0,KR_minus_GR,137.50836499989964,2026-03-15T14:43:23Z,2026-03-15T14:45:41Z,results/raw/uniform_vs_heterogeneous_parameter_pair_tims_sweep_v1/run_20260315_113140/resolved_config.yaml,
1.0,uniform_vs_heterogeneous_parameter_pair_tims_sweep_v1,run_20260315_113140,theta__beta_spread_grid_01_uniform,uniform,baseline,51,theta__beta_spread_parameter_pair_sweep,50,completed,,,1234,3689829390,1612456305,3962214019,,20.0,0.01,0.05,0.01,100,uniform,,,,,2.498705339016082,32.0,2.0,30.0,KR_minus_GR,94.33300189999864,2026-03-15T14:45:41Z,2026-03-15T14:47:15Z,results/raw/uniform_vs_heterogeneous_parameter_pair_tims_sweep_v1/run_20260315_113140/resolved_config.yaml,
1.0,uniform_vs_heterogeneous_parameter_pair_tims_sweep_v1,run_20260315_113140,theta__beta_spread_grid_01_heterogeneous,heterogeneous,candidate,51,theta__beta_spread_parameter_pair_sweep,50,completed,,,1234,3689829390,1612456305,3962214019,3897761708,20.0,0.01,0.05,0.01,100,distributional_beta,random,5,1.0,equal,2.593826904971009,43.0,2.0,41.0,KR_minus_GR,137.88991359993815,2026-03-15T14:47:15Z,2026-03-15T14:49:33Z,results/raw/uniform_vs_heterogeneous_parameter_pair_tims_sweep_v1/run_20260315_113140/resolved_config.yaml,
1.0,uniform_vs_heterogeneous_parameter_pair_tims_sweep_v1,run_20260315_113140,theta__beta_spread_grid_02_uniform,uniform,baseline,52,theta__beta_spread_parameter_pair_sweep,51,completed,,,1234,3593424145,1146442990,1214942181,,20.0,0.01,0.05,0.01,100,uniform,,,,,2.1329103694858014,42.0,2.0,40.0,KR_minus_GR,94.32333529996686,2026-03-15T14:49:33Z,2026-03-15T14:51:07Z,results/raw/uniform_vs_heterogeneous_parameter_pair_tims_sweep_v1/run_20260315_113140/resolved_config.yaml,
1.0,uniform_vs_heterogeneous_parameter_pair_tims_sweep_v1,run_20260315_113140,theta__beta_spread_grid_02_heterogeneous,heterogeneous,candidate,52,theta__beta_spread_parameter_pair_sweep,51,completed,,,1234,3593424145,1146442990,1214942181,3897761708,20.0,0.01,0.05,0.01,100,distributional_beta,random,5,3.25,equal,2.688254893943235,55.0,40.0,15.0,KR_minus_GR,138.12974420003593,2026-03-15T14:51:07Z,2026-03-15T14:53:26Z,results/raw/uniform_vs_heterogeneous_parameter_pair_tims_sweep_v1/run_20260315_113140/resolved_config.yaml,
1.0,uniform_vs_heterogeneous_parameter_pair_tims_sweep_v1,run_20260315_113140,theta__beta_spread_grid_03_uniform,uniform,baseline,53,theta__beta_spread_parameter_pair_sweep,52,completed,,,1234,3473869916,1800170571,2678034935,,20.0,0.01,0.05,0.01,100,uniform,,,,,2.742266605725616,40.0,2.0,38.0,KR_minus_GR,94.45260540000163,2026-03-15T14:53:26Z,2026-03-15T14:55:00Z,results/raw/uniform_vs_heterogeneous_parameter_pair_tims_sweep_v1/run_20260315_113140/resolved_config.yaml,
1.0,uniform_vs_heterogeneous_parameter_pair_tims_sweep_v1,run_20260315_113140,theta__beta_spread_grid_03_heterogeneous,heterogeneous,candidate,53,theta__beta_spread_parameter_pair_sweep,52,completed,,,1234,3473869916,1800170571,2678034935,3897761708,20.0,0.01,0.05,0.01,100,distributional_beta,random,5,5.5,equal,3.523187732257459,77.0,2.0,75.0,KR_minus_GR,137.62051200005226,2026-03-15T14:55:00Z,2026-03-15T14:57:18Z,results/raw/uniform_vs_heterogeneous_parameter_pair_tims_sweep_v1/run_20260315_113140/resolved_config.yaml,
1.0,uniform_vs_heterogeneous_parameter_pair_tims_sweep_v1,run_20260315_113140,theta__beta_spread_grid_04_uniform,uniform,baseline,54,theta__beta_spread_parameter_pair_sweep,53,completed,,,1234,1148196959,3048196223,2568168663,,20.0,0.01,0.05,0.01,100,uniform,,,,,2.1979193318857058,39.0,3.0,36.0,KR_minus_GR,93.73873070022091,2026-03-15T14:57:18Z,2026-03-15T14:58:51Z,results/raw/uniform_vs_heterogeneous_parameter_pair_tims_sweep_v1/run_20260315_113140/resolved_config.yaml,
1.0,uniform_vs_heterogeneous_parameter_pair_tims_sweep_v1,run_20260315_113140,theta__beta_spread_grid_04_heterogeneous,heterogeneous,candidate,54,theta__beta_spread_parameter_pair_sweep,53,completed,,,1234,1148196959,3048196223,2568168663,3897761708,20.0,0.01,0.05,0.01,100,distributional_beta,random,5,7.75,equal,2.9409976530392785,83.0,3.0,80.0,KR_minus_GR,138.4641857999377,2026-03-15T14:58:51Z,2026-03-15T15:01:10Z,results/raw/uniform_vs_heterogeneous_parameter_pair_tims_sweep_v1/run_20260315_113140/resolved_config.yaml,
1.0,uniform_vs_heterogeneous_parameter_pair_tims_sweep_v1,run_20260315_113140,theta__beta_spread_grid_05_uniform,uniform,baseline,55,theta__beta_spread_parameter_pair_sweep,54,completed,,,1234,4224082481,2220787683,1080824074,,20.0,0.01,0.05,0.01,100,uniform,,,,,2.9050333246163165,40.0,2.0,38.0,KR_minus_GR,93.83346319990233,2026-03-15T15:01:10Z,2026-03-15T15:02:44Z,results/raw/uniform_vs_heterogeneous_parameter_pair_tims_sweep_v1/run_20260315_113140/resolved_config.yaml,
1.0,uniform_vs_heterogeneous_parameter_pair_tims_sweep_v1,run_20260315_113140,theta__beta_spread_grid_05_heterogeneous,heterogeneous,candidate,55,theta__beta_spread_parameter_pair_sweep,54,completed,,,1234,4224082481,2220787683,1080824074,3897761708,20.0,0.01,0.05,0.01,100,distributional_beta,random,5,10.0,equal,3.265901726778408,81.0,2.0,79.0,KR_minus_GR,137.41081690019928,2026-03-15T15:02:44Z,2026-03-15T15:05:01Z,results/raw/uniform_vs_heterogeneous_parameter_pair_tims_sweep_v1/run_20260315_113140/resolved_config.yaml,
1.0,uniform_vs_heterogeneous_parameter_pair_tims_sweep_v1,run_20260315_113140,theta__beta_spread_grid_06_uniform,uniform,baseline,56,theta__beta_spread_parameter_pair_sweep,55,completed,,,1234,1206914384,2754973280,248617575,,20.0,0.1575,0.05,0.01,100,uniform,,,,,3.3052661361340636,83.0,1.0,82.0,KR_minus_GR,94.45734239998274,2026-03-15T15:05:01Z,2026-03-15T15:06:36Z,results/raw/uniform_vs_heterogeneous_parameter_pair_tims_sweep_v1/run_20260315_113140/resolved_config.yaml,
1.0,uniform_vs_heterogeneous_parameter_pair_tims_sweep_v1,run_20260315_113140,theta__beta_spread_grid_06_heterogeneous,heterogeneous,candidate,56,theta__beta_spread_parameter_pair_sweep,55,completed,,,1234,1206914384,2754973280,248617575,3897761708,20.0,0.1575,0.05,0.01,100,distributional_beta,random,5,1.0,equal,3.2489631718234753,74.0,1.0,73.0,KR_minus_GR,138.73519890010357,2026-03-15T15:06:36Z,2026-03-15T15:08:54Z,results/raw/uniform_vs_heterogeneous_parameter_pair_tims_sweep_v1/run_20260315_113140/resolved_config.yaml,
1.0,uniform_vs_heterogeneous_parameter_pair_tims_sweep_v1,run_20260315_113140,theta__beta_spread_grid_07_uniform,uniform,baseline,57,theta__beta_spread_parameter_pair_sweep,56,completed,,,1234,765537397,2235196203,641263299,,20.0,0.1575,0.05,0.01,100,uniform,,,,,4.772496446305711,83.0,1.0,82.0,KR_minus_GR,93.69861719990149,2026-03-15T15:08:54Z,2026-03-15T15:10:28Z,results/raw/uniform_vs_heterogeneous_parameter_pair_tims_sweep_v1/run_20260315_113140/resolved_config.yaml,
1.0,uniform_vs_heterogeneous_parameter_pair_tims_sweep_v1,run_20260315_113140,theta__beta_spread_grid_07_heterogeneous,heterogeneous,candidate,57,theta__beta_spread_parameter_pair_sweep,56,completed,,,1234,765537397,2235196203,641263299,3897761708,20.0,0.1575,0.05,0.01,100,distributional_beta,random,5,3.25,equal,4.446983160845411,74.0,1.0,73.0,KR_minus_GR,138.16934679984115,2026-03-15T15:10:28Z,2026-03-15T15:12:46Z,results/raw/uniform_vs_heterogeneous_parameter_pair_tims_sweep_v1/run_20260315_113140/resolved_config.yaml,
1.0,uniform_vs_heterogeneous_parameter_pair_tims_sweep_v1,run_20260315_113140,theta__beta_spread_grid_08_uniform,uniform,baseline,58,theta__beta_spread_parameter_pair_sweep,57,completed,,,1234,1284534340,1611297655,2696863220,,20.0,0.1575,0.05,0.01,100,uniform,,,,,3.8065858780043698,84.0,1.0,83.0,KR_minus_GR,93.84505400015041,2026-03-15T15:12:46Z,2026-03-15T15:14:20Z,results/raw/uniform_vs_heterogeneous_parameter_pair_tims_sweep_v1/run_20260315_113140/resolved_config.yaml,
1.0,uniform_vs_heterogeneous_parameter_pair_tims_sweep_v1,run_20260315_113140,theta__beta_spread_grid_08_heterogeneous,heterogeneous,candidate,58,theta__beta_spread_parameter_pair_sweep,57,completed,,,1234,1284534340,1611297655,2696863220,3897761708,20.0,0.1575,0.05,0.01,100,distributional_beta,random,5,5.5,equal,3.6868531620470675,71.0,2.0,69.0,KR_minus_GR,138.5380321999546,2026-03-15T15:14:20Z,2026-03-15T15:16:39Z,results/raw/uniform_vs_heterogeneous_parameter_pair_tims_sweep_v1/run_20260315_113140/resolved_config.yaml,
1.0,uniform_vs_heterogeneous_parameter_pair_tims_sweep_v1,run_20260315_113140,theta__beta_spread_grid_09_uniform,uniform,baseline,59,theta__beta_spread_parameter_pair_sweep,58,completed,,,1234,3442088377,2466042371,1147842140,,20.0,0.1575,0.05,0.01,100,uniform,,,,,3.9648241444989822,84.0,1.0,83.0,KR_minus_GR,93.94109290000051,2026-03-15T15:16:39Z,2026-03-15T15:18:13Z,results/raw/uniform_vs_heterogeneous_parameter_pair_tims_sweep_v1/run_20260315_113140/resolved_config.yaml,
1.0,uniform_vs_heterogeneous_parameter_pair_tims_sweep_v1,run_20260315_113140,theta__beta_spread_grid_09_heterogeneous,heterogeneous,candidate,59,theta__beta_spread_parameter_pair_sweep,58,completed,,,1234,3442088377,2466042371,1147842140,3897761708,20.0,0.1575,0.05,0.01,100,distributional_beta,random,5,7.75,equal,3.8717538482118803,66.0,4.0,62.0,KR_minus_GR,138.35717409988865,2026-03-15T15:18:13Z,2026-03-15T15:20:31Z,results/raw/uniform_vs_heterogeneous_parameter_pair_tims_sweep_v1/run_20260315_113140/resolved_config.yaml,
1.0,uniform_vs_heterogeneous_parameter_pair_tims_sweep_v1,run_20260315_113140,theta__beta_spread_grid_10_uniform,uniform,baseline,60,theta__beta_spread_parameter_pair_sweep,59,completed,,,1234,200858517,2580599979,4071797276,,20.0,0.1575,0.05,0.01,100,uniform,,,,,3.709922900164029,80.0,1.0,79.0,KR_minus_GR,93.94232210004702,2026-03-15T15:20:31Z,2026-03-15T15:22:05Z,results/raw/uniform_vs_heterogeneous_parameter_pair_tims_sweep_v1/run_20260315_113140/resolved_config.yaml,
1.0,uniform_vs_heterogeneous_parameter_pair_tims_sweep_v1,run_20260315_113140,theta__beta_spread_grid_10_heterogeneous,heterogeneous,candidate,60,theta__beta_spread_parameter_pair_sweep,59,completed,,,1234,200858517,2580599979,4071797276,3897761708,20.0,0.1575,0.05,0.01,100,distributional_beta,random,5,10.0,equal,3.727660205559402,54.0,3.0,51.0,KR_minus_GR,138.39134209998883,2026-03-15T15:22:05Z,2026-03-15T15:24:23Z,results/raw/uniform_vs_heterogeneous_parameter_pair_tims_sweep_v1/run_20260315_113140/resolved_config.yaml,
1.0,uniform_vs_heterogeneous_parameter_pair_tims_sweep_v1,run_20260315_113140,theta__beta_spread_grid_11_uniform,uniform,baseline,61,theta__beta_spread_parameter_pair_sweep,60,completed,,,1234,2062789657,2556763886,248663992,,20.0,0.305,0.05,0.01,100,uniform,,,,,3.1591002842895533,83.0,1.0,82.0,KR_minus_GR,93.69873079983518,2026-03-15T15:24:23Z,2026-03-15T15:25:57Z,results/raw/uniform_vs_heterogeneous_parameter_pair_tims_sweep_v1/run_20260315_113140/resolved_config.yaml,
1.0,uniform_vs_heterogeneous_parameter_pair_tims_sweep_v1,run_20260315_113140,theta__beta_spread_grid_11_heterogeneous,heterogeneous,candidate,61,theta__beta_spread_parameter_pair_sweep,60,completed,,,1234,2062789657,2556763886,248663992,3897761708,20.0,0.305,0.05,0.01,100,distributional_beta,random,5,1.0,equal,3.1464449843101003,74.0,1.0,73.0,KR_minus_GR,138.44364550011232,2026-03-15T15:25:57Z,2026-03-15T15:28:15Z,results/raw/uniform_vs_heterogeneous_parameter_pair_tims_sweep_v1/run_20260315_113140/resolved_config.yaml,
1.0,uniform_vs_heterogeneous_parameter_pair_tims_sweep_v1,run_20260315_113140,theta__beta_spread_grid_12_uniform,uniform,baseline,62,theta__beta_spread_parameter_pair_sweep,61,completed,,,1234,4172613565,3807072352,278400282,,20.0,0.305,0.05,0.01,100,uniform,,,,,3.9370264760572757,78.0,1.0,77.0,KR_minus_GR,93.8156395999249,2026-03-15T15:28:15Z,2026-03-15T15:29:49Z,results/raw/uniform_vs_heterogeneous_parameter_pair_tims_sweep_v1/run_20260315_113140/resolved_config.yaml,
1.0,uniform_vs_heterogeneous_parameter_pair_tims_sweep_v1,run_20260315_113140,theta__beta_spread_grid_12_heterogeneous,heterogeneous,candidate,62,theta__beta_spread_parameter_pair_sweep,61,completed,,,1234,4172613565,3807072352,278400282,3897761708,20.0,0.305,0.05,0.01,100,distributional_beta,random,5,3.25,equal,3.9819826336174775,66.0,1.0,65.0,KR_minus_GR,138.77248049993068,2026-03-15T15:29:49Z,2026-03-15T15:32:08Z,results/raw/uniform_vs_heterogeneous_parameter_pair_tims_sweep_v1/run_20260315_113140/resolved_config.yaml,
1.0,uniform_vs_heterogeneous_parameter_pair_tims_sweep_v1,run_20260315_113140,theta__beta_spread_grid_13_uniform,uniform,baseline,63,theta__beta_spread_parameter_pair_sweep,62,completed,,,1234,1276121373,2633186652,1208436956,,20.0,0.305,0.05,0.01,100,uniform,,,,,3.1454098486032267,77.0,1.0,76.0,KR_minus_GR,94.08674030005932,2026-03-15T15:32:08Z,2026-03-15T15:33:42Z,results/raw/uniform_vs_heterogeneous_parameter_pair_tims_sweep_v1/run_20260315_113140/resolved_config.yaml,
1.0,uniform_vs_heterogeneous_parameter_pair_tims_sweep_v1,run_20260315_113140,theta__beta_spread_grid_13_heterogeneous,heterogeneous,candidate,63,theta__beta_spread_parameter_pair_sweep,62,completed,,,1234,1276121373,2633186652,1208436956,3897761708,20.0,0.305,0.05,0.01,100,distributional_beta,random,5,5.5,equal,3.2950687139601307,68.0,1.0,67.0,KR_minus_GR,139.20274740015157,2026-03-15T15:33:42Z,2026-03-15T15:36:01Z,results/raw/uniform_vs_heterogeneous_parameter_pair_tims_sweep_v1/run_20260315_113140/resolved_config.yaml,
1.0,uniform_vs_heterogeneous_parameter_pair_tims_sweep_v1,run_20260315_113140,theta__beta_spread_grid_14_uniform,uniform,baseline,64,theta__beta_spread_parameter_pair_sweep,63,completed,,,1234,1440017167,1168544991,2398094129,,20.0,0.305,0.05,0.01,100,uniform,,,,,3.415629058036666,82.0,1.0,81.0,KR_minus_GR,93.9811333999969,2026-03-15T15:36:01Z,2026-03-15T15:37:35Z,results/raw/uniform_vs_heterogeneous_parameter_pair_tims_sweep_v1/run_20260315_113140/resolved_config.yaml,
1.0,uniform_vs_heterogeneous_parameter_pair_tims_sweep_v1,run_20260315_113140,theta__beta_spread_grid_14_heterogeneous,heterogeneous,candidate,64,theta__beta_spread_parameter_pair_sweep,63,completed,,,1234,1440017167,1168544991,2398094129,3897761708,20.0,0.305,0.05,0.01,100,distributional_beta,random,5,7.75,equal,4.166413990343418,70.0,2.0,68.0,KR_minus_GR,138.21594560006633,2026-03-15T15:37:35Z,2026-03-15T15:39:53Z,results/raw/uniform_vs_heterogeneous_parameter_pair_tims_sweep_v1/run_20260315_113140/resolved_config.yaml,
1.0,uniform_vs_heterogeneous_parameter_pair_tims_sweep_v1,run_20260315_113140,theta__beta_spread_grid_15_uniform,uniform,baseline,65,theta__beta_spread_parameter_pair_sweep,64,completed,,,1234,4218643165,1933304231,1612812226,,20.0,0.305,0.05,0.01,100,uniform,,,,,3.001567710384842,79.0,1.0,78.0,KR_minus_GR,93.79999560001306,2026-03-15T15:39:53Z,2026-03-15T15:41:27Z,results/raw/uniform_vs_heterogeneous_parameter_pair_tims_sweep_v1/run_20260315_113140/resolved_config.yaml,
1.0,uniform_vs_heterogeneous_parameter_pair_tims_sweep_v1,run_20260315_113140,theta__beta_spread_grid_15_heterogeneous,heterogeneous,candidate,65,theta__beta_spread_parameter_pair_sweep,64,completed,,,1234,4218643165,1933304231,1612812226,3897761708,20.0,0.305,0.05,0.01,100,distributional_beta,random,5,10.0,equal,3.5196534033498894,57.0,3.0,54.0,KR_minus_GR,139.55865100002848,2026-03-15T15:41:27Z,2026-03-15T15:43:47Z,results/raw/uniform_vs_heterogeneous_parameter_pair_tims_sweep_v1/run_20260315_113140/resolved_config.yaml,
1.0,uniform_vs_heterogeneous_parameter_pair_tims_sweep_v1,run_20260315_113140,theta__beta_spread_grid_16_uniform,uniform,baseline,66,theta__beta_spread_parameter_pair_sweep,65,completed,,,1234,4089596886,1152943606,1254899408,,20.0,0.4525,0.05,0.01,100,uniform,,,,,3.2706094455586507,79.0,1.0,78.0,KR_minus_GR,93.9361884999089,2026-03-15T15:43:47Z,2026-03-15T15:45:21Z,results/raw/uniform_vs_heterogeneous_parameter_pair_tims_sweep_v1/run_20260315_113140/resolved_config.yaml,
1.0,uniform_vs_heterogeneous_parameter_pair_tims_sweep_v1,run_20260315_113140,theta__beta_spread_grid_16_heterogeneous,heterogeneous,candidate,66,theta__beta_spread_parameter_pair_sweep,65,completed,,,1234,4089596886,1152943606,1254899408,3897761708,20.0,0.4525,0.05,0.01,100,distributional_beta,random,5,1.0,equal,3.2071150233147385,64.0,1.0,63.0,KR_minus_GR,137.70348369982094,2026-03-15T15:45:21Z,2026-03-15T15:47:38Z,results/raw/uniform_vs_heterogeneous_parameter_pair_tims_sweep_v1/run_20260315_113140/resolved_config.yaml,
1.0,uniform_vs_heterogeneous_parameter_pair_tims_sweep_v1,run_20260315_113140,theta__beta_spread_grid_17_uniform,uniform,baseline,67,theta__beta_spread_parameter_pair_sweep,66,completed,,,1234,3864206074,4145502987,355190103,,20.0,0.4525,0.05,0.01,100,uniform,,,,,3.2573183901283054,78.0,1.0,77.0,KR_minus_GR,93.59379100007936,2026-03-15T15:47:38Z,2026-03-15T15:49:12Z,results/raw/uniform_vs_heterogeneous_parameter_pair_tims_sweep_v1/run_20260315_113140/resolved_config.yaml,
1.0,uniform_vs_heterogeneous_parameter_pair_tims_sweep_v1,run_20260315_113140,theta__beta_spread_grid_17_heterogeneous,heterogeneous,candidate,67,theta__beta_spread_parameter_pair_sweep,66,completed,,,1234,3864206074,4145502987,355190103,3897761708,20.0,0.4525,0.05,0.01,100,distributional_beta,random,5,3.25,equal,3.6143142268048445,70.0,1.0,69.0,KR_minus_GR,138.11249109986238,2026-03-15T15:49:12Z,2026-03-15T15:51:30Z,results/raw/uniform_vs_heterogeneous_parameter_pair_tims_sweep_v1/run_20260315_113140/resolved_config.yaml,
1.0,uniform_vs_heterogeneous_parameter_pair_tims_sweep_v1,run_20260315_113140,theta__beta_spread_grid_18_uniform,uniform,baseline,68,theta__beta_spread_parameter_pair_sweep,67,completed,,,1234,1814940456,573314502,4034419572,,20.0,0.4525,0.05,0.01,100,uniform,,,,,3.351172588172711,80.0,1.0,79.0,KR_minus_GR,93.99857729999349,2026-03-15T15:51:30Z,2026-03-15T15:53:04Z,results/raw/uniform_vs_heterogeneous_parameter_pair_tims_sweep_v1/run_20260315_113140/resolved_config.yaml,
1.0,uniform_vs_heterogeneous_parameter_pair_tims_sweep_v1,run_20260315_113140,theta__beta_spread_grid_18_heterogeneous,heterogeneous,candidate,68,theta__beta_spread_parameter_pair_sweep,67,completed,,,1234,1814940456,573314502,4034419572,3897761708,20.0,0.4525,0.05,0.01,100,distributional_beta,random,5,5.5,equal,3.125904102490162,67.0,1.0,66.0,KR_minus_GR,138.6812460999936,2026-03-15T15:53:04Z,2026-03-15T15:55:23Z,results/raw/uniform_vs_heterogeneous_parameter_pair_tims_sweep_v1/run_20260315_113140/resolved_config.yaml,
1.0,uniform_vs_heterogeneous_parameter_pair_tims_sweep_v1,run_20260315_113140,theta__beta_spread_grid_19_uniform,uniform,baseline,69,theta__beta_spread_parameter_pair_sweep,68,completed,,,1234,280574925,3924404988,2779624888,,20.0,0.4525,0.05,0.01,100,uniform,,,,,3.1902869159386924,79.0,1.0,78.0,KR_minus_GR,94.0889967000112,2026-03-15T15:55:23Z,2026-03-15T15:56:57Z,results/raw/uniform_vs_heterogeneous_parameter_pair_tims_sweep_v1/run_20260315_113140/resolved_config.yaml,
1.0,uniform_vs_heterogeneous_parameter_pair_tims_sweep_v1,run_20260315_113140,theta__beta_spread_grid_19_heterogeneous,heterogeneous,candidate,69,theta__beta_spread_parameter_pair_sweep,68,completed,,,1234,280574925,3924404988,2779624888,3897761708,20.0,0.4525,0.05,0.01,100,distributional_beta,random,5,7.75,equal,4.129444757372509,66.0,3.0,63.0,KR_minus_GR,138.73975249985233,2026-03-15T15:56:57Z,2026-03-15T15:59:16Z,results/raw/uniform_vs_heterogeneous_parameter_pair_tims_sweep_v1/run_20260315_113140/resolved_config.yaml,
1.0,uniform_vs_heterogeneous_parameter_pair_tims_sweep_v1,run_20260315_113140,theta__beta_spread_grid_20_uniform,uniform,baseline,70,theta__beta_spread_parameter_pair_sweep,69,completed,,,1234,1007626570,553560217,2203366789,,20.0,0.4525,0.05,0.01,100,uniform,,,,,3.4217500073472484,74.0,1.0,73.0,KR_minus_GR,93.76285959989764,2026-03-15T15:59:16Z,2026-03-15T16:00:49Z,results/raw/uniform_vs_heterogeneous_parameter_pair_tims_sweep_v1/run_20260315_113140/resolved_config.yaml,
1.0,uniform_vs_heterogeneous_parameter_pair_tims_sweep_v1,run_20260315_113140,theta__beta_spread_grid_20_heterogeneous,heterogeneous,candidate,70,theta__beta_spread_parameter_pair_sweep,69,completed,,,1234,1007626570,553560217,2203366789,3897761708,20.0,0.4525,0.05,0.01,100,distributional_beta,random,5,10.0,equal,3.5204498475428965,62.0,2.0,60.0,KR_minus_GR,138.7218499998562,2026-03-15T16:00:49Z,2026-03-15T16:03:08Z,results/raw/uniform_vs_heterogeneous_parameter_pair_tims_sweep_v1/run_20260315_113140/resolved_config.yaml,
1.0,uniform_vs_heterogeneous_parameter_pair_tims_sweep_v1,run_20260315_113140,theta__beta_spread_grid_21_uniform,uniform,baseline,71,theta__beta_spread_parameter_pair_sweep,70,completed,,,1234,1334685809,2293501008,2153890522,,20.0,0.6,0.05,0.01,100,uniform,,,,,2.7826137630133805,73.0,1.0,72.0,KR_minus_GR,93.74668939993717,2026-03-15T16:03:08Z,2026-03-15T16:04:42Z,results/raw/uniform_vs_heterogeneous_parameter_pair_tims_sweep_v1/run_20260315_113140/resolved_config.yaml,
1.0,uniform_vs_heterogeneous_parameter_pair_tims_sweep_v1,run_20260315_113140,theta__beta_spread_grid_21_heterogeneous,heterogeneous,candidate,71,theta__beta_spread_parameter_pair_sweep,70,completed,,,1234,1334685809,2293501008,2153890522,3897761708,20.0,0.6,0.05,0.01,100,distributional_beta,random,5,1.0,equal,2.920905861766941,61.0,1.0,60.0,KR_minus_GR,138.0390853001736,2026-03-15T16:04:42Z,2026-03-15T16:07:00Z,results/raw/uniform_vs_heterogeneous_parameter_pair_tims_sweep_v1/run_20260315_113140/resolved_config.yaml,
1.0,uniform_vs_heterogeneous_parameter_pair_tims_sweep_v1,run_20260315_113140,theta__beta_spread_grid_22_uniform,uniform,baseline,72,theta__beta_spread_parameter_pair_sweep,71,completed,,,1234,3262028746,1496358111,2205372794,,20.0,0.6,0.05,0.01,100,uniform,,,,,3.3491906676390393,76.0,1.0,75.0,KR_minus_GR,93.81862979987636,2026-03-15T16:07:00Z,2026-03-15T16:08:34Z,results/raw/uniform_vs_heterogeneous_parameter_pair_tims_sweep_v1/run_20260315_113140/resolved_config.yaml,
1.0,uniform_vs_heterogeneous_parameter_pair_tims_sweep_v1,run_20260315_113140,theta__beta_spread_grid_22_heterogeneous,heterogeneous,candidate,72,theta__beta_spread_parameter_pair_sweep,71,completed,,,1234,3262028746,1496358111,2205372794,3897761708,20.0,0.6,0.05,0.01,100,distributional_beta,random,5,3.25,equal,3.677022067584956,56.0,1.0,55.0,KR_minus_GR,138.14467920013703,2026-03-15T16:08:34Z,2026-03-15T16:10:52Z,results/raw/uniform_vs_heterogeneous_parameter_pair_tims_sweep_v1/run_20260315_113140/resolved_config.yaml,
1.0,uniform_vs_heterogeneous_parameter_pair_tims_sweep_v1,run_20260315_113140,theta__beta_spread_grid_23_uniform,uniform,baseline,73,theta__beta_spread_parameter_pair_sweep,72,completed,,,1234,315837926,1329903492,1087676025,,20.0,0.6,0.05,0.01,100,uniform,,,,,3.498668366109908,77.0,1.0,76.0,KR_minus_GR,94.07770240004174,2026-03-15T16:10:52Z,2026-03-15T16:12:26Z,results/raw/uniform_vs_heterogeneous_parameter_pair_tims_sweep_v1/run_20260315_113140/resolved_config.yaml,
1.0,uniform_vs_heterogeneous_parameter_pair_tims_sweep_v1,run_20260315_113140,theta__beta_spread_grid_23_heterogeneous,heterogeneous,candidate,73,theta__beta_spread_parameter_pair_sweep,72,completed,,,1234,315837926,1329903492,1087676025,3897761708,20.0,0.6,0.05,0.01,100,distributional_beta,random,5,5.5,equal,3.777949740942426,68.0,1.0,67.0,KR_minus_GR,137.68707220000215,2026-03-15T16:12:26Z,2026-03-15T16:14:44Z,results/raw/uniform_vs_heterogeneous_parameter_pair_tims_sweep_v1/run_20260315_113140/resolved_config.yaml,
1.0,uniform_vs_heterogeneous_parameter_pair_tims_sweep_v1,run_20260315_113140,theta__beta_spread_grid_24_uniform,uniform,baseline,74,theta__beta_spread_parameter_pair_sweep,73,completed,,,1234,1619525756,892454320,286033652,,20.0,0.6,0.05,0.01,100,uniform,,,,,3.766084399577928,75.0,1.0,74.0,KR_minus_GR,94.10225359979086,2026-03-15T16:14:44Z,2026-03-15T16:16:18Z,results/raw/uniform_vs_heterogeneous_parameter_pair_tims_sweep_v1/run_20260315_113140/resolved_config.yaml,
1.0,uniform_vs_heterogeneous_parameter_pair_tims_sweep_v1,run_20260315_113140,theta__beta_spread_grid_24_heterogeneous,heterogeneous,candidate,74,theta__beta_spread_parameter_pair_sweep,73,completed,,,1234,1619525756,892454320,286033652,3897761708,20.0,0.6,0.05,0.01,100,distributional_beta,random,5,7.75,equal,4.497648754421675,60.0,2.0,58.0,KR_minus_GR,137.91769210016355,2026-03-15T16:16:18Z,2026-03-15T16:18:36Z,results/raw/uniform_vs_heterogeneous_parameter_pair_tims_sweep_v1/run_20260315_113140/resolved_config.yaml,
1.0,uniform_vs_heterogeneous_parameter_pair_tims_sweep_v1,run_20260315_113140,theta__beta_spread_grid_25_uniform,uniform,baseline,75,theta__beta_spread_parameter_pair_sweep,74,completed,,,1234,940386928,4277259300,4122687480,,20.0,0.6,0.05,0.01,100,uniform,,,,,3.5970710594800144,74.0,1.0,73.0,KR_minus_GR,93.68108729994856,2026-03-15T16:18:36Z,2026-03-15T16:20:09Z,results/raw/uniform_vs_heterogeneous_parameter_pair_tims_sweep_v1/run_20260315_113140/resolved_config.yaml,
1.0,uniform_vs_heterogeneous_parameter_pair_tims_sweep_v1,run_20260315_113140,theta__beta_spread_grid_25_heterogeneous,heterogeneous,candidate,75,theta__beta_spread_parameter_pair_sweep,74,completed,,,1234,940386928,4277259300,4122687480,3897761708,20.0,0.6,0.05,0.01,100,distributional_beta,random,5,10.0,equal,3.581575374610966,57.0,3.0,54.0,KR_minus_GR,137.73184920009226,2026-03-15T16:20:09Z,2026-03-15T16:22:27Z,results/raw/uniform_vs_heterogeneous_parameter_pair_tims_sweep_v1/run_20260315_113140/resolved_config.yaml,
1.0,uniform_vs_heterogeneous_parameter_pair_tims_sweep_v1,run_20260315_113140,gamma__beta_prime_grid_01_uniform,uniform,baseline,76,gamma__beta_prime_parameter_pair_sweep,75,completed,,,1234,2862836678,694776874,3539243271,,20.0,0.2,0.01,0.01,100,uniform,,,,,2.7221171709615724,54.0,1.0,53.0,KR_minus_GR,93.92626200011,2026-03-15T16:22:27Z,2026-03-15T16:24:01Z,results/raw/uniform_vs_heterogeneous_parameter_pair_tims_sweep_v1/run_20260315_113140/resolved_config.yaml,
1.0,uniform_vs_heterogeneous_parameter_pair_tims_sweep_v1,run_20260315_113140,gamma__beta_prime_grid_01_heterogeneous,heterogeneous,candidate,76,gamma__beta_prime_parameter_pair_sweep,75,completed,,,1234,2862836678,694776874,3539243271,3897761708,20.0,0.2,0.01,0.01,100,distributional_beta,random,5,3.0,equal,2.569203465290025,42.0,1.0,41.0,KR_minus_GR,138.72787479986437,2026-03-15T16:24:01Z,2026-03-15T16:26:20Z,results/raw/uniform_vs_heterogeneous_parameter_pair_tims_sweep_v1/run_20260315_113140/resolved_config.yaml,
1.0,uniform_vs_heterogeneous_parameter_pair_tims_sweep_v1,run_20260315_113140,gamma__beta_prime_grid_02_uniform,uniform,baseline,77,gamma__beta_prime_parameter_pair_sweep,76,completed,,,1234,2278151636,1169045808,4262093853,,27.5,0.2,0.01,0.01,100,uniform,,,,,3.0447708754011304,56.0,1.0,55.0,KR_minus_GR,93.74848499987274,2026-03-15T16:26:20Z,2026-03-15T16:27:54Z,results/raw/uniform_vs_heterogeneous_parameter_pair_tims_sweep_v1/run_20260315_113140/resolved_config.yaml,
1.0,uniform_vs_heterogeneous_parameter_pair_tims_sweep_v1,run_20260315_113140,gamma__beta_prime_grid_02_heterogeneous,heterogeneous,candidate,77,gamma__beta_prime_parameter_pair_sweep,76,completed,,,1234,2278151636,1169045808,4262093853,3897761708,27.5,0.2,0.01,0.01,100,distributional_beta,random,5,3.0,equal,2.568735746280806,50.0,1.0,49.0,KR_minus_GR,138.3455180998426,2026-03-15T16:27:54Z,2026-03-15T16:30:12Z,results/raw/uniform_vs_heterogeneous_parameter_pair_tims_sweep_v1/run_20260315_113140/resolved_config.yaml,
1.0,uniform_vs_heterogeneous_parameter_pair_tims_sweep_v1,run_20260315_113140,gamma__beta_prime_grid_03_uniform,uniform,baseline,78,gamma__beta_prime_parameter_pair_sweep,77,completed,,,1234,740591845,4100341623,420942998,,35.0,0.2,0.01,0.01,100,uniform,,,,,2.7896132831800813,61.0,1.0,60.0,KR_minus_GR,94.13743710005656,2026-03-15T16:30:12Z,2026-03-15T16:31:46Z,results/raw/uniform_vs_heterogeneous_parameter_pair_tims_sweep_v1/run_20260315_113140/resolved_config.yaml,
1.0,uniform_vs_heterogeneous_parameter_pair_tims_sweep_v1,run_20260315_113140,gamma__beta_prime_grid_03_heterogeneous,heterogeneous,candidate,78,gamma__beta_prime_parameter_pair_sweep,77,completed,,,1234,740591845,4100341623,420942998,3897761708,35.0,0.2,0.01,0.01,100,distributional_beta,random,5,3.0,equal,2.9755786968818354,42.0,1.0,41.0,KR_minus_GR,138.62422470003366,2026-03-15T16:31:46Z,2026-03-15T16:34:05Z,results/raw/uniform_vs_heterogeneous_parameter_pair_tims_sweep_v1/run_20260315_113140/resolved_config.yaml,
1.0,uniform_vs_heterogeneous_parameter_pair_tims_sweep_v1,run_20260315_113140,gamma__beta_prime_grid_04_uniform,uniform,baseline,79,gamma__beta_prime_parameter_pair_sweep,78,completed,,,1234,739349512,1657496065,552080929,,42.5,0.2,0.01,0.01,100,uniform,,,,,2.796328579695977,53.0,1.0,52.0,KR_minus_GR,93.87213110015728,2026-03-15T16:34:05Z,2026-03-15T16:35:39Z,results/raw/uniform_vs_heterogeneous_parameter_pair_tims_sweep_v1/run_20260315_113140/resolved_config.yaml,
1.0,uniform_vs_heterogeneous_parameter_pair_tims_sweep_v1,run_20260315_113140,gamma__beta_prime_grid_04_heterogeneous,heterogeneous,candidate,79,gamma__beta_prime_parameter_pair_sweep,78,completed,,,1234,739349512,1657496065,552080929,3897761708,42.5,0.2,0.01,0.01,100,distributional_beta,random,5,3.0,equal,2.7797012825173013,38.0,1.0,37.0,KR_minus_GR,138.16899250005372,2026-03-15T16:35:39Z,2026-03-15T16:37:57Z,results/raw/uniform_vs_heterogeneous_parameter_pair_tims_sweep_v1/run_20260315_113140/resolved_config.yaml,
1.0,uniform_vs_heterogeneous_parameter_pair_tims_sweep_v1,run_20260315_113140,gamma__beta_prime_grid_05_uniform,uniform,baseline,80,gamma__beta_prime_parameter_pair_sweep,79,completed,,,1234,1323919646,3332646679,2403702811,,50.0,0.2,0.01,0.01,100,uniform,,,,,3.0979667585754043,45.0,1.0,44.0,KR_minus_GR,93.91992939985357,2026-03-15T16:37:57Z,2026-03-15T16:39:31Z,results/raw/uniform_vs_heterogeneous_parameter_pair_tims_sweep_v1/run_20260315_113140/resolved_config.yaml,
1.0,uniform_vs_heterogeneous_parameter_pair_tims_sweep_v1,run_20260315_113140,gamma__beta_prime_grid_05_heterogeneous,heterogeneous,candidate,80,gamma__beta_prime_parameter_pair_sweep,79,completed,,,1234,1323919646,3332646679,2403702811,3897761708,50.0,0.2,0.01,0.01,100,distributional_beta,random,5,3.0,equal,3.074626874482279,30.0,1.0,29.0,KR_minus_GR,138.75835780007765,2026-03-15T16:39:31Z,2026-03-15T16:41:49Z,results/raw/uniform_vs_heterogeneous_parameter_pair_tims_sweep_v1/run_20260315_113140/resolved_config.yaml,
1.0,uniform_vs_heterogeneous_parameter_pair_tims_sweep_v1,run_20260315_113140,gamma__beta_prime_grid_06_uniform,uniform,baseline,81,gamma__beta_prime_parameter_pair_sweep,80,completed,,,1234,3194878246,237065149,1694502857,,20.0,0.2,0.0575,0.01,100,uniform,,,,,3.6998131626135695,78.0,1.0,77.0,KR_minus_GR,93.72090149996802,2026-03-15T16:41:49Z,2026-03-15T16:43:23Z,results/raw/uniform_vs_heterogeneous_parameter_pair_tims_sweep_v1/run_20260315_113140/resolved_config.yaml,
1.0,uniform_vs_heterogeneous_parameter_pair_tims_sweep_v1,run_20260315_113140,gamma__beta_prime_grid_06_heterogeneous,heterogeneous,candidate,81,gamma__beta_prime_parameter_pair_sweep,80,completed,,,1234,3194878246,237065149,1694502857,3897761708,20.0,0.2,0.0575,0.01,100,distributional_beta,random,5,3.0,equal,4.124256072878184,68.0,2.0,66.0,KR_minus_GR,137.47695489996113,2026-03-15T16:43:23Z,2026-03-15T16:45:41Z,results/raw/uniform_vs_heterogeneous_parameter_pair_tims_sweep_v1/run_20260315_113140/resolved_config.yaml,
1.0,uniform_vs_heterogeneous_parameter_pair_tims_sweep_v1,run_20260315_113140,gamma__beta_prime_grid_07_uniform,uniform,baseline,82,gamma__beta_prime_parameter_pair_sweep,81,completed,,,1234,1980447107,2494224283,1230896977,,27.5,0.2,0.0575,0.01,100,uniform,,,,,5.183113845784299,83.0,3.0,80.0,KR_minus_GR,94.21956479991786,2026-03-15T16:45:41Z,2026-03-15T16:47:15Z,results/raw/uniform_vs_heterogeneous_parameter_pair_tims_sweep_v1/run_20260315_113140/resolved_config.yaml,
1.0,uniform_vs_heterogeneous_parameter_pair_tims_sweep_v1,run_20260315_113140,gamma__beta_prime_grid_07_heterogeneous,heterogeneous,candidate,82,gamma__beta_prime_parameter_pair_sweep,81,completed,,,1234,1980447107,2494224283,1230896977,3897761708,27.5,0.2,0.0575,0.01,100,distributional_beta,random,5,3.0,equal,5.060108534611344,71.0,2.0,69.0,KR_minus_GR,137.6966514000669,2026-03-15T16:47:15Z,2026-03-15T16:49:32Z,results/raw/uniform_vs_heterogeneous_parameter_pair_tims_sweep_v1/run_20260315_113140/resolved_config.yaml,
1.0,uniform_vs_heterogeneous_parameter_pair_tims_sweep_v1,run_20260315_113140,gamma__beta_prime_grid_08_uniform,uniform,baseline,83,gamma__beta_prime_parameter_pair_sweep,82,completed,,,1234,2812225581,3695467298,2724195123,,35.0,0.2,0.0575,0.01,100,uniform,,,,,5.216587741644732,82.0,8.0,74.0,KR_minus_GR,94.14442429994233,2026-03-15T16:49:32Z,2026-03-15T16:51:07Z,results/raw/uniform_vs_heterogeneous_parameter_pair_tims_sweep_v1/run_20260315_113140/resolved_config.yaml,
1.0,uniform_vs_heterogeneous_parameter_pair_tims_sweep_v1,run_20260315_113140,gamma__beta_prime_grid_08_heterogeneous,heterogeneous,candidate,83,gamma__beta_prime_parameter_pair_sweep,82,completed,,,1234,2812225581,3695467298,2724195123,3897761708,35.0,0.2,0.0575,0.01,100,distributional_beta,random,5,3.0,equal,4.885609489031542,71.0,7.0,64.0,KR_minus_GR,138.38009599992074,2026-03-15T16:51:07Z,2026-03-15T16:53:25Z,results/raw/uniform_vs_heterogeneous_parameter_pair_tims_sweep_v1/run_20260315_113140/resolved_config.yaml,
1.0,uniform_vs_heterogeneous_parameter_pair_tims_sweep_v1,run_20260315_113140,gamma__beta_prime_grid_09_uniform,uniform,baseline,84,gamma__beta_prime_parameter_pair_sweep,83,completed,,,1234,4078116839,3866088774,2385791191,,42.5,0.2,0.0575,0.01,100,uniform,,,,,5.721413386879727,82.0,25.0,57.0,KR_minus_GR,93.75131989992224,2026-03-15T16:53:25Z,2026-03-15T16:54:59Z,results/raw/uniform_vs_heterogeneous_parameter_pair_tims_sweep_v1/run_20260315_113140/resolved_config.yaml,
1.0,uniform_vs_heterogeneous_parameter_pair_tims_sweep_v1,run_20260315_113140,gamma__beta_prime_grid_09_heterogeneous,heterogeneous,candidate,84,gamma__beta_prime_parameter_pair_sweep,83,completed,,,1234,4078116839,3866088774,2385791191,3897761708,42.5,0.2,0.0575,0.01,100,distributional_beta,random,5,3.0,equal,5.11659942927497,66.0,16.0,50.0,KR_minus_GR,137.7281895999331,2026-03-15T16:54:59Z,2026-03-15T16:57:16Z,results/raw/uniform_vs_heterogeneous_parameter_pair_tims_sweep_v1/run_20260315_113140/resolved_config.yaml,
1.0,uniform_vs_heterogeneous_parameter_pair_tims_sweep_v1,run_20260315_113140,gamma__beta_prime_grid_10_uniform,uniform,baseline,85,gamma__beta_prime_parameter_pair_sweep,84,completed,,,1234,360791998,3759787954,2366511329,,50.0,0.2,0.0575,0.01,100,uniform,,,,,4.7016323696669655,81.0,54.0,27.0,KR_minus_GR,93.7053859999869,2026-03-15T16:57:17Z,2026-03-15T16:58:50Z,results/raw/uniform_vs_heterogeneous_parameter_pair_tims_sweep_v1/run_20260315_113140/resolved_config.yaml,
1.0,uniform_vs_heterogeneous_parameter_pair_tims_sweep_v1,run_20260315_113140,gamma__beta_prime_grid_10_heterogeneous,heterogeneous,candidate,85,gamma__beta_prime_parameter_pair_sweep,84,completed,,,1234,360791998,3759787954,2366511329,3897761708,50.0,0.2,0.0575,0.01,100,distributional_beta,random,5,3.0,equal,3.536864231354415,68.0,33.0,35.0,KR_minus_GR,137.796745599946,2026-03-15T16:58:50Z,2026-03-15T17:01:08Z,results/raw/uniform_vs_heterogeneous_parameter_pair_tims_sweep_v1/run_20260315_113140/resolved_config.yaml,
1.0,uniform_vs_heterogeneous_parameter_pair_tims_sweep_v1,run_20260315_113140,gamma__beta_prime_grid_11_uniform,uniform,baseline,86,gamma__beta_prime_parameter_pair_sweep,85,completed,,,1234,2835264557,2730710268,3650938485,,20.0,0.2,0.105,0.01,100,uniform,,,,,4.237590929908331,81.0,10.0,71.0,KR_minus_GR,93.81932770018466,2026-03-15T17:01:08Z,2026-03-15T17:02:42Z,results/raw/uniform_vs_heterogeneous_parameter_pair_tims_sweep_v1/run_20260315_113140/resolved_config.yaml,
1.0,uniform_vs_heterogeneous_parameter_pair_tims_sweep_v1,run_20260315_113140,gamma__beta_prime_grid_11_heterogeneous,heterogeneous,candidate,86,gamma__beta_prime_parameter_pair_sweep,85,completed,,,1234,2835264557,2730710268,3650938485,3897761708,20.0,0.2,0.105,0.01,100,distributional_beta,random,5,3.0,equal,4.2344774236453855,70.0,7.0,63.0,KR_minus_GR,139.11648240010254,2026-03-15T17:02:42Z,2026-03-15T17:05:01Z,results/raw/uniform_vs_heterogeneous_parameter_pair_tims_sweep_v1/run_20260315_113140/resolved_config.yaml,
1.0,uniform_vs_heterogeneous_parameter_pair_tims_sweep_v1,run_20260315_113140,gamma__beta_prime_grid_12_uniform,uniform,baseline,87,gamma__beta_prime_parameter_pair_sweep,86,completed,,,1234,3600459750,1457513753,2730766268,,27.5,0.2,0.105,0.01,100,uniform,,,,,4.637973654168423,90.0,67.0,23.0,KR_minus_GR,93.98558519990183,2026-03-15T17:05:01Z,2026-03-15T17:06:35Z,results/raw/uniform_vs_heterogeneous_parameter_pair_tims_sweep_v1/run_20260315_113140/resolved_config.yaml,
1.0,uniform_vs_heterogeneous_parameter_pair_tims_sweep_v1,run_20260315_113140,gamma__beta_prime_grid_12_heterogeneous,heterogeneous,candidate,87,gamma__beta_prime_parameter_pair_sweep,86,completed,,,1234,3600459750,1457513753,2730766268,3897761708,27.5,0.2,0.105,0.01,100,distributional_beta,random,5,3.0,equal,3.696811868131898,80.0,59.0,21.0,KR_minus_GR,137.1539674999658,2026-03-15T17:06:35Z,2026-03-15T17:08:52Z,results/raw/uniform_vs_heterogeneous_parameter_pair_tims_sweep_v1/run_20260315_113140/resolved_config.yaml,
1.0,uniform_vs_heterogeneous_parameter_pair_tims_sweep_v1,run_20260315_113140,gamma__beta_prime_grid_13_uniform,uniform,baseline,88,gamma__beta_prime_parameter_pair_sweep,87,completed,,,1234,1640686540,3482870705,371467778,,35.0,0.2,0.105,0.01,100,uniform,,,,,0.8186415439902424,48.0,51.0,-3.0,KR_minus_GR,93.7627252000384,2026-03-15T17:08:52Z,2026-03-15T17:10:26Z,results/raw/uniform_vs_heterogeneous_parameter_pair_tims_sweep_v1/run_20260315_113140/resolved_config.yaml,
1.0,uniform_vs_heterogeneous_parameter_pair_tims_sweep_v1,run_20260315_113140,gamma__beta_prime_grid_13_heterogeneous,heterogeneous,candidate,88,gamma__beta_prime_parameter_pair_sweep,87,completed,,,1234,1640686540,3482870705,371467778,3897761708,35.0,0.2,0.105,0.01,100,distributional_beta,random,5,3.0,equal,0.5006657531202473,35.0,35.0,0.0,KR_minus_GR,138.5937563998159,2026-03-15T17:10:26Z,2026-03-15T17:12:44Z,results/raw/uniform_vs_heterogeneous_parameter_pair_tims_sweep_v1/run_20260315_113140/resolved_config.yaml,
1.0,uniform_vs_heterogeneous_parameter_pair_tims_sweep_v1,run_20260315_113140,gamma__beta_prime_grid_14_uniform,uniform,baseline,89,gamma__beta_prime_parameter_pair_sweep,88,completed,,,1234,1352206775,1373754043,1070700840,,42.5,0.2,0.105,0.01,100,uniform,,,,,0.0,31.0,35.0,-4.0,KR_minus_GR,93.8867554999888,2026-03-15T17:12:44Z,2026-03-15T17:14:18Z,results/raw/uniform_vs_heterogeneous_parameter_pair_tims_sweep_v1/run_20260315_113140/resolved_config.yaml,
1.0,uniform_vs_heterogeneous_parameter_pair_tims_sweep_v1,run_20260315_113140,gamma__beta_prime_grid_14_heterogeneous,heterogeneous,candidate,89,gamma__beta_prime_parameter_pair_sweep,88,completed,,,1234,1352206775,1373754043,1070700840,3897761708,42.5,0.2,0.105,0.01,100,distributional_beta,random,5,3.0,equal,0.4169939491085763,50.0,54.0,-4.0,KR_minus_GR,138.74664959986694,2026-03-15T17:14:18Z,2026-03-15T17:16:37Z,results/raw/uniform_vs_heterogeneous_parameter_pair_tims_sweep_v1/run_20260315_113140/resolved_config.yaml,
1.0,uniform_vs_heterogeneous_parameter_pair_tims_sweep_v1,run_20260315_113140,gamma__beta_prime_grid_15_uniform,uniform,baseline,90,gamma__beta_prime_parameter_pair_sweep,89,completed,,,1234,914693185,2005729848,3915452197,,50.0,0.2,0.105,0.01,100,uniform,,,,,0.12101410255380013,24.0,34.0,-10.0,KR_minus_GR,93.63278279989026,2026-03-15T17:16:37Z,2026-03-15T17:18:11Z,results/raw/uniform_vs_heterogeneous_parameter_pair_tims_sweep_v1/run_20260315_113140/resolved_config.yaml,
1.0,uniform_vs_heterogeneous_parameter_pair_tims_sweep_v1,run_20260315_113140,gamma__beta_prime_grid_15_heterogeneous,heterogeneous,candidate,90,gamma__beta_prime_parameter_pair_sweep,89,completed,,,1234,914693185,2005729848,3915452197,3897761708,50.0,0.2,0.105,0.01,100,distributional_beta,random,5,3.0,equal,0.3978021800050705,15.0,34.0,-19.0,KR_minus_GR,138.82513629994355,2026-03-15T17:18:11Z,2026-03-15T17:20:30Z,results/raw/uniform_vs_heterogeneous_parameter_pair_tims_sweep_v1/run_20260315_113140/resolved_config.yaml,
1.0,uniform_vs_heterogeneous_parameter_pair_tims_sweep_v1,run_20260315_113140,gamma__beta_prime_grid_16_uniform,uniform,baseline,91,gamma__beta_prime_parameter_pair_sweep,90,completed,,,1234,2835750687,3335461984,2390238070,,20.0,0.2,0.15250000000000002,0.01,100,uniform,,,,,5.592732450389465,85.0,64.0,21.0,KR_minus_GR,94.11895499983802,2026-03-15T17:20:30Z,2026-03-15T17:22:04Z,results/raw/uniform_vs_heterogeneous_parameter_pair_tims_sweep_v1/run_20260315_113140/resolved_config.yaml,
1.0,uniform_vs_heterogeneous_parameter_pair_tims_sweep_v1,run_20260315_113140,gamma__beta_prime_grid_16_heterogeneous,heterogeneous,candidate,91,gamma__beta_prime_parameter_pair_sweep,90,completed,,,1234,2835750687,3335461984,2390238070,3897761708,20.0,0.2,0.15250000000000002,0.01,100,distributional_beta,random,5,3.0,equal,3.782015179924399,75.0,57.0,18.0,KR_minus_GR,138.1615776999388,2026-03-15T17:22:04Z,2026-03-15T17:24:22Z,results/raw/uniform_vs_heterogeneous_parameter_pair_tims_sweep_v1/run_20260315_113140/resolved_config.yaml,
1.0,uniform_vs_heterogeneous_parameter_pair_tims_sweep_v1,run_20260315_113140,gamma__beta_prime_grid_17_uniform,uniform,baseline,92,gamma__beta_prime_parameter_pair_sweep,91,completed,,,1234,1581587163,3192496834,1238717762,,27.5,0.2,0.15250000000000002,0.01,100,uniform,,,,,0.6802807677047138,34.0,42.0,-8.0,KR_minus_GR,94.25845109997317,2026-03-15T17:24:22Z,2026-03-15T17:25:56Z,results/raw/uniform_vs_heterogeneous_parameter_pair_tims_sweep_v1/run_20260315_113140/resolved_config.yaml,
1.0,uniform_vs_heterogeneous_parameter_pair_tims_sweep_v1,run_20260315_113140,gamma__beta_prime_grid_17_heterogeneous,heterogeneous,candidate,92,gamma__beta_prime_parameter_pair_sweep,91,completed,,,1234,1581587163,3192496834,1238717762,3897761708,27.5,0.2,0.15250000000000002,0.01,100,distributional_beta,random,5,3.0,equal,0.18715434951599585,11.0,18.0,-7.0,KR_minus_GR,138.39610100002028,2026-03-15T17:25:56Z,2026-03-15T17:28:14Z,results/raw/uniform_vs_heterogeneous_parameter_pair_tims_sweep_v1/run_20260315_113140/resolved_config.yaml,
1.0,uniform_vs_heterogeneous_parameter_pair_tims_sweep_v1,run_20260315_113140,gamma__beta_prime_grid_18_uniform,uniform,baseline,93,gamma__beta_prime_parameter_pair_sweep,92,completed,,,1234,1895244887,1831987477,3273327923,,35.0,0.2,0.15250000000000002,0.01,100,uniform,,,,,0.0,30.0,23.0,7.0,KR_minus_GR,93.5844008999411,2026-03-15T17:28:14Z,2026-03-15T17:29:48Z,results/raw/uniform_vs_heterogeneous_parameter_pair_tims_sweep_v1/run_20260315_113140/resolved_config.yaml,
1.0,uniform_vs_heterogeneous_parameter_pair_tims_sweep_v1,run_20260315_113140,gamma__beta_prime_grid_18_heterogeneous,heterogeneous,candidate,93,gamma__beta_prime_parameter_pair_sweep,92,completed,,,1234,1895244887,1831987477,3273327923,3897761708,35.0,0.2,0.15250000000000002,0.01,100,distributional_beta,random,5,3.0,equal,0.10784022698368971,16.0,27.0,-11.0,KR_minus_GR,137.11211999994703,2026-03-15T17:29:48Z,2026-03-15T17:32:05Z,results/raw/uniform_vs_heterogeneous_parameter_pair_tims_sweep_v1/run_20260315_113140/resolved_config.yaml,
1.0,uniform_vs_heterogeneous_parameter_pair_tims_sweep_v1,run_20260315_113140,gamma__beta_prime_grid_19_uniform,uniform,baseline,94,gamma__beta_prime_parameter_pair_sweep,93,completed,,,1234,3214643057,413097942,1713521914,,42.5,0.2,0.15250000000000002,0.01,100,uniform,,,,,0.0,35.0,19.0,16.0,KR_minus_GR,93.86008659983054,2026-03-15T17:32:05Z,2026-03-15T17:33:39Z,results/raw/uniform_vs_heterogeneous_parameter_pair_tims_sweep_v1/run_20260315_113140/resolved_config.yaml,
1.0,uniform_vs_heterogeneous_parameter_pair_tims_sweep_v1,run_20260315_113140,gamma__beta_prime_grid_19_heterogeneous,heterogeneous,candidate,94,gamma__beta_prime_parameter_pair_sweep,93,completed,,,1234,3214643057,413097942,1713521914,3897761708,42.5,0.2,0.15250000000000002,0.01,100,distributional_beta,random,5,3.0,equal,0.0,66.0,31.0,35.0,KR_minus_GR,139.00250290008262,2026-03-15T17:33:39Z,2026-03-15T17:35:58Z,results/raw/uniform_vs_heterogeneous_parameter_pair_tims_sweep_v1/run_20260315_113140/resolved_config.yaml,
1.0,uniform_vs_heterogeneous_parameter_pair_tims_sweep_v1,run_20260315_113140,gamma__beta_prime_grid_20_uniform,uniform,baseline,95,gamma__beta_prime_parameter_pair_sweep,94,completed,,,1234,754826404,3914237952,609773082,,50.0,0.2,0.15250000000000002,0.01,100,uniform,,,,,0.22218332715999595,43.0,21.0,22.0,KR_minus_GR,93.5496594000142,2026-03-15T17:35:58Z,2026-03-15T17:37:32Z,results/raw/uniform_vs_heterogeneous_parameter_pair_tims_sweep_v1/run_20260315_113140/resolved_config.yaml,
1.0,uniform_vs_heterogeneous_parameter_pair_tims_sweep_v1,run_20260315_113140,gamma__beta_prime_grid_20_heterogeneous,heterogeneous,candidate,95,gamma__beta_prime_parameter_pair_sweep,94,completed,,,1234,754826404,3914237952,609773082,3897761708,50.0,0.2,0.15250000000000002,0.01,100,distributional_beta,random,5,3.0,equal,0.128941145391008,36.0,50.0,-14.0,KR_minus_GR,137.82050800020806,2026-03-15T17:37:32Z,2026-03-15T17:39:49Z,results/raw/uniform_vs_heterogeneous_parameter_pair_tims_sweep_v1/run_20260315_113140/resolved_config.yaml,
1.0,uniform_vs_heterogeneous_parameter_pair_tims_sweep_v1,run_20260315_113140,gamma__beta_prime_grid_21_uniform,uniform,baseline,96,gamma__beta_prime_parameter_pair_sweep,95,completed,,,1234,2430271523,3620614577,1025835085,,20.0,0.2,0.2,0.01,100,uniform,,,,,2.0555652113916905,90.0,91.0,-1.0,KR_minus_GR,93.97944970009848,2026-03-15T17:39:49Z,2026-03-15T17:41:23Z,results/raw/uniform_vs_heterogeneous_parameter_pair_tims_sweep_v1/run_20260315_113140/resolved_config.yaml,
1.0,uniform_vs_heterogeneous_parameter_pair_tims_sweep_v1,run_20260315_113140,gamma__beta_prime_grid_21_heterogeneous,heterogeneous,candidate,96,gamma__beta_prime_parameter_pair_sweep,95,completed,,,1234,2430271523,3620614577,1025835085,3897761708,20.0,0.2,0.2,0.01,100,distributional_beta,random,5,3.0,equal,0.0,84.0,86.0,-2.0,KR_minus_GR,138.55421350011602,2026-03-15T17:41:23Z,2026-03-15T17:43:42Z,results/raw/uniform_vs_heterogeneous_parameter_pair_tims_sweep_v1/run_20260315_113140/resolved_config.yaml,
1.0,uniform_vs_heterogeneous_parameter_pair_tims_sweep_v1,run_20260315_113140,gamma__beta_prime_grid_22_uniform,uniform,baseline,97,gamma__beta_prime_parameter_pair_sweep,96,completed,,,1234,3021065059,1451849369,3420119044,,27.5,0.2,0.2,0.01,100,uniform,,,,,0.0,27.0,31.0,-4.0,KR_minus_GR,93.87307900004089,2026-03-15T17:43:42Z,2026-03-15T17:45:16Z,results/raw/uniform_vs_heterogeneous_parameter_pair_tims_sweep_v1/run_20260315_113140/resolved_config.yaml,
1.0,uniform_vs_heterogeneous_parameter_pair_tims_sweep_v1,run_20260315_113140,gamma__beta_prime_grid_22_heterogeneous,heterogeneous,candidate,97,gamma__beta_prime_parameter_pair_sweep,96,completed,,,1234,3021065059,1451849369,3420119044,3897761708,27.5,0.2,0.2,0.01,100,distributional_beta,random,5,3.0,equal,0.5002980695217083,50.0,53.0,-3.0,KR_minus_GR,137.99902079999447,2026-03-15T17:45:16Z,2026-03-15T17:47:34Z,results/raw/uniform_vs_heterogeneous_parameter_pair_tims_sweep_v1/run_20260315_113140/resolved_config.yaml,
1.0,uniform_vs_heterogeneous_parameter_pair_tims_sweep_v1,run_20260315_113140,gamma__beta_prime_grid_23_uniform,uniform,baseline,98,gamma__beta_prime_parameter_pair_sweep,97,completed,,,1234,295593669,2531581051,807761131,,35.0,0.2,0.2,0.01,100,uniform,,,,,0.17892648732246222,33.0,18.0,15.0,KR_minus_GR,93.66494950000197,2026-03-15T17:47:34Z,2026-03-15T17:49:08Z,results/raw/uniform_vs_heterogeneous_parameter_pair_tims_sweep_v1/run_20260315_113140/resolved_config.yaml,
1.0,uniform_vs_heterogeneous_parameter_pair_tims_sweep_v1,run_20260315_113140,gamma__beta_prime_grid_23_heterogeneous,heterogeneous,candidate,98,gamma__beta_prime_parameter_pair_sweep,97,completed,,,1234,295593669,2531581051,807761131,3897761708,35.0,0.2,0.2,0.01,100,distributional_beta,random,5,3.0,equal,0.47973744071884705,41.0,32.0,9.0,KR_minus_GR,138.14269799995236,2026-03-15T17:49:08Z,2026-03-15T17:51:26Z,results/raw/uniform_vs_heterogeneous_parameter_pair_tims_sweep_v1/run_20260315_113140/resolved_config.yaml,
1.0,uniform_vs_heterogeneous_parameter_pair_tims_sweep_v1,run_20260315_113140,gamma__beta_prime_grid_24_uniform,uniform,baseline,99,gamma__beta_prime_parameter_pair_sweep,98,completed,,,1234,4160665652,36835708,2922188162,,42.5,0.2,0.2,0.01,100,uniform,,,,,1.3230105655094937,43.0,36.0,7.0,KR_minus_GR,94.01557500008494,2026-03-15T17:51:26Z,2026-03-15T17:53:00Z,results/raw/uniform_vs_heterogeneous_parameter_pair_tims_sweep_v1/run_20260315_113140/resolved_config.yaml,
1.0,uniform_vs_heterogeneous_parameter_pair_tims_sweep_v1,run_20260315_113140,gamma__beta_prime_grid_24_heterogeneous,heterogeneous,candidate,99,gamma__beta_prime_parameter_pair_sweep,98,completed,,,1234,4160665652,36835708,2922188162,3897761708,42.5,0.2,0.2,0.01,100,distributional_beta,random,5,3.0,equal,0.17364582375950344,67.0,27.0,40.0,KR_minus_GR,137.94758300017565,2026-03-15T17:53:00Z,2026-03-15T17:55:18Z,results/raw/uniform_vs_heterogeneous_parameter_pair_tims_sweep_v1/run_20260315_113140/resolved_config.yaml,
1.0,uniform_vs_heterogeneous_parameter_pair_tims_sweep_v1,run_20260315_113140,gamma__beta_prime_grid_25_uniform,uniform,baseline,100,gamma__beta_prime_parameter_pair_sweep,99,completed,,,1234,2272770299,3291017162,751073784,,50.0,0.2,0.2,0.01,100,uniform,,,,,0.1998174898663521,50.0,15.0,35.0,KR_minus_GR,93.94114939984865,2026-03-15T17:55:18Z,2026-03-15T17:56:52Z,results/raw/uniform_vs_heterogeneous_parameter_pair_tims_sweep_v1/run_20260315_113140/resolved_config.yaml,
1.0,uniform_vs_heterogeneous_parameter_pair_tims_sweep_v1,run_20260315_113140,gamma__beta_prime_grid_25_heterogeneous,heterogeneous,candidate,100,gamma__beta_prime_parameter_pair_sweep,99,completed,,,1234,2272770299,3291017162,751073784,3897761708,50.0,0.2,0.2,0.01,100,distributional_beta,random,5,3.0,equal,0.11385883635769185,45.0,44.0,1.0,KR_minus_GR,138.11769370012917,2026-03-15T17:56:52Z,2026-03-15T17:59:10Z,results/raw/uniform_vs_heterogeneous_parameter_pair_tims_sweep_v1/run_20260315_113140/resolved_config.yaml,
1.0,uniform_vs_heterogeneous_parameter_pair_tims_sweep_v1,run_20260315_113140,gamma__theta_grid_01_uniform,uniform,baseline,101,gamma__theta_parameter_pair_sweep,100,completed,,,1234,1065291831,3175857252,1734672798,,20.0,0.01,0.01,0.01,100,uniform,,,,,2.1171580828141057,17.0,2.0,15.0,KR_minus_GR,94.17785510001704,2026-03-15T17:59:10Z,2026-03-15T18:00:44Z,results/raw/uniform_vs_heterogeneous_parameter_pair_tims_sweep_v1/run_20260315_113140/resolved_config.yaml,
1.0,uniform_vs_heterogeneous_parameter_pair_tims_sweep_v1,run_20260315_113140,gamma__theta_grid_01_heterogeneous,heterogeneous,candidate,101,gamma__theta_parameter_pair_sweep,100,completed,,,1234,1065291831,3175857252,1734672798,3897761708,20.0,0.01,0.01,0.01,100,distributional_beta,random,5,3.0,equal,2.7714113980348145,21.0,3.0,18.0,KR_minus_GR,137.54971529985778,2026-03-15T18:00:44Z,2026-03-15T18:03:01Z,results/raw/uniform_vs_heterogeneous_parameter_pair_tims_sweep_v1/run_20260315_113140/resolved_config.yaml,
1.0,uniform_vs_heterogeneous_parameter_pair_tims_sweep_v1,run_20260315_113140,gamma__theta_grid_02_uniform,uniform,baseline,102,gamma__theta_parameter_pair_sweep,101,completed,,,1234,1887137874,298918337,3009373744,,20.0,0.1575,0.01,0.01,100,uniform,,,,,2.313163296811557,57.0,1.0,56.0,KR_minus_GR,93.64720200002193,2026-03-15T18:03:01Z,2026-03-15T18:04:35Z,results/raw/uniform_vs_heterogeneous_parameter_pair_tims_sweep_v1/run_20260315_113140/resolved_config.yaml,
1.0,uniform_vs_heterogeneous_parameter_pair_tims_sweep_v1,run_20260315_113140,gamma__theta_grid_02_heterogeneous,heterogeneous,candidate,102,gamma__theta_parameter_pair_sweep,101,completed,,,1234,1887137874,298918337,3009373744,3897761708,20.0,0.1575,0.01,0.01,100,distributional_beta,random,5,3.0,equal,2.1539666324154516,51.0,1.0,50.0,KR_minus_GR,137.835266900016,2026-03-15T18:04:35Z,2026-03-15T18:06:53Z,results/raw/uniform_vs_heterogeneous_parameter_pair_tims_sweep_v1/run_20260315_113140/resolved_config.yaml,
1.0,uniform_vs_heterogeneous_parameter_pair_tims_sweep_v1,run_20260315_113140,gamma__theta_grid_03_uniform,uniform,baseline,103,gamma__theta_parameter_pair_sweep,102,completed,,,1234,1286178840,3686406010,4190258427,,20.0,0.305,0.01,0.01,100,uniform,,,,,2.2985536564952893,56.0,1.0,55.0,KR_minus_GR,93.6376551000867,2026-03-15T18:06:53Z,2026-03-15T18:08:27Z,results/raw/uniform_vs_heterogeneous_parameter_pair_tims_sweep_v1/run_20260315_113140/resolved_config.yaml,
1.0,uniform_vs_heterogeneous_parameter_pair_tims_sweep_v1,run_20260315_113140,gamma__theta_grid_03_heterogeneous,heterogeneous,candidate,103,gamma__theta_parameter_pair_sweep,102,completed,,,1234,1286178840,3686406010,4190258427,3897761708,20.0,0.305,0.01,0.01,100,distributional_beta,random,5,3.0,equal,2.252681891319014,45.0,1.0,44.0,KR_minus_GR,137.6282963999547,2026-03-15T18:08:27Z,2026-03-15T18:10:44Z,results/raw/uniform_vs_heterogeneous_parameter_pair_tims_sweep_v1/run_20260315_113140/resolved_config.yaml,
1.0,uniform_vs_heterogeneous_parameter_pair_tims_sweep_v1,run_20260315_113140,gamma__theta_grid_04_uniform,uniform,baseline,104,gamma__theta_parameter_pair_sweep,103,completed,,,1234,3495592210,147377807,3517605808,,20.0,0.4525,0.01,0.01,100,uniform,,,,,2.4910053777069736,53.0,1.0,52.0,KR_minus_GR,93.66173009993508,2026-03-15T18:10:44Z,2026-03-15T18:12:18Z,results/raw/uniform_vs_heterogeneous_parameter_pair_tims_sweep_v1/run_20260315_113140/resolved_config.yaml,
1.0,uniform_vs_heterogeneous_parameter_pair_tims_sweep_v1,run_20260315_113140,gamma__theta_grid_04_heterogeneous,heterogeneous,candidate,104,gamma__theta_parameter_pair_sweep,103,completed,,,1234,3495592210,147377807,3517605808,3897761708,20.0,0.4525,0.01,0.01,100,distributional_beta,random,5,3.0,equal,2.5922346305840938,42.0,1.0,41.0,KR_minus_GR,138.49235640000552,2026-03-15T18:12:18Z,2026-03-15T18:14:36Z,results/raw/uniform_vs_heterogeneous_parameter_pair_tims_sweep_v1/run_20260315_113140/resolved_config.yaml,
1.0,uniform_vs_heterogeneous_parameter_pair_tims_sweep_v1,run_20260315_113140,gamma__theta_grid_05_uniform,uniform,baseline,105,gamma__theta_parameter_pair_sweep,104,completed,,,1234,2744954352,3117083050,522392297,,20.0,0.6,0.01,0.01,100,uniform,,,,,2.212999480650909,53.0,1.0,52.0,KR_minus_GR,94.02360330009833,2026-03-15T18:14:36Z,2026-03-15T18:16:10Z,results/raw/uniform_vs_heterogeneous_parameter_pair_tims_sweep_v1/run_20260315_113140/resolved_config.yaml,
1.0,uniform_vs_heterogeneous_parameter_pair_tims_sweep_v1,run_20260315_113140,gamma__theta_grid_05_heterogeneous,heterogeneous,candidate,105,gamma__theta_parameter_pair_sweep,104,completed,,,1234,2744954352,3117083050,522392297,3897761708,20.0,0.6,0.01,0.01,100,distributional_beta,random,5,3.0,equal,2.25203420596982,40.0,1.0,39.0,KR_minus_GR,137.29489489994012,2026-03-15T18:16:10Z,2026-03-15T18:18:28Z,results/raw/uniform_vs_heterogeneous_parameter_pair_tims_sweep_v1/run_20260315_113140/resolved_config.yaml,
1.0,uniform_vs_heterogeneous_parameter_pair_tims_sweep_v1,run_20260315_113140,gamma__theta_grid_06_uniform,uniform,baseline,106,gamma__theta_parameter_pair_sweep,105,completed,,,1234,2911530073,4244674546,2506541798,,20.0,0.01,0.0575,0.01,100,uniform,,,,,3.2434744981870915,44.0,2.0,42.0,KR_minus_GR,93.47031310014427,2026-03-15T18:18:28Z,2026-03-15T18:20:01Z,results/raw/uniform_vs_heterogeneous_parameter_pair_tims_sweep_v1/run_20260315_113140/resolved_config.yaml,
1.0,uniform_vs_heterogeneous_parameter_pair_tims_sweep_v1,run_20260315_113140,gamma__theta_grid_06_heterogeneous,heterogeneous,candidate,106,gamma__theta_parameter_pair_sweep,105,completed,,,1234,2911530073,4244674546,2506541798,3897761708,20.0,0.01,0.0575,0.01,100,distributional_beta,random,5,3.0,equal,3.1452576555888982,66.0,2.0,64.0,KR_minus_GR,137.49368209997192,2026-03-15T18:20:01Z,2026-03-15T18:22:19Z,results/raw/uniform_vs_heterogeneous_parameter_pair_tims_sweep_v1/run_20260315_113140/resolved_config.yaml,
1.0,uniform_vs_heterogeneous_parameter_pair_tims_sweep_v1,run_20260315_113140,gamma__theta_grid_07_uniform,uniform,baseline,107,gamma__theta_parameter_pair_sweep,106,completed,,,1234,3852134245,3654193925,2441700079,,20.0,0.1575,0.0575,0.01,100,uniform,,,,,3.450413520469705,86.0,1.0,85.0,KR_minus_GR,93.85830119997263,2026-03-15T18:22:19Z,2026-03-15T18:23:52Z,results/raw/uniform_vs_heterogeneous_parameter_pair_tims_sweep_v1/run_20260315_113140/resolved_config.yaml,
1.0,uniform_vs_heterogeneous_parameter_pair_tims_sweep_v1,run_20260315_113140,gamma__theta_grid_07_heterogeneous,heterogeneous,candidate,107,gamma__theta_parameter_pair_sweep,106,completed,,,1234,3852134245,3654193925,2441700079,3897761708,20.0,0.1575,0.0575,0.01,100,distributional_beta,random,5,3.0,equal,3.4108886109687773,79.0,1.0,78.0,KR_minus_GR,137.90666919993237,2026-03-15T18:23:52Z,2026-03-15T18:26:10Z,results/raw/uniform_vs_heterogeneous_parameter_pair_tims_sweep_v1/run_20260315_113140/resolved_config.yaml,
1.0,uniform_vs_heterogeneous_parameter_pair_tims_sweep_v1,run_20260315_113140,gamma__theta_grid_08_uniform,uniform,baseline,108,gamma__theta_parameter_pair_sweep,107,completed,,,1234,2023143690,1254659695,1025110329,,20.0,0.305,0.0575,0.01,100,uniform,,,,,3.749979540260732,79.0,1.0,78.0,KR_minus_GR,93.74267900013365,2026-03-15T18:26:10Z,2026-03-15T18:27:44Z,results/raw/uniform_vs_heterogeneous_parameter_pair_tims_sweep_v1/run_20260315_113140/resolved_config.yaml,
1.0,uniform_vs_heterogeneous_parameter_pair_tims_sweep_v1,run_20260315_113140,gamma__theta_grid_08_heterogeneous,heterogeneous,candidate,108,gamma__theta_parameter_pair_sweep,107,completed,,,1234,2023143690,1254659695,1025110329,3897761708,20.0,0.305,0.0575,0.01,100,distributional_beta,random,5,3.0,equal,3.714617114541727,67.0,1.0,66.0,KR_minus_GR,137.3282488998957,2026-03-15T18:27:44Z,2026-03-15T18:30:01Z,results/raw/uniform_vs_heterogeneous_parameter_pair_tims_sweep_v1/run_20260315_113140/resolved_config.yaml,
1.0,uniform_vs_heterogeneous_parameter_pair_tims_sweep_v1,run_20260315_113140,gamma__theta_grid_09_uniform,uniform,baseline,109,gamma__theta_parameter_pair_sweep,108,completed,,,1234,875667003,4066930353,3340755503,,20.0,0.4525,0.0575,0.01,100,uniform,,,,,3.711067645937718,81.0,1.0,80.0,KR_minus_GR,93.80034750001505,2026-03-15T18:30:01Z,2026-03-15T18:31:35Z,results/raw/uniform_vs_heterogeneous_parameter_pair_tims_sweep_v1/run_20260315_113140/resolved_config.yaml,
1.0,uniform_vs_heterogeneous_parameter_pair_tims_sweep_v1,run_20260315_113140,gamma__theta_grid_09_heterogeneous,heterogeneous,candidate,109,gamma__theta_parameter_pair_sweep,108,completed,,,1234,875667003,4066930353,3340755503,3897761708,20.0,0.4525,0.0575,0.01,100,distributional_beta,random,5,3.0,equal,3.722607231544914,66.0,1.0,65.0,KR_minus_GR,138.00062409997918,2026-03-15T18:31:35Z,2026-03-15T18:33:53Z,results/raw/uniform_vs_heterogeneous_parameter_pair_tims_sweep_v1/run_20260315_113140/resolved_config.yaml,
1.0,uniform_vs_heterogeneous_parameter_pair_tims_sweep_v1,run_20260315_113140,gamma__theta_grid_10_uniform,uniform,baseline,110,gamma__theta_parameter_pair_sweep,109,completed,,,1234,1158476047,626795770,1054345743,,20.0,0.6,0.0575,0.01,100,uniform,,,,,3.6608959667055907,78.0,1.0,77.0,KR_minus_GR,94.18025719979778,2026-03-15T18:33:53Z,2026-03-15T18:35:27Z,results/raw/uniform_vs_heterogeneous_parameter_pair_tims_sweep_v1/run_20260315_113140/resolved_config.yaml,
1.0,uniform_vs_heterogeneous_parameter_pair_tims_sweep_v1,run_20260315_113140,gamma__theta_grid_10_heterogeneous,heterogeneous,candidate,110,gamma__theta_parameter_pair_sweep,109,completed,,,1234,1158476047,626795770,1054345743,3897761708,20.0,0.6,0.0575,0.01,100,distributional_beta,random,5,3.0,equal,3.736100876130396,63.0,1.0,62.0,KR_minus_GR,138.54637579992414,2026-03-15T18:35:27Z,2026-03-15T18:37:46Z,results/raw/uniform_vs_heterogeneous_parameter_pair_tims_sweep_v1/run_20260315_113140/resolved_config.yaml,
1.0,uniform_vs_heterogeneous_parameter_pair_tims_sweep_v1,run_20260315_113140,gamma__theta_grid_11_uniform,uniform,baseline,111,gamma__theta_parameter_pair_sweep,110,completed,,,1234,1585855569,3768139060,2843832576,,20.0,0.01,0.105,0.01,100,uniform,,,,,2.373682658115085,63.0,15.0,48.0,KR_minus_GR,94.11619800003245,2026-03-15T18:37:46Z,2026-03-15T18:39:20Z,results/raw/uniform_vs_heterogeneous_parameter_pair_tims_sweep_v1/run_20260315_113140/resolved_config.yaml,
1.0,uniform_vs_heterogeneous_parameter_pair_tims_sweep_v1,run_20260315_113140,gamma__theta_grid_11_heterogeneous,heterogeneous,candidate,111,gamma__theta_parameter_pair_sweep,110,completed,,,1234,1585855569,3768139060,2843832576,3897761708,20.0,0.01,0.105,0.01,100,distributional_beta,random,5,3.0,equal,2.606962418793117,80.0,19.0,61.0,KR_minus_GR,138.65303779998794,2026-03-15T18:39:20Z,2026-03-15T18:41:39Z,results/raw/uniform_vs_heterogeneous_parameter_pair_tims_sweep_v1/run_20260315_113140/resolved_config.yaml,
1.0,uniform_vs_heterogeneous_parameter_pair_tims_sweep_v1,run_20260315_113140,gamma__theta_grid_12_uniform,uniform,baseline,112,gamma__theta_parameter_pair_sweep,111,completed,,,1234,89918391,300333907,3336682671,,20.0,0.1575,0.105,0.01,100,uniform,,,,,4.23415288247263,89.0,10.0,79.0,KR_minus_GR,94.10235279984772,2026-03-15T18:41:39Z,2026-03-15T18:43:13Z,results/raw/uniform_vs_heterogeneous_parameter_pair_tims_sweep_v1/run_20260315_113140/resolved_config.yaml,
1.0,uniform_vs_heterogeneous_parameter_pair_tims_sweep_v1,run_20260315_113140,gamma__theta_grid_12_heterogeneous,heterogeneous,candidate,112,gamma__theta_parameter_pair_sweep,111,completed,,,1234,89918391,300333907,3336682671,3897761708,20.0,0.1575,0.105,0.01,100,distributional_beta,random,5,3.0,equal,4.363145904377475,83.0,20.0,63.0,KR_minus_GR,138.7821626998484,2026-03-15T18:43:13Z,2026-03-15T18:45:32Z,results/raw/uniform_vs_heterogeneous_parameter_pair_tims_sweep_v1/run_20260315_113140/resolved_config.yaml,
1.0,uniform_vs_heterogeneous_parameter_pair_tims_sweep_v1,run_20260315_113140,gamma__theta_grid_13_uniform,uniform,baseline,113,gamma__theta_parameter_pair_sweep,112,completed,,,1234,128598513,1103094742,3397744645,,20.0,0.305,0.105,0.01,100,uniform,,,,,3.7018850380558708,79.0,14.0,65.0,KR_minus_GR,93.79038879997097,2026-03-15T18:45:32Z,2026-03-15T18:47:05Z,results/raw/uniform_vs_heterogeneous_parameter_pair_tims_sweep_v1/run_20260315_113140/resolved_config.yaml,
1.0,uniform_vs_heterogeneous_parameter_pair_tims_sweep_v1,run_20260315_113140,gamma__theta_grid_13_heterogeneous,heterogeneous,candidate,113,gamma__theta_parameter_pair_sweep,112,completed,,,1234,128598513,1103094742,3397744645,3897761708,20.0,0.305,0.105,0.01,100,distributional_beta,random,5,3.0,equal,3.0001822496185553,65.0,9.0,56.0,KR_minus_GR,138.36063160002232,2026-03-15T18:47:05Z,2026-03-15T18:49:24Z,results/raw/uniform_vs_heterogeneous_parameter_pair_tims_sweep_v1/run_20260315_113140/resolved_config.yaml,
1.0,uniform_vs_heterogeneous_parameter_pair_tims_sweep_v1,run_20260315_113140,gamma__theta_grid_14_uniform,uniform,baseline,114,gamma__theta_parameter_pair_sweep,113,completed,,,1234,1716871987,2924469080,680738980,,20.0,0.4525,0.105,0.01,100,uniform,,,,,3.903171831944185,79.0,14.0,65.0,KR_minus_GR,93.92114929994568,2026-03-15T18:49:24Z,2026-03-15T18:50:58Z,results/raw/uniform_vs_heterogeneous_parameter_pair_tims_sweep_v1/run_20260315_113140/resolved_config.yaml,
1.0,uniform_vs_heterogeneous_parameter_pair_tims_sweep_v1,run_20260315_113140,gamma__theta_grid_14_heterogeneous,heterogeneous,candidate,114,gamma__theta_parameter_pair_sweep,113,completed,,,1234,1716871987,2924469080,680738980,3897761708,20.0,0.4525,0.105,0.01,100,distributional_beta,random,5,3.0,equal,4.0248780263591435,65.0,8.0,57.0,KR_minus_GR,137.7733992000576,2026-03-15T18:50:58Z,2026-03-15T18:53:16Z,results/raw/uniform_vs_heterogeneous_parameter_pair_tims_sweep_v1/run_20260315_113140/resolved_config.yaml,
1.0,uniform_vs_heterogeneous_parameter_pair_tims_sweep_v1,run_20260315_113140,gamma__theta_grid_15_uniform,uniform,baseline,115,gamma__theta_parameter_pair_sweep,114,completed,,,1234,1888708746,3898112445,1496295809,,20.0,0.6,0.105,0.01,100,uniform,,,,,3.5749903963012906,80.0,16.0,64.0,KR_minus_GR,93.90564650017768,2026-03-15T18:53:16Z,2026-03-15T18:54:49Z,results/raw/uniform_vs_heterogeneous_parameter_pair_tims_sweep_v1/run_20260315_113140/resolved_config.yaml,
1.0,uniform_vs_heterogeneous_parameter_pair_tims_sweep_v1,run_20260315_113140,gamma__theta_grid_15_heterogeneous,heterogeneous,candidate,115,gamma__theta_parameter_pair_sweep,114,completed,,,1234,1888708746,3898112445,1496295809,3897761708,20.0,0.6,0.105,0.01,100,distributional_beta,random,5,3.0,equal,3.9171475168507346,71.0,11.0,60.0,KR_minus_GR,137.24831219995394,2026-03-15T18:54:49Z,2026-03-15T18:57:07Z,results/raw/uniform_vs_heterogeneous_parameter_pair_tims_sweep_v1/run_20260315_113140/resolved_config.yaml,
1.0,uniform_vs_heterogeneous_parameter_pair_tims_sweep_v1,run_20260315_113140,gamma__theta_grid_16_uniform,uniform,baseline,116,gamma__theta_parameter_pair_sweep,115,completed,,,1234,3390548928,1860642052,2365131639,,20.0,0.01,0.15250000000000002,0.01,100,uniform,,,,,2.3071024148306516,79.0,39.0,40.0,KR_minus_GR,94.22862210008316,2026-03-15T18:57:07Z,2026-03-15T18:58:41Z,results/raw/uniform_vs_heterogeneous_parameter_pair_tims_sweep_v1/run_20260315_113140/resolved_config.yaml,
1.0,uniform_vs_heterogeneous_parameter_pair_tims_sweep_v1,run_20260315_113140,gamma__theta_grid_16_heterogeneous,heterogeneous,candidate,116,gamma__theta_parameter_pair_sweep,115,completed,,,1234,3390548928,1860642052,2365131639,3897761708,20.0,0.01,0.15250000000000002,0.01,100,distributional_beta,random,5,3.0,equal,2.936074988692048,81.0,58.0,23.0,KR_minus_GR,138.03637939994223,2026-03-15T18:58:41Z,2026-03-15T19:00:59Z,results/raw/uniform_vs_heterogeneous_parameter_pair_tims_sweep_v1/run_20260315_113140/resolved_config.yaml,
1.0,uniform_vs_heterogeneous_parameter_pair_tims_sweep_v1,run_20260315_113140,gamma__theta_grid_17_uniform,uniform,baseline,117,gamma__theta_parameter_pair_sweep,116,completed,,,1234,656253064,3818063064,1216331064,,20.0,0.1575,0.15250000000000002,0.01,100,uniform,,,,,4.219710081049864,89.0,74.0,15.0,KR_minus_GR,93.89588510012254,2026-03-15T19:00:59Z,2026-03-15T19:02:33Z,results/raw/uniform_vs_heterogeneous_parameter_pair_tims_sweep_v1/run_20260315_113140/resolved_config.yaml,
1.0,uniform_vs_heterogeneous_parameter_pair_tims_sweep_v1,run_20260315_113140,gamma__theta_grid_17_heterogeneous,heterogeneous,candidate,117,gamma__theta_parameter_pair_sweep,116,completed,,,1234,656253064,3818063064,1216331064,3897761708,20.0,0.1575,0.15250000000000002,0.01,100,distributional_beta,random,5,3.0,equal,3.3931194817699724,81.0,57.0,24.0,KR_minus_GR,137.89886120008305,2026-03-15T19:02:33Z,2026-03-15T19:04:51Z,results/raw/uniform_vs_heterogeneous_parameter_pair_tims_sweep_v1/run_20260315_113140/resolved_config.yaml,
1.0,uniform_vs_heterogeneous_parameter_pair_tims_sweep_v1,run_20260315_113140,gamma__theta_grid_18_uniform,uniform,baseline,118,gamma__theta_parameter_pair_sweep,117,completed,,,1234,1706523125,330411143,2647856842,,20.0,0.305,0.15250000000000002,0.01,100,uniform,,,,,2.70169853101093,79.0,61.0,18.0,KR_minus_GR,94.10900779999793,2026-03-15T19:04:51Z,2026-03-15T19:06:25Z,results/raw/uniform_vs_heterogeneous_parameter_pair_tims_sweep_v1/run_20260315_113140/resolved_config.yaml,
1.0,uniform_vs_heterogeneous_parameter_pair_tims_sweep_v1,run_20260315_113140,gamma__theta_grid_18_heterogeneous,heterogeneous,candidate,118,gamma__theta_parameter_pair_sweep,117,completed,,,1234,1706523125,330411143,2647856842,3897761708,20.0,0.305,0.15250000000000002,0.01,100,distributional_beta,random,5,3.0,equal,2.7816853914746726,65.0,50.0,15.0,KR_minus_GR,138.2824619000312,2026-03-15T19:06:25Z,2026-03-15T19:08:43Z,results/raw/uniform_vs_heterogeneous_parameter_pair_tims_sweep_v1/run_20260315_113140/resolved_config.yaml,
1.0,uniform_vs_heterogeneous_parameter_pair_tims_sweep_v1,run_20260315_113140,gamma__theta_grid_19_uniform,uniform,baseline,119,gamma__theta_parameter_pair_sweep,118,completed,,,1234,420462631,247569917,3433665116,,20.0,0.4525,0.15250000000000002,0.01,100,uniform,,,,,2.039844537494727,92.0,84.0,8.0,KR_minus_GR,94.188846899895,2026-03-15T19:08:43Z,2026-03-15T19:10:17Z,results/raw/uniform_vs_heterogeneous_parameter_pair_tims_sweep_v1/run_20260315_113140/resolved_config.yaml,
1.0,uniform_vs_heterogeneous_parameter_pair_tims_sweep_v1,run_20260315_113140,gamma__theta_grid_19_heterogeneous,heterogeneous,candidate,119,gamma__theta_parameter_pair_sweep,118,completed,,,1234,420462631,247569917,3433665116,3897761708,20.0,0.4525,0.15250000000000002,0.01,100,distributional_beta,random,5,3.0,equal,1.1155096433984193,82.0,74.0,8.0,KR_minus_GR,137.58903670008294,2026-03-15T19:10:17Z,2026-03-15T19:12:35Z,results/raw/uniform_vs_heterogeneous_parameter_pair_tims_sweep_v1/run_20260315_113140/resolved_config.yaml,
1.0,uniform_vs_heterogeneous_parameter_pair_tims_sweep_v1,run_20260315_113140,gamma__theta_grid_20_uniform,uniform,baseline,120,gamma__theta_parameter_pair_sweep,119,completed,,,1234,2275709012,956471336,2636605149,,20.0,0.6,0.15250000000000002,0.01,100,uniform,,,,,2.874189298094958,76.0,66.0,10.0,KR_minus_GR,94.90097010019235,2026-03-15T19:12:35Z,2026-03-15T19:14:10Z,results/raw/uniform_vs_heterogeneous_parameter_pair_tims_sweep_v1/run_20260315_113140/resolved_config.yaml,
1.0,uniform_vs_heterogeneous_parameter_pair_tims_sweep_v1,run_20260315_113140,gamma__theta_grid_20_heterogeneous,heterogeneous,candidate,120,gamma__theta_parameter_pair_sweep,119,completed,,,1234,2275709012,956471336,2636605149,3897761708,20.0,0.6,0.15250000000000002,0.01,100,distributional_beta,random,5,3.0,equal,0.5168015209032562,65.0,57.0,8.0,KR_minus_GR,138.36562060005963,2026-03-15T19:14:10Z,2026-03-15T19:16:28Z,results/raw/uniform_vs_heterogeneous_parameter_pair_tims_sweep_v1/run_20260315_113140/resolved_config.yaml,
1.0,uniform_vs_heterogeneous_parameter_pair_tims_sweep_v1,run_20260315_113140,gamma__theta_grid_21_uniform,uniform,baseline,121,gamma__theta_parameter_pair_sweep,120,completed,,,1234,818240068,3130530590,3234359148,,20.0,0.01,0.2,0.01,100,uniform,,,,,0.10885914748898612,82.0,76.0,6.0,KR_minus_GR,94.2554069000762,2026-03-15T19:16:28Z,2026-03-15T19:18:02Z,results/raw/uniform_vs_heterogeneous_parameter_pair_tims_sweep_v1/run_20260315_113140/resolved_config.yaml,
1.0,uniform_vs_heterogeneous_parameter_pair_tims_sweep_v1,run_20260315_113140,gamma__theta_grid_21_heterogeneous,heterogeneous,candidate,121,gamma__theta_parameter_pair_sweep,120,completed,,,1234,818240068,3130530590,3234359148,3897761708,20.0,0.01,0.2,0.01,100,distributional_beta,random,5,3.0,equal,0.3685456344050852,94.0,92.0,2.0,KR_minus_GR,137.9567454000935,2026-03-15T19:18:02Z,2026-03-15T19:20:20Z,results/raw/uniform_vs_heterogeneous_parameter_pair_tims_sweep_v1/run_20260315_113140/resolved_config.yaml,
1.0,uniform_vs_heterogeneous_parameter_pair_tims_sweep_v1,run_20260315_113140,gamma__theta_grid_22_uniform,uniform,baseline,122,gamma__theta_parameter_pair_sweep,121,completed,,,1234,3121465667,320137292,3636929088,,20.0,0.1575,0.2,0.01,100,uniform,,,,,1.5180405692757195,50.0,54.0,-4.0,KR_minus_GR,94.30544189992361,2026-03-15T19:20:20Z,2026-03-15T19:21:55Z,results/raw/uniform_vs_heterogeneous_parameter_pair_tims_sweep_v1/run_20260315_113140/resolved_config.yaml,
1.0,uniform_vs_heterogeneous_parameter_pair_tims_sweep_v1,run_20260315_113140,gamma__theta_grid_22_heterogeneous,heterogeneous,candidate,122,gamma__theta_parameter_pair_sweep,121,completed,,,1234,3121465667,320137292,3636929088,3897761708,20.0,0.1575,0.2,0.01,100,distributional_beta,random,5,3.0,equal,0.42328539159241463,20.0,21.0,-1.0,KR_minus_GR,137.9383708999958,2026-03-15T19:21:55Z,2026-03-15T19:24:13Z,results/raw/uniform_vs_heterogeneous_parameter_pair_tims_sweep_v1/run_20260315_113140/resolved_config.yaml,
1.0,uniform_vs_heterogeneous_parameter_pair_tims_sweep_v1,run_20260315_113140,gamma__theta_grid_23_uniform,uniform,baseline,123,gamma__theta_parameter_pair_sweep,122,completed,,,1234,3719757030,2724116952,1443042777,,20.0,0.305,0.2,0.01,100,uniform,,,,,0.9051201874256068,38.0,40.0,-2.0,KR_minus_GR,94.22142639989033,2026-03-15T19:24:13Z,2026-03-15T19:25:47Z,results/raw/uniform_vs_heterogeneous_parameter_pair_tims_sweep_v1/run_20260315_113140/resolved_config.yaml,
1.0,uniform_vs_heterogeneous_parameter_pair_tims_sweep_v1,run_20260315_113140,gamma__theta_grid_23_heterogeneous,heterogeneous,candidate,123,gamma__theta_parameter_pair_sweep,122,completed,,,1234,3719757030,2724116952,1443042777,3897761708,20.0,0.305,0.2,0.01,100,distributional_beta,random,5,3.0,equal,1.1688447966184594,12.0,18.0,-6.0,KR_minus_GR,138.1781145001296,2026-03-15T19:25:47Z,2026-03-15T19:28:05Z,results/raw/uniform_vs_heterogeneous_parameter_pair_tims_sweep_v1/run_20260315_113140/resolved_config.yaml,
1.0,uniform_vs_heterogeneous_parameter_pair_tims_sweep_v1,run_20260315_113140,gamma__theta_grid_24_uniform,uniform,baseline,124,gamma__theta_parameter_pair_sweep,123,completed,,,1234,710723147,588013208,2535884139,,20.0,0.4525,0.2,0.01,100,uniform,,,,,0.0,65.0,66.0,-1.0,KR_minus_GR,94.44377410016023,2026-03-15T19:28:05Z,2026-03-15T19:29:39Z,results/raw/uniform_vs_heterogeneous_parameter_pair_tims_sweep_v1/run_20260315_113140/resolved_config.yaml,
1.0,uniform_vs_heterogeneous_parameter_pair_tims_sweep_v1,run_20260315_113140,gamma__theta_grid_24_heterogeneous,heterogeneous,candidate,124,gamma__theta_parameter_pair_sweep,123,completed,,,1234,710723147,588013208,2535884139,3897761708,20.0,0.4525,0.2,0.01,100,distributional_beta,random,5,3.0,equal,0.42271641995745834,73.0,78.0,-5.0,KR_minus_GR,138.1440218000207,2026-03-15T19:29:39Z,2026-03-15T19:31:58Z,results/raw/uniform_vs_heterogeneous_parameter_pair_tims_sweep_v1/run_20260315_113140/resolved_config.yaml,
1.0,uniform_vs_heterogeneous_parameter_pair_tims_sweep_v1,run_20260315_113140,gamma__theta_grid_25_uniform,uniform,baseline,125,gamma__theta_parameter_pair_sweep,124,completed,,,1234,1658221551,3134270801,1964986174,,20.0,0.6,0.2,0.01,100,uniform,,,,,1.419959368729221,44.0,46.0,-2.0,KR_minus_GR,94.30628390004858,2026-03-15T19:31:58Z,2026-03-15T19:33:32Z,results/raw/uniform_vs_heterogeneous_parameter_pair_tims_sweep_v1/run_20260315_113140/resolved_config.yaml,
1.0,uniform_vs_heterogeneous_parameter_pair_tims_sweep_v1,run_20260315_113140,gamma__theta_grid_25_heterogeneous,heterogeneous,candidate,125,gamma__theta_parameter_pair_sweep,124,completed,,,1234,1658221551,3134270801,1964986174,3897761708,20.0,0.6,0.2,0.01,100,distributional_beta,random,5,3.0,equal,0.14718980129509407,15.0,26.0,-11.0,KR_minus_GR,139.30489149992354,2026-03-15T19:33:32Z,2026-03-15T19:35:51Z,results/raw/uniform_vs_heterogeneous_parameter_pair_tims_sweep_v1/run_20260315_113140/resolved_config.yaml,
1.0,uniform_vs_heterogeneous_parameter_pair_tims_sweep_v1,run_20260315_113140,gamma__beta_spread_grid_01_uniform,uniform,baseline,126,gamma__beta_spread_parameter_pair_sweep,125,completed,,,1234,927730576,268885564,4206135614,,20.0,0.2,0.01,0.01,100,uniform,,,,,2.571844159622934,54.0,1.0,53.0,KR_minus_GR,94.20706919999793,2026-03-15T19:35:51Z,2026-03-15T19:37:25Z,results/raw/uniform_vs_heterogeneous_parameter_pair_tims_sweep_v1/run_20260315_113140/resolved_config.yaml,
1.0,uniform_vs_heterogeneous_parameter_pair_tims_sweep_v1,run_20260315_113140,gamma__beta_spread_grid_01_heterogeneous,heterogeneous,candidate,126,gamma__beta_spread_parameter_pair_sweep,125,completed,,,1234,927730576,268885564,4206135614,3897761708,20.0,0.2,0.01,0.01,100,distributional_beta,random,5,1.0,equal,2.4195471973667475,43.0,1.0,42.0,KR_minus_GR,138.19542280002497,2026-03-15T19:37:25Z,2026-03-15T19:39:44Z,results/raw/uniform_vs_heterogeneous_parameter_pair_tims_sweep_v1/run_20260315_113140/resolved_config.yaml,
1.0,uniform_vs_heterogeneous_parameter_pair_tims_sweep_v1,run_20260315_113140,gamma__beta_spread_grid_02_uniform,uniform,baseline,127,gamma__beta_spread_parameter_pair_sweep,126,completed,,,1234,414752500,1132702921,4254711696,,20.0,0.2,0.01,0.01,100,uniform,,,,,2.7745192145835578,55.0,1.0,54.0,KR_minus_GR,94.62414540001191,2026-03-15T19:39:44Z,2026-03-15T19:41:18Z,results/raw/uniform_vs_heterogeneous_parameter_pair_tims_sweep_v1/run_20260315_113140/resolved_config.yaml,
1.0,uniform_vs_heterogeneous_parameter_pair_tims_sweep_v1,run_20260315_113140,gamma__beta_spread_grid_02_heterogeneous,heterogeneous,candidate,127,gamma__beta_spread_parameter_pair_sweep,126,completed,,,1234,414752500,1132702921,4254711696,3897761708,20.0,0.2,0.01,0.01,100,distributional_beta,random,5,3.25,equal,2.79128937934129,49.0,1.0,48.0,KR_minus_GR,137.50117679988034,2026-03-15T19:41:18Z,2026-03-15T19:43:36Z,results/raw/uniform_vs_heterogeneous_parameter_pair_tims_sweep_v1/run_20260315_113140/resolved_config.yaml,
1.0,uniform_vs_heterogeneous_parameter_pair_tims_sweep_v1,run_20260315_113140,gamma__beta_spread_grid_03_uniform,uniform,baseline,128,gamma__beta_spread_parameter_pair_sweep,127,completed,,,1234,3381291475,3604589610,726329314,,20.0,0.2,0.01,0.01,100,uniform,,,,,2.2424107127727764,61.0,1.0,60.0,KR_minus_GR,94.18740019993857,2026-03-15T19:43:36Z,2026-03-15T19:45:10Z,results/raw/uniform_vs_heterogeneous_parameter_pair_tims_sweep_v1/run_20260315_113140/resolved_config.yaml,
1.0,uniform_vs_heterogeneous_parameter_pair_tims_sweep_v1,run_20260315_113140,gamma__beta_spread_grid_03_heterogeneous,heterogeneous,candidate,128,gamma__beta_spread_parameter_pair_sweep,127,completed,,,1234,3381291475,3604589610,726329314,3897761708,20.0,0.2,0.01,0.01,100,distributional_beta,random,5,5.5,equal,2.565945682272342,46.0,1.0,45.0,KR_minus_GR,140.84004739997908,2026-03-15T19:45:10Z,2026-03-15T19:47:31Z,results/raw/uniform_vs_heterogeneous_parameter_pair_tims_sweep_v1/run_20260315_113140/resolved_config.yaml,
1.0,uniform_vs_heterogeneous_parameter_pair_tims_sweep_v1,run_20260315_113140,gamma__beta_spread_grid_04_uniform,uniform,baseline,129,gamma__beta_spread_parameter_pair_sweep,128,completed,,,1234,1662900301,2261372793,929986918,,20.0,0.2,0.01,0.01,100,uniform,,,,,2.845979618447601,57.0,1.0,56.0,KR_minus_GR,95.06292539997958,2026-03-15T19:47:31Z,2026-03-15T19:49:06Z,results/raw/uniform_vs_heterogeneous_parameter_pair_tims_sweep_v1/run_20260315_113140/resolved_config.yaml,
1.0,uniform_vs_heterogeneous_parameter_pair_tims_sweep_v1,run_20260315_113140,gamma__beta_spread_grid_04_heterogeneous,heterogeneous,candidate,129,gamma__beta_spread_parameter_pair_sweep,128,completed,,,1234,1662900301,2261372793,929986918,3897761708,20.0,0.2,0.01,0.01,100,distributional_beta,random,5,7.75,equal,2.9509751096641637,44.0,1.0,43.0,KR_minus_GR,137.69214840000495,2026-03-15T19:49:06Z,2026-03-15T19:51:24Z,results/raw/uniform_vs_heterogeneous_parameter_pair_tims_sweep_v1/run_20260315_113140/resolved_config.yaml,
1.0,uniform_vs_heterogeneous_parameter_pair_tims_sweep_v1,run_20260315_113140,gamma__beta_spread_grid_05_uniform,uniform,baseline,130,gamma__beta_spread_parameter_pair_sweep,129,completed,,,1234,1445262758,1534405668,838358484,,20.0,0.2,0.01,0.01,100,uniform,,,,,2.568787357644058,53.0,1.0,52.0,KR_minus_GR,94.23584920004942,2026-03-15T19:51:24Z,2026-03-15T19:52:58Z,results/raw/uniform_vs_heterogeneous_parameter_pair_tims_sweep_v1/run_20260315_113140/resolved_config.yaml,
1.0,uniform_vs_heterogeneous_parameter_pair_tims_sweep_v1,run_20260315_113140,gamma__beta_spread_grid_05_heterogeneous,heterogeneous,candidate,130,gamma__beta_spread_parameter_pair_sweep,129,completed,,,1234,1445262758,1534405668,838358484,3897761708,20.0,0.2,0.01,0.01,100,distributional_beta,random,5,10.0,equal,3.0886852830857157,43.0,4.0,39.0,KR_minus_GR,138.43869959982112,2026-03-15T19:52:58Z,2026-03-15T19:55:16Z,results/raw/uniform_vs_heterogeneous_parameter_pair_tims_sweep_v1/run_20260315_113140/resolved_config.yaml,
1.0,uniform_vs_heterogeneous_parameter_pair_tims_sweep_v1,run_20260315_113140,gamma__beta_spread_grid_06_uniform,uniform,baseline,131,gamma__beta_spread_parameter_pair_sweep,130,completed,,,1234,3674642019,197127348,1575782690,,20.0,0.2,0.0575,0.01,100,uniform,,,,,3.365733924632787,84.0,1.0,83.0,KR_minus_GR,94.63271759985946,2026-03-15T19:55:16Z,2026-03-15T19:56:51Z,results/raw/uniform_vs_heterogeneous_parameter_pair_tims_sweep_v1/run_20260315_113140/resolved_config.yaml,
1.0,uniform_vs_heterogeneous_parameter_pair_tims_sweep_v1,run_20260315_113140,gamma__beta_spread_grid_06_heterogeneous,heterogeneous,candidate,131,gamma__beta_spread_parameter_pair_sweep,130,completed,,,1234,3674642019,197127348,1575782690,3897761708,20.0,0.2,0.0575,0.01,100,distributional_beta,random,5,1.0,equal,3.569946731275408,75.0,1.0,74.0,KR_minus_GR,137.45616299984977,2026-03-15T19:56:51Z,2026-03-15T19:59:08Z,results/raw/uniform_vs_heterogeneous_parameter_pair_tims_sweep_v1/run_20260315_113140/resolved_config.yaml,
1.0,uniform_vs_heterogeneous_parameter_pair_tims_sweep_v1,run_20260315_113140,gamma__beta_spread_grid_07_uniform,uniform,baseline,132,gamma__beta_spread_parameter_pair_sweep,131,completed,,,1234,1114913486,3562356698,603261200,,20.0,0.2,0.0575,0.01,100,uniform,,,,,3.9264834545785297,85.0,2.0,83.0,KR_minus_GR,93.91593220015056,2026-03-15T19:59:08Z,2026-03-15T20:00:42Z,results/raw/uniform_vs_heterogeneous_parameter_pair_tims_sweep_v1/run_20260315_113140/resolved_config.yaml,
1.0,uniform_vs_heterogeneous_parameter_pair_tims_sweep_v1,run_20260315_113140,gamma__beta_spread_grid_07_heterogeneous,heterogeneous,candidate,132,gamma__beta_spread_parameter_pair_sweep,131,completed,,,1234,1114913486,3562356698,603261200,3897761708,20.0,0.2,0.0575,0.01,100,distributional_beta,random,5,3.25,equal,3.779489016812512,74.0,2.0,72.0,KR_minus_GR,137.71097430004738,2026-03-15T20:00:42Z,2026-03-15T20:03:00Z,results/raw/uniform_vs_heterogeneous_parameter_pair_tims_sweep_v1/run_20260315_113140/resolved_config.yaml,
1.0,uniform_vs_heterogeneous_parameter_pair_tims_sweep_v1,run_20260315_113140,gamma__beta_spread_grid_08_uniform,uniform,baseline,133,gamma__beta_spread_parameter_pair_sweep,132,completed,,,1234,4155612598,2950716164,3634970298,,20.0,0.2,0.0575,0.01,100,uniform,,,,,3.566282239664761,85.0,1.0,84.0,KR_minus_GR,94.1534929999616,2026-03-15T20:03:00Z,2026-03-15T20:04:34Z,results/raw/uniform_vs_heterogeneous_parameter_pair_tims_sweep_v1/run_20260315_113140/resolved_config.yaml,
1.0,uniform_vs_heterogeneous_parameter_pair_tims_sweep_v1,run_20260315_113140,gamma__beta_spread_grid_08_heterogeneous,heterogeneous,candidate,133,gamma__beta_spread_parameter_pair_sweep,132,completed,,,1234,4155612598,2950716164,3634970298,3897761708,20.0,0.2,0.0575,0.01,100,distributional_beta,random,5,5.5,equal,3.630570306342607,74.0,2.0,72.0,KR_minus_GR,138.25677049998194,2026-03-15T20:04:34Z,2026-03-15T20:06:52Z,results/raw/uniform_vs_heterogeneous_parameter_pair_tims_sweep_v1/run_20260315_113140/resolved_config.yaml,
1.0,uniform_vs_heterogeneous_parameter_pair_tims_sweep_v1,run_20260315_113140,gamma__beta_spread_grid_09_uniform,uniform,baseline,134,gamma__beta_spread_parameter_pair_sweep,133,completed,,,1234,3466675583,2489532575,251190536,,20.0,0.2,0.0575,0.01,100,uniform,,,,,2.901242559950173,80.0,1.0,79.0,KR_minus_GR,94.32192080002278,2026-03-15T20:06:52Z,2026-03-15T20:08:27Z,results/raw/uniform_vs_heterogeneous_parameter_pair_tims_sweep_v1/run_20260315_113140/resolved_config.yaml,
1.0,uniform_vs_heterogeneous_parameter_pair_tims_sweep_v1,run_20260315_113140,gamma__beta_spread_grid_09_heterogeneous,heterogeneous,candidate,134,gamma__beta_spread_parameter_pair_sweep,133,completed,,,1234,3466675583,2489532575,251190536,3897761708,20.0,0.2,0.0575,0.01,100,distributional_beta,random,5,7.75,equal,3.167534106092443,66.0,5.0,61.0,KR_minus_GR,137.60902339988388,2026-03-15T20:08:27Z,2026-03-15T20:10:44Z,results/raw/uniform_vs_heterogeneous_parameter_pair_tims_sweep_v1/run_20260315_113140/resolved_config.yaml,
1.0,uniform_vs_heterogeneous_parameter_pair_tims_sweep_v1,run_20260315_113140,gamma__beta_spread_grid_10_uniform,uniform,baseline,135,gamma__beta_spread_parameter_pair_sweep,134,completed,,,1234,2991796349,613259515,2139452372,,20.0,0.2,0.0575,0.01,100,uniform,,,,,3.3012792969272144,89.0,1.0,88.0,KR_minus_GR,94.13888329989277,2026-03-15T20:10:44Z,2026-03-15T20:12:18Z,results/raw/uniform_vs_heterogeneous_parameter_pair_tims_sweep_v1/run_20260315_113140/resolved_config.yaml,
1.0,uniform_vs_heterogeneous_parameter_pair_tims_sweep_v1,run_20260315_113140,gamma__beta_spread_grid_10_heterogeneous,heterogeneous,candidate,135,gamma__beta_spread_parameter_pair_sweep,134,completed,,,1234,2991796349,613259515,2139452372,3897761708,20.0,0.2,0.0575,0.01,100,distributional_beta,random,5,10.0,equal,3.152705982128066,65.0,3.0,62.0,KR_minus_GR,137.3998881999869,2026-03-15T20:12:18Z,2026-03-15T20:14:36Z,results/raw/uniform_vs_heterogeneous_parameter_pair_tims_sweep_v1/run_20260315_113140/resolved_config.yaml,
1.0,uniform_vs_heterogeneous_parameter_pair_tims_sweep_v1,run_20260315_113140,gamma__beta_spread_grid_11_uniform,uniform,baseline,136,gamma__beta_spread_parameter_pair_sweep,135,completed,,,1234,2441579381,3226292977,3155273811,,20.0,0.2,0.105,0.01,100,uniform,,,,,5.865175741886321,88.0,11.0,77.0,KR_minus_GR,94.55792679986916,2026-03-15T20:14:36Z,2026-03-15T20:16:10Z,results/raw/uniform_vs_heterogeneous_parameter_pair_tims_sweep_v1/run_20260315_113140/resolved_config.yaml,
1.0,uniform_vs_heterogeneous_parameter_pair_tims_sweep_v1,run_20260315_113140,gamma__beta_spread_grid_11_heterogeneous,heterogeneous,candidate,136,gamma__beta_spread_parameter_pair_sweep,135,completed,,,1234,2441579381,3226292977,3155273811,3897761708,20.0,0.2,0.105,0.01,100,distributional_beta,random,5,1.0,equal,5.806842638801319,80.0,10.0,70.0,KR_minus_GR,137.73544310010038,2026-03-15T20:16:10Z,2026-03-15T20:18:28Z,results/raw/uniform_vs_heterogeneous_parameter_pair_tims_sweep_v1/run_20260315_113140/resolved_config.yaml,
1.0,uniform_vs_heterogeneous_parameter_pair_tims_sweep_v1,run_20260315_113140,gamma__beta_spread_grid_12_uniform,uniform,baseline,137,gamma__beta_spread_parameter_pair_sweep,136,completed,,,1234,3399046329,105567002,3538405635,,20.0,0.2,0.105,0.01,100,uniform,,,,,4.766052635905927,88.0,13.0,75.0,KR_minus_GR,93.82038230006583,2026-03-15T20:18:28Z,2026-03-15T20:20:02Z,results/raw/uniform_vs_heterogeneous_parameter_pair_tims_sweep_v1/run_20260315_113140/resolved_config.yaml,
1.0,uniform_vs_heterogeneous_parameter_pair_tims_sweep_v1,run_20260315_113140,gamma__beta_spread_grid_12_heterogeneous,heterogeneous,candidate,137,gamma__beta_spread_parameter_pair_sweep,136,completed,,,1234,3399046329,105567002,3538405635,3897761708,20.0,0.2,0.105,0.01,100,distributional_beta,random,5,3.25,equal,4.812575862357539,76.0,10.0,66.0,KR_minus_GR,138.1701593999751,2026-03-15T20:20:02Z,2026-03-15T20:22:20Z,results/raw/uniform_vs_heterogeneous_parameter_pair_tims_sweep_v1/run_20260315_113140/resolved_config.yaml,
1.0,uniform_vs_heterogeneous_parameter_pair_tims_sweep_v1,run_20260315_113140,gamma__beta_spread_grid_13_uniform,uniform,baseline,138,gamma__beta_spread_parameter_pair_sweep,137,completed,,,1234,2772892357,573195434,330138774,,20.0,0.2,0.105,0.01,100,uniform,,,,,5.7217478772242325,88.0,16.0,72.0,KR_minus_GR,94.22988849994726,2026-03-15T20:22:20Z,2026-03-15T20:23:54Z,results/raw/uniform_vs_heterogeneous_parameter_pair_tims_sweep_v1/run_20260315_113140/resolved_config.yaml,
1.0,uniform_vs_heterogeneous_parameter_pair_tims_sweep_v1,run_20260315_113140,gamma__beta_spread_grid_13_heterogeneous,heterogeneous,candidate,138,gamma__beta_spread_parameter_pair_sweep,137,completed,,,1234,2772892357,573195434,330138774,3897761708,20.0,0.2,0.105,0.01,100,distributional_beta,random,5,5.5,equal,5.762941560324036,82.0,25.0,57.0,KR_minus_GR,138.571829700144,2026-03-15T20:23:54Z,2026-03-15T20:26:13Z,results/raw/uniform_vs_heterogeneous_parameter_pair_tims_sweep_v1/run_20260315_113140/resolved_config.yaml,
1.0,uniform_vs_heterogeneous_parameter_pair_tims_sweep_v1,run_20260315_113140,gamma__beta_spread_grid_14_uniform,uniform,baseline,139,gamma__beta_spread_parameter_pair_sweep,138,completed,,,1234,1216942461,2247756541,3295575055,,20.0,0.2,0.105,0.01,100,uniform,,,,,4.321993655083216,87.0,10.0,77.0,KR_minus_GR,94.13374039996415,2026-03-15T20:26:13Z,2026-03-15T20:27:47Z,results/raw/uniform_vs_heterogeneous_parameter_pair_tims_sweep_v1/run_20260315_113140/resolved_config.yaml,
1.0,uniform_vs_heterogeneous_parameter_pair_tims_sweep_v1,run_20260315_113140,gamma__beta_spread_grid_14_heterogeneous,heterogeneous,candidate,139,gamma__beta_spread_parameter_pair_sweep,138,completed,,,1234,1216942461,2247756541,3295575055,3897761708,20.0,0.2,0.105,0.01,100,distributional_beta,random,5,7.75,equal,3.919921662127466,70.0,22.0,48.0,KR_minus_GR,137.88307729992084,2026-03-15T20:27:47Z,2026-03-15T20:30:05Z,results/raw/uniform_vs_heterogeneous_parameter_pair_tims_sweep_v1/run_20260315_113140/resolved_config.yaml,
1.0,uniform_vs_heterogeneous_parameter_pair_tims_sweep_v1,run_20260315_113140,gamma__beta_spread_grid_15_uniform,uniform,baseline,140,gamma__beta_spread_parameter_pair_sweep,139,completed,,,1234,3817178802,2663742205,1203276101,,20.0,0.2,0.105,0.01,100,uniform,,,,,4.514257668953868,83.0,13.0,70.0,KR_minus_GR,94.10280489991419,2026-03-15T20:30:05Z,2026-03-15T20:31:39Z,results/raw/uniform_vs_heterogeneous_parameter_pair_tims_sweep_v1/run_20260315_113140/resolved_config.yaml,
1.0,uniform_vs_heterogeneous_parameter_pair_tims_sweep_v1,run_20260315_113140,gamma__beta_spread_grid_15_heterogeneous,heterogeneous,candidate,140,gamma__beta_spread_parameter_pair_sweep,139,completed,,,1234,3817178802,2663742205,1203276101,3897761708,20.0,0.2,0.105,0.01,100,distributional_beta,random,5,10.0,equal,4.61716232079742,47.0,24.0,23.0,KR_minus_GR,136.94912430015393,2026-03-15T20:31:39Z,2026-03-15T20:33:56Z,results/raw/uniform_vs_heterogeneous_parameter_pair_tims_sweep_v1/run_20260315_113140/resolved_config.yaml,
1.0,uniform_vs_heterogeneous_parameter_pair_tims_sweep_v1,run_20260315_113140,gamma__beta_spread_grid_16_uniform,uniform,baseline,141,gamma__beta_spread_parameter_pair_sweep,140,completed,,,1234,3630786435,2612199973,3084134822,,20.0,0.2,0.15250000000000002,0.01,100,uniform,,,,,4.323299974236196,89.0,80.0,9.0,KR_minus_GR,94.516478799982,2026-03-15T20:33:56Z,2026-03-15T20:35:31Z,results/raw/uniform_vs_heterogeneous_parameter_pair_tims_sweep_v1/run_20260315_113140/resolved_config.yaml,
1.0,uniform_vs_heterogeneous_parameter_pair_tims_sweep_v1,run_20260315_113140,gamma__beta_spread_grid_16_heterogeneous,heterogeneous,candidate,141,gamma__beta_spread_parameter_pair_sweep,140,completed,,,1234,3630786435,2612199973,3084134822,3897761708,20.0,0.2,0.15250000000000002,0.01,100,distributional_beta,random,5,1.0,equal,4.241192434450118,82.0,61.0,21.0,KR_minus_GR,137.59663809998892,2026-03-15T20:35:31Z,2026-03-15T20:37:48Z,results/raw/uniform_vs_heterogeneous_parameter_pair_tims_sweep_v1/run_20260315_113140/resolved_config.yaml,
1.0,uniform_vs_heterogeneous_parameter_pair_tims_sweep_v1,run_20260315_113140,gamma__beta_spread_grid_17_uniform,uniform,baseline,142,gamma__beta_spread_parameter_pair_sweep,141,completed,,,1234,1931504032,2577420026,95342730,,20.0,0.2,0.15250000000000002,0.01,100,uniform,,,,,5.06145236839368,84.0,76.0,8.0,KR_minus_GR,93.73449900001287,2026-03-15T20:37:48Z,2026-03-15T20:39:22Z,results/raw/uniform_vs_heterogeneous_parameter_pair_tims_sweep_v1/run_20260315_113140/resolved_config.yaml,
1.0,uniform_vs_heterogeneous_parameter_pair_tims_sweep_v1,run_20260315_113140,gamma__beta_spread_grid_17_heterogeneous,heterogeneous,candidate,142,gamma__beta_spread_parameter_pair_sweep,141,completed,,,1234,1931504032,2577420026,95342730,3897761708,20.0,0.2,0.15250000000000002,0.01,100,distributional_beta,random,5,3.25,equal,2.808089439134864,75.0,61.0,14.0,KR_minus_GR,137.45730639994144,2026-03-15T20:39:22Z,2026-03-15T20:41:39Z,results/raw/uniform_vs_heterogeneous_parameter_pair_tims_sweep_v1/run_20260315_113140/resolved_config.yaml,
1.0,uniform_vs_heterogeneous_parameter_pair_tims_sweep_v1,run_20260315_113140,gamma__beta_spread_grid_18_uniform,uniform,baseline,143,gamma__beta_spread_parameter_pair_sweep,142,completed,,,1234,3041141250,1564353106,1114174333,,20.0,0.2,0.15250000000000002,0.01,100,uniform,,,,,4.101171032733456,88.0,78.0,10.0,KR_minus_GR,93.93006639997475,2026-03-15T20:41:39Z,2026-03-15T20:43:13Z,results/raw/uniform_vs_heterogeneous_parameter_pair_tims_sweep_v1/run_20260315_113140/resolved_config.yaml,
1.0,uniform_vs_heterogeneous_parameter_pair_tims_sweep_v1,run_20260315_113140,gamma__beta_spread_grid_18_heterogeneous,heterogeneous,candidate,143,gamma__beta_spread_parameter_pair_sweep,142,completed,,,1234,3041141250,1564353106,1114174333,3897761708,20.0,0.2,0.15250000000000002,0.01,100,distributional_beta,random,5,5.5,equal,1.7899726694368594,79.0,68.0,11.0,KR_minus_GR,138.69811609992757,2026-03-15T20:43:13Z,2026-03-15T20:45:32Z,results/raw/uniform_vs_heterogeneous_parameter_pair_tims_sweep_v1/run_20260315_113140/resolved_config.yaml,
1.0,uniform_vs_heterogeneous_parameter_pair_tims_sweep_v1,run_20260315_113140,gamma__beta_spread_grid_19_uniform,uniform,baseline,144,gamma__beta_spread_parameter_pair_sweep,143,completed,,,1234,1402838861,3990742361,211393203,,20.0,0.2,0.15250000000000002,0.01,100,uniform,,,,,3.379103575957849,88.0,78.0,10.0,KR_minus_GR,94.18929999996908,2026-03-15T20:45:32Z,2026-03-15T20:47:06Z,results/raw/uniform_vs_heterogeneous_parameter_pair_tims_sweep_v1/run_20260315_113140/resolved_config.yaml,
1.0,uniform_vs_heterogeneous_parameter_pair_tims_sweep_v1,run_20260315_113140,gamma__beta_spread_grid_19_heterogeneous,heterogeneous,candidate,144,gamma__beta_spread_parameter_pair_sweep,143,completed,,,1234,1402838861,3990742361,211393203,3897761708,20.0,0.2,0.15250000000000002,0.01,100,distributional_beta,random,5,7.75,equal,2.0845453386305923,81.0,72.0,9.0,KR_minus_GR,138.03087130002677,2026-03-15T20:47:06Z,2026-03-15T20:49:24Z,results/raw/uniform_vs_heterogeneous_parameter_pair_tims_sweep_v1/run_20260315_113140/resolved_config.yaml,
1.0,uniform_vs_heterogeneous_parameter_pair_tims_sweep_v1,run_20260315_113140,gamma__beta_spread_grid_20_uniform,uniform,baseline,145,gamma__beta_spread_parameter_pair_sweep,144,completed,,,1234,2676868195,456864059,3972935515,,20.0,0.2,0.15250000000000002,0.01,100,uniform,,,,,5.189435833898758,89.0,76.0,13.0,KR_minus_GR,94.1267438000068,2026-03-15T20:49:24Z,2026-03-15T20:50:58Z,results/raw/uniform_vs_heterogeneous_parameter_pair_tims_sweep_v1/run_20260315_113140/resolved_config.yaml,
1.0,uniform_vs_heterogeneous_parameter_pair_tims_sweep_v1,run_20260315_113140,gamma__beta_spread_grid_20_heterogeneous,heterogeneous,candidate,145,gamma__beta_spread_parameter_pair_sweep,144,completed,,,1234,2676868195,456864059,3972935515,3897761708,20.0,0.2,0.15250000000000002,0.01,100,distributional_beta,random,5,10.0,equal,0.9991139395361149,65.0,47.0,18.0,KR_minus_GR,137.612691400107,2026-03-15T20:50:58Z,2026-03-15T20:53:16Z,results/raw/uniform_vs_heterogeneous_parameter_pair_tims_sweep_v1/run_20260315_113140/resolved_config.yaml,
1.0,uniform_vs_heterogeneous_parameter_pair_tims_sweep_v1,run_20260315_113140,gamma__beta_spread_grid_21_uniform,uniform,baseline,146,gamma__beta_spread_parameter_pair_sweep,145,completed,,,1234,2588450956,4065245904,2494878885,,20.0,0.2,0.2,0.01,100,uniform,,,,,2.3485066628618085,91.0,91.0,0.0,KR_minus_GR,94.49053580011241,2026-03-15T20:53:16Z,2026-03-15T20:54:50Z,results/raw/uniform_vs_heterogeneous_parameter_pair_tims_sweep_v1/run_20260315_113140/resolved_config.yaml,
1.0,uniform_vs_heterogeneous_parameter_pair_tims_sweep_v1,run_20260315_113140,gamma__beta_spread_grid_21_heterogeneous,heterogeneous,candidate,146,gamma__beta_spread_parameter_pair_sweep,145,completed,,,1234,2588450956,4065245904,2494878885,3897761708,20.0,0.2,0.2,0.01,100,distributional_beta,random,5,1.0,equal,2.0998913032206983,81.0,81.0,0.0,KR_minus_GR,137.4218753001187,2026-03-15T20:54:50Z,2026-03-15T20:57:08Z,results/raw/uniform_vs_heterogeneous_parameter_pair_tims_sweep_v1/run_20260315_113140/resolved_config.yaml,
1.0,uniform_vs_heterogeneous_parameter_pair_tims_sweep_v1,run_20260315_113140,gamma__beta_spread_grid_22_uniform,uniform,baseline,147,gamma__beta_spread_parameter_pair_sweep,146,completed,,,1234,3668776430,747212749,1642908120,,20.0,0.2,0.2,0.01,100,uniform,,,,,0.5225450290438806,62.0,64.0,-2.0,KR_minus_GR,93.61611800012179,2026-03-15T20:57:08Z,2026-03-15T20:58:41Z,results/raw/uniform_vs_heterogeneous_parameter_pair_tims_sweep_v1/run_20260315_113140/resolved_config.yaml,
1.0,uniform_vs_heterogeneous_parameter_pair_tims_sweep_v1,run_20260315_113140,gamma__beta_spread_grid_22_heterogeneous,heterogeneous,candidate,147,gamma__beta_spread_parameter_pair_sweep,146,completed,,,1234,3668776430,747212749,1642908120,3897761708,20.0,0.2,0.2,0.01,100,distributional_beta,random,5,3.25,equal,0.8403446986527077,77.0,81.0,-4.0,KR_minus_GR,139.20367159997113,2026-03-15T20:58:41Z,2026-03-15T21:01:01Z,results/raw/uniform_vs_heterogeneous_parameter_pair_tims_sweep_v1/run_20260315_113140/resolved_config.yaml,
1.0,uniform_vs_heterogeneous_parameter_pair_tims_sweep_v1,run_20260315_113140,gamma__beta_spread_grid_23_uniform,uniform,baseline,148,gamma__beta_spread_parameter_pair_sweep,147,completed,,,1234,2577907029,2110244149,640909378,,20.0,0.2,0.2,0.01,100,uniform,,,,,2.9986134562745232,95.0,94.0,1.0,KR_minus_GR,94.20566520001739,2026-03-15T21:01:01Z,2026-03-15T21:02:35Z,results/raw/uniform_vs_heterogeneous_parameter_pair_tims_sweep_v1/run_20260315_113140/resolved_config.yaml,
1.0,uniform_vs_heterogeneous_parameter_pair_tims_sweep_v1,run_20260315_113140,gamma__beta_spread_grid_23_heterogeneous,heterogeneous,candidate,148,gamma__beta_spread_parameter_pair_sweep,147,completed,,,1234,2577907029,2110244149,640909378,3897761708,20.0,0.2,0.2,0.01,100,distributional_beta,random,5,5.5,equal,1.7605652232327684,92.0,91.0,1.0,KR_minus_GR,137.40155249997042,2026-03-15T21:02:35Z,2026-03-15T21:04:52Z,results/raw/uniform_vs_heterogeneous_parameter_pair_tims_sweep_v1/run_20260315_113140/resolved_config.yaml,
1.0,uniform_vs_heterogeneous_parameter_pair_tims_sweep_v1,run_20260315_113140,gamma__beta_spread_grid_24_uniform,uniform,baseline,149,gamma__beta_spread_parameter_pair_sweep,148,completed,,,1234,2756550380,142529811,1933196339,,20.0,0.2,0.2,0.01,100,uniform,,,,,1.3008917260513022,36.0,43.0,-7.0,KR_minus_GR,94.19314760016277,2026-03-15T21:04:52Z,2026-03-15T21:06:26Z,results/raw/uniform_vs_heterogeneous_parameter_pair_tims_sweep_v1/run_20260315_113140/resolved_config.yaml,
1.0,uniform_vs_heterogeneous_parameter_pair_tims_sweep_v1,run_20260315_113140,gamma__beta_spread_grid_24_heterogeneous,heterogeneous,candidate,149,gamma__beta_spread_parameter_pair_sweep,148,completed,,,1234,2756550380,142529811,1933196339,3897761708,20.0,0.2,0.2,0.01,100,distributional_beta,random,5,7.75,equal,1.202542271354425,12.0,18.0,-6.0,KR_minus_GR,137.83083709981292,2026-03-15T21:06:26Z,2026-03-15T21:08:44Z,results/raw/uniform_vs_heterogeneous_parameter_pair_tims_sweep_v1/run_20260315_113140/resolved_config.yaml,
1.0,uniform_vs_heterogeneous_parameter_pair_tims_sweep_v1,run_20260315_113140,gamma__beta_spread_grid_25_uniform,uniform,baseline,150,gamma__beta_spread_parameter_pair_sweep,149,completed,,,1234,436203271,3630738513,2012997096,,20.0,0.2,0.2,0.01,100,uniform,,,,,2.8988748201550627,41.0,43.0,-2.0,KR_minus_GR,94.1302074000705,2026-03-15T21:08:44Z,2026-03-15T21:10:18Z,results/raw/uniform_vs_heterogeneous_parameter_pair_tims_sweep_v1/run_20260315_113140/resolved_config.yaml,
1.0,uniform_vs_heterogeneous_parameter_pair_tims_sweep_v1,run_20260315_113140,gamma__beta_spread_grid_25_heterogeneous,heterogeneous,candidate,150,gamma__beta_spread_parameter_pair_sweep,149,completed,,,1234,436203271,3630738513,2012997096,3897761708,20.0,0.2,0.2,0.01,100,distributional_beta,random,5,10.0,equal,3.5698822579721172,15.0,18.0,-3.0,KR_minus_GR,137.50391410011798,2026-03-15T21:10:18Z,2026-03-15T21:12:36Z,results/raw/uniform_vs_heterogeneous_parameter_pair_tims_sweep_v1/run_20260315_113140/resolved_config.yaml,
