result_schema_version,study_id,run_id,trial_id,family,family_role,family_trial_index,optuna_study_name,optuna_trial_number,status,failure_code,failure_message,global_seed,trial_seed,input_signal_seed,mask_seed,morphology_seed,beta_prime,theta,gamma,m0,Nvirt,geometry_mode,morphology_scheme,morphology_n_instances,morphology_beta_spread,morphology_weights_mode,MC,KR,GR,CQ,CQ_formula,runtime_seconds,started_at_utc,finished_at_utc,resolved_config_path,trial_log_path
1.0,uniform_vs_heterogeneous_regime_mapping_v1_theta__beta_spread,uniform_vs_heterogeneous_regime_mapping_v1_meta_theta__beta_spread,theta__beta_spread_grid_01_uniform,uniform,baseline,1,theta__beta_spread_parameter_pair_sweep,0,completed,,,1234,557384437,4284584593,1099293797,,20.0,0.01,0.05,0.01,100,uniform,,,,,2.2287549306760326,35.0,2.0,33.0,KR_minus_GR,93.63716370007023,2026-03-16T05:57:22Z,2026-03-16T05:58:55Z,results/raw/uniform_vs_heterogeneous_regime_mapping_v1_theta__beta_spread/uniform_vs_heterogeneous_regime_mapping_v1_meta_theta__beta_spread/resolved_config.yaml,
1.0,uniform_vs_heterogeneous_regime_mapping_v1_theta__beta_spread,uniform_vs_heterogeneous_regime_mapping_v1_meta_theta__beta_spread,theta__beta_spread_grid_01_heterogeneous,heterogeneous,candidate,1,theta__beta_spread_parameter_pair_sweep,0,completed,,,1234,557384437,4284584593,1099293797,3897761708,20.0,0.01,0.05,0.01,100,distributional_beta,random,5,1.0,equal,2.6131513568326454,48.0,2.0,46.0,KR_minus_GR,136.2734159003012,2026-03-16T05:58:55Z,2026-03-16T06:01:12Z,results/raw/uniform_vs_heterogeneous_regime_mapping_v1_theta__beta_spread/uniform_vs_heterogeneous_regime_mapping_v1_meta_theta__beta_spread/resolved_config.yaml,
1.0,uniform_vs_heterogeneous_regime_mapping_v1_theta__beta_spread,uniform_vs_heterogeneous_regime_mapping_v1_meta_theta__beta_spread,theta__beta_spread_grid_02_uniform,uniform,baseline,2,theta__beta_spread_parameter_pair_sweep,1,completed,,,1234,1420838081,3315515159,3245661404,,20.0,0.01,0.05,0.01,100,uniform,,,,,2.5990238129349543,43.0,2.0,41.0,KR_minus_GR,93.31119609996676,2026-03-16T06:01:12Z,2026-03-16T06:02:45Z,results/raw/uniform_vs_heterogeneous_regime_mapping_v1_theta__beta_spread/uniform_vs_heterogeneous_regime_mapping_v1_meta_theta__beta_spread/resolved_config.yaml,
1.0,uniform_vs_heterogeneous_regime_mapping_v1_theta__beta_spread,uniform_vs_heterogeneous_regime_mapping_v1_meta_theta__beta_spread,theta__beta_spread_grid_02_heterogeneous,heterogeneous,candidate,2,theta__beta_spread_parameter_pair_sweep,1,completed,,,1234,1420838081,3315515159,3245661404,3897761708,20.0,0.01,0.05,0.01,100,distributional_beta,random,5,1.4,equal,2.756604485211532,61.0,8.0,53.0,KR_minus_GR,137.09731819992885,2026-03-16T06:02:45Z,2026-03-16T06:05:02Z,results/raw/uniform_vs_heterogeneous_regime_mapping_v1_theta__beta_spread/uniform_vs_heterogeneous_regime_mapping_v1_meta_theta__beta_spread/resolved_config.yaml,
1.0,uniform_vs_heterogeneous_regime_mapping_v1_theta__beta_spread,uniform_vs_heterogeneous_regime_mapping_v1_meta_theta__beta_spread,theta__beta_spread_grid_03_uniform,uniform,baseline,3,theta__beta_spread_parameter_pair_sweep,2,completed,,,1234,2877095840,2219982920,2590698115,,20.0,0.01,0.05,0.01,100,uniform,,,,,1.9282422342017598,44.0,7.0,37.0,KR_minus_GR,93.56284309970215,2026-03-16T06:05:02Z,2026-03-16T06:06:35Z,results/raw/uniform_vs_heterogeneous_regime_mapping_v1_theta__beta_spread/uniform_vs_heterogeneous_regime_mapping_v1_meta_theta__beta_spread/resolved_config.yaml,
1.0,uniform_vs_heterogeneous_regime_mapping_v1_theta__beta_spread,uniform_vs_heterogeneous_regime_mapping_v1_meta_theta__beta_spread,theta__beta_spread_grid_03_heterogeneous,heterogeneous,candidate,3,theta__beta_spread_parameter_pair_sweep,2,completed,,,1234,2877095840,2219982920,2590698115,3897761708,20.0,0.01,0.05,0.01,100,distributional_beta,random,5,1.8,equal,2.3848277527692487,52.0,21.0,31.0,KR_minus_GR,136.85688039986417,2026-03-16T06:06:35Z,2026-03-16T06:08:52Z,results/raw/uniform_vs_heterogeneous_regime_mapping_v1_theta__beta_spread/uniform_vs_heterogeneous_regime_mapping_v1_meta_theta__beta_spread/resolved_config.yaml,
1.0,uniform_vs_heterogeneous_regime_mapping_v1_theta__beta_spread,uniform_vs_heterogeneous_regime_mapping_v1_meta_theta__beta_spread,theta__beta_spread_grid_04_uniform,uniform,baseline,4,theta__beta_spread_parameter_pair_sweep,3,completed,,,1234,3324148202,3070274865,3406246820,,20.0,0.01,0.05,0.01,100,uniform,,,,,2.551049148061689,34.0,2.0,32.0,KR_minus_GR,93.67825570004061,2026-03-16T06:08:52Z,2026-03-16T06:10:26Z,results/raw/uniform_vs_heterogeneous_regime_mapping_v1_theta__beta_spread/uniform_vs_heterogeneous_regime_mapping_v1_meta_theta__beta_spread/resolved_config.yaml,
1.0,uniform_vs_heterogeneous_regime_mapping_v1_theta__beta_spread,uniform_vs_heterogeneous_regime_mapping_v1_meta_theta__beta_spread,theta__beta_spread_grid_04_heterogeneous,heterogeneous,candidate,4,theta__beta_spread_parameter_pair_sweep,3,completed,,,1234,3324148202,3070274865,3406246820,3897761708,20.0,0.01,0.05,0.01,100,distributional_beta,random,5,2.2,equal,2.3856181289701084,53.0,2.0,51.0,KR_minus_GR,137.05522609967738,2026-03-16T06:10:26Z,2026-03-16T06:12:43Z,results/raw/uniform_vs_heterogeneous_regime_mapping_v1_theta__beta_spread/uniform_vs_heterogeneous_regime_mapping_v1_meta_theta__beta_spread/resolved_config.yaml,
1.0,uniform_vs_heterogeneous_regime_mapping_v1_theta__beta_spread,uniform_vs_heterogeneous_regime_mapping_v1_meta_theta__beta_spread,theta__beta_spread_grid_05_uniform,uniform,baseline,5,theta__beta_spread_parameter_pair_sweep,4,completed,,,1234,2730107343,836280899,272808745,,20.0,0.01,0.05,0.01,100,uniform,,,,,2.0538497615206666,33.0,2.0,31.0,KR_minus_GR,93.46658820006996,2026-03-16T06:12:43Z,2026-03-16T06:14:17Z,results/raw/uniform_vs_heterogeneous_regime_mapping_v1_theta__beta_spread/uniform_vs_heterogeneous_regime_mapping_v1_meta_theta__beta_spread/resolved_config.yaml,
1.0,uniform_vs_heterogeneous_regime_mapping_v1_theta__beta_spread,uniform_vs_heterogeneous_regime_mapping_v1_meta_theta__beta_spread,theta__beta_spread_grid_05_heterogeneous,heterogeneous,candidate,5,theta__beta_spread_parameter_pair_sweep,4,completed,,,1234,2730107343,836280899,272808745,3897761708,20.0,0.01,0.05,0.01,100,distributional_beta,random,5,2.6,equal,2.7184187791347876,50.0,2.0,48.0,KR_minus_GR,136.5371206998825,2026-03-16T06:14:17Z,2026-03-16T06:16:33Z,results/raw/uniform_vs_heterogeneous_regime_mapping_v1_theta__beta_spread/uniform_vs_heterogeneous_regime_mapping_v1_meta_theta__beta_spread/resolved_config.yaml,
1.0,uniform_vs_heterogeneous_regime_mapping_v1_theta__beta_spread,uniform_vs_heterogeneous_regime_mapping_v1_meta_theta__beta_spread,theta__beta_spread_grid_06_uniform,uniform,baseline,6,theta__beta_spread_parameter_pair_sweep,5,completed,,,1234,845667455,3180735762,2366377893,,20.0,0.01,0.05,0.01,100,uniform,,,,,2.204049441123644,36.0,4.0,32.0,KR_minus_GR,93.45850889990106,2026-03-16T06:16:33Z,2026-03-16T06:18:07Z,results/raw/uniform_vs_heterogeneous_regime_mapping_v1_theta__beta_spread/uniform_vs_heterogeneous_regime_mapping_v1_meta_theta__beta_spread/resolved_config.yaml,
1.0,uniform_vs_heterogeneous_regime_mapping_v1_theta__beta_spread,uniform_vs_heterogeneous_regime_mapping_v1_meta_theta__beta_spread,theta__beta_spread_grid_06_heterogeneous,heterogeneous,candidate,6,theta__beta_spread_parameter_pair_sweep,5,completed,,,1234,845667455,3180735762,2366377893,3897761708,20.0,0.01,0.05,0.01,100,distributional_beta,random,5,3.0,equal,2.4881436811762283,51.0,24.0,27.0,KR_minus_GR,136.81137860007584,2026-03-16T06:18:07Z,2026-03-16T06:20:23Z,results/raw/uniform_vs_heterogeneous_regime_mapping_v1_theta__beta_spread/uniform_vs_heterogeneous_regime_mapping_v1_meta_theta__beta_spread/resolved_config.yaml,
1.0,uniform_vs_heterogeneous_regime_mapping_v1_theta__beta_spread,uniform_vs_heterogeneous_regime_mapping_v1_meta_theta__beta_spread,theta__beta_spread_grid_07_uniform,uniform,baseline,7,theta__beta_spread_parameter_pair_sweep,6,completed,,,1234,2553641544,1534643511,559736296,,20.0,0.01,0.05,0.01,100,uniform,,,,,2.078594921835066,44.0,2.0,42.0,KR_minus_GR,93.51099510025233,2026-03-16T06:20:23Z,2026-03-16T06:21:57Z,results/raw/uniform_vs_heterogeneous_regime_mapping_v1_theta__beta_spread/uniform_vs_heterogeneous_regime_mapping_v1_meta_theta__beta_spread/resolved_config.yaml,
1.0,uniform_vs_heterogeneous_regime_mapping_v1_theta__beta_spread,uniform_vs_heterogeneous_regime_mapping_v1_meta_theta__beta_spread,theta__beta_spread_grid_07_heterogeneous,heterogeneous,candidate,7,theta__beta_spread_parameter_pair_sweep,6,completed,,,1234,2553641544,1534643511,559736296,3897761708,20.0,0.01,0.05,0.01,100,distributional_beta,random,5,3.4000000000000004,equal,2.6859649258352203,64.0,2.0,62.0,KR_minus_GR,136.71547910012305,2026-03-16T06:21:57Z,2026-03-16T06:24:14Z,results/raw/uniform_vs_heterogeneous_regime_mapping_v1_theta__beta_spread/uniform_vs_heterogeneous_regime_mapping_v1_meta_theta__beta_spread/resolved_config.yaml,
1.0,uniform_vs_heterogeneous_regime_mapping_v1_theta__beta_spread,uniform_vs_heterogeneous_regime_mapping_v1_meta_theta__beta_spread,theta__beta_spread_grid_08_uniform,uniform,baseline,8,theta__beta_spread_parameter_pair_sweep,7,completed,,,1234,820649975,3784784527,2505475035,,20.0,0.01,0.05,0.01,100,uniform,,,,,2.159369136184689,33.0,6.0,27.0,KR_minus_GR,93.50508899986744,2026-03-16T06:24:14Z,2026-03-16T06:25:47Z,results/raw/uniform_vs_heterogeneous_regime_mapping_v1_theta__beta_spread/uniform_vs_heterogeneous_regime_mapping_v1_meta_theta__beta_spread/resolved_config.yaml,
1.0,uniform_vs_heterogeneous_regime_mapping_v1_theta__beta_spread,uniform_vs_heterogeneous_regime_mapping_v1_meta_theta__beta_spread,theta__beta_spread_grid_08_heterogeneous,heterogeneous,candidate,8,theta__beta_spread_parameter_pair_sweep,7,completed,,,1234,820649975,3784784527,2505475035,3897761708,20.0,0.01,0.05,0.01,100,distributional_beta,random,5,3.8000000000000003,equal,2.8184227419076975,60.0,43.0,17.0,KR_minus_GR,136.67366049997509,2026-03-16T06:25:47Z,2026-03-16T06:28:04Z,results/raw/uniform_vs_heterogeneous_regime_mapping_v1_theta__beta_spread/uniform_vs_heterogeneous_regime_mapping_v1_meta_theta__beta_spread/resolved_config.yaml,
1.0,uniform_vs_heterogeneous_regime_mapping_v1_theta__beta_spread,uniform_vs_heterogeneous_regime_mapping_v1_meta_theta__beta_spread,theta__beta_spread_grid_09_uniform,uniform,baseline,9,theta__beta_spread_parameter_pair_sweep,8,completed,,,1234,2861565625,3653215253,3702444616,,20.0,0.01,0.05,0.01,100,uniform,,,,,2.0734163066155604,44.0,6.0,38.0,KR_minus_GR,93.41480359993875,2026-03-16T06:28:04Z,2026-03-16T06:29:37Z,results/raw/uniform_vs_heterogeneous_regime_mapping_v1_theta__beta_spread/uniform_vs_heterogeneous_regime_mapping_v1_meta_theta__beta_spread/resolved_config.yaml,
1.0,uniform_vs_heterogeneous_regime_mapping_v1_theta__beta_spread,uniform_vs_heterogeneous_regime_mapping_v1_meta_theta__beta_spread,theta__beta_spread_grid_09_heterogeneous,heterogeneous,candidate,9,theta__beta_spread_parameter_pair_sweep,8,completed,,,1234,2861565625,3653215253,3702444616,3897761708,20.0,0.01,0.05,0.01,100,distributional_beta,random,5,4.2,equal,2.450309771186122,56.0,18.0,38.0,KR_minus_GR,137.11893810005859,2026-03-16T06:29:37Z,2026-03-16T06:31:54Z,results/raw/uniform_vs_heterogeneous_regime_mapping_v1_theta__beta_spread/uniform_vs_heterogeneous_regime_mapping_v1_meta_theta__beta_spread/resolved_config.yaml,
1.0,uniform_vs_heterogeneous_regime_mapping_v1_theta__beta_spread,uniform_vs_heterogeneous_regime_mapping_v1_meta_theta__beta_spread,theta__beta_spread_grid_10_uniform,uniform,baseline,10,theta__beta_spread_parameter_pair_sweep,9,completed,,,1234,173019452,3335379282,3227370497,,20.0,0.01,0.05,0.01,100,uniform,,,,,2.0915950146193527,30.0,2.0,28.0,KR_minus_GR,93.37162660015747,2026-03-16T06:31:54Z,2026-03-16T06:33:28Z,results/raw/uniform_vs_heterogeneous_regime_mapping_v1_theta__beta_spread/uniform_vs_heterogeneous_regime_mapping_v1_meta_theta__beta_spread/resolved_config.yaml,
1.0,uniform_vs_heterogeneous_regime_mapping_v1_theta__beta_spread,uniform_vs_heterogeneous_regime_mapping_v1_meta_theta__beta_spread,theta__beta_spread_grid_10_heterogeneous,heterogeneous,candidate,10,theta__beta_spread_parameter_pair_sweep,9,completed,,,1234,173019452,3335379282,3227370497,3897761708,20.0,0.01,0.05,0.01,100,distributional_beta,random,5,4.6,equal,2.6250521760283867,59.0,3.0,56.0,KR_minus_GR,137.46397530008107,2026-03-16T06:33:28Z,2026-03-16T06:35:45Z,results/raw/uniform_vs_heterogeneous_regime_mapping_v1_theta__beta_spread/uniform_vs_heterogeneous_regime_mapping_v1_meta_theta__beta_spread/resolved_config.yaml,
1.0,uniform_vs_heterogeneous_regime_mapping_v1_theta__beta_spread,uniform_vs_heterogeneous_regime_mapping_v1_meta_theta__beta_spread,theta__beta_spread_grid_11_uniform,uniform,baseline,11,theta__beta_spread_parameter_pair_sweep,10,completed,,,1234,3051747814,2938311673,3927796037,,20.0,0.01,0.05,0.01,100,uniform,,,,,2.535668209355258,30.0,2.0,28.0,KR_minus_GR,93.46325680008158,2026-03-16T06:35:45Z,2026-03-16T06:37:19Z,results/raw/uniform_vs_heterogeneous_regime_mapping_v1_theta__beta_spread/uniform_vs_heterogeneous_regime_mapping_v1_meta_theta__beta_spread/resolved_config.yaml,
1.0,uniform_vs_heterogeneous_regime_mapping_v1_theta__beta_spread,uniform_vs_heterogeneous_regime_mapping_v1_meta_theta__beta_spread,theta__beta_spread_grid_11_heterogeneous,heterogeneous,candidate,11,theta__beta_spread_parameter_pair_sweep,10,completed,,,1234,3051747814,2938311673,3927796037,3897761708,20.0,0.01,0.05,0.01,100,distributional_beta,random,5,5.0,equal,3.14953803481073,67.0,3.0,64.0,KR_minus_GR,136.3246238003485,2026-03-16T06:37:19Z,2026-03-16T06:39:35Z,results/raw/uniform_vs_heterogeneous_regime_mapping_v1_theta__beta_spread/uniform_vs_heterogeneous_regime_mapping_v1_meta_theta__beta_spread/resolved_config.yaml,
1.0,uniform_vs_heterogeneous_regime_mapping_v1_theta__beta_spread,uniform_vs_heterogeneous_regime_mapping_v1_meta_theta__beta_spread,theta__beta_spread_grid_12_uniform,uniform,baseline,12,theta__beta_spread_parameter_pair_sweep,11,completed,,,1234,349346877,1491040069,1209011973,,20.0,0.06899999999999999,0.05,0.01,100,uniform,,,,,3.5159303442319008,88.0,1.0,87.0,KR_minus_GR,93.44044589996338,2026-03-16T06:39:35Z,2026-03-16T06:41:08Z,results/raw/uniform_vs_heterogeneous_regime_mapping_v1_theta__beta_spread/uniform_vs_heterogeneous_regime_mapping_v1_meta_theta__beta_spread/resolved_config.yaml,
1.0,uniform_vs_heterogeneous_regime_mapping_v1_theta__beta_spread,uniform_vs_heterogeneous_regime_mapping_v1_meta_theta__beta_spread,theta__beta_spread_grid_12_heterogeneous,heterogeneous,candidate,12,theta__beta_spread_parameter_pair_sweep,11,completed,,,1234,349346877,1491040069,1209011973,3897761708,20.0,0.06899999999999999,0.05,0.01,100,distributional_beta,random,5,1.0,equal,3.398030304317627,87.0,1.0,86.0,KR_minus_GR,136.55987109988928,2026-03-16T06:41:08Z,2026-03-16T06:43:25Z,results/raw/uniform_vs_heterogeneous_regime_mapping_v1_theta__beta_spread/uniform_vs_heterogeneous_regime_mapping_v1_meta_theta__beta_spread/resolved_config.yaml,
1.0,uniform_vs_heterogeneous_regime_mapping_v1_theta__beta_spread,uniform_vs_heterogeneous_regime_mapping_v1_meta_theta__beta_spread,theta__beta_spread_grid_13_uniform,uniform,baseline,13,theta__beta_spread_parameter_pair_sweep,12,completed,,,1234,3283383610,2237597193,1484433474,,20.0,0.06899999999999999,0.05,0.01,100,uniform,,,,,3.7558611334178864,78.0,1.0,77.0,KR_minus_GR,93.32527670031413,2026-03-16T06:43:25Z,2026-03-16T06:44:58Z,results/raw/uniform_vs_heterogeneous_regime_mapping_v1_theta__beta_spread/uniform_vs_heterogeneous_regime_mapping_v1_meta_theta__beta_spread/resolved_config.yaml,
1.0,uniform_vs_heterogeneous_regime_mapping_v1_theta__beta_spread,uniform_vs_heterogeneous_regime_mapping_v1_meta_theta__beta_spread,theta__beta_spread_grid_13_heterogeneous,heterogeneous,candidate,13,theta__beta_spread_parameter_pair_sweep,12,completed,,,1234,3283383610,2237597193,1484433474,3897761708,20.0,0.06899999999999999,0.05,0.01,100,distributional_beta,random,5,1.4,equal,3.9037817170534845,73.0,1.0,72.0,KR_minus_GR,137.0056749000214,2026-03-16T06:44:58Z,2026-03-16T06:47:15Z,results/raw/uniform_vs_heterogeneous_regime_mapping_v1_theta__beta_spread/uniform_vs_heterogeneous_regime_mapping_v1_meta_theta__beta_spread/resolved_config.yaml,
1.0,uniform_vs_heterogeneous_regime_mapping_v1_theta__beta_spread,uniform_vs_heterogeneous_regime_mapping_v1_meta_theta__beta_spread,theta__beta_spread_grid_14_uniform,uniform,baseline,14,theta__beta_spread_parameter_pair_sweep,13,completed,,,1234,1498703894,3051669214,2246098719,,20.0,0.06899999999999999,0.05,0.01,100,uniform,,,,,3.5098000382675707,86.0,1.0,85.0,KR_minus_GR,93.36618309980258,2026-03-16T06:47:15Z,2026-03-16T06:48:49Z,results/raw/uniform_vs_heterogeneous_regime_mapping_v1_theta__beta_spread/uniform_vs_heterogeneous_regime_mapping_v1_meta_theta__beta_spread/resolved_config.yaml,
1.0,uniform_vs_heterogeneous_regime_mapping_v1_theta__beta_spread,uniform_vs_heterogeneous_regime_mapping_v1_meta_theta__beta_spread,theta__beta_spread_grid_14_heterogeneous,heterogeneous,candidate,14,theta__beta_spread_parameter_pair_sweep,13,completed,,,1234,1498703894,3051669214,2246098719,3897761708,20.0,0.06899999999999999,0.05,0.01,100,distributional_beta,random,5,1.8,equal,3.4219088800967583,79.0,1.0,78.0,KR_minus_GR,137.54666970018297,2026-03-16T06:48:49Z,2026-03-16T06:51:06Z,results/raw/uniform_vs_heterogeneous_regime_mapping_v1_theta__beta_spread/uniform_vs_heterogeneous_regime_mapping_v1_meta_theta__beta_spread/resolved_config.yaml,
1.0,uniform_vs_heterogeneous_regime_mapping_v1_theta__beta_spread,uniform_vs_heterogeneous_regime_mapping_v1_meta_theta__beta_spread,theta__beta_spread_grid_15_uniform,uniform,baseline,15,theta__beta_spread_parameter_pair_sweep,14,completed,,,1234,561358417,1089557608,3730222718,,20.0,0.06899999999999999,0.05,0.01,100,uniform,,,,,3.119676994943515,82.0,1.0,81.0,KR_minus_GR,93.42093760007992,2026-03-16T06:51:06Z,2026-03-16T06:52:40Z,results/raw/uniform_vs_heterogeneous_regime_mapping_v1_theta__beta_spread/uniform_vs_heterogeneous_regime_mapping_v1_meta_theta__beta_spread/resolved_config.yaml,
1.0,uniform_vs_heterogeneous_regime_mapping_v1_theta__beta_spread,uniform_vs_heterogeneous_regime_mapping_v1_meta_theta__beta_spread,theta__beta_spread_grid_15_heterogeneous,heterogeneous,candidate,15,theta__beta_spread_parameter_pair_sweep,14,completed,,,1234,561358417,1089557608,3730222718,3897761708,20.0,0.06899999999999999,0.05,0.01,100,distributional_beta,random,5,2.2,equal,2.418840764176979,78.0,1.0,77.0,KR_minus_GR,137.65115029970184,2026-03-16T06:52:40Z,2026-03-16T06:54:57Z,results/raw/uniform_vs_heterogeneous_regime_mapping_v1_theta__beta_spread/uniform_vs_heterogeneous_regime_mapping_v1_meta_theta__beta_spread/resolved_config.yaml,
1.0,uniform_vs_heterogeneous_regime_mapping_v1_theta__beta_spread,uniform_vs_heterogeneous_regime_mapping_v1_meta_theta__beta_spread,theta__beta_spread_grid_16_uniform,uniform,baseline,16,theta__beta_spread_parameter_pair_sweep,15,completed,,,1234,3831752978,140309103,777858740,,20.0,0.06899999999999999,0.05,0.01,100,uniform,,,,,3.465582785575755,89.0,1.0,88.0,KR_minus_GR,93.54208369972184,2026-03-16T06:54:57Z,2026-03-16T06:56:31Z,results/raw/uniform_vs_heterogeneous_regime_mapping_v1_theta__beta_spread/uniform_vs_heterogeneous_regime_mapping_v1_meta_theta__beta_spread/resolved_config.yaml,
1.0,uniform_vs_heterogeneous_regime_mapping_v1_theta__beta_spread,uniform_vs_heterogeneous_regime_mapping_v1_meta_theta__beta_spread,theta__beta_spread_grid_16_heterogeneous,heterogeneous,candidate,16,theta__beta_spread_parameter_pair_sweep,15,completed,,,1234,3831752978,140309103,777858740,3897761708,20.0,0.06899999999999999,0.05,0.01,100,distributional_beta,random,5,2.6,equal,3.268702309824871,89.0,2.0,87.0,KR_minus_GR,137.85454329987988,2026-03-16T06:56:31Z,2026-03-16T06:58:49Z,results/raw/uniform_vs_heterogeneous_regime_mapping_v1_theta__beta_spread/uniform_vs_heterogeneous_regime_mapping_v1_meta_theta__beta_spread/resolved_config.yaml,
1.0,uniform_vs_heterogeneous_regime_mapping_v1_theta__beta_spread,uniform_vs_heterogeneous_regime_mapping_v1_meta_theta__beta_spread,theta__beta_spread_grid_17_uniform,uniform,baseline,17,theta__beta_spread_parameter_pair_sweep,16,completed,,,1234,2310362745,1172260544,2315437138,,20.0,0.06899999999999999,0.05,0.01,100,uniform,,,,,3.4219404840938488,85.0,1.0,84.0,KR_minus_GR,93.3898204001598,2026-03-16T06:58:49Z,2026-03-16T07:00:22Z,results/raw/uniform_vs_heterogeneous_regime_mapping_v1_theta__beta_spread/uniform_vs_heterogeneous_regime_mapping_v1_meta_theta__beta_spread/resolved_config.yaml,
1.0,uniform_vs_heterogeneous_regime_mapping_v1_theta__beta_spread,uniform_vs_heterogeneous_regime_mapping_v1_meta_theta__beta_spread,theta__beta_spread_grid_17_heterogeneous,heterogeneous,candidate,17,theta__beta_spread_parameter_pair_sweep,16,completed,,,1234,2310362745,1172260544,2315437138,3897761708,20.0,0.06899999999999999,0.05,0.01,100,distributional_beta,random,5,3.0,equal,3.15298233212844,83.0,3.0,80.0,KR_minus_GR,137.0947805000469,2026-03-16T07:00:22Z,2026-03-16T07:02:39Z,results/raw/uniform_vs_heterogeneous_regime_mapping_v1_theta__beta_spread/uniform_vs_heterogeneous_regime_mapping_v1_meta_theta__beta_spread/resolved_config.yaml,
1.0,uniform_vs_heterogeneous_regime_mapping_v1_theta__beta_spread,uniform_vs_heterogeneous_regime_mapping_v1_meta_theta__beta_spread,theta__beta_spread_grid_18_uniform,uniform,baseline,18,theta__beta_spread_parameter_pair_sweep,17,completed,,,1234,3334406920,2891657080,2180530600,,20.0,0.06899999999999999,0.05,0.01,100,uniform,,,,,3.8430739033134858,82.0,1.0,81.0,KR_minus_GR,93.63681239960715,2026-03-16T07:02:39Z,2026-03-16T07:04:13Z,results/raw/uniform_vs_heterogeneous_regime_mapping_v1_theta__beta_spread/uniform_vs_heterogeneous_regime_mapping_v1_meta_theta__beta_spread/resolved_config.yaml,
1.0,uniform_vs_heterogeneous_regime_mapping_v1_theta__beta_spread,uniform_vs_heterogeneous_regime_mapping_v1_meta_theta__beta_spread,theta__beta_spread_grid_18_heterogeneous,heterogeneous,candidate,18,theta__beta_spread_parameter_pair_sweep,17,completed,,,1234,3334406920,2891657080,2180530600,3897761708,20.0,0.06899999999999999,0.05,0.01,100,distributional_beta,random,5,3.4000000000000004,equal,3.9431906008565796,82.0,2.0,80.0,KR_minus_GR,136.21155000012368,2026-03-16T07:04:13Z,2026-03-16T07:06:29Z,results/raw/uniform_vs_heterogeneous_regime_mapping_v1_theta__beta_spread/uniform_vs_heterogeneous_regime_mapping_v1_meta_theta__beta_spread/resolved_config.yaml,
1.0,uniform_vs_heterogeneous_regime_mapping_v1_theta__beta_spread,uniform_vs_heterogeneous_regime_mapping_v1_meta_theta__beta_spread,theta__beta_spread_grid_19_uniform,uniform,baseline,19,theta__beta_spread_parameter_pair_sweep,18,completed,,,1234,1949921660,2190979501,2296498402,,20.0,0.06899999999999999,0.05,0.01,100,uniform,,,,,3.8756861277436974,82.0,1.0,81.0,KR_minus_GR,93.32663789996877,2026-03-16T07:06:29Z,2026-03-16T07:08:02Z,results/raw/uniform_vs_heterogeneous_regime_mapping_v1_theta__beta_spread/uniform_vs_heterogeneous_regime_mapping_v1_meta_theta__beta_spread/resolved_config.yaml,
1.0,uniform_vs_heterogeneous_regime_mapping_v1_theta__beta_spread,uniform_vs_heterogeneous_regime_mapping_v1_meta_theta__beta_spread,theta__beta_spread_grid_19_heterogeneous,heterogeneous,candidate,19,theta__beta_spread_parameter_pair_sweep,18,completed,,,1234,1949921660,2190979501,2296498402,3897761708,20.0,0.06899999999999999,0.05,0.01,100,distributional_beta,random,5,3.8000000000000003,equal,3.2810909887623683,78.0,5.0,73.0,KR_minus_GR,137.3391144000925,2026-03-16T07:08:02Z,2026-03-16T07:10:20Z,results/raw/uniform_vs_heterogeneous_regime_mapping_v1_theta__beta_spread/uniform_vs_heterogeneous_regime_mapping_v1_meta_theta__beta_spread/resolved_config.yaml,
1.0,uniform_vs_heterogeneous_regime_mapping_v1_theta__beta_spread,uniform_vs_heterogeneous_regime_mapping_v1_meta_theta__beta_spread,theta__beta_spread_grid_20_uniform,uniform,baseline,20,theta__beta_spread_parameter_pair_sweep,19,completed,,,1234,1240878390,2757162680,1024490212,,20.0,0.06899999999999999,0.05,0.01,100,uniform,,,,,3.3294709188505793,84.0,2.0,82.0,KR_minus_GR,93.41789510007948,2026-03-16T07:10:20Z,2026-03-16T07:11:53Z,results/raw/uniform_vs_heterogeneous_regime_mapping_v1_theta__beta_spread/uniform_vs_heterogeneous_regime_mapping_v1_meta_theta__beta_spread/resolved_config.yaml,
1.0,uniform_vs_heterogeneous_regime_mapping_v1_theta__beta_spread,uniform_vs_heterogeneous_regime_mapping_v1_meta_theta__beta_spread,theta__beta_spread_grid_20_heterogeneous,heterogeneous,candidate,20,theta__beta_spread_parameter_pair_sweep,19,completed,,,1234,1240878390,2757162680,1024490212,3897761708,20.0,0.06899999999999999,0.05,0.01,100,distributional_beta,random,5,4.2,equal,3.7271339774084655,91.0,2.0,89.0,KR_minus_GR,136.92790530016646,2026-03-16T07:11:53Z,2026-03-16T07:14:10Z,results/raw/uniform_vs_heterogeneous_regime_mapping_v1_theta__beta_spread/uniform_vs_heterogeneous_regime_mapping_v1_meta_theta__beta_spread/resolved_config.yaml,
1.0,uniform_vs_heterogeneous_regime_mapping_v1_theta__beta_spread,uniform_vs_heterogeneous_regime_mapping_v1_meta_theta__beta_spread,theta__beta_spread_grid_21_uniform,uniform,baseline,21,theta__beta_spread_parameter_pair_sweep,20,completed,,,1234,1443379480,235820628,1331743193,,20.0,0.06899999999999999,0.05,0.01,100,uniform,,,,,2.844240260349765,81.0,2.0,79.0,KR_minus_GR,93.35043349955231,2026-03-16T07:14:10Z,2026-03-16T07:15:43Z,results/raw/uniform_vs_heterogeneous_regime_mapping_v1_theta__beta_spread/uniform_vs_heterogeneous_regime_mapping_v1_meta_theta__beta_spread/resolved_config.yaml,
1.0,uniform_vs_heterogeneous_regime_mapping_v1_theta__beta_spread,uniform_vs_heterogeneous_regime_mapping_v1_meta_theta__beta_spread,theta__beta_spread_grid_21_heterogeneous,heterogeneous,candidate,21,theta__beta_spread_parameter_pair_sweep,20,completed,,,1234,1443379480,235820628,1331743193,3897761708,20.0,0.06899999999999999,0.05,0.01,100,distributional_beta,random,5,4.6,equal,3.4590958667902503,85.0,2.0,83.0,KR_minus_GR,137.67377420002595,2026-03-16T07:15:43Z,2026-03-16T07:18:01Z,results/raw/uniform_vs_heterogeneous_regime_mapping_v1_theta__beta_spread/uniform_vs_heterogeneous_regime_mapping_v1_meta_theta__beta_spread/resolved_config.yaml,
1.0,uniform_vs_heterogeneous_regime_mapping_v1_theta__beta_spread,uniform_vs_heterogeneous_regime_mapping_v1_meta_theta__beta_spread,theta__beta_spread_grid_22_uniform,uniform,baseline,22,theta__beta_spread_parameter_pair_sweep,21,completed,,,1234,2612121780,1195119090,3369815799,,20.0,0.06899999999999999,0.05,0.01,100,uniform,,,,,3.2585908347556134,74.0,1.0,73.0,KR_minus_GR,93.62992259999737,2026-03-16T07:18:01Z,2026-03-16T07:19:35Z,results/raw/uniform_vs_heterogeneous_regime_mapping_v1_theta__beta_spread/uniform_vs_heterogeneous_regime_mapping_v1_meta_theta__beta_spread/resolved_config.yaml,
1.0,uniform_vs_heterogeneous_regime_mapping_v1_theta__beta_spread,uniform_vs_heterogeneous_regime_mapping_v1_meta_theta__beta_spread,theta__beta_spread_grid_22_heterogeneous,heterogeneous,candidate,22,theta__beta_spread_parameter_pair_sweep,21,completed,,,1234,2612121780,1195119090,3369815799,3897761708,20.0,0.06899999999999999,0.05,0.01,100,distributional_beta,random,5,5.0,equal,3.634494585806196,75.0,2.0,73.0,KR_minus_GR,137.63716660020873,2026-03-16T07:19:35Z,2026-03-16T07:21:52Z,results/raw/uniform_vs_heterogeneous_regime_mapping_v1_theta__beta_spread/uniform_vs_heterogeneous_regime_mapping_v1_meta_theta__beta_spread/resolved_config.yaml,
1.0,uniform_vs_heterogeneous_regime_mapping_v1_theta__beta_spread,uniform_vs_heterogeneous_regime_mapping_v1_meta_theta__beta_spread,theta__beta_spread_grid_23_uniform,uniform,baseline,23,theta__beta_spread_parameter_pair_sweep,22,completed,,,1234,491212468,639730780,2426936498,,20.0,0.128,0.05,0.01,100,uniform,,,,,3.2516118438082895,82.0,1.0,81.0,KR_minus_GR,94.22862509964034,2026-03-16T07:21:52Z,2026-03-16T07:23:27Z,results/raw/uniform_vs_heterogeneous_regime_mapping_v1_theta__beta_spread/uniform_vs_heterogeneous_regime_mapping_v1_meta_theta__beta_spread/resolved_config.yaml,
1.0,uniform_vs_heterogeneous_regime_mapping_v1_theta__beta_spread,uniform_vs_heterogeneous_regime_mapping_v1_meta_theta__beta_spread,theta__beta_spread_grid_23_heterogeneous,heterogeneous,candidate,23,theta__beta_spread_parameter_pair_sweep,22,completed,,,1234,491212468,639730780,2426936498,3897761708,20.0,0.128,0.05,0.01,100,distributional_beta,random,5,1.0,equal,3.0540301099443012,75.0,1.0,74.0,KR_minus_GR,137.54277560021728,2026-03-16T07:23:27Z,2026-03-16T07:25:44Z,results/raw/uniform_vs_heterogeneous_regime_mapping_v1_theta__beta_spread/uniform_vs_heterogeneous_regime_mapping_v1_meta_theta__beta_spread/resolved_config.yaml,
1.0,uniform_vs_heterogeneous_regime_mapping_v1_theta__beta_spread,uniform_vs_heterogeneous_regime_mapping_v1_meta_theta__beta_spread,theta__beta_spread_grid_24_uniform,uniform,baseline,24,theta__beta_spread_parameter_pair_sweep,23,completed,,,1234,2936744238,1954826618,216515674,,20.0,0.128,0.05,0.01,100,uniform,,,,,3.6837727126770043,85.0,1.0,84.0,KR_minus_GR,93.63599879993126,2026-03-16T07:25:44Z,2026-03-16T07:27:18Z,results/raw/uniform_vs_heterogeneous_regime_mapping_v1_theta__beta_spread/uniform_vs_heterogeneous_regime_mapping_v1_meta_theta__beta_spread/resolved_config.yaml,
1.0,uniform_vs_heterogeneous_regime_mapping_v1_theta__beta_spread,uniform_vs_heterogeneous_regime_mapping_v1_meta_theta__beta_spread,theta__beta_spread_grid_24_heterogeneous,heterogeneous,candidate,24,theta__beta_spread_parameter_pair_sweep,23,completed,,,1234,2936744238,1954826618,216515674,3897761708,20.0,0.128,0.05,0.01,100,distributional_beta,random,5,1.4,equal,3.6379140580116136,80.0,1.0,79.0,KR_minus_GR,137.65059130033478,2026-03-16T07:27:18Z,2026-03-16T07:29:35Z,results/raw/uniform_vs_heterogeneous_regime_mapping_v1_theta__beta_spread/uniform_vs_heterogeneous_regime_mapping_v1_meta_theta__beta_spread/resolved_config.yaml,
1.0,uniform_vs_heterogeneous_regime_mapping_v1_theta__beta_spread,uniform_vs_heterogeneous_regime_mapping_v1_meta_theta__beta_spread,theta__beta_spread_grid_25_uniform,uniform,baseline,25,theta__beta_spread_parameter_pair_sweep,24,completed,,,1234,998925781,858011228,1665825923,,20.0,0.128,0.05,0.01,100,uniform,,,,,3.46285376991694,83.0,1.0,82.0,KR_minus_GR,94.0726695000194,2026-03-16T07:29:35Z,2026-03-16T07:31:09Z,results/raw/uniform_vs_heterogeneous_regime_mapping_v1_theta__beta_spread/uniform_vs_heterogeneous_regime_mapping_v1_meta_theta__beta_spread/resolved_config.yaml,
1.0,uniform_vs_heterogeneous_regime_mapping_v1_theta__beta_spread,uniform_vs_heterogeneous_regime_mapping_v1_meta_theta__beta_spread,theta__beta_spread_grid_25_heterogeneous,heterogeneous,candidate,25,theta__beta_spread_parameter_pair_sweep,24,completed,,,1234,998925781,858011228,1665825923,3897761708,20.0,0.128,0.05,0.01,100,distributional_beta,random,5,1.8,equal,3.4179054062318297,70.0,1.0,69.0,KR_minus_GR,138.25711070001125,2026-03-16T07:31:09Z,2026-03-16T07:33:28Z,results/raw/uniform_vs_heterogeneous_regime_mapping_v1_theta__beta_spread/uniform_vs_heterogeneous_regime_mapping_v1_meta_theta__beta_spread/resolved_config.yaml,
1.0,uniform_vs_heterogeneous_regime_mapping_v1_theta__beta_spread,uniform_vs_heterogeneous_regime_mapping_v1_meta_theta__beta_spread,theta__beta_spread_grid_26_uniform,uniform,baseline,26,theta__beta_spread_parameter_pair_sweep,25,completed,,,1234,3341645679,457886829,3538871409,,20.0,0.128,0.05,0.01,100,uniform,,,,,3.907994778130979,85.0,1.0,84.0,KR_minus_GR,93.5516796996817,2026-03-16T07:33:28Z,2026-03-16T07:35:01Z,results/raw/uniform_vs_heterogeneous_regime_mapping_v1_theta__beta_spread/uniform_vs_heterogeneous_regime_mapping_v1_meta_theta__beta_spread/resolved_config.yaml,
1.0,uniform_vs_heterogeneous_regime_mapping_v1_theta__beta_spread,uniform_vs_heterogeneous_regime_mapping_v1_meta_theta__beta_spread,theta__beta_spread_grid_26_heterogeneous,heterogeneous,candidate,26,theta__beta_spread_parameter_pair_sweep,25,completed,,,1234,3341645679,457886829,3538871409,3897761708,20.0,0.128,0.05,0.01,100,distributional_beta,random,5,2.2,equal,3.314587119356822,76.0,1.0,75.0,KR_minus_GR,137.10706780012697,2026-03-16T07:35:01Z,2026-03-16T07:37:18Z,results/raw/uniform_vs_heterogeneous_regime_mapping_v1_theta__beta_spread/uniform_vs_heterogeneous_regime_mapping_v1_meta_theta__beta_spread/resolved_config.yaml,
1.0,uniform_vs_heterogeneous_regime_mapping_v1_theta__beta_spread,uniform_vs_heterogeneous_regime_mapping_v1_meta_theta__beta_spread,theta__beta_spread_grid_27_uniform,uniform,baseline,27,theta__beta_spread_parameter_pair_sweep,26,completed,,,1234,3770675915,2370894938,3298362815,,20.0,0.128,0.05,0.01,100,uniform,,,,,3.7130279947998783,85.0,1.0,84.0,KR_minus_GR,93.65871419990435,2026-03-16T07:37:18Z,2026-03-16T07:38:52Z,results/raw/uniform_vs_heterogeneous_regime_mapping_v1_theta__beta_spread/uniform_vs_heterogeneous_regime_mapping_v1_meta_theta__beta_spread/resolved_config.yaml,
1.0,uniform_vs_heterogeneous_regime_mapping_v1_theta__beta_spread,uniform_vs_heterogeneous_regime_mapping_v1_meta_theta__beta_spread,theta__beta_spread_grid_27_heterogeneous,heterogeneous,candidate,27,theta__beta_spread_parameter_pair_sweep,26,completed,,,1234,3770675915,2370894938,3298362815,3897761708,20.0,0.128,0.05,0.01,100,distributional_beta,random,5,2.6,equal,3.463461861548437,84.0,2.0,82.0,KR_minus_GR,137.28181459987536,2026-03-16T07:38:52Z,2026-03-16T07:41:09Z,results/raw/uniform_vs_heterogeneous_regime_mapping_v1_theta__beta_spread/uniform_vs_heterogeneous_regime_mapping_v1_meta_theta__beta_spread/resolved_config.yaml,
1.0,uniform_vs_heterogeneous_regime_mapping_v1_theta__beta_spread,uniform_vs_heterogeneous_regime_mapping_v1_meta_theta__beta_spread,theta__beta_spread_grid_28_uniform,uniform,baseline,28,theta__beta_spread_parameter_pair_sweep,27,completed,,,1234,941057151,1608557929,2356006179,,20.0,0.128,0.05,0.01,100,uniform,,,,,3.8660889337375806,84.0,1.0,83.0,KR_minus_GR,93.39428049977869,2026-03-16T07:41:09Z,2026-03-16T07:42:43Z,results/raw/uniform_vs_heterogeneous_regime_mapping_v1_theta__beta_spread/uniform_vs_heterogeneous_regime_mapping_v1_meta_theta__beta_spread/resolved_config.yaml,
1.0,uniform_vs_heterogeneous_regime_mapping_v1_theta__beta_spread,uniform_vs_heterogeneous_regime_mapping_v1_meta_theta__beta_spread,theta__beta_spread_grid_28_heterogeneous,heterogeneous,candidate,28,theta__beta_spread_parameter_pair_sweep,27,completed,,,1234,941057151,1608557929,2356006179,3897761708,20.0,0.128,0.05,0.01,100,distributional_beta,random,5,3.0,equal,3.73333434751097,77.0,1.0,76.0,KR_minus_GR,137.7976534999907,2026-03-16T07:42:43Z,2026-03-16T07:45:01Z,results/raw/uniform_vs_heterogeneous_regime_mapping_v1_theta__beta_spread/uniform_vs_heterogeneous_regime_mapping_v1_meta_theta__beta_spread/resolved_config.yaml,
1.0,uniform_vs_heterogeneous_regime_mapping_v1_theta__beta_spread,uniform_vs_heterogeneous_regime_mapping_v1_meta_theta__beta_spread,theta__beta_spread_grid_29_uniform,uniform,baseline,29,theta__beta_spread_parameter_pair_sweep,28,completed,,,1234,2215109747,1487910696,1914032874,,20.0,0.128,0.05,0.01,100,uniform,,,,,3.912251394312214,85.0,1.0,84.0,KR_minus_GR,93.53223689971492,2026-03-16T07:45:01Z,2026-03-16T07:46:34Z,results/raw/uniform_vs_heterogeneous_regime_mapping_v1_theta__beta_spread/uniform_vs_heterogeneous_regime_mapping_v1_meta_theta__beta_spread/resolved_config.yaml,
1.0,uniform_vs_heterogeneous_regime_mapping_v1_theta__beta_spread,uniform_vs_heterogeneous_regime_mapping_v1_meta_theta__beta_spread,theta__beta_spread_grid_29_heterogeneous,heterogeneous,candidate,29,theta__beta_spread_parameter_pair_sweep,28,completed,,,1234,2215109747,1487910696,1914032874,3897761708,20.0,0.128,0.05,0.01,100,distributional_beta,random,5,3.4000000000000004,equal,3.3647246696489845,78.0,1.0,77.0,KR_minus_GR,136.90177590027452,2026-03-16T07:46:34Z,2026-03-16T07:48:51Z,results/raw/uniform_vs_heterogeneous_regime_mapping_v1_theta__beta_spread/uniform_vs_heterogeneous_regime_mapping_v1_meta_theta__beta_spread/resolved_config.yaml,
1.0,uniform_vs_heterogeneous_regime_mapping_v1_theta__beta_spread,uniform_vs_heterogeneous_regime_mapping_v1_meta_theta__beta_spread,theta__beta_spread_grid_30_uniform,uniform,baseline,30,theta__beta_spread_parameter_pair_sweep,29,completed,,,1234,2416810949,3200246158,4282125702,,20.0,0.128,0.05,0.01,100,uniform,,,,,3.8163821439831347,90.0,1.0,89.0,KR_minus_GR,93.74598479969427,2026-03-16T07:48:51Z,2026-03-16T07:50:25Z,results/raw/uniform_vs_heterogeneous_regime_mapping_v1_theta__beta_spread/uniform_vs_heterogeneous_regime_mapping_v1_meta_theta__beta_spread/resolved_config.yaml,
1.0,uniform_vs_heterogeneous_regime_mapping_v1_theta__beta_spread,uniform_vs_heterogeneous_regime_mapping_v1_meta_theta__beta_spread,theta__beta_spread_grid_30_heterogeneous,heterogeneous,candidate,30,theta__beta_spread_parameter_pair_sweep,29,completed,,,1234,2416810949,3200246158,4282125702,3897761708,20.0,0.128,0.05,0.01,100,distributional_beta,random,5,3.8000000000000003,equal,3.877555371133685,84.0,2.0,82.0,KR_minus_GR,136.61045569973066,2026-03-16T07:50:25Z,2026-03-16T07:52:41Z,results/raw/uniform_vs_heterogeneous_regime_mapping_v1_theta__beta_spread/uniform_vs_heterogeneous_regime_mapping_v1_meta_theta__beta_spread/resolved_config.yaml,
1.0,uniform_vs_heterogeneous_regime_mapping_v1_theta__beta_spread,uniform_vs_heterogeneous_regime_mapping_v1_meta_theta__beta_spread,theta__beta_spread_grid_31_uniform,uniform,baseline,31,theta__beta_spread_parameter_pair_sweep,30,completed,,,1234,558317995,3659360184,941084673,,20.0,0.128,0.05,0.01,100,uniform,,,,,4.115159470977906,85.0,1.0,84.0,KR_minus_GR,93.40874919993803,2026-03-16T07:52:41Z,2026-03-16T07:54:15Z,results/raw/uniform_vs_heterogeneous_regime_mapping_v1_theta__beta_spread/uniform_vs_heterogeneous_regime_mapping_v1_meta_theta__beta_spread/resolved_config.yaml,
1.0,uniform_vs_heterogeneous_regime_mapping_v1_theta__beta_spread,uniform_vs_heterogeneous_regime_mapping_v1_meta_theta__beta_spread,theta__beta_spread_grid_31_heterogeneous,heterogeneous,candidate,31,theta__beta_spread_parameter_pair_sweep,30,completed,,,1234,558317995,3659360184,941084673,3897761708,20.0,0.128,0.05,0.01,100,distributional_beta,random,5,4.2,equal,3.9717066433497528,78.0,2.0,76.0,KR_minus_GR,137.87186000030488,2026-03-16T07:54:15Z,2026-03-16T07:56:33Z,results/raw/uniform_vs_heterogeneous_regime_mapping_v1_theta__beta_spread/uniform_vs_heterogeneous_regime_mapping_v1_meta_theta__beta_spread/resolved_config.yaml,
1.0,uniform_vs_heterogeneous_regime_mapping_v1_theta__beta_spread,uniform_vs_heterogeneous_regime_mapping_v1_meta_theta__beta_spread,theta__beta_spread_grid_32_uniform,uniform,baseline,32,theta__beta_spread_parameter_pair_sweep,31,completed,,,1234,2229074049,1163828947,2400508265,,20.0,0.128,0.05,0.01,100,uniform,,,,,4.026859090281178,81.0,1.0,80.0,KR_minus_GR,94.07230959972367,2026-03-16T07:56:33Z,2026-03-16T07:58:07Z,results/raw/uniform_vs_heterogeneous_regime_mapping_v1_theta__beta_spread/uniform_vs_heterogeneous_regime_mapping_v1_meta_theta__beta_spread/resolved_config.yaml,
1.0,uniform_vs_heterogeneous_regime_mapping_v1_theta__beta_spread,uniform_vs_heterogeneous_regime_mapping_v1_meta_theta__beta_spread,theta__beta_spread_grid_32_heterogeneous,heterogeneous,candidate,32,theta__beta_spread_parameter_pair_sweep,31,completed,,,1234,2229074049,1163828947,2400508265,3897761708,20.0,0.128,0.05,0.01,100,distributional_beta,random,5,4.6,equal,3.985656125161604,72.0,2.0,70.0,KR_minus_GR,137.24889869987965,2026-03-16T07:58:07Z,2026-03-16T08:00:24Z,results/raw/uniform_vs_heterogeneous_regime_mapping_v1_theta__beta_spread/uniform_vs_heterogeneous_regime_mapping_v1_meta_theta__beta_spread/resolved_config.yaml,
1.0,uniform_vs_heterogeneous_regime_mapping_v1_theta__beta_spread,uniform_vs_heterogeneous_regime_mapping_v1_meta_theta__beta_spread,theta__beta_spread_grid_33_uniform,uniform,baseline,33,theta__beta_spread_parameter_pair_sweep,32,completed,,,1234,3632097554,465452834,657304465,,20.0,0.128,0.05,0.01,100,uniform,,,,,3.4819517577191013,83.0,1.0,82.0,KR_minus_GR,93.8761817002669,2026-03-16T08:00:24Z,2026-03-16T08:01:58Z,results/raw/uniform_vs_heterogeneous_regime_mapping_v1_theta__beta_spread/uniform_vs_heterogeneous_regime_mapping_v1_meta_theta__beta_spread/resolved_config.yaml,
1.0,uniform_vs_heterogeneous_regime_mapping_v1_theta__beta_spread,uniform_vs_heterogeneous_regime_mapping_v1_meta_theta__beta_spread,theta__beta_spread_grid_33_heterogeneous,heterogeneous,candidate,33,theta__beta_spread_parameter_pair_sweep,32,completed,,,1234,3632097554,465452834,657304465,3897761708,20.0,0.128,0.05,0.01,100,distributional_beta,random,5,5.0,equal,2.9647075977080144,74.0,2.0,72.0,KR_minus_GR,137.25399510003626,2026-03-16T08:01:58Z,2026-03-16T08:04:15Z,results/raw/uniform_vs_heterogeneous_regime_mapping_v1_theta__beta_spread/uniform_vs_heterogeneous_regime_mapping_v1_meta_theta__beta_spread/resolved_config.yaml,
1.0,uniform_vs_heterogeneous_regime_mapping_v1_theta__beta_spread,uniform_vs_heterogeneous_regime_mapping_v1_meta_theta__beta_spread,theta__beta_spread_grid_34_uniform,uniform,baseline,34,theta__beta_spread_parameter_pair_sweep,33,completed,,,1234,2567759408,260932833,1910684027,,20.0,0.187,0.05,0.01,100,uniform,,,,,3.2694613080070116,85.0,1.0,84.0,KR_minus_GR,93.79746240004897,2026-03-16T08:04:15Z,2026-03-16T08:05:49Z,results/raw/uniform_vs_heterogeneous_regime_mapping_v1_theta__beta_spread/uniform_vs_heterogeneous_regime_mapping_v1_meta_theta__beta_spread/resolved_config.yaml,
1.0,uniform_vs_heterogeneous_regime_mapping_v1_theta__beta_spread,uniform_vs_heterogeneous_regime_mapping_v1_meta_theta__beta_spread,theta__beta_spread_grid_34_heterogeneous,heterogeneous,candidate,34,theta__beta_spread_parameter_pair_sweep,33,completed,,,1234,2567759408,260932833,1910684027,3897761708,20.0,0.187,0.05,0.01,100,distributional_beta,random,5,1.0,equal,3.2613074026990554,76.0,1.0,75.0,KR_minus_GR,136.94899639999494,2026-03-16T08:05:49Z,2026-03-16T08:08:06Z,results/raw/uniform_vs_heterogeneous_regime_mapping_v1_theta__beta_spread/uniform_vs_heterogeneous_regime_mapping_v1_meta_theta__beta_spread/resolved_config.yaml,
1.0,uniform_vs_heterogeneous_regime_mapping_v1_theta__beta_spread,uniform_vs_heterogeneous_regime_mapping_v1_meta_theta__beta_spread,theta__beta_spread_grid_35_uniform,uniform,baseline,35,theta__beta_spread_parameter_pair_sweep,34,completed,,,1234,497034915,2991699869,3440523128,,20.0,0.187,0.05,0.01,100,uniform,,,,,3.7355521476864197,88.0,1.0,87.0,KR_minus_GR,93.43270560028031,2026-03-16T08:08:06Z,2026-03-16T08:09:39Z,results/raw/uniform_vs_heterogeneous_regime_mapping_v1_theta__beta_spread/uniform_vs_heterogeneous_regime_mapping_v1_meta_theta__beta_spread/resolved_config.yaml,
1.0,uniform_vs_heterogeneous_regime_mapping_v1_theta__beta_spread,uniform_vs_heterogeneous_regime_mapping_v1_meta_theta__beta_spread,theta__beta_spread_grid_35_heterogeneous,heterogeneous,candidate,35,theta__beta_spread_parameter_pair_sweep,34,completed,,,1234,497034915,2991699869,3440523128,3897761708,20.0,0.187,0.05,0.01,100,distributional_beta,random,5,1.4,equal,3.9232370345489955,82.0,1.0,81.0,KR_minus_GR,136.76647239970043,2026-03-16T08:09:39Z,2026-03-16T08:11:56Z,results/raw/uniform_vs_heterogeneous_regime_mapping_v1_theta__beta_spread/uniform_vs_heterogeneous_regime_mapping_v1_meta_theta__beta_spread/resolved_config.yaml,
1.0,uniform_vs_heterogeneous_regime_mapping_v1_theta__beta_spread,uniform_vs_heterogeneous_regime_mapping_v1_meta_theta__beta_spread,theta__beta_spread_grid_36_uniform,uniform,baseline,36,theta__beta_spread_parameter_pair_sweep,35,completed,,,1234,1083038525,86752051,1321251118,,20.0,0.187,0.05,0.01,100,uniform,,,,,3.361189006257453,81.0,1.0,80.0,KR_minus_GR,93.49642059998587,2026-03-16T08:11:56Z,2026-03-16T08:13:30Z,results/raw/uniform_vs_heterogeneous_regime_mapping_v1_theta__beta_spread/uniform_vs_heterogeneous_regime_mapping_v1_meta_theta__beta_spread/resolved_config.yaml,
1.0,uniform_vs_heterogeneous_regime_mapping_v1_theta__beta_spread,uniform_vs_heterogeneous_regime_mapping_v1_meta_theta__beta_spread,theta__beta_spread_grid_36_heterogeneous,heterogeneous,candidate,36,theta__beta_spread_parameter_pair_sweep,35,completed,,,1234,1083038525,86752051,1321251118,3897761708,20.0,0.187,0.05,0.01,100,distributional_beta,random,5,1.8,equal,3.4244414794886744,70.0,1.0,69.0,KR_minus_GR,137.91827350016683,2026-03-16T08:13:30Z,2026-03-16T08:15:47Z,results/raw/uniform_vs_heterogeneous_regime_mapping_v1_theta__beta_spread/uniform_vs_heterogeneous_regime_mapping_v1_meta_theta__beta_spread/resolved_config.yaml,
1.0,uniform_vs_heterogeneous_regime_mapping_v1_theta__beta_spread,uniform_vs_heterogeneous_regime_mapping_v1_meta_theta__beta_spread,theta__beta_spread_grid_37_uniform,uniform,baseline,37,theta__beta_spread_parameter_pair_sweep,36,completed,,,1234,536348740,3660727062,2092807939,,20.0,0.187,0.05,0.01,100,uniform,,,,,3.2955295110517646,85.0,1.0,84.0,KR_minus_GR,94.16051209997386,2026-03-16T08:15:47Z,2026-03-16T08:17:22Z,results/raw/uniform_vs_heterogeneous_regime_mapping_v1_theta__beta_spread/uniform_vs_heterogeneous_regime_mapping_v1_meta_theta__beta_spread/resolved_config.yaml,
1.0,uniform_vs_heterogeneous_regime_mapping_v1_theta__beta_spread,uniform_vs_heterogeneous_regime_mapping_v1_meta_theta__beta_spread,theta__beta_spread_grid_37_heterogeneous,heterogeneous,candidate,37,theta__beta_spread_parameter_pair_sweep,36,completed,,,1234,536348740,3660727062,2092807939,3897761708,20.0,0.187,0.05,0.01,100,distributional_beta,random,5,2.2,equal,3.1579864798753574,75.0,1.0,74.0,KR_minus_GR,137.46481750020757,2026-03-16T08:17:22Z,2026-03-16T08:19:39Z,results/raw/uniform_vs_heterogeneous_regime_mapping_v1_theta__beta_spread/uniform_vs_heterogeneous_regime_mapping_v1_meta_theta__beta_spread/resolved_config.yaml,
1.0,uniform_vs_heterogeneous_regime_mapping_v1_theta__beta_spread,uniform_vs_heterogeneous_regime_mapping_v1_meta_theta__beta_spread,theta__beta_spread_grid_38_uniform,uniform,baseline,38,theta__beta_spread_parameter_pair_sweep,37,completed,,,1234,2751935958,2253353761,156623708,,20.0,0.187,0.05,0.01,100,uniform,,,,,3.6753299773694383,82.0,1.0,81.0,KR_minus_GR,93.60758530022576,2026-03-16T08:19:39Z,2026-03-16T08:21:13Z,results/raw/uniform_vs_heterogeneous_regime_mapping_v1_theta__beta_spread/uniform_vs_heterogeneous_regime_mapping_v1_meta_theta__beta_spread/resolved_config.yaml,
1.0,uniform_vs_heterogeneous_regime_mapping_v1_theta__beta_spread,uniform_vs_heterogeneous_regime_mapping_v1_meta_theta__beta_spread,theta__beta_spread_grid_38_heterogeneous,heterogeneous,candidate,38,theta__beta_spread_parameter_pair_sweep,37,completed,,,1234,2751935958,2253353761,156623708,3897761708,20.0,0.187,0.05,0.01,100,distributional_beta,random,5,2.6,equal,3.561618872084177,77.0,1.0,76.0,KR_minus_GR,137.94037379976362,2026-03-16T08:21:13Z,2026-03-16T08:23:31Z,results/raw/uniform_vs_heterogeneous_regime_mapping_v1_theta__beta_spread/uniform_vs_heterogeneous_regime_mapping_v1_meta_theta__beta_spread/resolved_config.yaml,
1.0,uniform_vs_heterogeneous_regime_mapping_v1_theta__beta_spread,uniform_vs_heterogeneous_regime_mapping_v1_meta_theta__beta_spread,theta__beta_spread_grid_39_uniform,uniform,baseline,39,theta__beta_spread_parameter_pair_sweep,38,completed,,,1234,2602012957,1290416650,1845714525,,20.0,0.187,0.05,0.01,100,uniform,,,,,3.568517438896152,82.0,1.0,81.0,KR_minus_GR,93.58867359999567,2026-03-16T08:23:31Z,2026-03-16T08:25:04Z,results/raw/uniform_vs_heterogeneous_regime_mapping_v1_theta__beta_spread/uniform_vs_heterogeneous_regime_mapping_v1_meta_theta__beta_spread/resolved_config.yaml,
1.0,uniform_vs_heterogeneous_regime_mapping_v1_theta__beta_spread,uniform_vs_heterogeneous_regime_mapping_v1_meta_theta__beta_spread,theta__beta_spread_grid_39_heterogeneous,heterogeneous,candidate,39,theta__beta_spread_parameter_pair_sweep,38,completed,,,1234,2602012957,1290416650,1845714525,3897761708,20.0,0.187,0.05,0.01,100,distributional_beta,random,5,3.0,equal,3.3957865854437648,77.0,1.0,76.0,KR_minus_GR,136.95979180000722,2026-03-16T08:25:04Z,2026-03-16T08:27:21Z,results/raw/uniform_vs_heterogeneous_regime_mapping_v1_theta__beta_spread/uniform_vs_heterogeneous_regime_mapping_v1_meta_theta__beta_spread/resolved_config.yaml,
1.0,uniform_vs_heterogeneous_regime_mapping_v1_theta__beta_spread,uniform_vs_heterogeneous_regime_mapping_v1_meta_theta__beta_spread,theta__beta_spread_grid_40_uniform,uniform,baseline,40,theta__beta_spread_parameter_pair_sweep,39,completed,,,1234,1907038877,1152328794,4239369196,,20.0,0.187,0.05,0.01,100,uniform,,,,,3.9471158089827316,77.0,1.0,76.0,KR_minus_GR,93.51712400000542,2026-03-16T08:27:21Z,2026-03-16T08:28:55Z,results/raw/uniform_vs_heterogeneous_regime_mapping_v1_theta__beta_spread/uniform_vs_heterogeneous_regime_mapping_v1_meta_theta__beta_spread/resolved_config.yaml,
1.0,uniform_vs_heterogeneous_regime_mapping_v1_theta__beta_spread,uniform_vs_heterogeneous_regime_mapping_v1_meta_theta__beta_spread,theta__beta_spread_grid_40_heterogeneous,heterogeneous,candidate,40,theta__beta_spread_parameter_pair_sweep,39,completed,,,1234,1907038877,1152328794,4239369196,3897761708,20.0,0.187,0.05,0.01,100,distributional_beta,random,5,3.4000000000000004,equal,3.552287097548983,69.0,1.0,68.0,KR_minus_GR,136.9915684000589,2026-03-16T08:28:55Z,2026-03-16T08:31:12Z,results/raw/uniform_vs_heterogeneous_regime_mapping_v1_theta__beta_spread/uniform_vs_heterogeneous_regime_mapping_v1_meta_theta__beta_spread/resolved_config.yaml,
1.0,uniform_vs_heterogeneous_regime_mapping_v1_theta__beta_spread,uniform_vs_heterogeneous_regime_mapping_v1_meta_theta__beta_spread,theta__beta_spread_grid_41_uniform,uniform,baseline,41,theta__beta_spread_parameter_pair_sweep,40,completed,,,1234,1453147537,1062121603,1261227742,,20.0,0.187,0.05,0.01,100,uniform,,,,,4.016613323107336,77.0,1.0,76.0,KR_minus_GR,93.73434250010177,2026-03-16T08:31:12Z,2026-03-16T08:32:45Z,results/raw/uniform_vs_heterogeneous_regime_mapping_v1_theta__beta_spread/uniform_vs_heterogeneous_regime_mapping_v1_meta_theta__beta_spread/resolved_config.yaml,
1.0,uniform_vs_heterogeneous_regime_mapping_v1_theta__beta_spread,uniform_vs_heterogeneous_regime_mapping_v1_meta_theta__beta_spread,theta__beta_spread_grid_41_heterogeneous,heterogeneous,candidate,41,theta__beta_spread_parameter_pair_sweep,40,completed,,,1234,1453147537,1062121603,1261227742,3897761708,20.0,0.187,0.05,0.01,100,distributional_beta,random,5,3.8000000000000003,equal,4.028081149387759,65.0,1.0,64.0,KR_minus_GR,137.3610082999803,2026-03-16T08:32:45Z,2026-03-16T08:35:03Z,results/raw/uniform_vs_heterogeneous_regime_mapping_v1_theta__beta_spread/uniform_vs_heterogeneous_regime_mapping_v1_meta_theta__beta_spread/resolved_config.yaml,
1.0,uniform_vs_heterogeneous_regime_mapping_v1_theta__beta_spread,uniform_vs_heterogeneous_regime_mapping_v1_meta_theta__beta_spread,theta__beta_spread_grid_42_uniform,uniform,baseline,42,theta__beta_spread_parameter_pair_sweep,41,completed,,,1234,4114065347,3247853397,2912670184,,20.0,0.187,0.05,0.01,100,uniform,,,,,3.3079600648996843,83.0,1.0,82.0,KR_minus_GR,93.4606594000943,2026-03-16T08:35:03Z,2026-03-16T08:36:36Z,results/raw/uniform_vs_heterogeneous_regime_mapping_v1_theta__beta_spread/uniform_vs_heterogeneous_regime_mapping_v1_meta_theta__beta_spread/resolved_config.yaml,
1.0,uniform_vs_heterogeneous_regime_mapping_v1_theta__beta_spread,uniform_vs_heterogeneous_regime_mapping_v1_meta_theta__beta_spread,theta__beta_spread_grid_42_heterogeneous,heterogeneous,candidate,42,theta__beta_spread_parameter_pair_sweep,41,completed,,,1234,4114065347,3247853397,2912670184,3897761708,20.0,0.187,0.05,0.01,100,distributional_beta,random,5,4.2,equal,3.449152279968124,76.0,2.0,74.0,KR_minus_GR,137.51670440007,2026-03-16T08:36:36Z,2026-03-16T08:38:54Z,results/raw/uniform_vs_heterogeneous_regime_mapping_v1_theta__beta_spread/uniform_vs_heterogeneous_regime_mapping_v1_meta_theta__beta_spread/resolved_config.yaml,
1.0,uniform_vs_heterogeneous_regime_mapping_v1_theta__beta_spread,uniform_vs_heterogeneous_regime_mapping_v1_meta_theta__beta_spread,theta__beta_spread_grid_43_uniform,uniform,baseline,43,theta__beta_spread_parameter_pair_sweep,42,completed,,,1234,1700135630,2308302346,1114433315,,20.0,0.187,0.05,0.01,100,uniform,,,,,3.1288635447292448,79.0,1.0,78.0,KR_minus_GR,93.5899789002724,2026-03-16T08:38:54Z,2026-03-16T08:40:27Z,results/raw/uniform_vs_heterogeneous_regime_mapping_v1_theta__beta_spread/uniform_vs_heterogeneous_regime_mapping_v1_meta_theta__beta_spread/resolved_config.yaml,
1.0,uniform_vs_heterogeneous_regime_mapping_v1_theta__beta_spread,uniform_vs_heterogeneous_regime_mapping_v1_meta_theta__beta_spread,theta__beta_spread_grid_43_heterogeneous,heterogeneous,candidate,43,theta__beta_spread_parameter_pair_sweep,42,completed,,,1234,1700135630,2308302346,1114433315,3897761708,20.0,0.187,0.05,0.01,100,distributional_beta,random,5,4.6,equal,3.5007138715122608,69.0,2.0,67.0,KR_minus_GR,136.9418167998083,2026-03-16T08:40:27Z,2026-03-16T08:42:44Z,results/raw/uniform_vs_heterogeneous_regime_mapping_v1_theta__beta_spread/uniform_vs_heterogeneous_regime_mapping_v1_meta_theta__beta_spread/resolved_config.yaml,
1.0,uniform_vs_heterogeneous_regime_mapping_v1_theta__beta_spread,uniform_vs_heterogeneous_regime_mapping_v1_meta_theta__beta_spread,theta__beta_spread_grid_44_uniform,uniform,baseline,44,theta__beta_spread_parameter_pair_sweep,43,completed,,,1234,1724648099,2347422777,3495343450,,20.0,0.187,0.05,0.01,100,uniform,,,,,3.03999134450684,81.0,1.0,80.0,KR_minus_GR,93.74619239987805,2026-03-16T08:42:44Z,2026-03-16T08:44:18Z,results/raw/uniform_vs_heterogeneous_regime_mapping_v1_theta__beta_spread/uniform_vs_heterogeneous_regime_mapping_v1_meta_theta__beta_spread/resolved_config.yaml,
1.0,uniform_vs_heterogeneous_regime_mapping_v1_theta__beta_spread,uniform_vs_heterogeneous_regime_mapping_v1_meta_theta__beta_spread,theta__beta_spread_grid_44_heterogeneous,heterogeneous,candidate,44,theta__beta_spread_parameter_pair_sweep,43,completed,,,1234,1724648099,2347422777,3495343450,3897761708,20.0,0.187,0.05,0.01,100,distributional_beta,random,5,5.0,equal,3.1956036628781477,71.0,2.0,69.0,KR_minus_GR,136.9935161997564,2026-03-16T08:44:18Z,2026-03-16T08:46:35Z,results/raw/uniform_vs_heterogeneous_regime_mapping_v1_theta__beta_spread/uniform_vs_heterogeneous_regime_mapping_v1_meta_theta__beta_spread/resolved_config.yaml,
1.0,uniform_vs_heterogeneous_regime_mapping_v1_theta__beta_spread,uniform_vs_heterogeneous_regime_mapping_v1_meta_theta__beta_spread,theta__beta_spread_grid_45_uniform,uniform,baseline,45,theta__beta_spread_parameter_pair_sweep,44,completed,,,1234,102986405,787628727,3848914606,,20.0,0.246,0.05,0.01,100,uniform,,,,,3.4755700661357776,82.0,1.0,81.0,KR_minus_GR,93.54182100016624,2026-03-16T08:46:35Z,2026-03-16T08:48:09Z,results/raw/uniform_vs_heterogeneous_regime_mapping_v1_theta__beta_spread/uniform_vs_heterogeneous_regime_mapping_v1_meta_theta__beta_spread/resolved_config.yaml,
1.0,uniform_vs_heterogeneous_regime_mapping_v1_theta__beta_spread,uniform_vs_heterogeneous_regime_mapping_v1_meta_theta__beta_spread,theta__beta_spread_grid_45_heterogeneous,heterogeneous,candidate,45,theta__beta_spread_parameter_pair_sweep,44,completed,,,1234,102986405,787628727,3848914606,3897761708,20.0,0.246,0.05,0.01,100,distributional_beta,random,5,1.0,equal,3.385417962095702,73.0,1.0,72.0,KR_minus_GR,136.69376790011302,2026-03-16T08:48:09Z,2026-03-16T08:50:25Z,results/raw/uniform_vs_heterogeneous_regime_mapping_v1_theta__beta_spread/uniform_vs_heterogeneous_regime_mapping_v1_meta_theta__beta_spread/resolved_config.yaml,
1.0,uniform_vs_heterogeneous_regime_mapping_v1_theta__beta_spread,uniform_vs_heterogeneous_regime_mapping_v1_meta_theta__beta_spread,theta__beta_spread_grid_46_uniform,uniform,baseline,46,theta__beta_spread_parameter_pair_sweep,45,completed,,,1234,4170395418,20730319,1753928110,,20.0,0.246,0.05,0.01,100,uniform,,,,,3.6264356381156775,84.0,1.0,83.0,KR_minus_GR,93.73996469983831,2026-03-16T08:50:25Z,2026-03-16T08:51:59Z,results/raw/uniform_vs_heterogeneous_regime_mapping_v1_theta__beta_spread/uniform_vs_heterogeneous_regime_mapping_v1_meta_theta__beta_spread/resolved_config.yaml,
1.0,uniform_vs_heterogeneous_regime_mapping_v1_theta__beta_spread,uniform_vs_heterogeneous_regime_mapping_v1_meta_theta__beta_spread,theta__beta_spread_grid_46_heterogeneous,heterogeneous,candidate,46,theta__beta_spread_parameter_pair_sweep,45,completed,,,1234,4170395418,20730319,1753928110,3897761708,20.0,0.246,0.05,0.01,100,distributional_beta,random,5,1.4,equal,3.6185348571375515,73.0,1.0,72.0,KR_minus_GR,137.54941779980436,2026-03-16T08:51:59Z,2026-03-16T08:54:17Z,results/raw/uniform_vs_heterogeneous_regime_mapping_v1_theta__beta_spread/uniform_vs_heterogeneous_regime_mapping_v1_meta_theta__beta_spread/resolved_config.yaml,
1.0,uniform_vs_heterogeneous_regime_mapping_v1_theta__beta_spread,uniform_vs_heterogeneous_regime_mapping_v1_meta_theta__beta_spread,theta__beta_spread_grid_47_uniform,uniform,baseline,47,theta__beta_spread_parameter_pair_sweep,46,completed,,,1234,2619905895,947886730,572748979,,20.0,0.246,0.05,0.01,100,uniform,,,,,3.746633457528375,84.0,1.0,83.0,KR_minus_GR,93.78223320003599,2026-03-16T08:54:17Z,2026-03-16T08:55:50Z,results/raw/uniform_vs_heterogeneous_regime_mapping_v1_theta__beta_spread/uniform_vs_heterogeneous_regime_mapping_v1_meta_theta__beta_spread/resolved_config.yaml,
1.0,uniform_vs_heterogeneous_regime_mapping_v1_theta__beta_spread,uniform_vs_heterogeneous_regime_mapping_v1_meta_theta__beta_spread,theta__beta_spread_grid_47_heterogeneous,heterogeneous,candidate,47,theta__beta_spread_parameter_pair_sweep,46,completed,,,1234,2619905895,947886730,572748979,3897761708,20.0,0.246,0.05,0.01,100,distributional_beta,random,5,1.8,equal,3.8860996503575853,73.0,1.0,72.0,KR_minus_GR,138.16546959988773,2026-03-16T08:55:50Z,2026-03-16T08:58:09Z,results/raw/uniform_vs_heterogeneous_regime_mapping_v1_theta__beta_spread/uniform_vs_heterogeneous_regime_mapping_v1_meta_theta__beta_spread/resolved_config.yaml,
1.0,uniform_vs_heterogeneous_regime_mapping_v1_theta__beta_spread,uniform_vs_heterogeneous_regime_mapping_v1_meta_theta__beta_spread,theta__beta_spread_grid_48_uniform,uniform,baseline,48,theta__beta_spread_parameter_pair_sweep,47,completed,,,1234,901780484,3179849581,3507244300,,20.0,0.246,0.05,0.01,100,uniform,,,,,3.5962158345584427,83.0,1.0,82.0,KR_minus_GR,93.82820089999586,2026-03-16T08:58:09Z,2026-03-16T08:59:42Z,results/raw/uniform_vs_heterogeneous_regime_mapping_v1_theta__beta_spread/uniform_vs_heterogeneous_regime_mapping_v1_meta_theta__beta_spread/resolved_config.yaml,
1.0,uniform_vs_heterogeneous_regime_mapping_v1_theta__beta_spread,uniform_vs_heterogeneous_regime_mapping_v1_meta_theta__beta_spread,theta__beta_spread_grid_48_heterogeneous,heterogeneous,candidate,48,theta__beta_spread_parameter_pair_sweep,47,completed,,,1234,901780484,3179849581,3507244300,3897761708,20.0,0.246,0.05,0.01,100,distributional_beta,random,5,2.2,equal,3.620533232321485,74.0,1.0,73.0,KR_minus_GR,138.43897299980745,2026-03-16T08:59:42Z,2026-03-16T09:02:01Z,results/raw/uniform_vs_heterogeneous_regime_mapping_v1_theta__beta_spread/uniform_vs_heterogeneous_regime_mapping_v1_meta_theta__beta_spread/resolved_config.yaml,
1.0,uniform_vs_heterogeneous_regime_mapping_v1_theta__beta_spread,uniform_vs_heterogeneous_regime_mapping_v1_meta_theta__beta_spread,theta__beta_spread_grid_49_uniform,uniform,baseline,49,theta__beta_spread_parameter_pair_sweep,48,completed,,,1234,3731728325,2582231369,1826447489,,20.0,0.246,0.05,0.01,100,uniform,,,,,3.717969797143442,85.0,1.0,84.0,KR_minus_GR,93.71679170010611,2026-03-16T09:02:01Z,2026-03-16T09:03:35Z,results/raw/uniform_vs_heterogeneous_regime_mapping_v1_theta__beta_spread/uniform_vs_heterogeneous_regime_mapping_v1_meta_theta__beta_spread/resolved_config.yaml,
1.0,uniform_vs_heterogeneous_regime_mapping_v1_theta__beta_spread,uniform_vs_heterogeneous_regime_mapping_v1_meta_theta__beta_spread,theta__beta_spread_grid_49_heterogeneous,heterogeneous,candidate,49,theta__beta_spread_parameter_pair_sweep,48,completed,,,1234,3731728325,2582231369,1826447489,3897761708,20.0,0.246,0.05,0.01,100,distributional_beta,random,5,2.6,equal,3.0141053935712647,77.0,1.0,76.0,KR_minus_GR,137.04036280000582,2026-03-16T09:03:35Z,2026-03-16T09:05:52Z,results/raw/uniform_vs_heterogeneous_regime_mapping_v1_theta__beta_spread/uniform_vs_heterogeneous_regime_mapping_v1_meta_theta__beta_spread/resolved_config.yaml,
1.0,uniform_vs_heterogeneous_regime_mapping_v1_theta__beta_spread,uniform_vs_heterogeneous_regime_mapping_v1_meta_theta__beta_spread,theta__beta_spread_grid_50_uniform,uniform,baseline,50,theta__beta_spread_parameter_pair_sweep,49,completed,,,1234,1593229545,2172363452,3298738234,,20.0,0.246,0.05,0.01,100,uniform,,,,,3.387906917129211,81.0,1.0,80.0,KR_minus_GR,93.76593959983438,2026-03-16T09:05:52Z,2026-03-16T09:07:25Z,results/raw/uniform_vs_heterogeneous_regime_mapping_v1_theta__beta_spread/uniform_vs_heterogeneous_regime_mapping_v1_meta_theta__beta_spread/resolved_config.yaml,
1.0,uniform_vs_heterogeneous_regime_mapping_v1_theta__beta_spread,uniform_vs_heterogeneous_regime_mapping_v1_meta_theta__beta_spread,theta__beta_spread_grid_50_heterogeneous,heterogeneous,candidate,50,theta__beta_spread_parameter_pair_sweep,49,completed,,,1234,1593229545,2172363452,3298738234,3897761708,20.0,0.246,0.05,0.01,100,distributional_beta,random,5,3.0,equal,3.375373968169716,67.0,1.0,66.0,KR_minus_GR,137.05436379974708,2026-03-16T09:07:25Z,2026-03-16T09:09:42Z,results/raw/uniform_vs_heterogeneous_regime_mapping_v1_theta__beta_spread/uniform_vs_heterogeneous_regime_mapping_v1_meta_theta__beta_spread/resolved_config.yaml,
1.0,uniform_vs_heterogeneous_regime_mapping_v1_theta__beta_spread,uniform_vs_heterogeneous_regime_mapping_v1_meta_theta__beta_spread,theta__beta_spread_grid_51_uniform,uniform,baseline,51,theta__beta_spread_parameter_pair_sweep,50,completed,,,1234,3689829390,1612456305,3962214019,,20.0,0.246,0.05,0.01,100,uniform,,,,,3.3569443529576137,80.0,1.0,79.0,KR_minus_GR,94.76250609988347,2026-03-16T09:09:42Z,2026-03-16T09:11:17Z,results/raw/uniform_vs_heterogeneous_regime_mapping_v1_theta__beta_spread/uniform_vs_heterogeneous_regime_mapping_v1_meta_theta__beta_spread/resolved_config.yaml,
1.0,uniform_vs_heterogeneous_regime_mapping_v1_theta__beta_spread,uniform_vs_heterogeneous_regime_mapping_v1_meta_theta__beta_spread,theta__beta_spread_grid_51_heterogeneous,heterogeneous,candidate,51,theta__beta_spread_parameter_pair_sweep,50,completed,,,1234,3689829390,1612456305,3962214019,3897761708,20.0,0.246,0.05,0.01,100,distributional_beta,random,5,3.4000000000000004,equal,3.5017747457072668,69.0,1.0,68.0,KR_minus_GR,137.25291500007734,2026-03-16T09:11:17Z,2026-03-16T09:13:34Z,results/raw/uniform_vs_heterogeneous_regime_mapping_v1_theta__beta_spread/uniform_vs_heterogeneous_regime_mapping_v1_meta_theta__beta_spread/resolved_config.yaml,
1.0,uniform_vs_heterogeneous_regime_mapping_v1_theta__beta_spread,uniform_vs_heterogeneous_regime_mapping_v1_meta_theta__beta_spread,theta__beta_spread_grid_52_uniform,uniform,baseline,52,theta__beta_spread_parameter_pair_sweep,51,completed,,,1234,3593424145,1146442990,1214942181,,20.0,0.246,0.05,0.01,100,uniform,,,,,3.088506502307145,80.0,1.0,79.0,KR_minus_GR,93.59554889984429,2026-03-16T09:13:34Z,2026-03-16T09:15:08Z,results/raw/uniform_vs_heterogeneous_regime_mapping_v1_theta__beta_spread/uniform_vs_heterogeneous_regime_mapping_v1_meta_theta__beta_spread/resolved_config.yaml,
1.0,uniform_vs_heterogeneous_regime_mapping_v1_theta__beta_spread,uniform_vs_heterogeneous_regime_mapping_v1_meta_theta__beta_spread,theta__beta_spread_grid_52_heterogeneous,heterogeneous,candidate,52,theta__beta_spread_parameter_pair_sweep,51,completed,,,1234,3593424145,1146442990,1214942181,3897761708,20.0,0.246,0.05,0.01,100,distributional_beta,random,5,3.8000000000000003,equal,2.9066165175489576,68.0,1.0,67.0,KR_minus_GR,137.13970539998263,2026-03-16T09:15:08Z,2026-03-16T09:17:25Z,results/raw/uniform_vs_heterogeneous_regime_mapping_v1_theta__beta_spread/uniform_vs_heterogeneous_regime_mapping_v1_meta_theta__beta_spread/resolved_config.yaml,
1.0,uniform_vs_heterogeneous_regime_mapping_v1_theta__beta_spread,uniform_vs_heterogeneous_regime_mapping_v1_meta_theta__beta_spread,theta__beta_spread_grid_53_uniform,uniform,baseline,53,theta__beta_spread_parameter_pair_sweep,52,completed,,,1234,3473869916,1800170571,2678034935,,20.0,0.246,0.05,0.01,100,uniform,,,,,3.0882247156724247,81.0,1.0,80.0,KR_minus_GR,93.65068109985441,2026-03-16T09:17:25Z,2026-03-16T09:18:59Z,results/raw/uniform_vs_heterogeneous_regime_mapping_v1_theta__beta_spread/uniform_vs_heterogeneous_regime_mapping_v1_meta_theta__beta_spread/resolved_config.yaml,
1.0,uniform_vs_heterogeneous_regime_mapping_v1_theta__beta_spread,uniform_vs_heterogeneous_regime_mapping_v1_meta_theta__beta_spread,theta__beta_spread_grid_53_heterogeneous,heterogeneous,candidate,53,theta__beta_spread_parameter_pair_sweep,52,completed,,,1234,3473869916,1800170571,2678034935,3897761708,20.0,0.246,0.05,0.01,100,distributional_beta,random,5,4.2,equal,3.0913292344580534,70.0,1.0,69.0,KR_minus_GR,136.87840010039508,2026-03-16T09:18:59Z,2026-03-16T09:21:16Z,results/raw/uniform_vs_heterogeneous_regime_mapping_v1_theta__beta_spread/uniform_vs_heterogeneous_regime_mapping_v1_meta_theta__beta_spread/resolved_config.yaml,
1.0,uniform_vs_heterogeneous_regime_mapping_v1_theta__beta_spread,uniform_vs_heterogeneous_regime_mapping_v1_meta_theta__beta_spread,theta__beta_spread_grid_54_uniform,uniform,baseline,54,theta__beta_spread_parameter_pair_sweep,53,completed,,,1234,1148196959,3048196223,2568168663,,20.0,0.246,0.05,0.01,100,uniform,,,,,4.189971713176406,87.0,1.0,86.0,KR_minus_GR,93.54926029965281,2026-03-16T09:21:16Z,2026-03-16T09:22:49Z,results/raw/uniform_vs_heterogeneous_regime_mapping_v1_theta__beta_spread/uniform_vs_heterogeneous_regime_mapping_v1_meta_theta__beta_spread/resolved_config.yaml,
1.0,uniform_vs_heterogeneous_regime_mapping_v1_theta__beta_spread,uniform_vs_heterogeneous_regime_mapping_v1_meta_theta__beta_spread,theta__beta_spread_grid_54_heterogeneous,heterogeneous,candidate,54,theta__beta_spread_parameter_pair_sweep,53,completed,,,1234,1148196959,3048196223,2568168663,3897761708,20.0,0.246,0.05,0.01,100,distributional_beta,random,5,4.6,equal,3.893413203261151,75.0,1.0,74.0,KR_minus_GR,137.23810470011085,2026-03-16T09:22:49Z,2026-03-16T09:25:06Z,results/raw/uniform_vs_heterogeneous_regime_mapping_v1_theta__beta_spread/uniform_vs_heterogeneous_regime_mapping_v1_meta_theta__beta_spread/resolved_config.yaml,
1.0,uniform_vs_heterogeneous_regime_mapping_v1_theta__beta_spread,uniform_vs_heterogeneous_regime_mapping_v1_meta_theta__beta_spread,theta__beta_spread_grid_55_uniform,uniform,baseline,55,theta__beta_spread_parameter_pair_sweep,54,completed,,,1234,4224082481,2220787683,1080824074,,20.0,0.246,0.05,0.01,100,uniform,,,,,3.8104528303254455,84.0,1.0,83.0,KR_minus_GR,93.6634432002902,2026-03-16T09:25:06Z,2026-03-16T09:26:40Z,results/raw/uniform_vs_heterogeneous_regime_mapping_v1_theta__beta_spread/uniform_vs_heterogeneous_regime_mapping_v1_meta_theta__beta_spread/resolved_config.yaml,
1.0,uniform_vs_heterogeneous_regime_mapping_v1_theta__beta_spread,uniform_vs_heterogeneous_regime_mapping_v1_meta_theta__beta_spread,theta__beta_spread_grid_55_heterogeneous,heterogeneous,candidate,55,theta__beta_spread_parameter_pair_sweep,54,completed,,,1234,4224082481,2220787683,1080824074,3897761708,20.0,0.246,0.05,0.01,100,distributional_beta,random,5,5.0,equal,3.505503722907646,70.0,1.0,69.0,KR_minus_GR,137.78281399980187,2026-03-16T09:26:40Z,2026-03-16T09:28:58Z,results/raw/uniform_vs_heterogeneous_regime_mapping_v1_theta__beta_spread/uniform_vs_heterogeneous_regime_mapping_v1_meta_theta__beta_spread/resolved_config.yaml,
1.0,uniform_vs_heterogeneous_regime_mapping_v1_theta__beta_spread,uniform_vs_heterogeneous_regime_mapping_v1_meta_theta__beta_spread,theta__beta_spread_grid_56_uniform,uniform,baseline,56,theta__beta_spread_parameter_pair_sweep,55,completed,,,1234,1206914384,2754973280,248617575,,20.0,0.305,0.05,0.01,100,uniform,,,,,3.1054668190326,81.0,1.0,80.0,KR_minus_GR,93.59620819985867,2026-03-16T09:28:58Z,2026-03-16T09:30:32Z,results/raw/uniform_vs_heterogeneous_regime_mapping_v1_theta__beta_spread/uniform_vs_heterogeneous_regime_mapping_v1_meta_theta__beta_spread/resolved_config.yaml,
1.0,uniform_vs_heterogeneous_regime_mapping_v1_theta__beta_spread,uniform_vs_heterogeneous_regime_mapping_v1_meta_theta__beta_spread,theta__beta_spread_grid_56_heterogeneous,heterogeneous,candidate,56,theta__beta_spread_parameter_pair_sweep,55,completed,,,1234,1206914384,2754973280,248617575,3897761708,20.0,0.305,0.05,0.01,100,distributional_beta,random,5,1.0,equal,3.0125215741209264,67.0,1.0,66.0,KR_minus_GR,137.54062270000577,2026-03-16T09:30:32Z,2026-03-16T09:32:49Z,results/raw/uniform_vs_heterogeneous_regime_mapping_v1_theta__beta_spread/uniform_vs_heterogeneous_regime_mapping_v1_meta_theta__beta_spread/resolved_config.yaml,
1.0,uniform_vs_heterogeneous_regime_mapping_v1_theta__beta_spread,uniform_vs_heterogeneous_regime_mapping_v1_meta_theta__beta_spread,theta__beta_spread_grid_57_uniform,uniform,baseline,57,theta__beta_spread_parameter_pair_sweep,56,completed,,,1234,765537397,2235196203,641263299,,20.0,0.305,0.05,0.01,100,uniform,,,,,4.261016816369997,83.0,1.0,82.0,KR_minus_GR,93.99292729981244,2026-03-16T09:32:49Z,2026-03-16T09:34:23Z,results/raw/uniform_vs_heterogeneous_regime_mapping_v1_theta__beta_spread/uniform_vs_heterogeneous_regime_mapping_v1_meta_theta__beta_spread/resolved_config.yaml,
1.0,uniform_vs_heterogeneous_regime_mapping_v1_theta__beta_spread,uniform_vs_heterogeneous_regime_mapping_v1_meta_theta__beta_spread,theta__beta_spread_grid_57_heterogeneous,heterogeneous,candidate,57,theta__beta_spread_parameter_pair_sweep,56,completed,,,1234,765537397,2235196203,641263299,3897761708,20.0,0.305,0.05,0.01,100,distributional_beta,random,5,1.4,equal,4.293011826785944,70.0,1.0,69.0,KR_minus_GR,137.00934909982607,2026-03-16T09:34:23Z,2026-03-16T09:36:40Z,results/raw/uniform_vs_heterogeneous_regime_mapping_v1_theta__beta_spread/uniform_vs_heterogeneous_regime_mapping_v1_meta_theta__beta_spread/resolved_config.yaml,
1.0,uniform_vs_heterogeneous_regime_mapping_v1_theta__beta_spread,uniform_vs_heterogeneous_regime_mapping_v1_meta_theta__beta_spread,theta__beta_spread_grid_58_uniform,uniform,baseline,58,theta__beta_spread_parameter_pair_sweep,57,completed,,,1234,1284534340,1611297655,2696863220,,20.0,0.305,0.05,0.01,100,uniform,,,,,3.5450655045604416,82.0,1.0,81.0,KR_minus_GR,94.60651430021971,2026-03-16T09:36:40Z,2026-03-16T09:38:15Z,results/raw/uniform_vs_heterogeneous_regime_mapping_v1_theta__beta_spread/uniform_vs_heterogeneous_regime_mapping_v1_meta_theta__beta_spread/resolved_config.yaml,
1.0,uniform_vs_heterogeneous_regime_mapping_v1_theta__beta_spread,uniform_vs_heterogeneous_regime_mapping_v1_meta_theta__beta_spread,theta__beta_spread_grid_58_heterogeneous,heterogeneous,candidate,58,theta__beta_spread_parameter_pair_sweep,57,completed,,,1234,1284534340,1611297655,2696863220,3897761708,20.0,0.305,0.05,0.01,100,distributional_beta,random,5,1.8,equal,3.580056162645529,69.0,1.0,68.0,KR_minus_GR,137.59575570002198,2026-03-16T09:38:15Z,2026-03-16T09:40:32Z,results/raw/uniform_vs_heterogeneous_regime_mapping_v1_theta__beta_spread/uniform_vs_heterogeneous_regime_mapping_v1_meta_theta__beta_spread/resolved_config.yaml,
1.0,uniform_vs_heterogeneous_regime_mapping_v1_theta__beta_spread,uniform_vs_heterogeneous_regime_mapping_v1_meta_theta__beta_spread,theta__beta_spread_grid_59_uniform,uniform,baseline,59,theta__beta_spread_parameter_pair_sweep,58,completed,,,1234,3442088377,2466042371,1147842140,,20.0,0.305,0.05,0.01,100,uniform,,,,,3.517893427225166,80.0,1.0,79.0,KR_minus_GR,93.63918660022318,2026-03-16T09:40:32Z,2026-03-16T09:42:06Z,results/raw/uniform_vs_heterogeneous_regime_mapping_v1_theta__beta_spread/uniform_vs_heterogeneous_regime_mapping_v1_meta_theta__beta_spread/resolved_config.yaml,
1.0,uniform_vs_heterogeneous_regime_mapping_v1_theta__beta_spread,uniform_vs_heterogeneous_regime_mapping_v1_meta_theta__beta_spread,theta__beta_spread_grid_59_heterogeneous,heterogeneous,candidate,59,theta__beta_spread_parameter_pair_sweep,58,completed,,,1234,3442088377,2466042371,1147842140,3897761708,20.0,0.305,0.05,0.01,100,distributional_beta,random,5,2.2,equal,3.6968450485081537,68.0,1.0,67.0,KR_minus_GR,137.69724420038983,2026-03-16T09:42:06Z,2026-03-16T09:44:24Z,results/raw/uniform_vs_heterogeneous_regime_mapping_v1_theta__beta_spread/uniform_vs_heterogeneous_regime_mapping_v1_meta_theta__beta_spread/resolved_config.yaml,
1.0,uniform_vs_heterogeneous_regime_mapping_v1_theta__beta_spread,uniform_vs_heterogeneous_regime_mapping_v1_meta_theta__beta_spread,theta__beta_spread_grid_60_uniform,uniform,baseline,60,theta__beta_spread_parameter_pair_sweep,59,completed,,,1234,200858517,2580599979,4071797276,,20.0,0.305,0.05,0.01,100,uniform,,,,,3.5993511164403373,79.0,1.0,78.0,KR_minus_GR,93.79230209998786,2026-03-16T09:44:24Z,2026-03-16T09:45:57Z,results/raw/uniform_vs_heterogeneous_regime_mapping_v1_theta__beta_spread/uniform_vs_heterogeneous_regime_mapping_v1_meta_theta__beta_spread/resolved_config.yaml,
1.0,uniform_vs_heterogeneous_regime_mapping_v1_theta__beta_spread,uniform_vs_heterogeneous_regime_mapping_v1_meta_theta__beta_spread,theta__beta_spread_grid_60_heterogeneous,heterogeneous,candidate,60,theta__beta_spread_parameter_pair_sweep,59,completed,,,1234,200858517,2580599979,4071797276,3897761708,20.0,0.305,0.05,0.01,100,distributional_beta,random,5,2.6,equal,3.593157244317538,65.0,1.0,64.0,KR_minus_GR,136.83241220004857,2026-03-16T09:45:57Z,2026-03-16T09:48:14Z,results/raw/uniform_vs_heterogeneous_regime_mapping_v1_theta__beta_spread/uniform_vs_heterogeneous_regime_mapping_v1_meta_theta__beta_spread/resolved_config.yaml,
1.0,uniform_vs_heterogeneous_regime_mapping_v1_theta__beta_spread,uniform_vs_heterogeneous_regime_mapping_v1_meta_theta__beta_spread,theta__beta_spread_grid_61_uniform,uniform,baseline,61,theta__beta_spread_parameter_pair_sweep,60,completed,,,1234,2062789657,2556763886,248663992,,20.0,0.305,0.05,0.01,100,uniform,,,,,3.1591002842895533,83.0,1.0,82.0,KR_minus_GR,94.43440019991249,2026-03-16T09:48:14Z,2026-03-16T09:49:49Z,results/raw/uniform_vs_heterogeneous_regime_mapping_v1_theta__beta_spread/uniform_vs_heterogeneous_regime_mapping_v1_meta_theta__beta_spread/resolved_config.yaml,
1.0,uniform_vs_heterogeneous_regime_mapping_v1_theta__beta_spread,uniform_vs_heterogeneous_regime_mapping_v1_meta_theta__beta_spread,theta__beta_spread_grid_61_heterogeneous,heterogeneous,candidate,61,theta__beta_spread_parameter_pair_sweep,60,completed,,,1234,2062789657,2556763886,248663992,3897761708,20.0,0.305,0.05,0.01,100,distributional_beta,random,5,3.0,equal,3.2573387532042393,73.0,1.0,72.0,KR_minus_GR,139.11511560017243,2026-03-16T09:49:49Z,2026-03-16T09:52:08Z,results/raw/uniform_vs_heterogeneous_regime_mapping_v1_theta__beta_spread/uniform_vs_heterogeneous_regime_mapping_v1_meta_theta__beta_spread/resolved_config.yaml,
1.0,uniform_vs_heterogeneous_regime_mapping_v1_theta__beta_spread,uniform_vs_heterogeneous_regime_mapping_v1_meta_theta__beta_spread,theta__beta_spread_grid_62_uniform,uniform,baseline,62,theta__beta_spread_parameter_pair_sweep,61,completed,,,1234,4172613565,3807072352,278400282,,20.0,0.305,0.05,0.01,100,uniform,,,,,3.9370264760572757,78.0,1.0,77.0,KR_minus_GR,93.8084539999254,2026-03-16T09:52:08Z,2026-03-16T09:53:42Z,results/raw/uniform_vs_heterogeneous_regime_mapping_v1_theta__beta_spread/uniform_vs_heterogeneous_regime_mapping_v1_meta_theta__beta_spread/resolved_config.yaml,
1.0,uniform_vs_heterogeneous_regime_mapping_v1_theta__beta_spread,uniform_vs_heterogeneous_regime_mapping_v1_meta_theta__beta_spread,theta__beta_spread_grid_62_heterogeneous,heterogeneous,candidate,62,theta__beta_spread_parameter_pair_sweep,61,completed,,,1234,4172613565,3807072352,278400282,3897761708,20.0,0.305,0.05,0.01,100,distributional_beta,random,5,3.4000000000000004,equal,4.082140900313748,66.0,1.0,65.0,KR_minus_GR,139.433713699691,2026-03-16T09:53:42Z,2026-03-16T09:56:01Z,results/raw/uniform_vs_heterogeneous_regime_mapping_v1_theta__beta_spread/uniform_vs_heterogeneous_regime_mapping_v1_meta_theta__beta_spread/resolved_config.yaml,
1.0,uniform_vs_heterogeneous_regime_mapping_v1_theta__beta_spread,uniform_vs_heterogeneous_regime_mapping_v1_meta_theta__beta_spread,theta__beta_spread_grid_63_uniform,uniform,baseline,63,theta__beta_spread_parameter_pair_sweep,62,completed,,,1234,1276121373,2633186652,1208436956,,20.0,0.305,0.05,0.01,100,uniform,,,,,3.1454098486032267,77.0,1.0,76.0,KR_minus_GR,93.65041360026225,2026-03-16T09:56:01Z,2026-03-16T09:57:35Z,results/raw/uniform_vs_heterogeneous_regime_mapping_v1_theta__beta_spread/uniform_vs_heterogeneous_regime_mapping_v1_meta_theta__beta_spread/resolved_config.yaml,
1.0,uniform_vs_heterogeneous_regime_mapping_v1_theta__beta_spread,uniform_vs_heterogeneous_regime_mapping_v1_meta_theta__beta_spread,theta__beta_spread_grid_63_heterogeneous,heterogeneous,candidate,63,theta__beta_spread_parameter_pair_sweep,62,completed,,,1234,1276121373,2633186652,1208436956,3897761708,20.0,0.305,0.05,0.01,100,distributional_beta,random,5,3.8000000000000003,equal,2.8023736053827992,68.0,1.0,67.0,KR_minus_GR,137.81537560001016,2026-03-16T09:57:35Z,2026-03-16T09:59:53Z,results/raw/uniform_vs_heterogeneous_regime_mapping_v1_theta__beta_spread/uniform_vs_heterogeneous_regime_mapping_v1_meta_theta__beta_spread/resolved_config.yaml,
1.0,uniform_vs_heterogeneous_regime_mapping_v1_theta__beta_spread,uniform_vs_heterogeneous_regime_mapping_v1_meta_theta__beta_spread,theta__beta_spread_grid_64_uniform,uniform,baseline,64,theta__beta_spread_parameter_pair_sweep,63,completed,,,1234,1440017167,1168544991,2398094129,,20.0,0.305,0.05,0.01,100,uniform,,,,,3.415629058036666,82.0,1.0,81.0,KR_minus_GR,93.63987890025601,2026-03-16T09:59:53Z,2026-03-16T10:01:26Z,results/raw/uniform_vs_heterogeneous_regime_mapping_v1_theta__beta_spread/uniform_vs_heterogeneous_regime_mapping_v1_meta_theta__beta_spread/resolved_config.yaml,
1.0,uniform_vs_heterogeneous_regime_mapping_v1_theta__beta_spread,uniform_vs_heterogeneous_regime_mapping_v1_meta_theta__beta_spread,theta__beta_spread_grid_64_heterogeneous,heterogeneous,candidate,64,theta__beta_spread_parameter_pair_sweep,63,completed,,,1234,1440017167,1168544991,2398094129,3897761708,20.0,0.305,0.05,0.01,100,distributional_beta,random,5,4.2,equal,3.6318666886255913,72.0,1.0,71.0,KR_minus_GR,138.00310740014538,2026-03-16T10:01:26Z,2026-03-16T10:03:44Z,results/raw/uniform_vs_heterogeneous_regime_mapping_v1_theta__beta_spread/uniform_vs_heterogeneous_regime_mapping_v1_meta_theta__beta_spread/resolved_config.yaml,
1.0,uniform_vs_heterogeneous_regime_mapping_v1_theta__beta_spread,uniform_vs_heterogeneous_regime_mapping_v1_meta_theta__beta_spread,theta__beta_spread_grid_65_uniform,uniform,baseline,65,theta__beta_spread_parameter_pair_sweep,64,completed,,,1234,4218643165,1933304231,1612812226,,20.0,0.305,0.05,0.01,100,uniform,,,,,3.001567710384842,79.0,1.0,78.0,KR_minus_GR,94.39259689999744,2026-03-16T10:03:44Z,2026-03-16T10:05:19Z,results/raw/uniform_vs_heterogeneous_regime_mapping_v1_theta__beta_spread/uniform_vs_heterogeneous_regime_mapping_v1_meta_theta__beta_spread/resolved_config.yaml,
1.0,uniform_vs_heterogeneous_regime_mapping_v1_theta__beta_spread,uniform_vs_heterogeneous_regime_mapping_v1_meta_theta__beta_spread,theta__beta_spread_grid_65_heterogeneous,heterogeneous,candidate,65,theta__beta_spread_parameter_pair_sweep,64,completed,,,1234,4218643165,1933304231,1612812226,3897761708,20.0,0.305,0.05,0.01,100,distributional_beta,random,5,4.6,equal,3.245725231977139,65.0,1.0,64.0,KR_minus_GR,138.07733480026945,2026-03-16T10:05:19Z,2026-03-16T10:07:37Z,results/raw/uniform_vs_heterogeneous_regime_mapping_v1_theta__beta_spread/uniform_vs_heterogeneous_regime_mapping_v1_meta_theta__beta_spread/resolved_config.yaml,
1.0,uniform_vs_heterogeneous_regime_mapping_v1_theta__beta_spread,uniform_vs_heterogeneous_regime_mapping_v1_meta_theta__beta_spread,theta__beta_spread_grid_66_uniform,uniform,baseline,66,theta__beta_spread_parameter_pair_sweep,65,completed,,,1234,4089596886,1152943606,1254899408,,20.0,0.305,0.05,0.01,100,uniform,,,,,3.496447217545402,80.0,1.0,79.0,KR_minus_GR,93.843686000444,2026-03-16T10:07:37Z,2026-03-16T10:09:10Z,results/raw/uniform_vs_heterogeneous_regime_mapping_v1_theta__beta_spread/uniform_vs_heterogeneous_regime_mapping_v1_meta_theta__beta_spread/resolved_config.yaml,
1.0,uniform_vs_heterogeneous_regime_mapping_v1_theta__beta_spread,uniform_vs_heterogeneous_regime_mapping_v1_meta_theta__beta_spread,theta__beta_spread_grid_66_heterogeneous,heterogeneous,candidate,66,theta__beta_spread_parameter_pair_sweep,65,completed,,,1234,4089596886,1152943606,1254899408,3897761708,20.0,0.305,0.05,0.01,100,distributional_beta,random,5,5.0,equal,3.156393450871433,68.0,1.0,67.0,KR_minus_GR,137.7367972000502,2026-03-16T10:09:10Z,2026-03-16T10:11:28Z,results/raw/uniform_vs_heterogeneous_regime_mapping_v1_theta__beta_spread/uniform_vs_heterogeneous_regime_mapping_v1_meta_theta__beta_spread/resolved_config.yaml,
1.0,uniform_vs_heterogeneous_regime_mapping_v1_theta__beta_spread,uniform_vs_heterogeneous_regime_mapping_v1_meta_theta__beta_spread,theta__beta_spread_grid_67_uniform,uniform,baseline,67,theta__beta_spread_parameter_pair_sweep,66,completed,,,1234,3864206074,4145502987,355190103,,20.0,0.364,0.05,0.01,100,uniform,,,,,3.6077640634890775,82.0,1.0,81.0,KR_minus_GR,94.07705029984936,2026-03-16T10:11:28Z,2026-03-16T10:13:02Z,results/raw/uniform_vs_heterogeneous_regime_mapping_v1_theta__beta_spread/uniform_vs_heterogeneous_regime_mapping_v1_meta_theta__beta_spread/resolved_config.yaml,
1.0,uniform_vs_heterogeneous_regime_mapping_v1_theta__beta_spread,uniform_vs_heterogeneous_regime_mapping_v1_meta_theta__beta_spread,theta__beta_spread_grid_67_heterogeneous,heterogeneous,candidate,67,theta__beta_spread_parameter_pair_sweep,66,completed,,,1234,3864206074,4145502987,355190103,3897761708,20.0,0.364,0.05,0.01,100,distributional_beta,random,5,1.0,equal,3.534032641531068,71.0,1.0,70.0,KR_minus_GR,137.07462309999391,2026-03-16T10:13:02Z,2026-03-16T10:15:19Z,results/raw/uniform_vs_heterogeneous_regime_mapping_v1_theta__beta_spread/uniform_vs_heterogeneous_regime_mapping_v1_meta_theta__beta_spread/resolved_config.yaml,
1.0,uniform_vs_heterogeneous_regime_mapping_v1_theta__beta_spread,uniform_vs_heterogeneous_regime_mapping_v1_meta_theta__beta_spread,theta__beta_spread_grid_68_uniform,uniform,baseline,68,theta__beta_spread_parameter_pair_sweep,67,completed,,,1234,1814940456,573314502,4034419572,,20.0,0.364,0.05,0.01,100,uniform,,,,,3.6681043852916404,81.0,1.0,80.0,KR_minus_GR,94.19155680015683,2026-03-16T10:15:19Z,2026-03-16T10:16:54Z,results/raw/uniform_vs_heterogeneous_regime_mapping_v1_theta__beta_spread/uniform_vs_heterogeneous_regime_mapping_v1_meta_theta__beta_spread/resolved_config.yaml,
1.0,uniform_vs_heterogeneous_regime_mapping_v1_theta__beta_spread,uniform_vs_heterogeneous_regime_mapping_v1_meta_theta__beta_spread,theta__beta_spread_grid_68_heterogeneous,heterogeneous,candidate,68,theta__beta_spread_parameter_pair_sweep,67,completed,,,1234,1814940456,573314502,4034419572,3897761708,20.0,0.364,0.05,0.01,100,distributional_beta,random,5,1.4,equal,3.7798682997402047,70.0,1.0,69.0,KR_minus_GR,137.33771499991417,2026-03-16T10:16:54Z,2026-03-16T10:19:11Z,results/raw/uniform_vs_heterogeneous_regime_mapping_v1_theta__beta_spread/uniform_vs_heterogeneous_regime_mapping_v1_meta_theta__beta_spread/resolved_config.yaml,
1.0,uniform_vs_heterogeneous_regime_mapping_v1_theta__beta_spread,uniform_vs_heterogeneous_regime_mapping_v1_meta_theta__beta_spread,theta__beta_spread_grid_69_uniform,uniform,baseline,69,theta__beta_spread_parameter_pair_sweep,68,completed,,,1234,280574925,3924404988,2779624888,,20.0,0.364,0.05,0.01,100,uniform,,,,,3.15487060001143,80.0,1.0,79.0,KR_minus_GR,94.12757749995217,2026-03-16T10:19:11Z,2026-03-16T10:20:45Z,results/raw/uniform_vs_heterogeneous_regime_mapping_v1_theta__beta_spread/uniform_vs_heterogeneous_regime_mapping_v1_meta_theta__beta_spread/resolved_config.yaml,
1.0,uniform_vs_heterogeneous_regime_mapping_v1_theta__beta_spread,uniform_vs_heterogeneous_regime_mapping_v1_meta_theta__beta_spread,theta__beta_spread_grid_69_heterogeneous,heterogeneous,candidate,69,theta__beta_spread_parameter_pair_sweep,68,completed,,,1234,280574925,3924404988,2779624888,3897761708,20.0,0.364,0.05,0.01,100,distributional_beta,random,5,1.8,equal,3.266132006590535,66.0,1.0,65.0,KR_minus_GR,137.02402379969135,2026-03-16T10:20:45Z,2026-03-16T10:23:02Z,results/raw/uniform_vs_heterogeneous_regime_mapping_v1_theta__beta_spread/uniform_vs_heterogeneous_regime_mapping_v1_meta_theta__beta_spread/resolved_config.yaml,
1.0,uniform_vs_heterogeneous_regime_mapping_v1_theta__beta_spread,uniform_vs_heterogeneous_regime_mapping_v1_meta_theta__beta_spread,theta__beta_spread_grid_70_uniform,uniform,baseline,70,theta__beta_spread_parameter_pair_sweep,69,completed,,,1234,1007626570,553560217,2203366789,,20.0,0.364,0.05,0.01,100,uniform,,,,,3.398970811629365,77.0,1.0,76.0,KR_minus_GR,93.84851949987933,2026-03-16T10:23:02Z,2026-03-16T10:24:36Z,results/raw/uniform_vs_heterogeneous_regime_mapping_v1_theta__beta_spread/uniform_vs_heterogeneous_regime_mapping_v1_meta_theta__beta_spread/resolved_config.yaml,
1.0,uniform_vs_heterogeneous_regime_mapping_v1_theta__beta_spread,uniform_vs_heterogeneous_regime_mapping_v1_meta_theta__beta_spread,theta__beta_spread_grid_70_heterogeneous,heterogeneous,candidate,70,theta__beta_spread_parameter_pair_sweep,69,completed,,,1234,1007626570,553560217,2203366789,3897761708,20.0,0.364,0.05,0.01,100,distributional_beta,random,5,2.2,equal,3.4870572136883844,65.0,1.0,64.0,KR_minus_GR,138.01152360020205,2026-03-16T10:24:36Z,2026-03-16T10:26:54Z,results/raw/uniform_vs_heterogeneous_regime_mapping_v1_theta__beta_spread/uniform_vs_heterogeneous_regime_mapping_v1_meta_theta__beta_spread/resolved_config.yaml,
1.0,uniform_vs_heterogeneous_regime_mapping_v1_theta__beta_spread,uniform_vs_heterogeneous_regime_mapping_v1_meta_theta__beta_spread,theta__beta_spread_grid_71_uniform,uniform,baseline,71,theta__beta_spread_parameter_pair_sweep,70,completed,,,1234,1334685809,2293501008,2153890522,,20.0,0.364,0.05,0.01,100,uniform,,,,,2.8891814587845674,80.0,1.0,79.0,KR_minus_GR,93.85699089989066,2026-03-16T10:26:54Z,2026-03-16T10:28:28Z,results/raw/uniform_vs_heterogeneous_regime_mapping_v1_theta__beta_spread/uniform_vs_heterogeneous_regime_mapping_v1_meta_theta__beta_spread/resolved_config.yaml,
1.0,uniform_vs_heterogeneous_regime_mapping_v1_theta__beta_spread,uniform_vs_heterogeneous_regime_mapping_v1_meta_theta__beta_spread,theta__beta_spread_grid_71_heterogeneous,heterogeneous,candidate,71,theta__beta_spread_parameter_pair_sweep,70,completed,,,1234,1334685809,2293501008,2153890522,3897761708,20.0,0.364,0.05,0.01,100,distributional_beta,random,5,2.6,equal,3.2495674518862097,76.0,1.0,75.0,KR_minus_GR,138.11216339981183,2026-03-16T10:28:28Z,2026-03-16T10:30:46Z,results/raw/uniform_vs_heterogeneous_regime_mapping_v1_theta__beta_spread/uniform_vs_heterogeneous_regime_mapping_v1_meta_theta__beta_spread/resolved_config.yaml,
1.0,uniform_vs_heterogeneous_regime_mapping_v1_theta__beta_spread,uniform_vs_heterogeneous_regime_mapping_v1_meta_theta__beta_spread,theta__beta_spread_grid_72_uniform,uniform,baseline,72,theta__beta_spread_parameter_pair_sweep,71,completed,,,1234,3262028746,1496358111,2205372794,,20.0,0.364,0.05,0.01,100,uniform,,,,,3.473314667234647,78.0,1.0,77.0,KR_minus_GR,93.75348700024188,2026-03-16T10:30:46Z,2026-03-16T10:32:20Z,results/raw/uniform_vs_heterogeneous_regime_mapping_v1_theta__beta_spread/uniform_vs_heterogeneous_regime_mapping_v1_meta_theta__beta_spread/resolved_config.yaml,
1.0,uniform_vs_heterogeneous_regime_mapping_v1_theta__beta_spread,uniform_vs_heterogeneous_regime_mapping_v1_meta_theta__beta_spread,theta__beta_spread_grid_72_heterogeneous,heterogeneous,candidate,72,theta__beta_spread_parameter_pair_sweep,71,completed,,,1234,3262028746,1496358111,2205372794,3897761708,20.0,0.364,0.05,0.01,100,distributional_beta,random,5,3.0,equal,3.5238352741268844,64.0,1.0,63.0,KR_minus_GR,137.0514052999206,2026-03-16T10:32:20Z,2026-03-16T10:34:37Z,results/raw/uniform_vs_heterogeneous_regime_mapping_v1_theta__beta_spread/uniform_vs_heterogeneous_regime_mapping_v1_meta_theta__beta_spread/resolved_config.yaml,
1.0,uniform_vs_heterogeneous_regime_mapping_v1_theta__beta_spread,uniform_vs_heterogeneous_regime_mapping_v1_meta_theta__beta_spread,theta__beta_spread_grid_73_uniform,uniform,baseline,73,theta__beta_spread_parameter_pair_sweep,72,completed,,,1234,315837926,1329903492,1087676025,,20.0,0.364,0.05,0.01,100,uniform,,,,,3.720048953595506,83.0,1.0,82.0,KR_minus_GR,93.73817009991035,2026-03-16T10:34:37Z,2026-03-16T10:36:10Z,results/raw/uniform_vs_heterogeneous_regime_mapping_v1_theta__beta_spread/uniform_vs_heterogeneous_regime_mapping_v1_meta_theta__beta_spread/resolved_config.yaml,
1.0,uniform_vs_heterogeneous_regime_mapping_v1_theta__beta_spread,uniform_vs_heterogeneous_regime_mapping_v1_meta_theta__beta_spread,theta__beta_spread_grid_73_heterogeneous,heterogeneous,candidate,73,theta__beta_spread_parameter_pair_sweep,72,completed,,,1234,315837926,1329903492,1087676025,3897761708,20.0,0.364,0.05,0.01,100,distributional_beta,random,5,3.4000000000000004,equal,3.7742554738139242,74.0,1.0,73.0,KR_minus_GR,137.54664110019803,2026-03-16T10:36:10Z,2026-03-16T10:38:28Z,results/raw/uniform_vs_heterogeneous_regime_mapping_v1_theta__beta_spread/uniform_vs_heterogeneous_regime_mapping_v1_meta_theta__beta_spread/resolved_config.yaml,
1.0,uniform_vs_heterogeneous_regime_mapping_v1_theta__beta_spread,uniform_vs_heterogeneous_regime_mapping_v1_meta_theta__beta_spread,theta__beta_spread_grid_74_uniform,uniform,baseline,74,theta__beta_spread_parameter_pair_sweep,73,completed,,,1234,1619525756,892454320,286033652,,20.0,0.364,0.05,0.01,100,uniform,,,,,3.8065456490687692,77.0,1.0,76.0,KR_minus_GR,94.509898299817,2026-03-16T10:38:28Z,2026-03-16T10:40:03Z,results/raw/uniform_vs_heterogeneous_regime_mapping_v1_theta__beta_spread/uniform_vs_heterogeneous_regime_mapping_v1_meta_theta__beta_spread/resolved_config.yaml,
1.0,uniform_vs_heterogeneous_regime_mapping_v1_theta__beta_spread,uniform_vs_heterogeneous_regime_mapping_v1_meta_theta__beta_spread,theta__beta_spread_grid_74_heterogeneous,heterogeneous,candidate,74,theta__beta_spread_parameter_pair_sweep,73,completed,,,1234,1619525756,892454320,286033652,3897761708,20.0,0.364,0.05,0.01,100,distributional_beta,random,5,3.8000000000000003,equal,4.038126351140686,62.0,1.0,61.0,KR_minus_GR,137.32341430010274,2026-03-16T10:40:03Z,2026-03-16T10:42:20Z,results/raw/uniform_vs_heterogeneous_regime_mapping_v1_theta__beta_spread/uniform_vs_heterogeneous_regime_mapping_v1_meta_theta__beta_spread/resolved_config.yaml,
1.0,uniform_vs_heterogeneous_regime_mapping_v1_theta__beta_spread,uniform_vs_heterogeneous_regime_mapping_v1_meta_theta__beta_spread,theta__beta_spread_grid_75_uniform,uniform,baseline,75,theta__beta_spread_parameter_pair_sweep,74,completed,,,1234,940386928,4277259300,4122687480,,20.0,0.364,0.05,0.01,100,uniform,,,,,3.5508055630299005,79.0,1.0,78.0,KR_minus_GR,93.9884373000823,2026-03-16T10:42:20Z,2026-03-16T10:43:54Z,results/raw/uniform_vs_heterogeneous_regime_mapping_v1_theta__beta_spread/uniform_vs_heterogeneous_regime_mapping_v1_meta_theta__beta_spread/resolved_config.yaml,
1.0,uniform_vs_heterogeneous_regime_mapping_v1_theta__beta_spread,uniform_vs_heterogeneous_regime_mapping_v1_meta_theta__beta_spread,theta__beta_spread_grid_75_heterogeneous,heterogeneous,candidate,75,theta__beta_spread_parameter_pair_sweep,74,completed,,,1234,940386928,4277259300,4122687480,3897761708,20.0,0.364,0.05,0.01,100,distributional_beta,random,5,4.2,equal,3.2416336317480186,63.0,1.0,62.0,KR_minus_GR,137.30065919971094,2026-03-16T10:43:54Z,2026-03-16T10:46:11Z,results/raw/uniform_vs_heterogeneous_regime_mapping_v1_theta__beta_spread/uniform_vs_heterogeneous_regime_mapping_v1_meta_theta__beta_spread/resolved_config.yaml,
1.0,uniform_vs_heterogeneous_regime_mapping_v1_theta__beta_spread,uniform_vs_heterogeneous_regime_mapping_v1_meta_theta__beta_spread,theta__beta_spread_grid_76_uniform,uniform,baseline,76,theta__beta_spread_parameter_pair_sweep,75,completed,,,1234,2862836678,694776874,3539243271,,20.0,0.364,0.05,0.01,100,uniform,,,,,3.9063173208702633,79.0,1.0,78.0,KR_minus_GR,93.81717000016943,2026-03-16T10:46:11Z,2026-03-16T10:47:45Z,results/raw/uniform_vs_heterogeneous_regime_mapping_v1_theta__beta_spread/uniform_vs_heterogeneous_regime_mapping_v1_meta_theta__beta_spread/resolved_config.yaml,
1.0,uniform_vs_heterogeneous_regime_mapping_v1_theta__beta_spread,uniform_vs_heterogeneous_regime_mapping_v1_meta_theta__beta_spread,theta__beta_spread_grid_76_heterogeneous,heterogeneous,candidate,76,theta__beta_spread_parameter_pair_sweep,75,completed,,,1234,2862836678,694776874,3539243271,3897761708,20.0,0.364,0.05,0.01,100,distributional_beta,random,5,4.6,equal,3.874953761619092,63.0,1.0,62.0,KR_minus_GR,137.77548979967833,2026-03-16T10:47:45Z,2026-03-16T10:50:03Z,results/raw/uniform_vs_heterogeneous_regime_mapping_v1_theta__beta_spread/uniform_vs_heterogeneous_regime_mapping_v1_meta_theta__beta_spread/resolved_config.yaml,
1.0,uniform_vs_heterogeneous_regime_mapping_v1_theta__beta_spread,uniform_vs_heterogeneous_regime_mapping_v1_meta_theta__beta_spread,theta__beta_spread_grid_77_uniform,uniform,baseline,77,theta__beta_spread_parameter_pair_sweep,76,completed,,,1234,2278151636,1169045808,4262093853,,20.0,0.364,0.05,0.01,100,uniform,,,,,3.4180885446931493,81.0,1.0,80.0,KR_minus_GR,93.91503030015156,2026-03-16T10:50:03Z,2026-03-16T10:51:37Z,results/raw/uniform_vs_heterogeneous_regime_mapping_v1_theta__beta_spread/uniform_vs_heterogeneous_regime_mapping_v1_meta_theta__beta_spread/resolved_config.yaml,
1.0,uniform_vs_heterogeneous_regime_mapping_v1_theta__beta_spread,uniform_vs_heterogeneous_regime_mapping_v1_meta_theta__beta_spread,theta__beta_spread_grid_77_heterogeneous,heterogeneous,candidate,77,theta__beta_spread_parameter_pair_sweep,76,completed,,,1234,2278151636,1169045808,4262093853,3897761708,20.0,0.364,0.05,0.01,100,distributional_beta,random,5,5.0,equal,3.6200256490571636,73.0,2.0,71.0,KR_minus_GR,137.7964011998847,2026-03-16T10:51:37Z,2026-03-16T10:53:54Z,results/raw/uniform_vs_heterogeneous_regime_mapping_v1_theta__beta_spread/uniform_vs_heterogeneous_regime_mapping_v1_meta_theta__beta_spread/resolved_config.yaml,
1.0,uniform_vs_heterogeneous_regime_mapping_v1_theta__beta_spread,uniform_vs_heterogeneous_regime_mapping_v1_meta_theta__beta_spread,theta__beta_spread_grid_78_uniform,uniform,baseline,78,theta__beta_spread_parameter_pair_sweep,77,completed,,,1234,740591845,4100341623,420942998,,20.0,0.423,0.05,0.01,100,uniform,,,,,3.1973673890777055,77.0,1.0,76.0,KR_minus_GR,93.9225364997983,2026-03-16T10:53:54Z,2026-03-16T10:55:28Z,results/raw/uniform_vs_heterogeneous_regime_mapping_v1_theta__beta_spread/uniform_vs_heterogeneous_regime_mapping_v1_meta_theta__beta_spread/resolved_config.yaml,
1.0,uniform_vs_heterogeneous_regime_mapping_v1_theta__beta_spread,uniform_vs_heterogeneous_regime_mapping_v1_meta_theta__beta_spread,theta__beta_spread_grid_78_heterogeneous,heterogeneous,candidate,78,theta__beta_spread_parameter_pair_sweep,77,completed,,,1234,740591845,4100341623,420942998,3897761708,20.0,0.423,0.05,0.01,100,distributional_beta,random,5,1.0,equal,3.3796635306682306,67.0,1.0,66.0,KR_minus_GR,137.81068899994716,2026-03-16T10:55:28Z,2026-03-16T10:57:46Z,results/raw/uniform_vs_heterogeneous_regime_mapping_v1_theta__beta_spread/uniform_vs_heterogeneous_regime_mapping_v1_meta_theta__beta_spread/resolved_config.yaml,
1.0,uniform_vs_heterogeneous_regime_mapping_v1_theta__beta_spread,uniform_vs_heterogeneous_regime_mapping_v1_meta_theta__beta_spread,theta__beta_spread_grid_79_uniform,uniform,baseline,79,theta__beta_spread_parameter_pair_sweep,78,completed,,,1234,739349512,1657496065,552080929,,20.0,0.423,0.05,0.01,100,uniform,,,,,3.3864420728203957,80.0,1.0,79.0,KR_minus_GR,93.83048419980332,2026-03-16T10:57:46Z,2026-03-16T10:59:20Z,results/raw/uniform_vs_heterogeneous_regime_mapping_v1_theta__beta_spread/uniform_vs_heterogeneous_regime_mapping_v1_meta_theta__beta_spread/resolved_config.yaml,
1.0,uniform_vs_heterogeneous_regime_mapping_v1_theta__beta_spread,uniform_vs_heterogeneous_regime_mapping_v1_meta_theta__beta_spread,theta__beta_spread_grid_79_heterogeneous,heterogeneous,candidate,79,theta__beta_spread_parameter_pair_sweep,78,completed,,,1234,739349512,1657496065,552080929,3897761708,20.0,0.423,0.05,0.01,100,distributional_beta,random,5,1.4,equal,3.2802294248008605,66.0,1.0,65.0,KR_minus_GR,137.33678510040045,2026-03-16T10:59:20Z,2026-03-16T11:01:37Z,results/raw/uniform_vs_heterogeneous_regime_mapping_v1_theta__beta_spread/uniform_vs_heterogeneous_regime_mapping_v1_meta_theta__beta_spread/resolved_config.yaml,
1.0,uniform_vs_heterogeneous_regime_mapping_v1_theta__beta_spread,uniform_vs_heterogeneous_regime_mapping_v1_meta_theta__beta_spread,theta__beta_spread_grid_80_uniform,uniform,baseline,80,theta__beta_spread_parameter_pair_sweep,79,completed,,,1234,1323919646,3332646679,2403702811,,20.0,0.423,0.05,0.01,100,uniform,,,,,4.312935917913805,75.0,1.0,74.0,KR_minus_GR,94.00591190019622,2026-03-16T11:01:37Z,2026-03-16T11:03:11Z,results/raw/uniform_vs_heterogeneous_regime_mapping_v1_theta__beta_spread/uniform_vs_heterogeneous_regime_mapping_v1_meta_theta__beta_spread/resolved_config.yaml,
1.0,uniform_vs_heterogeneous_regime_mapping_v1_theta__beta_spread,uniform_vs_heterogeneous_regime_mapping_v1_meta_theta__beta_spread,theta__beta_spread_grid_80_heterogeneous,heterogeneous,candidate,80,theta__beta_spread_parameter_pair_sweep,79,completed,,,1234,1323919646,3332646679,2403702811,3897761708,20.0,0.423,0.05,0.01,100,distributional_beta,random,5,1.8,equal,4.057262654611718,58.0,1.0,57.0,KR_minus_GR,137.52281280001625,2026-03-16T11:03:11Z,2026-03-16T11:05:29Z,results/raw/uniform_vs_heterogeneous_regime_mapping_v1_theta__beta_spread/uniform_vs_heterogeneous_regime_mapping_v1_meta_theta__beta_spread/resolved_config.yaml,
1.0,uniform_vs_heterogeneous_regime_mapping_v1_theta__beta_spread,uniform_vs_heterogeneous_regime_mapping_v1_meta_theta__beta_spread,theta__beta_spread_grid_81_uniform,uniform,baseline,81,theta__beta_spread_parameter_pair_sweep,80,completed,,,1234,3194878246,237065149,1694502857,,20.0,0.423,0.05,0.01,100,uniform,,,,,3.4660033154652345,73.0,1.0,72.0,KR_minus_GR,94.05104079982266,2026-03-16T11:05:29Z,2026-03-16T11:07:03Z,results/raw/uniform_vs_heterogeneous_regime_mapping_v1_theta__beta_spread/uniform_vs_heterogeneous_regime_mapping_v1_meta_theta__beta_spread/resolved_config.yaml,
1.0,uniform_vs_heterogeneous_regime_mapping_v1_theta__beta_spread,uniform_vs_heterogeneous_regime_mapping_v1_meta_theta__beta_spread,theta__beta_spread_grid_81_heterogeneous,heterogeneous,candidate,81,theta__beta_spread_parameter_pair_sweep,80,completed,,,1234,3194878246,237065149,1694502857,3897761708,20.0,0.423,0.05,0.01,100,distributional_beta,random,5,2.2,equal,3.82209382411791,56.0,1.0,55.0,KR_minus_GR,138.25885290000588,2026-03-16T11:07:03Z,2026-03-16T11:09:21Z,results/raw/uniform_vs_heterogeneous_regime_mapping_v1_theta__beta_spread/uniform_vs_heterogeneous_regime_mapping_v1_meta_theta__beta_spread/resolved_config.yaml,
1.0,uniform_vs_heterogeneous_regime_mapping_v1_theta__beta_spread,uniform_vs_heterogeneous_regime_mapping_v1_meta_theta__beta_spread,theta__beta_spread_grid_82_uniform,uniform,baseline,82,theta__beta_spread_parameter_pair_sweep,81,completed,,,1234,1980447107,2494224283,1230896977,,20.0,0.423,0.05,0.01,100,uniform,,,,,3.212927844869914,80.0,1.0,79.0,KR_minus_GR,93.85996619984508,2026-03-16T11:09:21Z,2026-03-16T11:10:55Z,results/raw/uniform_vs_heterogeneous_regime_mapping_v1_theta__beta_spread/uniform_vs_heterogeneous_regime_mapping_v1_meta_theta__beta_spread/resolved_config.yaml,
1.0,uniform_vs_heterogeneous_regime_mapping_v1_theta__beta_spread,uniform_vs_heterogeneous_regime_mapping_v1_meta_theta__beta_spread,theta__beta_spread_grid_82_heterogeneous,heterogeneous,candidate,82,theta__beta_spread_parameter_pair_sweep,81,completed,,,1234,1980447107,2494224283,1230896977,3897761708,20.0,0.423,0.05,0.01,100,distributional_beta,random,5,2.6,equal,3.42993403380396,67.0,1.0,66.0,KR_minus_GR,137.72976739984006,2026-03-16T11:10:55Z,2026-03-16T11:13:13Z,results/raw/uniform_vs_heterogeneous_regime_mapping_v1_theta__beta_spread/uniform_vs_heterogeneous_regime_mapping_v1_meta_theta__beta_spread/resolved_config.yaml,
1.0,uniform_vs_heterogeneous_regime_mapping_v1_theta__beta_spread,uniform_vs_heterogeneous_regime_mapping_v1_meta_theta__beta_spread,theta__beta_spread_grid_83_uniform,uniform,baseline,83,theta__beta_spread_parameter_pair_sweep,82,completed,,,1234,2812225581,3695467298,2724195123,,20.0,0.423,0.05,0.01,100,uniform,,,,,3.1610563655808526,82.0,1.0,81.0,KR_minus_GR,94.15782380010933,2026-03-16T11:13:13Z,2026-03-16T11:14:47Z,results/raw/uniform_vs_heterogeneous_regime_mapping_v1_theta__beta_spread/uniform_vs_heterogeneous_regime_mapping_v1_meta_theta__beta_spread/resolved_config.yaml,
1.0,uniform_vs_heterogeneous_regime_mapping_v1_theta__beta_spread,uniform_vs_heterogeneous_regime_mapping_v1_meta_theta__beta_spread,theta__beta_spread_grid_83_heterogeneous,heterogeneous,candidate,83,theta__beta_spread_parameter_pair_sweep,82,completed,,,1234,2812225581,3695467298,2724195123,3897761708,20.0,0.423,0.05,0.01,100,distributional_beta,random,5,3.0,equal,3.566053570236433,69.0,1.0,68.0,KR_minus_GR,137.39966410025954,2026-03-16T11:14:47Z,2026-03-16T11:17:04Z,results/raw/uniform_vs_heterogeneous_regime_mapping_v1_theta__beta_spread/uniform_vs_heterogeneous_regime_mapping_v1_meta_theta__beta_spread/resolved_config.yaml,
1.0,uniform_vs_heterogeneous_regime_mapping_v1_theta__beta_spread,uniform_vs_heterogeneous_regime_mapping_v1_meta_theta__beta_spread,theta__beta_spread_grid_84_uniform,uniform,baseline,84,theta__beta_spread_parameter_pair_sweep,83,completed,,,1234,4078116839,3866088774,2385791191,,20.0,0.423,0.05,0.01,100,uniform,,,,,3.5769246834410175,81.0,1.0,80.0,KR_minus_GR,94.01507940003648,2026-03-16T11:17:04Z,2026-03-16T11:18:38Z,results/raw/uniform_vs_heterogeneous_regime_mapping_v1_theta__beta_spread/uniform_vs_heterogeneous_regime_mapping_v1_meta_theta__beta_spread/resolved_config.yaml,
1.0,uniform_vs_heterogeneous_regime_mapping_v1_theta__beta_spread,uniform_vs_heterogeneous_regime_mapping_v1_meta_theta__beta_spread,theta__beta_spread_grid_84_heterogeneous,heterogeneous,candidate,84,theta__beta_spread_parameter_pair_sweep,83,completed,,,1234,4078116839,3866088774,2385791191,3897761708,20.0,0.423,0.05,0.01,100,distributional_beta,random,5,3.4000000000000004,equal,3.635301920758179,65.0,1.0,64.0,KR_minus_GR,137.9610035000369,2026-03-16T11:18:38Z,2026-03-16T11:20:56Z,results/raw/uniform_vs_heterogeneous_regime_mapping_v1_theta__beta_spread/uniform_vs_heterogeneous_regime_mapping_v1_meta_theta__beta_spread/resolved_config.yaml,
1.0,uniform_vs_heterogeneous_regime_mapping_v1_theta__beta_spread,uniform_vs_heterogeneous_regime_mapping_v1_meta_theta__beta_spread,theta__beta_spread_grid_85_uniform,uniform,baseline,85,theta__beta_spread_parameter_pair_sweep,84,completed,,,1234,360791998,3759787954,2366511329,,20.0,0.423,0.05,0.01,100,uniform,,,,,3.3495478081171157,75.0,1.0,74.0,KR_minus_GR,94.11314749997109,2026-03-16T11:20:56Z,2026-03-16T11:22:30Z,results/raw/uniform_vs_heterogeneous_regime_mapping_v1_theta__beta_spread/uniform_vs_heterogeneous_regime_mapping_v1_meta_theta__beta_spread/resolved_config.yaml,
1.0,uniform_vs_heterogeneous_regime_mapping_v1_theta__beta_spread,uniform_vs_heterogeneous_regime_mapping_v1_meta_theta__beta_spread,theta__beta_spread_grid_85_heterogeneous,heterogeneous,candidate,85,theta__beta_spread_parameter_pair_sweep,84,completed,,,1234,360791998,3759787954,2366511329,3897761708,20.0,0.423,0.05,0.01,100,distributional_beta,random,5,3.8000000000000003,equal,3.4851300565205685,67.0,1.0,66.0,KR_minus_GR,137.92814119998366,2026-03-16T11:22:30Z,2026-03-16T11:24:48Z,results/raw/uniform_vs_heterogeneous_regime_mapping_v1_theta__beta_spread/uniform_vs_heterogeneous_regime_mapping_v1_meta_theta__beta_spread/resolved_config.yaml,
1.0,uniform_vs_heterogeneous_regime_mapping_v1_theta__beta_spread,uniform_vs_heterogeneous_regime_mapping_v1_meta_theta__beta_spread,theta__beta_spread_grid_86_uniform,uniform,baseline,86,theta__beta_spread_parameter_pair_sweep,85,completed,,,1234,2835264557,2730710268,3650938485,,20.0,0.423,0.05,0.01,100,uniform,,,,,3.723195575655941,74.0,1.0,73.0,KR_minus_GR,94.04365520039573,2026-03-16T11:24:48Z,2026-03-16T11:26:22Z,results/raw/uniform_vs_heterogeneous_regime_mapping_v1_theta__beta_spread/uniform_vs_heterogeneous_regime_mapping_v1_meta_theta__beta_spread/resolved_config.yaml,
1.0,uniform_vs_heterogeneous_regime_mapping_v1_theta__beta_spread,uniform_vs_heterogeneous_regime_mapping_v1_meta_theta__beta_spread,theta__beta_spread_grid_86_heterogeneous,heterogeneous,candidate,86,theta__beta_spread_parameter_pair_sweep,85,completed,,,1234,2835264557,2730710268,3650938485,3897761708,20.0,0.423,0.05,0.01,100,distributional_beta,random,5,4.2,equal,3.7073029446904386,59.0,1.0,58.0,KR_minus_GR,137.38622990017757,2026-03-16T11:26:22Z,2026-03-16T11:28:40Z,results/raw/uniform_vs_heterogeneous_regime_mapping_v1_theta__beta_spread/uniform_vs_heterogeneous_regime_mapping_v1_meta_theta__beta_spread/resolved_config.yaml,
1.0,uniform_vs_heterogeneous_regime_mapping_v1_theta__beta_spread,uniform_vs_heterogeneous_regime_mapping_v1_meta_theta__beta_spread,theta__beta_spread_grid_87_uniform,uniform,baseline,87,theta__beta_spread_parameter_pair_sweep,86,completed,,,1234,3600459750,1457513753,2730766268,,20.0,0.423,0.05,0.01,100,uniform,,,,,3.132026200959242,70.0,1.0,69.0,KR_minus_GR,93.9270591000095,2026-03-16T11:28:40Z,2026-03-16T11:30:14Z,results/raw/uniform_vs_heterogeneous_regime_mapping_v1_theta__beta_spread/uniform_vs_heterogeneous_regime_mapping_v1_meta_theta__beta_spread/resolved_config.yaml,
1.0,uniform_vs_heterogeneous_regime_mapping_v1_theta__beta_spread,uniform_vs_heterogeneous_regime_mapping_v1_meta_theta__beta_spread,theta__beta_spread_grid_87_heterogeneous,heterogeneous,candidate,87,theta__beta_spread_parameter_pair_sweep,86,completed,,,1234,3600459750,1457513753,2730766268,3897761708,20.0,0.423,0.05,0.01,100,distributional_beta,random,5,4.6,equal,3.2379809130034385,67.0,1.0,66.0,KR_minus_GR,137.84378959983587,2026-03-16T11:30:14Z,2026-03-16T11:32:32Z,results/raw/uniform_vs_heterogeneous_regime_mapping_v1_theta__beta_spread/uniform_vs_heterogeneous_regime_mapping_v1_meta_theta__beta_spread/resolved_config.yaml,
1.0,uniform_vs_heterogeneous_regime_mapping_v1_theta__beta_spread,uniform_vs_heterogeneous_regime_mapping_v1_meta_theta__beta_spread,theta__beta_spread_grid_88_uniform,uniform,baseline,88,theta__beta_spread_parameter_pair_sweep,87,completed,,,1234,1640686540,3482870705,371467778,,20.0,0.423,0.05,0.01,100,uniform,,,,,3.310732651918189,78.0,1.0,77.0,KR_minus_GR,94.06755839986727,2026-03-16T11:32:32Z,2026-03-16T11:34:06Z,results/raw/uniform_vs_heterogeneous_regime_mapping_v1_theta__beta_spread/uniform_vs_heterogeneous_regime_mapping_v1_meta_theta__beta_spread/resolved_config.yaml,
1.0,uniform_vs_heterogeneous_regime_mapping_v1_theta__beta_spread,uniform_vs_heterogeneous_regime_mapping_v1_meta_theta__beta_spread,theta__beta_spread_grid_88_heterogeneous,heterogeneous,candidate,88,theta__beta_spread_parameter_pair_sweep,87,completed,,,1234,1640686540,3482870705,371467778,3897761708,20.0,0.423,0.05,0.01,100,distributional_beta,random,5,5.0,equal,3.331361099485187,67.0,1.0,66.0,KR_minus_GR,137.10759479971603,2026-03-16T11:34:06Z,2026-03-16T11:36:23Z,results/raw/uniform_vs_heterogeneous_regime_mapping_v1_theta__beta_spread/uniform_vs_heterogeneous_regime_mapping_v1_meta_theta__beta_spread/resolved_config.yaml,
1.0,uniform_vs_heterogeneous_regime_mapping_v1_theta__beta_spread,uniform_vs_heterogeneous_regime_mapping_v1_meta_theta__beta_spread,theta__beta_spread_grid_89_uniform,uniform,baseline,89,theta__beta_spread_parameter_pair_sweep,88,completed,,,1234,1352206775,1373754043,1070700840,,20.0,0.482,0.05,0.01,100,uniform,,,,,3.4382116166517744,79.0,1.0,78.0,KR_minus_GR,93.94385940022767,2026-03-16T11:36:23Z,2026-03-16T11:37:57Z,results/raw/uniform_vs_heterogeneous_regime_mapping_v1_theta__beta_spread/uniform_vs_heterogeneous_regime_mapping_v1_meta_theta__beta_spread/resolved_config.yaml,
1.0,uniform_vs_heterogeneous_regime_mapping_v1_theta__beta_spread,uniform_vs_heterogeneous_regime_mapping_v1_meta_theta__beta_spread,theta__beta_spread_grid_89_heterogeneous,heterogeneous,candidate,89,theta__beta_spread_parameter_pair_sweep,88,completed,,,1234,1352206775,1373754043,1070700840,3897761708,20.0,0.482,0.05,0.01,100,distributional_beta,random,5,1.0,equal,3.521220210742235,64.0,1.0,63.0,KR_minus_GR,138.07614400004968,2026-03-16T11:37:57Z,2026-03-16T11:40:15Z,results/raw/uniform_vs_heterogeneous_regime_mapping_v1_theta__beta_spread/uniform_vs_heterogeneous_regime_mapping_v1_meta_theta__beta_spread/resolved_config.yaml,
1.0,uniform_vs_heterogeneous_regime_mapping_v1_theta__beta_spread,uniform_vs_heterogeneous_regime_mapping_v1_meta_theta__beta_spread,theta__beta_spread_grid_90_uniform,uniform,baseline,90,theta__beta_spread_parameter_pair_sweep,89,completed,,,1234,914693185,2005729848,3915452197,,20.0,0.482,0.05,0.01,100,uniform,,,,,3.093983346238711,75.0,1.0,74.0,KR_minus_GR,93.8950853003189,2026-03-16T11:40:15Z,2026-03-16T11:41:49Z,results/raw/uniform_vs_heterogeneous_regime_mapping_v1_theta__beta_spread/uniform_vs_heterogeneous_regime_mapping_v1_meta_theta__beta_spread/resolved_config.yaml,
1.0,uniform_vs_heterogeneous_regime_mapping_v1_theta__beta_spread,uniform_vs_heterogeneous_regime_mapping_v1_meta_theta__beta_spread,theta__beta_spread_grid_90_heterogeneous,heterogeneous,candidate,90,theta__beta_spread_parameter_pair_sweep,89,completed,,,1234,914693185,2005729848,3915452197,3897761708,20.0,0.482,0.05,0.01,100,distributional_beta,random,5,1.4,equal,3.51177902474193,62.0,1.0,61.0,KR_minus_GR,137.81238460028544,2026-03-16T11:41:49Z,2026-03-16T11:44:06Z,results/raw/uniform_vs_heterogeneous_regime_mapping_v1_theta__beta_spread/uniform_vs_heterogeneous_regime_mapping_v1_meta_theta__beta_spread/resolved_config.yaml,
1.0,uniform_vs_heterogeneous_regime_mapping_v1_theta__beta_spread,uniform_vs_heterogeneous_regime_mapping_v1_meta_theta__beta_spread,theta__beta_spread_grid_91_uniform,uniform,baseline,91,theta__beta_spread_parameter_pair_sweep,90,completed,,,1234,2835750687,3335461984,2390238070,,20.0,0.482,0.05,0.01,100,uniform,,,,,3.008344539384347,72.0,1.0,71.0,KR_minus_GR,93.8803969998844,2026-03-16T11:44:06Z,2026-03-16T11:45:40Z,results/raw/uniform_vs_heterogeneous_regime_mapping_v1_theta__beta_spread/uniform_vs_heterogeneous_regime_mapping_v1_meta_theta__beta_spread/resolved_config.yaml,
1.0,uniform_vs_heterogeneous_regime_mapping_v1_theta__beta_spread,uniform_vs_heterogeneous_regime_mapping_v1_meta_theta__beta_spread,theta__beta_spread_grid_91_heterogeneous,heterogeneous,candidate,91,theta__beta_spread_parameter_pair_sweep,90,completed,,,1234,2835750687,3335461984,2390238070,3897761708,20.0,0.482,0.05,0.01,100,distributional_beta,random,5,1.8,equal,2.974872349691462,60.0,1.0,59.0,KR_minus_GR,138.6774246999994,2026-03-16T11:45:40Z,2026-03-16T11:47:59Z,results/raw/uniform_vs_heterogeneous_regime_mapping_v1_theta__beta_spread/uniform_vs_heterogeneous_regime_mapping_v1_meta_theta__beta_spread/resolved_config.yaml,
1.0,uniform_vs_heterogeneous_regime_mapping_v1_theta__beta_spread,uniform_vs_heterogeneous_regime_mapping_v1_meta_theta__beta_spread,theta__beta_spread_grid_92_uniform,uniform,baseline,92,theta__beta_spread_parameter_pair_sweep,91,completed,,,1234,1581587163,3192496834,1238717762,,20.0,0.482,0.05,0.01,100,uniform,,,,,3.4536048547352873,77.0,1.0,76.0,KR_minus_GR,94.02801800007,2026-03-16T11:47:59Z,2026-03-16T11:49:33Z,results/raw/uniform_vs_heterogeneous_regime_mapping_v1_theta__beta_spread/uniform_vs_heterogeneous_regime_mapping_v1_meta_theta__beta_spread/resolved_config.yaml,
1.0,uniform_vs_heterogeneous_regime_mapping_v1_theta__beta_spread,uniform_vs_heterogeneous_regime_mapping_v1_meta_theta__beta_spread,theta__beta_spread_grid_92_heterogeneous,heterogeneous,candidate,92,theta__beta_spread_parameter_pair_sweep,91,completed,,,1234,1581587163,3192496834,1238717762,3897761708,20.0,0.482,0.05,0.01,100,distributional_beta,random,5,2.2,equal,3.7141522155434323,62.0,1.0,61.0,KR_minus_GR,138.33380939997733,2026-03-16T11:49:33Z,2026-03-16T11:51:51Z,results/raw/uniform_vs_heterogeneous_regime_mapping_v1_theta__beta_spread/uniform_vs_heterogeneous_regime_mapping_v1_meta_theta__beta_spread/resolved_config.yaml,
1.0,uniform_vs_heterogeneous_regime_mapping_v1_theta__beta_spread,uniform_vs_heterogeneous_regime_mapping_v1_meta_theta__beta_spread,theta__beta_spread_grid_93_uniform,uniform,baseline,93,theta__beta_spread_parameter_pair_sweep,92,completed,,,1234,1895244887,1831987477,3273327923,,20.0,0.482,0.05,0.01,100,uniform,,,,,3.1233652669838987,73.0,1.0,72.0,KR_minus_GR,93.98279919987544,2026-03-16T11:51:51Z,2026-03-16T11:53:25Z,results/raw/uniform_vs_heterogeneous_regime_mapping_v1_theta__beta_spread/uniform_vs_heterogeneous_regime_mapping_v1_meta_theta__beta_spread/resolved_config.yaml,
1.0,uniform_vs_heterogeneous_regime_mapping_v1_theta__beta_spread,uniform_vs_heterogeneous_regime_mapping_v1_meta_theta__beta_spread,theta__beta_spread_grid_93_heterogeneous,heterogeneous,candidate,93,theta__beta_spread_parameter_pair_sweep,92,completed,,,1234,1895244887,1831987477,3273327923,3897761708,20.0,0.482,0.05,0.01,100,distributional_beta,random,5,2.6,equal,3.3493532623501636,60.0,1.0,59.0,KR_minus_GR,137.93485060008243,2026-03-16T11:53:25Z,2026-03-16T11:55:43Z,results/raw/uniform_vs_heterogeneous_regime_mapping_v1_theta__beta_spread/uniform_vs_heterogeneous_regime_mapping_v1_meta_theta__beta_spread/resolved_config.yaml,
1.0,uniform_vs_heterogeneous_regime_mapping_v1_theta__beta_spread,uniform_vs_heterogeneous_regime_mapping_v1_meta_theta__beta_spread,theta__beta_spread_grid_94_uniform,uniform,baseline,94,theta__beta_spread_parameter_pair_sweep,93,completed,,,1234,3214643057,413097942,1713521914,,20.0,0.482,0.05,0.01,100,uniform,,,,,3.1731303765957395,79.0,1.0,78.0,KR_minus_GR,94.01737309992313,2026-03-16T11:55:43Z,2026-03-16T11:57:17Z,results/raw/uniform_vs_heterogeneous_regime_mapping_v1_theta__beta_spread/uniform_vs_heterogeneous_regime_mapping_v1_meta_theta__beta_spread/resolved_config.yaml,
1.0,uniform_vs_heterogeneous_regime_mapping_v1_theta__beta_spread,uniform_vs_heterogeneous_regime_mapping_v1_meta_theta__beta_spread,theta__beta_spread_grid_94_heterogeneous,heterogeneous,candidate,94,theta__beta_spread_parameter_pair_sweep,93,completed,,,1234,3214643057,413097942,1713521914,3897761708,20.0,0.482,0.05,0.01,100,distributional_beta,random,5,3.0,equal,3.34701429127347,68.0,1.0,67.0,KR_minus_GR,137.7776383999735,2026-03-16T11:57:17Z,2026-03-16T11:59:35Z,results/raw/uniform_vs_heterogeneous_regime_mapping_v1_theta__beta_spread/uniform_vs_heterogeneous_regime_mapping_v1_meta_theta__beta_spread/resolved_config.yaml,
1.0,uniform_vs_heterogeneous_regime_mapping_v1_theta__beta_spread,uniform_vs_heterogeneous_regime_mapping_v1_meta_theta__beta_spread,theta__beta_spread_grid_95_uniform,uniform,baseline,95,theta__beta_spread_parameter_pair_sweep,94,completed,,,1234,754826404,3914237952,609773082,,20.0,0.482,0.05,0.01,100,uniform,,,,,3.5071766543463205,78.0,1.0,77.0,KR_minus_GR,93.81480329995975,2026-03-16T11:59:35Z,2026-03-16T12:01:09Z,results/raw/uniform_vs_heterogeneous_regime_mapping_v1_theta__beta_spread/uniform_vs_heterogeneous_regime_mapping_v1_meta_theta__beta_spread/resolved_config.yaml,
1.0,uniform_vs_heterogeneous_regime_mapping_v1_theta__beta_spread,uniform_vs_heterogeneous_regime_mapping_v1_meta_theta__beta_spread,theta__beta_spread_grid_95_heterogeneous,heterogeneous,candidate,95,theta__beta_spread_parameter_pair_sweep,94,completed,,,1234,754826404,3914237952,609773082,3897761708,20.0,0.482,0.05,0.01,100,distributional_beta,random,5,3.4000000000000004,equal,3.6374584452223475,60.0,1.0,59.0,KR_minus_GR,138.20423660008237,2026-03-16T12:01:09Z,2026-03-16T12:03:27Z,results/raw/uniform_vs_heterogeneous_regime_mapping_v1_theta__beta_spread/uniform_vs_heterogeneous_regime_mapping_v1_meta_theta__beta_spread/resolved_config.yaml,
1.0,uniform_vs_heterogeneous_regime_mapping_v1_theta__beta_spread,uniform_vs_heterogeneous_regime_mapping_v1_meta_theta__beta_spread,theta__beta_spread_grid_96_uniform,uniform,baseline,96,theta__beta_spread_parameter_pair_sweep,95,completed,,,1234,2430271523,3620614577,1025835085,,20.0,0.482,0.05,0.01,100,uniform,,,,,2.7214044900811434,73.0,1.0,72.0,KR_minus_GR,93.73063219990581,2026-03-16T12:03:27Z,2026-03-16T12:05:01Z,results/raw/uniform_vs_heterogeneous_regime_mapping_v1_theta__beta_spread/uniform_vs_heterogeneous_regime_mapping_v1_meta_theta__beta_spread/resolved_config.yaml,
1.0,uniform_vs_heterogeneous_regime_mapping_v1_theta__beta_spread,uniform_vs_heterogeneous_regime_mapping_v1_meta_theta__beta_spread,theta__beta_spread_grid_96_heterogeneous,heterogeneous,candidate,96,theta__beta_spread_parameter_pair_sweep,95,completed,,,1234,2430271523,3620614577,1025835085,3897761708,20.0,0.482,0.05,0.01,100,distributional_beta,random,5,3.8000000000000003,equal,2.8449126714958135,62.0,1.0,61.0,KR_minus_GR,138.19800470024347,2026-03-16T12:05:01Z,2026-03-16T12:07:19Z,results/raw/uniform_vs_heterogeneous_regime_mapping_v1_theta__beta_spread/uniform_vs_heterogeneous_regime_mapping_v1_meta_theta__beta_spread/resolved_config.yaml,
1.0,uniform_vs_heterogeneous_regime_mapping_v1_theta__beta_spread,uniform_vs_heterogeneous_regime_mapping_v1_meta_theta__beta_spread,theta__beta_spread_grid_97_uniform,uniform,baseline,97,theta__beta_spread_parameter_pair_sweep,96,completed,,,1234,3021065059,1451849369,3420119044,,20.0,0.482,0.05,0.01,100,uniform,,,,,3.3767459460826594,74.0,1.0,73.0,KR_minus_GR,93.74592510005459,2026-03-16T12:07:19Z,2026-03-16T12:08:53Z,results/raw/uniform_vs_heterogeneous_regime_mapping_v1_theta__beta_spread/uniform_vs_heterogeneous_regime_mapping_v1_meta_theta__beta_spread/resolved_config.yaml,
1.0,uniform_vs_heterogeneous_regime_mapping_v1_theta__beta_spread,uniform_vs_heterogeneous_regime_mapping_v1_meta_theta__beta_spread,theta__beta_spread_grid_97_heterogeneous,heterogeneous,candidate,97,theta__beta_spread_parameter_pair_sweep,96,completed,,,1234,3021065059,1451849369,3420119044,3897761708,20.0,0.482,0.05,0.01,100,distributional_beta,random,5,4.2,equal,3.919122194048188,62.0,1.0,61.0,KR_minus_GR,137.4301709001884,2026-03-16T12:08:53Z,2026-03-16T12:11:10Z,results/raw/uniform_vs_heterogeneous_regime_mapping_v1_theta__beta_spread/uniform_vs_heterogeneous_regime_mapping_v1_meta_theta__beta_spread/resolved_config.yaml,
1.0,uniform_vs_heterogeneous_regime_mapping_v1_theta__beta_spread,uniform_vs_heterogeneous_regime_mapping_v1_meta_theta__beta_spread,theta__beta_spread_grid_98_uniform,uniform,baseline,98,theta__beta_spread_parameter_pair_sweep,97,completed,,,1234,295593669,2531581051,807761131,,20.0,0.482,0.05,0.01,100,uniform,,,,,3.9378700757189495,80.0,1.0,79.0,KR_minus_GR,94.11941929999739,2026-03-16T12:11:10Z,2026-03-16T12:12:44Z,results/raw/uniform_vs_heterogeneous_regime_mapping_v1_theta__beta_spread/uniform_vs_heterogeneous_regime_mapping_v1_meta_theta__beta_spread/resolved_config.yaml,
1.0,uniform_vs_heterogeneous_regime_mapping_v1_theta__beta_spread,uniform_vs_heterogeneous_regime_mapping_v1_meta_theta__beta_spread,theta__beta_spread_grid_98_heterogeneous,heterogeneous,candidate,98,theta__beta_spread_parameter_pair_sweep,97,completed,,,1234,295593669,2531581051,807761131,3897761708,20.0,0.482,0.05,0.01,100,distributional_beta,random,5,4.6,equal,3.9470711387218205,67.0,1.0,66.0,KR_minus_GR,137.1298163998872,2026-03-16T12:12:44Z,2026-03-16T12:15:02Z,results/raw/uniform_vs_heterogeneous_regime_mapping_v1_theta__beta_spread/uniform_vs_heterogeneous_regime_mapping_v1_meta_theta__beta_spread/resolved_config.yaml,
1.0,uniform_vs_heterogeneous_regime_mapping_v1_theta__beta_spread,uniform_vs_heterogeneous_regime_mapping_v1_meta_theta__beta_spread,theta__beta_spread_grid_99_uniform,uniform,baseline,99,theta__beta_spread_parameter_pair_sweep,98,completed,,,1234,4160665652,36835708,2922188162,,20.0,0.482,0.05,0.01,100,uniform,,,,,3.7234627430787617,78.0,1.0,77.0,KR_minus_GR,93.87188369967043,2026-03-16T12:15:02Z,2026-03-16T12:16:35Z,results/raw/uniform_vs_heterogeneous_regime_mapping_v1_theta__beta_spread/uniform_vs_heterogeneous_regime_mapping_v1_meta_theta__beta_spread/resolved_config.yaml,
1.0,uniform_vs_heterogeneous_regime_mapping_v1_theta__beta_spread,uniform_vs_heterogeneous_regime_mapping_v1_meta_theta__beta_spread,theta__beta_spread_grid_99_heterogeneous,heterogeneous,candidate,99,theta__beta_spread_parameter_pair_sweep,98,completed,,,1234,4160665652,36835708,2922188162,3897761708,20.0,0.482,0.05,0.01,100,distributional_beta,random,5,5.0,equal,3.7897500393429695,64.0,1.0,63.0,KR_minus_GR,137.72982220025733,2026-03-16T12:16:35Z,2026-03-16T12:18:53Z,results/raw/uniform_vs_heterogeneous_regime_mapping_v1_theta__beta_spread/uniform_vs_heterogeneous_regime_mapping_v1_meta_theta__beta_spread/resolved_config.yaml,
1.0,uniform_vs_heterogeneous_regime_mapping_v1_theta__beta_spread,uniform_vs_heterogeneous_regime_mapping_v1_meta_theta__beta_spread,theta__beta_spread_grid_100_uniform,uniform,baseline,100,theta__beta_spread_parameter_pair_sweep,99,completed,,,1234,2272770299,3291017162,751073784,,20.0,0.5409999999999999,0.05,0.01,100,uniform,,,,,2.817015251635712,79.0,1.0,78.0,KR_minus_GR,93.9118634997867,2026-03-16T12:18:53Z,2026-03-16T12:20:27Z,results/raw/uniform_vs_heterogeneous_regime_mapping_v1_theta__beta_spread/uniform_vs_heterogeneous_regime_mapping_v1_meta_theta__beta_spread/resolved_config.yaml,
1.0,uniform_vs_heterogeneous_regime_mapping_v1_theta__beta_spread,uniform_vs_heterogeneous_regime_mapping_v1_meta_theta__beta_spread,theta__beta_spread_grid_100_heterogeneous,heterogeneous,candidate,100,theta__beta_spread_parameter_pair_sweep,99,completed,,,1234,2272770299,3291017162,751073784,3897761708,20.0,0.5409999999999999,0.05,0.01,100,distributional_beta,random,5,1.0,equal,2.847058515567619,63.0,1.0,62.0,KR_minus_GR,137.40264090010896,2026-03-16T12:20:27Z,2026-03-16T12:22:44Z,results/raw/uniform_vs_heterogeneous_regime_mapping_v1_theta__beta_spread/uniform_vs_heterogeneous_regime_mapping_v1_meta_theta__beta_spread/resolved_config.yaml,
1.0,uniform_vs_heterogeneous_regime_mapping_v1_theta__beta_spread,uniform_vs_heterogeneous_regime_mapping_v1_meta_theta__beta_spread,theta__beta_spread_grid_101_uniform,uniform,baseline,101,theta__beta_spread_parameter_pair_sweep,100,completed,,,1234,1065291831,3175857252,1734672798,,20.0,0.5409999999999999,0.05,0.01,100,uniform,,,,,3.325849353743614,77.0,1.0,76.0,KR_minus_GR,93.91206730017439,2026-03-16T12:22:44Z,2026-03-16T12:24:18Z,results/raw/uniform_vs_heterogeneous_regime_mapping_v1_theta__beta_spread/uniform_vs_heterogeneous_regime_mapping_v1_meta_theta__beta_spread/resolved_config.yaml,
1.0,uniform_vs_heterogeneous_regime_mapping_v1_theta__beta_spread,uniform_vs_heterogeneous_regime_mapping_v1_meta_theta__beta_spread,theta__beta_spread_grid_101_heterogeneous,heterogeneous,candidate,101,theta__beta_spread_parameter_pair_sweep,100,completed,,,1234,1065291831,3175857252,1734672798,3897761708,20.0,0.5409999999999999,0.05,0.01,100,distributional_beta,random,5,1.4,equal,3.3210894634183323,62.0,1.0,61.0,KR_minus_GR,137.78672080021352,2026-03-16T12:24:18Z,2026-03-16T12:26:36Z,results/raw/uniform_vs_heterogeneous_regime_mapping_v1_theta__beta_spread/uniform_vs_heterogeneous_regime_mapping_v1_meta_theta__beta_spread/resolved_config.yaml,
1.0,uniform_vs_heterogeneous_regime_mapping_v1_theta__beta_spread,uniform_vs_heterogeneous_regime_mapping_v1_meta_theta__beta_spread,theta__beta_spread_grid_102_uniform,uniform,baseline,102,theta__beta_spread_parameter_pair_sweep,101,completed,,,1234,1887137874,298918337,3009373744,,20.0,0.5409999999999999,0.05,0.01,100,uniform,,,,,3.7485871919421485,80.0,1.0,79.0,KR_minus_GR,94.09855980006978,2026-03-16T12:26:36Z,2026-03-16T12:28:10Z,results/raw/uniform_vs_heterogeneous_regime_mapping_v1_theta__beta_spread/uniform_vs_heterogeneous_regime_mapping_v1_meta_theta__beta_spread/resolved_config.yaml,
1.0,uniform_vs_heterogeneous_regime_mapping_v1_theta__beta_spread,uniform_vs_heterogeneous_regime_mapping_v1_meta_theta__beta_spread,theta__beta_spread_grid_102_heterogeneous,heterogeneous,candidate,102,theta__beta_spread_parameter_pair_sweep,101,completed,,,1234,1887137874,298918337,3009373744,3897761708,20.0,0.5409999999999999,0.05,0.01,100,distributional_beta,random,5,1.8,equal,3.659256075389651,68.0,1.0,67.0,KR_minus_GR,138.012458300218,2026-03-16T12:28:10Z,2026-03-16T12:30:28Z,results/raw/uniform_vs_heterogeneous_regime_mapping_v1_theta__beta_spread/uniform_vs_heterogeneous_regime_mapping_v1_meta_theta__beta_spread/resolved_config.yaml,
1.0,uniform_vs_heterogeneous_regime_mapping_v1_theta__beta_spread,uniform_vs_heterogeneous_regime_mapping_v1_meta_theta__beta_spread,theta__beta_spread_grid_103_uniform,uniform,baseline,103,theta__beta_spread_parameter_pair_sweep,102,completed,,,1234,1286178840,3686406010,4190258427,,20.0,0.5409999999999999,0.05,0.01,100,uniform,,,,,2.791151430023946,76.0,1.0,75.0,KR_minus_GR,94.01386820012704,2026-03-16T12:30:28Z,2026-03-16T12:32:02Z,results/raw/uniform_vs_heterogeneous_regime_mapping_v1_theta__beta_spread/uniform_vs_heterogeneous_regime_mapping_v1_meta_theta__beta_spread/resolved_config.yaml,
1.0,uniform_vs_heterogeneous_regime_mapping_v1_theta__beta_spread,uniform_vs_heterogeneous_regime_mapping_v1_meta_theta__beta_spread,theta__beta_spread_grid_103_heterogeneous,heterogeneous,candidate,103,theta__beta_spread_parameter_pair_sweep,102,completed,,,1234,1286178840,3686406010,4190258427,3897761708,20.0,0.5409999999999999,0.05,0.01,100,distributional_beta,random,5,2.2,equal,3.0154058229135767,65.0,1.0,64.0,KR_minus_GR,138.56549860024825,2026-03-16T12:32:02Z,2026-03-16T12:34:21Z,results/raw/uniform_vs_heterogeneous_regime_mapping_v1_theta__beta_spread/uniform_vs_heterogeneous_regime_mapping_v1_meta_theta__beta_spread/resolved_config.yaml,
1.0,uniform_vs_heterogeneous_regime_mapping_v1_theta__beta_spread,uniform_vs_heterogeneous_regime_mapping_v1_meta_theta__beta_spread,theta__beta_spread_grid_104_uniform,uniform,baseline,104,theta__beta_spread_parameter_pair_sweep,103,completed,,,1234,3495592210,147377807,3517605808,,20.0,0.5409999999999999,0.05,0.01,100,uniform,,,,,3.4448875304013704,79.0,1.0,78.0,KR_minus_GR,94.256718700286,2026-03-16T12:34:21Z,2026-03-16T12:35:55Z,results/raw/uniform_vs_heterogeneous_regime_mapping_v1_theta__beta_spread/uniform_vs_heterogeneous_regime_mapping_v1_meta_theta__beta_spread/resolved_config.yaml,
1.0,uniform_vs_heterogeneous_regime_mapping_v1_theta__beta_spread,uniform_vs_heterogeneous_regime_mapping_v1_meta_theta__beta_spread,theta__beta_spread_grid_104_heterogeneous,heterogeneous,candidate,104,theta__beta_spread_parameter_pair_sweep,103,completed,,,1234,3495592210,147377807,3517605808,3897761708,20.0,0.5409999999999999,0.05,0.01,100,distributional_beta,random,5,2.6,equal,3.9166797544500684,67.0,1.0,66.0,KR_minus_GR,137.92088770028204,2026-03-16T12:35:55Z,2026-03-16T12:38:13Z,results/raw/uniform_vs_heterogeneous_regime_mapping_v1_theta__beta_spread/uniform_vs_heterogeneous_regime_mapping_v1_meta_theta__beta_spread/resolved_config.yaml,
1.0,uniform_vs_heterogeneous_regime_mapping_v1_theta__beta_spread,uniform_vs_heterogeneous_regime_mapping_v1_meta_theta__beta_spread,theta__beta_spread_grid_105_uniform,uniform,baseline,105,theta__beta_spread_parameter_pair_sweep,104,completed,,,1234,2744954352,3117083050,522392297,,20.0,0.5409999999999999,0.05,0.01,100,uniform,,,,,3.082324998181266,80.0,1.0,79.0,KR_minus_GR,93.93009719997644,2026-03-16T12:38:13Z,2026-03-16T12:39:47Z,results/raw/uniform_vs_heterogeneous_regime_mapping_v1_theta__beta_spread/uniform_vs_heterogeneous_regime_mapping_v1_meta_theta__beta_spread/resolved_config.yaml,
1.0,uniform_vs_heterogeneous_regime_mapping_v1_theta__beta_spread,uniform_vs_heterogeneous_regime_mapping_v1_meta_theta__beta_spread,theta__beta_spread_grid_105_heterogeneous,heterogeneous,candidate,105,theta__beta_spread_parameter_pair_sweep,104,completed,,,1234,2744954352,3117083050,522392297,3897761708,20.0,0.5409999999999999,0.05,0.01,100,distributional_beta,random,5,3.0,equal,3.0867964449576943,68.0,1.0,67.0,KR_minus_GR,137.84335380000994,2026-03-16T12:39:47Z,2026-03-16T12:42:05Z,results/raw/uniform_vs_heterogeneous_regime_mapping_v1_theta__beta_spread/uniform_vs_heterogeneous_regime_mapping_v1_meta_theta__beta_spread/resolved_config.yaml,
1.0,uniform_vs_heterogeneous_regime_mapping_v1_theta__beta_spread,uniform_vs_heterogeneous_regime_mapping_v1_meta_theta__beta_spread,theta__beta_spread_grid_106_uniform,uniform,baseline,106,theta__beta_spread_parameter_pair_sweep,105,completed,,,1234,2911530073,4244674546,2506541798,,20.0,0.5409999999999999,0.05,0.01,100,uniform,,,,,3.867309851856569,74.0,1.0,73.0,KR_minus_GR,94.07674210006371,2026-03-16T12:42:05Z,2026-03-16T12:43:39Z,results/raw/uniform_vs_heterogeneous_regime_mapping_v1_theta__beta_spread/uniform_vs_heterogeneous_regime_mapping_v1_meta_theta__beta_spread/resolved_config.yaml,
1.0,uniform_vs_heterogeneous_regime_mapping_v1_theta__beta_spread,uniform_vs_heterogeneous_regime_mapping_v1_meta_theta__beta_spread,theta__beta_spread_grid_106_heterogeneous,heterogeneous,candidate,106,theta__beta_spread_parameter_pair_sweep,105,completed,,,1234,2911530073,4244674546,2506541798,3897761708,20.0,0.5409999999999999,0.05,0.01,100,distributional_beta,random,5,3.4000000000000004,equal,3.9144627934479725,56.0,1.0,55.0,KR_minus_GR,138.32074439991266,2026-03-16T12:43:39Z,2026-03-16T12:45:57Z,results/raw/uniform_vs_heterogeneous_regime_mapping_v1_theta__beta_spread/uniform_vs_heterogeneous_regime_mapping_v1_meta_theta__beta_spread/resolved_config.yaml,
1.0,uniform_vs_heterogeneous_regime_mapping_v1_theta__beta_spread,uniform_vs_heterogeneous_regime_mapping_v1_meta_theta__beta_spread,theta__beta_spread_grid_107_uniform,uniform,baseline,107,theta__beta_spread_parameter_pair_sweep,106,completed,,,1234,3852134245,3654193925,2441700079,,20.0,0.5409999999999999,0.05,0.01,100,uniform,,,,,3.0050160199637714,77.0,1.0,76.0,KR_minus_GR,94.56419409997761,2026-03-16T12:45:57Z,2026-03-16T12:47:32Z,results/raw/uniform_vs_heterogeneous_regime_mapping_v1_theta__beta_spread/uniform_vs_heterogeneous_regime_mapping_v1_meta_theta__beta_spread/resolved_config.yaml,
1.0,uniform_vs_heterogeneous_regime_mapping_v1_theta__beta_spread,uniform_vs_heterogeneous_regime_mapping_v1_meta_theta__beta_spread,theta__beta_spread_grid_107_heterogeneous,heterogeneous,candidate,107,theta__beta_spread_parameter_pair_sweep,106,completed,,,1234,3852134245,3654193925,2441700079,3897761708,20.0,0.5409999999999999,0.05,0.01,100,distributional_beta,random,5,3.8000000000000003,equal,3.2391528628076696,63.0,1.0,62.0,KR_minus_GR,137.8300956999883,2026-03-16T12:47:32Z,2026-03-16T12:49:50Z,results/raw/uniform_vs_heterogeneous_regime_mapping_v1_theta__beta_spread/uniform_vs_heterogeneous_regime_mapping_v1_meta_theta__beta_spread/resolved_config.yaml,
1.0,uniform_vs_heterogeneous_regime_mapping_v1_theta__beta_spread,uniform_vs_heterogeneous_regime_mapping_v1_meta_theta__beta_spread,theta__beta_spread_grid_108_uniform,uniform,baseline,108,theta__beta_spread_parameter_pair_sweep,107,completed,,,1234,2023143690,1254659695,1025110329,,20.0,0.5409999999999999,0.05,0.01,100,uniform,,,,,3.717356356289212,76.0,1.0,75.0,KR_minus_GR,94.15273079974577,2026-03-16T12:49:50Z,2026-03-16T12:51:24Z,results/raw/uniform_vs_heterogeneous_regime_mapping_v1_theta__beta_spread/uniform_vs_heterogeneous_regime_mapping_v1_meta_theta__beta_spread/resolved_config.yaml,
1.0,uniform_vs_heterogeneous_regime_mapping_v1_theta__beta_spread,uniform_vs_heterogeneous_regime_mapping_v1_meta_theta__beta_spread,theta__beta_spread_grid_108_heterogeneous,heterogeneous,candidate,108,theta__beta_spread_parameter_pair_sweep,107,completed,,,1234,2023143690,1254659695,1025110329,3897761708,20.0,0.5409999999999999,0.05,0.01,100,distributional_beta,random,5,4.2,equal,3.5527042583405364,59.0,1.0,58.0,KR_minus_GR,138.77400320023298,2026-03-16T12:51:24Z,2026-03-16T12:53:43Z,results/raw/uniform_vs_heterogeneous_regime_mapping_v1_theta__beta_spread/uniform_vs_heterogeneous_regime_mapping_v1_meta_theta__beta_spread/resolved_config.yaml,
1.0,uniform_vs_heterogeneous_regime_mapping_v1_theta__beta_spread,uniform_vs_heterogeneous_regime_mapping_v1_meta_theta__beta_spread,theta__beta_spread_grid_109_uniform,uniform,baseline,109,theta__beta_spread_parameter_pair_sweep,108,completed,,,1234,875667003,4066930353,3340755503,,20.0,0.5409999999999999,0.05,0.01,100,uniform,,,,,3.285250054619927,74.0,1.0,73.0,KR_minus_GR,94.20422550011426,2026-03-16T12:53:43Z,2026-03-16T12:55:17Z,results/raw/uniform_vs_heterogeneous_regime_mapping_v1_theta__beta_spread/uniform_vs_heterogeneous_regime_mapping_v1_meta_theta__beta_spread/resolved_config.yaml,
1.0,uniform_vs_heterogeneous_regime_mapping_v1_theta__beta_spread,uniform_vs_heterogeneous_regime_mapping_v1_meta_theta__beta_spread,theta__beta_spread_grid_109_heterogeneous,heterogeneous,candidate,109,theta__beta_spread_parameter_pair_sweep,108,completed,,,1234,875667003,4066930353,3340755503,3897761708,20.0,0.5409999999999999,0.05,0.01,100,distributional_beta,random,5,4.6,equal,3.4562983408892767,61.0,1.0,60.0,KR_minus_GR,138.53844449995086,2026-03-16T12:55:17Z,2026-03-16T12:57:35Z,results/raw/uniform_vs_heterogeneous_regime_mapping_v1_theta__beta_spread/uniform_vs_heterogeneous_regime_mapping_v1_meta_theta__beta_spread/resolved_config.yaml,
1.0,uniform_vs_heterogeneous_regime_mapping_v1_theta__beta_spread,uniform_vs_heterogeneous_regime_mapping_v1_meta_theta__beta_spread,theta__beta_spread_grid_110_uniform,uniform,baseline,110,theta__beta_spread_parameter_pair_sweep,109,completed,,,1234,1158476047,626795770,1054345743,,20.0,0.5409999999999999,0.05,0.01,100,uniform,,,,,3.7560512496567915,79.0,1.0,78.0,KR_minus_GR,94.7355790999718,2026-03-16T12:57:35Z,2026-03-16T12:59:10Z,results/raw/uniform_vs_heterogeneous_regime_mapping_v1_theta__beta_spread/uniform_vs_heterogeneous_regime_mapping_v1_meta_theta__beta_spread/resolved_config.yaml,
1.0,uniform_vs_heterogeneous_regime_mapping_v1_theta__beta_spread,uniform_vs_heterogeneous_regime_mapping_v1_meta_theta__beta_spread,theta__beta_spread_grid_110_heterogeneous,heterogeneous,candidate,110,theta__beta_spread_parameter_pair_sweep,109,completed,,,1234,1158476047,626795770,1054345743,3897761708,20.0,0.5409999999999999,0.05,0.01,100,distributional_beta,random,5,5.0,equal,3.259578903144994,64.0,1.0,63.0,KR_minus_GR,138.24081980017945,2026-03-16T12:59:10Z,2026-03-16T13:01:28Z,results/raw/uniform_vs_heterogeneous_regime_mapping_v1_theta__beta_spread/uniform_vs_heterogeneous_regime_mapping_v1_meta_theta__beta_spread/resolved_config.yaml,
1.0,uniform_vs_heterogeneous_regime_mapping_v1_theta__beta_spread,uniform_vs_heterogeneous_regime_mapping_v1_meta_theta__beta_spread,theta__beta_spread_grid_111_uniform,uniform,baseline,111,theta__beta_spread_parameter_pair_sweep,110,completed,,,1234,1585855569,3768139060,2843832576,,20.0,0.6,0.05,0.01,100,uniform,,,,,2.9375030410297662,77.0,1.0,76.0,KR_minus_GR,94.09431000007316,2026-03-16T13:01:28Z,2026-03-16T13:03:02Z,results/raw/uniform_vs_heterogeneous_regime_mapping_v1_theta__beta_spread/uniform_vs_heterogeneous_regime_mapping_v1_meta_theta__beta_spread/resolved_config.yaml,
1.0,uniform_vs_heterogeneous_regime_mapping_v1_theta__beta_spread,uniform_vs_heterogeneous_regime_mapping_v1_meta_theta__beta_spread,theta__beta_spread_grid_111_heterogeneous,heterogeneous,candidate,111,theta__beta_spread_parameter_pair_sweep,110,completed,,,1234,1585855569,3768139060,2843832576,3897761708,20.0,0.6,0.05,0.01,100,distributional_beta,random,5,1.0,equal,3.029231948703212,60.0,1.0,59.0,KR_minus_GR,139.07523700036108,2026-03-16T13:03:02Z,2026-03-16T13:05:21Z,results/raw/uniform_vs_heterogeneous_regime_mapping_v1_theta__beta_spread/uniform_vs_heterogeneous_regime_mapping_v1_meta_theta__beta_spread/resolved_config.yaml,
1.0,uniform_vs_heterogeneous_regime_mapping_v1_theta__beta_spread,uniform_vs_heterogeneous_regime_mapping_v1_meta_theta__beta_spread,theta__beta_spread_grid_112_uniform,uniform,baseline,112,theta__beta_spread_parameter_pair_sweep,111,completed,,,1234,89918391,300333907,3336682671,,20.0,0.6,0.05,0.01,100,uniform,,,,,3.1143462678763068,76.0,1.0,75.0,KR_minus_GR,94.36842310009524,2026-03-16T13:05:21Z,2026-03-16T13:06:56Z,results/raw/uniform_vs_heterogeneous_regime_mapping_v1_theta__beta_spread/uniform_vs_heterogeneous_regime_mapping_v1_meta_theta__beta_spread/resolved_config.yaml,
1.0,uniform_vs_heterogeneous_regime_mapping_v1_theta__beta_spread,uniform_vs_heterogeneous_regime_mapping_v1_meta_theta__beta_spread,theta__beta_spread_grid_112_heterogeneous,heterogeneous,candidate,112,theta__beta_spread_parameter_pair_sweep,111,completed,,,1234,89918391,300333907,3336682671,3897761708,20.0,0.6,0.05,0.01,100,distributional_beta,random,5,1.4,equal,3.1827242125870656,61.0,1.0,60.0,KR_minus_GR,138.47479039989412,2026-03-16T13:06:56Z,2026-03-16T13:09:14Z,results/raw/uniform_vs_heterogeneous_regime_mapping_v1_theta__beta_spread/uniform_vs_heterogeneous_regime_mapping_v1_meta_theta__beta_spread/resolved_config.yaml,
1.0,uniform_vs_heterogeneous_regime_mapping_v1_theta__beta_spread,uniform_vs_heterogeneous_regime_mapping_v1_meta_theta__beta_spread,theta__beta_spread_grid_113_uniform,uniform,baseline,113,theta__beta_spread_parameter_pair_sweep,112,completed,,,1234,128598513,1103094742,3397744645,,20.0,0.6,0.05,0.01,100,uniform,,,,,3.0614325685787604,72.0,1.0,71.0,KR_minus_GR,94.19083290034905,2026-03-16T13:09:14Z,2026-03-16T13:10:48Z,results/raw/uniform_vs_heterogeneous_regime_mapping_v1_theta__beta_spread/uniform_vs_heterogeneous_regime_mapping_v1_meta_theta__beta_spread/resolved_config.yaml,
1.0,uniform_vs_heterogeneous_regime_mapping_v1_theta__beta_spread,uniform_vs_heterogeneous_regime_mapping_v1_meta_theta__beta_spread,theta__beta_spread_grid_113_heterogeneous,heterogeneous,candidate,113,theta__beta_spread_parameter_pair_sweep,112,completed,,,1234,128598513,1103094742,3397744645,3897761708,20.0,0.6,0.05,0.01,100,distributional_beta,random,5,1.8,equal,2.9248037095324655,59.0,1.0,58.0,KR_minus_GR,138.9310805001296,2026-03-16T13:10:48Z,2026-03-16T13:13:07Z,results/raw/uniform_vs_heterogeneous_regime_mapping_v1_theta__beta_spread/uniform_vs_heterogeneous_regime_mapping_v1_meta_theta__beta_spread/resolved_config.yaml,
1.0,uniform_vs_heterogeneous_regime_mapping_v1_theta__beta_spread,uniform_vs_heterogeneous_regime_mapping_v1_meta_theta__beta_spread,theta__beta_spread_grid_114_uniform,uniform,baseline,114,theta__beta_spread_parameter_pair_sweep,113,completed,,,1234,1716871987,2924469080,680738980,,20.0,0.6,0.05,0.01,100,uniform,,,,,3.3906023202604443,74.0,1.0,73.0,KR_minus_GR,94.2175064003095,2026-03-16T13:13:07Z,2026-03-16T13:14:42Z,results/raw/uniform_vs_heterogeneous_regime_mapping_v1_theta__beta_spread/uniform_vs_heterogeneous_regime_mapping_v1_meta_theta__beta_spread/resolved_config.yaml,
1.0,uniform_vs_heterogeneous_regime_mapping_v1_theta__beta_spread,uniform_vs_heterogeneous_regime_mapping_v1_meta_theta__beta_spread,theta__beta_spread_grid_114_heterogeneous,heterogeneous,candidate,114,theta__beta_spread_parameter_pair_sweep,113,completed,,,1234,1716871987,2924469080,680738980,3897761708,20.0,0.6,0.05,0.01,100,distributional_beta,random,5,2.2,equal,3.587046742533224,58.0,1.0,57.0,KR_minus_GR,137.97999770008028,2026-03-16T13:14:42Z,2026-03-16T13:17:00Z,results/raw/uniform_vs_heterogeneous_regime_mapping_v1_theta__beta_spread/uniform_vs_heterogeneous_regime_mapping_v1_meta_theta__beta_spread/resolved_config.yaml,
1.0,uniform_vs_heterogeneous_regime_mapping_v1_theta__beta_spread,uniform_vs_heterogeneous_regime_mapping_v1_meta_theta__beta_spread,theta__beta_spread_grid_115_uniform,uniform,baseline,115,theta__beta_spread_parameter_pair_sweep,114,completed,,,1234,1888708746,3898112445,1496295809,,20.0,0.6,0.05,0.01,100,uniform,,,,,3.0981092968810535,78.0,1.0,77.0,KR_minus_GR,93.6864515999332,2026-03-16T13:17:00Z,2026-03-16T13:18:33Z,results/raw/uniform_vs_heterogeneous_regime_mapping_v1_theta__beta_spread/uniform_vs_heterogeneous_regime_mapping_v1_meta_theta__beta_spread/resolved_config.yaml,
1.0,uniform_vs_heterogeneous_regime_mapping_v1_theta__beta_spread,uniform_vs_heterogeneous_regime_mapping_v1_meta_theta__beta_spread,theta__beta_spread_grid_115_heterogeneous,heterogeneous,candidate,115,theta__beta_spread_parameter_pair_sweep,114,completed,,,1234,1888708746,3898112445,1496295809,3897761708,20.0,0.6,0.05,0.01,100,distributional_beta,random,5,2.6,equal,3.23246053615035,64.0,1.0,63.0,KR_minus_GR,138.38800190016627,2026-03-16T13:18:33Z,2026-03-16T13:20:52Z,results/raw/uniform_vs_heterogeneous_regime_mapping_v1_theta__beta_spread/uniform_vs_heterogeneous_regime_mapping_v1_meta_theta__beta_spread/resolved_config.yaml,
1.0,uniform_vs_heterogeneous_regime_mapping_v1_theta__beta_spread,uniform_vs_heterogeneous_regime_mapping_v1_meta_theta__beta_spread,theta__beta_spread_grid_116_uniform,uniform,baseline,116,theta__beta_spread_parameter_pair_sweep,115,completed,,,1234,3390548928,1860642052,2365131639,,20.0,0.6,0.05,0.01,100,uniform,,,,,2.6324013998397944,72.0,1.0,71.0,KR_minus_GR,93.98735819989815,2026-03-16T13:20:52Z,2026-03-16T13:22:26Z,results/raw/uniform_vs_heterogeneous_regime_mapping_v1_theta__beta_spread/uniform_vs_heterogeneous_regime_mapping_v1_meta_theta__beta_spread/resolved_config.yaml,
1.0,uniform_vs_heterogeneous_regime_mapping_v1_theta__beta_spread,uniform_vs_heterogeneous_regime_mapping_v1_meta_theta__beta_spread,theta__beta_spread_grid_116_heterogeneous,heterogeneous,candidate,116,theta__beta_spread_parameter_pair_sweep,115,completed,,,1234,3390548928,1860642052,2365131639,3897761708,20.0,0.6,0.05,0.01,100,distributional_beta,random,5,3.0,equal,2.713487542069888,57.0,1.0,56.0,KR_minus_GR,138.42404540022835,2026-03-16T13:22:26Z,2026-03-16T13:24:44Z,results/raw/uniform_vs_heterogeneous_regime_mapping_v1_theta__beta_spread/uniform_vs_heterogeneous_regime_mapping_v1_meta_theta__beta_spread/resolved_config.yaml,
1.0,uniform_vs_heterogeneous_regime_mapping_v1_theta__beta_spread,uniform_vs_heterogeneous_regime_mapping_v1_meta_theta__beta_spread,theta__beta_spread_grid_117_uniform,uniform,baseline,117,theta__beta_spread_parameter_pair_sweep,116,completed,,,1234,656253064,3818063064,1216331064,,20.0,0.6,0.05,0.01,100,uniform,,,,,3.0241135604102016,75.0,1.0,74.0,KR_minus_GR,94.05210339976475,2026-03-16T13:24:44Z,2026-03-16T13:26:18Z,results/raw/uniform_vs_heterogeneous_regime_mapping_v1_theta__beta_spread/uniform_vs_heterogeneous_regime_mapping_v1_meta_theta__beta_spread/resolved_config.yaml,
1.0,uniform_vs_heterogeneous_regime_mapping_v1_theta__beta_spread,uniform_vs_heterogeneous_regime_mapping_v1_meta_theta__beta_spread,theta__beta_spread_grid_117_heterogeneous,heterogeneous,candidate,117,theta__beta_spread_parameter_pair_sweep,116,completed,,,1234,656253064,3818063064,1216331064,3897761708,20.0,0.6,0.05,0.01,100,distributional_beta,random,5,3.4000000000000004,equal,3.3538862416484543,58.0,1.0,57.0,KR_minus_GR,137.56699419999495,2026-03-16T13:26:18Z,2026-03-16T13:28:36Z,results/raw/uniform_vs_heterogeneous_regime_mapping_v1_theta__beta_spread/uniform_vs_heterogeneous_regime_mapping_v1_meta_theta__beta_spread/resolved_config.yaml,
1.0,uniform_vs_heterogeneous_regime_mapping_v1_theta__beta_spread,uniform_vs_heterogeneous_regime_mapping_v1_meta_theta__beta_spread,theta__beta_spread_grid_118_uniform,uniform,baseline,118,theta__beta_spread_parameter_pair_sweep,117,completed,,,1234,1706523125,330411143,2647856842,,20.0,0.6,0.05,0.01,100,uniform,,,,,3.0007945144494523,72.0,1.0,71.0,KR_minus_GR,94.28304439969361,2026-03-16T13:28:36Z,2026-03-16T13:30:10Z,results/raw/uniform_vs_heterogeneous_regime_mapping_v1_theta__beta_spread/uniform_vs_heterogeneous_regime_mapping_v1_meta_theta__beta_spread/resolved_config.yaml,
1.0,uniform_vs_heterogeneous_regime_mapping_v1_theta__beta_spread,uniform_vs_heterogeneous_regime_mapping_v1_meta_theta__beta_spread,theta__beta_spread_grid_118_heterogeneous,heterogeneous,candidate,118,theta__beta_spread_parameter_pair_sweep,117,completed,,,1234,1706523125,330411143,2647856842,3897761708,20.0,0.6,0.05,0.01,100,distributional_beta,random,5,3.8000000000000003,equal,3.018348068881198,57.0,1.0,56.0,KR_minus_GR,137.63285150006413,2026-03-16T13:30:10Z,2026-03-16T13:32:28Z,results/raw/uniform_vs_heterogeneous_regime_mapping_v1_theta__beta_spread/uniform_vs_heterogeneous_regime_mapping_v1_meta_theta__beta_spread/resolved_config.yaml,
1.0,uniform_vs_heterogeneous_regime_mapping_v1_theta__beta_spread,uniform_vs_heterogeneous_regime_mapping_v1_meta_theta__beta_spread,theta__beta_spread_grid_119_uniform,uniform,baseline,119,theta__beta_spread_parameter_pair_sweep,118,completed,,,1234,420462631,247569917,3433665116,,20.0,0.6,0.05,0.01,100,uniform,,,,,3.284971445951762,79.0,1.0,78.0,KR_minus_GR,94.38511809986085,2026-03-16T13:32:28Z,2026-03-16T13:34:02Z,results/raw/uniform_vs_heterogeneous_regime_mapping_v1_theta__beta_spread/uniform_vs_heterogeneous_regime_mapping_v1_meta_theta__beta_spread/resolved_config.yaml,
1.0,uniform_vs_heterogeneous_regime_mapping_v1_theta__beta_spread,uniform_vs_heterogeneous_regime_mapping_v1_meta_theta__beta_spread,theta__beta_spread_grid_119_heterogeneous,heterogeneous,candidate,119,theta__beta_spread_parameter_pair_sweep,118,completed,,,1234,420462631,247569917,3433665116,3897761708,20.0,0.6,0.05,0.01,100,distributional_beta,random,5,4.2,equal,3.1755814339000485,68.0,1.0,67.0,KR_minus_GR,138.23710149992257,2026-03-16T13:34:02Z,2026-03-16T13:36:20Z,results/raw/uniform_vs_heterogeneous_regime_mapping_v1_theta__beta_spread/uniform_vs_heterogeneous_regime_mapping_v1_meta_theta__beta_spread/resolved_config.yaml,
1.0,uniform_vs_heterogeneous_regime_mapping_v1_theta__beta_spread,uniform_vs_heterogeneous_regime_mapping_v1_meta_theta__beta_spread,theta__beta_spread_grid_120_uniform,uniform,baseline,120,theta__beta_spread_parameter_pair_sweep,119,completed,,,1234,2275709012,956471336,2636605149,,20.0,0.6,0.05,0.01,100,uniform,,,,,3.2827195127575655,76.0,1.0,75.0,KR_minus_GR,93.95412280037999,2026-03-16T13:36:20Z,2026-03-16T13:37:54Z,results/raw/uniform_vs_heterogeneous_regime_mapping_v1_theta__beta_spread/uniform_vs_heterogeneous_regime_mapping_v1_meta_theta__beta_spread/resolved_config.yaml,
1.0,uniform_vs_heterogeneous_regime_mapping_v1_theta__beta_spread,uniform_vs_heterogeneous_regime_mapping_v1_meta_theta__beta_spread,theta__beta_spread_grid_120_heterogeneous,heterogeneous,candidate,120,theta__beta_spread_parameter_pair_sweep,119,completed,,,1234,2275709012,956471336,2636605149,3897761708,20.0,0.6,0.05,0.01,100,distributional_beta,random,5,4.6,equal,3.6144429622167538,60.0,1.0,59.0,KR_minus_GR,137.98491000011563,2026-03-16T13:37:54Z,2026-03-16T13:40:12Z,results/raw/uniform_vs_heterogeneous_regime_mapping_v1_theta__beta_spread/uniform_vs_heterogeneous_regime_mapping_v1_meta_theta__beta_spread/resolved_config.yaml,
1.0,uniform_vs_heterogeneous_regime_mapping_v1_theta__beta_spread,uniform_vs_heterogeneous_regime_mapping_v1_meta_theta__beta_spread,theta__beta_spread_grid_121_uniform,uniform,baseline,121,theta__beta_spread_parameter_pair_sweep,120,completed,,,1234,818240068,3130530590,3234359148,,20.0,0.6,0.05,0.01,100,uniform,,,,,3.3784688137416605,73.0,1.0,72.0,KR_minus_GR,93.9973678002134,2026-03-16T13:40:12Z,2026-03-16T13:41:46Z,results/raw/uniform_vs_heterogeneous_regime_mapping_v1_theta__beta_spread/uniform_vs_heterogeneous_regime_mapping_v1_meta_theta__beta_spread/resolved_config.yaml,
1.0,uniform_vs_heterogeneous_regime_mapping_v1_theta__beta_spread,uniform_vs_heterogeneous_regime_mapping_v1_meta_theta__beta_spread,theta__beta_spread_grid_121_heterogeneous,heterogeneous,candidate,121,theta__beta_spread_parameter_pair_sweep,120,completed,,,1234,818240068,3130530590,3234359148,3897761708,20.0,0.6,0.05,0.01,100,distributional_beta,random,5,5.0,equal,3.4056638631997647,62.0,1.0,61.0,KR_minus_GR,138.60771459992975,2026-03-16T13:41:46Z,2026-03-16T13:44:05Z,results/raw/uniform_vs_heterogeneous_regime_mapping_v1_theta__beta_spread/uniform_vs_heterogeneous_regime_mapping_v1_meta_theta__beta_spread/resolved_config.yaml,
