number,state,values,datetime_start,datetime_complete,duration,param_gamma,param_theta,param_m0,param_beta_prime,param_n_instances,param_beta_range_delta,param_weight_0,param_weight_1,attr_CQ,attr_GR,attr_KR,attr_MC,attr_morph_type,attr_weights
0,COMPLETE,[2.0],2025-09-20T01:48:48.799845,2025-09-20T01:57:40.088507,531.288662,0.05109517790961102,0.2,0.052917153510143616,50.0,2,1.2619009911972752,0.8068071025784197,0.05418884561361497,66.0,10.0,76.0,5.219792211573804,gradient,"[0.9370626009014287, 0.06293739909857138]"
1,COMPLETE,[2.0],2025-09-20T01:57:40.107525,2025-09-20T02:06:21.652226,521.544701,0.049591056479690324,0.2,0.05108185633688108,50.0,2,1.293228043721534,0.1853781021714906,0.4204713841094466,37.0,11.0,48.0,5.437263771802796,gradient,"[0.3059804561516609, 0.6940195438483392]"
2,COMPLETE,[2.0],2025-09-20T02:06:21.666239,2025-09-20T02:15:03.346118,521.679879,0.05005390375763405,0.2,0.0547179179943479,50.0,2,1.1425084603602897,0.3476871339450284,0.24190083284645786,43.0,9.0,52.0,5.219730683311325,gradient,"[0.5897120591472171, 0.4102879408527829]"
3,COMPLETE,[2.0],2025-09-20T02:15:03.361132,2025-09-20T02:23:45.527772,522.16664,0.05066801492938656,0.2,0.05139534816869387,50.0,2,1.283127122831465,0.8907927446318716,0.5204188428449037,42.0,10.0,52.0,5.2513572430417845,gradient,"[0.631225503345388, 0.3687744966546119]"
4,COMPLETE,[2.0],2025-09-20T02:23:45.541785,2025-09-20T02:32:27.881301,522.339516,0.04820096002333163,0.2,0.05323008143446544,50.0,2,1.6781265682391489,0.14332933600620376,0.7300919551736494,44.0,9.0,53.0,5.501685757111357,gradient,"[0.1641010328619178, 0.8358989671380822]"
5,COMPLETE,[2.0],2025-09-20T02:32:27.895313,2025-09-20T02:41:10.064955,522.169642,0.05240386901882889,0.2,0.035993708167801085,50.0,2,2.1133252835088547,0.5642042378283535,0.6055728332693054,34.0,13.0,47.0,5.305940977657041,gradient,"[0.48231774392614235, 0.5176822560738576]"
6,COMPLETE,[2.0],2025-09-20T02:41:10.079966,2025-09-20T02:49:53.803164,523.723198,0.04647593531031888,0.2,0.05288005493843545,50.0,2,2.313482507948205,0.44575130060158524,0.2955195840669504,43.0,7.0,50.0,5.106931424307477,gradient,"[0.6013338845770342, 0.3986661154229658]"
7,COMPLETE,[2.0],2025-09-20T02:49:53.818178,2025-09-20T02:58:35.966021,522.147843,0.046339901746195136,0.2,0.05085157839507347,50.0,2,2.84287114480564,0.5420879945733375,0.5002439630029536,39.0,7.0,46.0,5.144601163850284,gradient,"[0.5200723153819838, 0.47992768461801616]"
8,COMPLETE,[2.0],2025-09-20T02:58:35.981035,2025-09-20T03:07:18.663314,522.682279,0.05223742463407635,0.2,0.03975685994284387,50.0,2,1.8821177388784587,0.1829762337401879,0.9293872934326807,35.0,17.0,52.0,5.682662689354471,gradient,"[0.16449319783545202, 0.8355068021645479]"
9,COMPLETE,[2.0],2025-09-20T03:07:18.679328,2025-09-20T03:16:02.114102,523.434774,0.04605751101622234,0.2,0.051110626767676345,50.0,2,0.21567759587258362,0.2574840503702188,0.9209065215430545,45.0,7.0,52.0,5.609964509065722,gradient,"[0.21850484593759037, 0.7814951540624095]"
10,COMPLETE,[2.0],2025-09-20T03:16:02.129115,2025-09-20T03:24:45.175930,523.046815,0.045370684134485834,0.2,0.038637596982630716,50.0,2,1.7489770333535826,0.4667198690643834,0.6292612586155533,31.0,7.0,38.0,5.545401021253998,gradient,"[0.4258466293597359, 0.5741533706402641]"
11,COMPLETE,[2.0],2025-09-20T03:24:45.189943,2025-09-20T03:33:28.642660,523.452717,0.045092096166433566,0.2,0.03148689085268735,50.0,2,0.9919484922439037,0.26449562495403317,0.36953275756854964,27.0,7.0,34.0,5.658194656528479,gradient,"[0.41716685284922933, 0.5828331471507707]"
12,COMPLETE,[2.0],2025-09-20T03:33:28.656673,2025-09-20T03:42:11.479453,522.82278,0.04911281829672857,0.2,0.03976060903286474,50.0,2,0.5078456710864431,0.5558807191251398,0.47837476417427116,33.0,9.0,42.0,5.580127331492802,gradient,"[0.5374694435767526, 0.4625305564232473]"
13,COMPLETE,[2.0],2025-09-20T03:42:11.493466,2025-09-20T03:50:55.069097,523.575631,0.0458096371001049,0.2,0.05308135856722779,50.0,2,1.9265564538013016,0.7164062017963172,0.6291049867191311,38.0,7.0,45.0,5.239604083482343,gradient,"[0.5324416533367919, 0.46755834666320806]"
14,COMPLETE,[2.0],2025-09-20T03:50:55.085111,2025-09-20T03:59:37.794529,522.709418,0.05270628671218687,0.2,0.046996181165156053,50.0,2,2.383250072658333,0.2574036176516553,0.6913578822467604,39.0,13.0,52.0,5.221566026204224,gradient,"[0.2713048723828018, 0.7286951276171982]"
15,COMPLETE,[0.6497278327634104],2025-09-20T03:59:37.808542,2025-09-20T04:08:20.940170,523.131628,0.05205400601191573,0.2,0.0332979688244118,50.0,2,0.4779759686005679,0.5753601406168645,0.7908586127601773,29.0,13.0,42.0,5.72994822387254,gradient,"[0.4211332476550186, 0.5788667523449814]"
16,COMPLETE,[0.7365539256584249],2025-09-20T04:08:20.956184,2025-09-20T04:17:08.080823,527.124639,0.04927243413348127,0.2,0.048358506677550706,50.0,2,1.825341749970272,0.84811937729756,0.07180737061905776,63.0,8.0,71.0,5.171317144687745,gradient,"[0.9219422950993851, 0.07805770490061496]"
17,COMPLETE,[0.3526667160672039],2025-09-20T04:17:08.098838,2025-09-20T04:25:51.526717,523.427879,0.048898719852163555,0.2,0.05056064908006877,50.0,2,2.0944480997012973,0.26540019331163917,0.4415084832960005,38.0,9.0,47.0,5.259850690594492,gradient,"[0.3754377362932639, 0.6245622637067362]"
18,COMPLETE,[0.38015670389874695],2025-09-20T04:25:51.541730,2025-09-20T04:34:34.688438,523.146708,0.05074567072129046,0.2,0.04529883883765533,50.0,2,0.35230967349650233,0.9373755161295086,0.580307534312265,39.0,10.0,49.0,5.576995969041864,gradient,"[0.6176358863971323, 0.3823641136028676]"
19,COMPLETE,[0.36063329989617887],2025-09-20T04:34:34.704453,2025-09-20T04:43:18.085918,523.381465,0.052643849767239057,0.2,0.039922904464869506,50.0,2,1.8696471586906767,0.13246861660522824,0.5103125292394247,34.0,16.0,50.0,5.617088875675313,gradient,"[0.20608665556167882, 0.7939133444383212]"
20,COMPLETE,[0.5090913535361802],2025-09-20T04:43:18.106937,2025-09-20T04:52:01.399818,523.292881,0.05267439707478572,0.2,0.03335263206184806,50.0,2,0.05647808509959673,0.0698859379005947,0.3519114194348225,40.0,17.0,57.0,5.808893374021755,gradient,"[0.1656860496757943, 0.8343139503242056]"
21,COMPLETE,[0.2747658681528261],2025-09-20T04:52:01.415833,2025-09-20T05:00:44.133613,522.71778,0.048711516757353815,0.2,0.04413048238958263,50.0,2,2.2818594867499824,0.24474168539749927,0.22013090771876376,36.0,9.0,45.0,5.2660436845976015,gradient,"[0.5264704545322383, 0.47352954546776166]"
22,COMPLETE,[0.4106794820718641],2025-09-20T05:00:44.150628,2025-09-20T05:09:27.216000,523.065372,0.05061760966100631,0.2,0.054246989126604785,50.0,2,0.7494858189743273,0.06527559876149061,0.5002933996339155,49.0,12.0,61.0,5.574510524631149,gradient,"[0.11541580063031408, 0.884584199369686]"
23,COMPLETE,[0.24736111553979884],2025-09-20T05:09:27.231016,2025-09-20T05:18:10.300378,523.069362,0.04553533184025065,0.2,0.04609522563484886,50.0,2,0.41751141562030536,0.673754501969838,0.36186148009127517,36.0,7.0,43.0,5.548484400382537,gradient,"[0.6505833374924478, 0.3494166625075521]"
24,COMPLETE,[0.2431423576481472],2025-09-20T05:18:10.316392,2025-09-20T05:26:53.540941,523.224549,0.05118831520297027,0.2,0.03795972514599606,50.0,2,2.934721534135365,0.9953270411513178,0.7301020684474656,38.0,10.0,48.0,5.220769579386129,gradient,"[0.5768576846270795, 0.42314231537292035]"
25,COMPLETE,[0.788864096233188],2025-09-20T05:26:53.555955,2025-09-20T05:35:36.571672,523.015717,0.045524772463055405,0.2,0.051212578225151933,50.0,2,2.746480877150667,0.984703944192005,0.04519987309971492,66.0,5.0,71.0,4.758974049397858,gradient,"[0.9561125297908164, 0.04388747020918369]"
26,COMPLETE,[0.17741730542886044],2025-09-20T05:35:36.587686,2025-09-20T05:44:20.425957,523.838271,0.052387650679140196,0.2,0.03910476087665293,50.0,2,0.5931645970926602,0.9735696940831642,0.5352462611012577,35.0,12.0,47.0,5.523821072469056,gradient,"[0.6452541085199256, 0.35474589148007435]"
27,COMPLETE,[0.17960429592495347],2025-09-20T05:44:20.443973,2025-09-20T05:53:03.811728,523.367755,0.04560739473901759,0.2,0.0474052462493482,50.0,2,0.5993708520334948,0.6421826190220029,0.6204685384171847,33.0,7.0,40.0,5.44427451039213,gradient,"[0.5085986063834357, 0.4914013936165643]"
28,COMPLETE,[0.22168434517566052],2025-09-20T05:53:03.827743,2025-09-20T06:01:46.546662,522.718919,0.050136364880006626,0.2,0.034555878924111605,50.0,2,1.5578104187766613,0.24300619311011692,0.41134924956850094,29.0,12.0,41.0,5.652224609993403,gradient,"[0.37136726809418125, 0.6286327319058187]"
29,COMPLETE,[0.15735207269804824],2025-09-20T06:01:46.561675,2025-09-20T06:10:30.055642,523.493967,0.05186873469095812,0.2,0.04199367249939913,50.0,2,1.185824689475493,0.8040862833691126,0.77211078177293,34.0,12.0,46.0,5.427102190732588,gradient,"[0.5101432436030139, 0.48985675639698617]"
30,COMPLETE,[0.1536728495419909],2025-09-20T06:10:30.072659,2025-09-20T06:19:13.082595,523.009936,0.05119756551093338,0.2,0.03879881743248054,50.0,2,2.1289000174478994,0.08634880323169394,0.18053453155495724,33.0,12.0,45.0,5.398753079276105,gradient,"[0.3235451299374759, 0.6764548700625241]"
31,COMPLETE,[0.13473288477944176],2025-09-20T06:19:13.098609,2025-09-20T06:27:56.671245,523.572636,0.048332862272634225,0.2,0.044043989521747734,50.0,2,0.8709764499064717,0.5385496843914777,0.4366302174632473,35.0,8.0,43.0,5.604961933374806,gradient,"[0.5522567511565746, 0.4477432488434255]"
32,COMPLETE,[0.2971219125841962],2025-09-20T06:27:56.687259,2025-09-20T06:36:40.351338,523.664079,0.045637705992543146,0.2,0.05118873177549316,50.0,2,1.794656530068278,0.9810002858909866,0.33811158302833527,49.0,6.0,55.0,5.197286466350209,gradient,"[0.7436824040516502, 0.25631759594834974]"
33,COMPLETE,[0.355802347367849],2025-09-20T06:36:40.365351,2025-09-20T06:45:24.325753,523.960402,0.052895308097559525,0.2,0.05413423783529511,50.0,2,0.023109155778631374,0.8353315827222891,0.9523812685552451,54.0,12.0,66.0,5.39587896340496,gradient,"[0.4672627274147216, 0.5327372725852785]"
34,COMPLETE,[0.12522447336766887],2025-09-20T06:45:24.340768,2025-09-20T06:54:07.287396,522.946628,0.049187424401779166,0.2,0.046252133244717136,50.0,2,0.9894144893082658,0.2889233279620449,0.39241388790888326,33.0,10.0,43.0,5.464070276675742,gradient,"[0.4240533486677737, 0.5759466513322263]"
35,COMPLETE,[0.13443703296958795],2025-09-20T06:54:07.301409,2025-09-20T07:02:50.621276,523.319867,0.0507766865388909,0.2,0.039916313148435696,50.0,2,2.3534685079981705,0.08629411149845194,0.37173843457258704,38.0,12.0,50.0,5.49802742375341,gradient,"[0.1884017025398629, 0.8115982974601371]"
36,COMPLETE,[0.12802569929879423],2025-09-20T07:02:50.635289,2025-09-20T07:11:33.005140,522.369851,0.04569425155464289,0.2,0.04032671431828638,50.0,2,1.0212726411463862,0.552742639243671,0.3944467897500234,33.0,7.0,40.0,5.6482490164422385,gradient,"[0.5835608193293621, 0.41643918067063784]"
37,COMPLETE,[0.3446536150643419],2025-09-20T07:11:33.019153,2025-09-20T07:20:16.985472,523.966319,0.051953554283105594,0.2,0.04283989339297319,50.0,2,0.04227368917421892,0.11782144926493116,0.7469579011911548,51.0,13.0,64.0,5.661673347408767,gradient,"[0.13624452203072604, 0.863755477969274]"
38,COMPLETE,[0.28847197504218336],2025-09-20T07:20:17.000487,2025-09-20T07:29:00.505199,523.504712,0.049588927606615256,0.2,0.03667425250954467,50.0,2,2.426361699352496,0.8385792937123887,0.17286127550137587,51.0,10.0,61.0,5.200853729171907,gradient,"[0.8290939865742699, 0.17090601342573025]"
39,COMPLETE,[0.14286814596040023],2025-09-20T07:29:00.522215,2025-09-20T07:37:43.760879,523.238664,0.04567084558169302,0.2,0.03280534551862999,50.0,2,2.6294363648794556,0.48600500419335996,0.7132214147856384,29.0,7.0,36.0,5.551598796566829,gradient,"[0.40526542486208456, 0.5947345751379155]"
40,COMPLETE,[0.10980669811050339],2025-09-20T07:37:43.774893,2025-09-20T07:46:29.339682,525.564789,0.048974677281406684,0.2,0.03334151995982843,50.0,2,2.7612758563827904,0.7293338470123223,0.9913140766167884,31.0,10.0,41.0,5.524755099185539,gradient,"[0.42387163404936745, 0.5761283659506327]"
41,COMPLETE,[0.08763579210096056],2025-09-20T07:46:29.354695,2025-09-20T07:55:12.598220,523.243525,0.04603174764133665,0.2,0.038041901372370054,50.0,2,2.04533208985527,0.8821597234155619,0.8893762329453995,33.0,7.0,40.0,5.513950539121048,gradient,"[0.497963205459103, 0.502036794540897]"
42,COMPLETE,[0.2188954158002277],2025-09-20T07:55:12.612233,2025-09-20T08:03:55.716966,523.104733,0.04998500922220968,0.2,0.04634534836303058,50.0,2,0.1087275206068038,0.8958183697750588,0.2658531088255271,45.0,11.0,56.0,5.64495310196844,gradient,"[0.771146047980976, 0.22885395201902395]"
43,COMPLETE,[0.2588982688590905],2025-09-20T08:03:55.730979,2025-09-20T08:12:44.618684,528.887705,0.050458421156170365,0.2,0.030830230202859518,50.0,2,0.15330335750426372,0.49752123332000137,0.8350183845197156,29.0,12.0,41.0,5.856209128408611,gradient,"[0.3733631830973788, 0.6266368169026213]"
44,COMPLETE,[0.3492342553482891],2025-09-20T08:12:44.635699,2025-09-20T08:21:36.948131,532.312432,0.045336158463708205,0.2,0.039817121213810466,50.0,2,0.0640448980667071,0.3934511846724415,0.03837262055645905,52.0,9.0,61.0,5.7543595805751115,gradient,"[0.9111382464518867, 0.08886175354811332]"
45,COMPLETE,[0.3846706278212754],2025-09-20T08:21:36.964146,2025-09-20T08:30:29.021563,532.057417,0.04698689144667786,0.2,0.054518704758310346,50.0,2,0.042652809429837735,0.5925687114472368,0.04921230851226145,60.0,8.0,68.0,5.506624117208277,gradient,"[0.9233191587445713, 0.07668084125542877]"
46,COMPLETE,[0.2716572969609055],2025-09-20T08:30:29.036577,2025-09-20T08:39:20.935598,531.899021,0.0485604082396996,0.2,0.032482642861415965,50.0,2,1.0557887892144944,0.35654051605647813,0.8376442819496476,29.0,11.0,40.0,5.914588654877415,gradient,"[0.2985639380536221, 0.7014360619463779]"
47,COMPLETE,[0.08529699650945886],2025-09-20T08:39:20.949611,2025-09-20T08:48:14.022052,533.072441,0.04784152278723039,0.2,0.03252288834162857,50.0,2,2.9290705288188366,0.3501305554967124,0.8126005442832152,32.0,9.0,41.0,5.592647274613453,gradient,"[0.3011277117839046, 0.6988722882160954]"
48,COMPLETE,[0.10410072450485858],2025-09-20T08:48:14.037066,2025-09-20T08:57:06.508408,532.471342,0.04713687764125647,0.2,0.039576462978325525,50.0,2,1.1200784729851725,0.6161920568879576,0.3569144717147849,37.0,7.0,44.0,5.591972329444333,gradient,"[0.6332215834300601, 0.36677841656994]"
49,COMPLETE,[0.16812661458624983],2025-09-20T08:57:06.524422,2025-09-20T09:05:59.892487,533.368065,0.04914201927122245,0.2,0.04405365793007552,50.0,2,0.24599064967638085,0.16913012281797118,0.5281145668854755,41.0,11.0,52.0,5.691839672675211,gradient,"[0.24256925196505388, 0.757430748034946]"
50,COMPLETE,[0.18125919118883968],2025-09-20T09:05:59.907499,2025-09-20T09:14:53.382030,533.474531,0.0509775939502305,0.2,0.03469927835854663,50.0,2,0.13078791845050008,0.2981598482854848,0.8269412150634688,34.0,13.0,47.0,5.81972798297096,gradient,"[0.2650071695763829, 0.7349928304236172]"
51,COMPLETE,[0.1688405258845242],2025-09-20T09:14:53.397044,2025-09-20T09:23:45.587813,532.190769,0.04878142941733876,0.2,0.05270066349834354,50.0,2,1.0637420057169105,0.5310432456389275,0.2702105638988909,43.0,9.0,52.0,5.335253891039035,gradient,"[0.6627653301832604, 0.3372346698167396]"
52,COMPLETE,[0.11721788802585133],2025-09-20T09:23:45.601826,2025-09-20T09:32:37.272869,531.671043,0.04954532764290557,0.2,0.04261717486284455,50.0,2,1.9958846688069716,0.6527926391202891,0.8373680235349549,34.0,10.0,44.0,5.350355883080514,gradient,"[0.4380686294302723, 0.5619313705697278]"
53,COMPLETE,[0.3532091128634743],2025-09-20T09:32:37.287882,2025-09-20T09:41:29.157740,531.869858,0.04742452982203807,0.2,0.041656405249874844,50.0,2,1.061593368604872,0.04599653747471286,0.586167466063564,49.0,10.0,59.0,5.944218886361083,gradient,"[0.07276045016366994, 0.9272395498363301]"
54,COMPLETE,[0.15786624429158305],2025-09-20T09:41:29.171753,2025-09-20T09:50:21.305707,532.133954,0.051539700777384075,0.2,0.03227336786811661,50.0,2,0.2365428746480055,0.7786326050659184,0.2379169194628317,37.0,13.0,50.0,5.770705503565613,gradient,"[0.7659563909853533, 0.2340436090146466]"
55,COMPLETE,[0.18542191315747422],2025-09-20T09:50:21.320721,2025-09-20T09:59:15.057644,533.736923,0.04816393657454122,0.2,0.03831238141127156,50.0,2,0.2946086222939004,0.08558938393418108,0.5514640723896557,43.0,11.0,54.0,5.763685485330984,gradient,"[0.13435196541916722, 0.8656480345808327]"
56,COMPLETE,[0.10476287538210706],2025-09-20T09:59:15.071657,2025-09-20T10:08:06.675692,531.604035,0.04665726181942845,0.2,0.048298934470964894,50.0,2,2.0137927627151364,0.9233631321647102,0.6712035549804647,38.0,8.0,46.0,5.279261200220817,gradient,"[0.5790683698640721, 0.42093163013592794]"
57,COMPLETE,[0.09876171427752797],2025-09-20T10:08:06.689704,2025-09-20T10:16:59.445522,532.755818,0.04917391786713368,0.2,0.04346240811039223,50.0,2,2.0489187969100735,0.7063306405825284,0.7257626795223789,36.0,9.0,45.0,5.344214676694208,gradient,"[0.4932155123318266, 0.5067844876681734]"
58,COMPLETE,[0.08381574337372416],2025-09-20T10:16:59.459535,2025-09-20T10:25:52.059558,532.600023,0.04764717455087198,0.2,0.04857243561758609,50.0,2,0.2882890192142096,0.7678299058000413,0.8243229608234481,36.0,9.0,45.0,5.59913668487871,gradient,"[0.4822589098673632, 0.5177410901326368]"
59,COMPLETE,[0.09095751796380332],2025-09-20T10:25:52.075572,2025-09-20T10:34:44.977159,532.901587,0.04933582468509735,0.2,0.03710403092323813,50.0,2,2.274705474147898,0.2751488133930468,0.39697357938089783,32.0,10.0,42.0,5.432845577493922,gradient,"[0.40937307899751496, 0.5906269210024852]"
60,COMPLETE,[0.2038543311856816],2025-09-20T10:34:44.993174,2025-09-20T10:43:37.917944,532.92477,0.045232013605385764,0.2,0.039945735765450505,50.0,2,2.7586094580503477,0.033559543428133935,0.6328945278116301,46.0,8.0,54.0,5.807220223218257,gradient,"[0.05035537312527051, 0.9496446268747295]"
61,COMPLETE,[0.1940903230693242],2025-09-20T10:43:37.932957,2025-09-20T10:52:32.917389,534.984432,0.046331915577833296,0.2,0.053049121552039724,50.0,2,1.881025521787546,0.6632321560298677,0.27918335349303763,47.0,6.0,53.0,5.175159158216366,gradient,"[0.7037576836629383, 0.2962423163370616]"
62,COMPLETE,[0.13835685348849353],2025-09-20T10:52:32.933404,2025-09-20T11:01:25.588908,532.655504,0.04551051000035352,0.2,0.030578148742129392,50.0,2,1.5224452071320493,0.2375490296403708,0.2026392421802999,30.0,7.0,37.0,5.765303468098326,gradient,"[0.5396532457755858, 0.4603467542244141]"
63,COMPLETE,[0.10584142478200466],2025-09-20T11:01:25.603921,2025-09-20T11:10:17.547711,531.94379,0.04928142688275755,0.2,0.047404278453369766,50.0,2,1.8244737521053245,0.745094339691078,0.5179820969098987,40.0,9.0,49.0,5.306194921835723,gradient,"[0.5899043938276426, 0.41009560617235746]"
64,COMPLETE,[0.09832885280974842],2025-09-20T11:10:17.561723,2025-09-20T11:19:10.971768,533.410045,0.051256418950383555,0.2,0.051062993812963614,50.0,2,0.655988629506425,0.3889816964036728,0.49199188780775904,37.0,10.0,47.0,5.401056178072517,gradient,"[0.441536163370726, 0.558463836629274]"
65,COMPLETE,[0.29335405844238377],2025-09-20T11:19:10.986782,2025-09-20T11:28:02.575618,531.588836,0.04766294790529809,0.2,0.05348373331261588,50.0,2,2.5745781228208076,0.9982752881424871,0.46060330353045276,48.0,8.0,56.0,4.963722398281865,gradient,"[0.6842757813024968, 0.3157242186975032]"
66,COMPLETE,[0.2191095040915527],2025-09-20T11:28:02.589631,2025-09-20T11:36:54.203977,531.614346,0.04815796181575813,0.2,0.04884349315347705,50.0,2,0.8959925973773107,0.7087940291858881,0.16299142504857167,51.0,8.0,59.0,5.461050676144563,gradient,"[0.8130372280738508, 0.18696277192614918]"
67,COMPLETE,[0.0976869185141785],2025-09-20T11:36:54.217989,2025-09-20T11:45:46.758759,532.54077,0.05217839680818081,0.2,0.032311209424618986,50.0,2,2.196839466007493,0.548790843103678,0.398366915637875,34.0,12.0,46.0,5.298336664154157,gradient,"[0.5794080637979806, 0.4205919362020195]"
68,COMPLETE,[0.14737080511992273],2025-09-20T11:45:46.773772,2025-09-20T11:54:39.416512,532.64274,0.04671050804190183,0.2,0.04230737100904935,50.0,2,1.0372015780666584,0.5750852041010778,0.17520883131223783,43.0,8.0,51.0,5.54945860658246,gradient,"[0.7664797758711752, 0.23352022412882473]"
69,COMPLETE,[0.12900024525437728],2025-09-20T11:54:39.430525,2025-09-20T12:03:31.375011,531.944486,0.05233739250560199,0.2,0.049300165278502533,50.0,2,0.06328224027601559,0.41941106411314716,0.5099531421577437,42.0,11.0,53.0,5.551764979048819,gradient,"[0.45128816160894547, 0.5487118383910544]"
70,COMPLETE,[0.20349694286124193],2025-09-20T12:03:31.390025,2025-09-20T12:12:23.251325,531.8613,0.04885556691576894,0.2,0.03465791756835558,50.0,2,1.890592484418912,0.11190722661646067,0.7509191103057076,38.0,11.0,49.0,5.894875863722458,gradient,"[0.12969843620635252, 0.8703015637936474]"
71,COMPLETE,[0.162973253836178],2025-09-20T12:12:23.268339,2025-09-20T12:21:14.594138,531.325799,0.04895313810210143,0.2,0.0305743262935611,50.0,2,0.3578952558227858,0.47396885809599776,0.6572269036114747,28.0,11.0,39.0,5.809698107702394,gradient,"[0.4189980851595218, 0.581001914840478]"
72,COMPLETE,[0.11235437343214878],2025-09-20T12:21:14.608151,2025-09-20T12:30:07.380802,532.772651,0.050699924515378164,0.2,0.051286496810522914,50.0,2,0.6325038448979207,0.910916546742988,0.5475742225751918,41.0,10.0,51.0,5.347699159960679,gradient,"[0.6245610640160763, 0.37543893598392375]"
73,COMPLETE,[0.06979179946650207],2025-09-20T12:30:07.396817,2025-09-20T12:38:59.800815,532.403998,0.04780718932923829,0.2,0.03942945971525033,50.0,2,2.193166534751084,0.37686182053687683,0.9448426585790464,34.0,8.0,42.0,5.511972210483149,gradient,"[0.28513319466765863, 0.7148668053323415]"
74,COMPLETE,[0.10004438053898251],2025-09-20T12:38:59.815828,2025-09-20T12:47:52.981425,533.165597,0.05144751281106723,0.2,0.04097514890324623,50.0,2,2.8080753873759554,0.751004118542455,0.788126723178542,37.0,11.0,48.0,5.1947654306517155,gradient,"[0.4879403999875092, 0.5120596000124908]"
75,COMPLETE,[0.07790641549026306],2025-09-20T12:47:52.996438,2025-09-20T12:56:44.522083,531.525645,0.05075894829240453,0.2,0.05112737042653527,50.0,2,0.7226294303609663,0.201434587450193,0.29728580726927256,36.0,11.0,47.0,5.455697960439691,gradient,"[0.4039028473329262, 0.5960971526670737]"
76,COMPLETE,[0.16692237674923158],2025-09-20T12:56:44.536096,2025-09-20T13:05:36.328812,531.792716,0.046512240476193054,0.2,0.053822125330753645,50.0,2,2.8116942276113965,0.09813205703941406,0.9986152824861105,47.0,7.0,54.0,5.410439654322647,gradient,"[0.08947553689245147, 0.9105244631075486]"
77,COMPLETE,[0.10153586225844168],2025-09-20T13:05:36.342824,2025-09-20T13:14:28.219572,531.876748,0.05036509035421238,0.2,0.051080269891447636,50.0,2,2.4552364702853438,0.11221275994728193,0.5187631353548211,41.0,10.0,51.0,5.3444959721694225,gradient,"[0.1778400106608762, 0.8221599893391237]"
78,COMPLETE,[0.14338691812740964],2025-09-20T13:14:28.234586,2025-09-20T13:23:19.497542,531.262956,0.04648359082029926,0.2,0.03904420380557107,50.0,2,1.8057613123504046,0.9176636001039158,0.22881466559400312,46.0,8.0,54.0,5.4663895122153034,gradient,"[0.8004195348136738, 0.1995804651863262]"
79,COMPLETE,[0.37606129491195156],2025-09-20T13:23:19.511556,2025-09-20T13:32:10.375508,530.863952,0.04984794890981427,0.2,0.047786869788035286,50.0,2,2.91199205301945,0.7200994061793463,0.18112592283439133,55.0,8.0,63.0,4.894689097580141,gradient,"[0.7990226006712353, 0.20097739932876474]"
80,COMPLETE,[0.15588188832452696],2025-09-20T13:32:10.390521,2025-09-20T13:41:01.884831,531.49431,0.05233697443183086,0.2,0.050975487522873314,50.0,2,0.31164472768883733,0.7419743876343453,0.18001872010531333,49.0,12.0,61.0,5.4410354077548915,gradient,"[0.8047504709155106, 0.1952495290844895]"
81,COMPLETE,[0.06734070253148675],2025-09-20T13:41:01.898844,2025-09-20T13:49:53.562809,531.663965,0.05009569299273097,0.2,0.04008143055842215,50.0,2,1.6509276424556738,0.35777892512207393,0.6634379874368013,32.0,12.0,44.0,5.520820076716614,gradient,"[0.3503456716414763, 0.6496543283585237]"
82,COMPLETE,[0.07600349269779841],2025-09-20T13:49:53.577822,2025-09-20T13:58:44.998034,531.420212,0.045527175386368954,0.2,0.05335497861747114,50.0,2,0.7787403293055406,0.34375846428954865,0.38165160602763804,36.0,7.0,43.0,5.348680555642112,gradient,"[0.4738815717560135, 0.5261184282439866]"
83,COMPLETE,[0.05824787760693236],2025-09-20T13:58:45.013047,2025-09-20T14:07:36.526757,531.51371,0.04631731381731023,0.2,0.04186384297293298,50.0,2,1.437597855901097,0.3822718365773582,0.43929400073832475,33.0,7.0,40.0,5.5326907467864075,gradient,"[0.46529665574503676, 0.5347033442549632]"
84,COMPLETE,[0.08327235916660178],2025-09-20T14:07:36.540770,2025-09-20T14:16:27.309417,530.768647,0.047438280795641226,0.2,0.04699644220276608,50.0,2,1.4049903557256866,0.43083409337722794,0.2454316339623016,39.0,8.0,47.0,5.351425362012701,gradient,"[0.637078112877545, 0.3629218871224549]"
85,COMPLETE,[0.06811959523470802],2025-09-20T14:16:27.324431,2025-09-20T14:25:18.813492,531.489061,0.04842100737524192,0.2,0.04134959121161828,50.0,2,2.469117783717511,0.7859935675479555,0.7267485307564099,36.0,8.0,44.0,5.2851829108009305,gradient,"[0.519582001736434, 0.48041799826356607]"
86,COMPLETE,[0.38359355913009735],2025-09-20T14:25:18.828505,2025-09-20T14:34:10.362798,531.534293,0.049755588824150765,0.2,0.05133524066477571,50.0,2,0.8430403629430443,0.5209327592018967,0.014248252680176595,65.0,10.0,75.0,5.453377001964937,gradient,"[0.9733767597058989, 0.026623240294101062]"
87,COMPLETE,[0.06072267078303849],2025-09-20T14:34:10.377812,2025-09-20T14:43:01.088150,530.710338,0.04526325858805226,0.2,0.04222862449158345,50.0,2,1.9349374840754705,0.8362691763500881,0.9044115985236479,34.0,7.0,41.0,5.447342677752491,gradient,"[0.4804265023325421, 0.5195734976674579]"
88,COMPLETE,[0.08104534949015925],2025-09-20T14:43:01.103163,2025-09-20T14:51:52.376141,531.272978,0.052989211261828255,0.2,0.04007920568088246,50.0,2,0.5874859225529642,0.6085728206338933,0.8962966117490877,32.0,13.0,45.0,5.636672900561467,gradient,"[0.40440240697175306, 0.595597593028247]"
89,COMPLETE,[0.23640009487927288],2025-09-20T14:51:52.392154,2025-09-20T15:00:43.728206,531.336052,0.0495408217667377,0.2,0.03338860871055029,50.0,2,2.8973392280980894,0.02355649645642285,0.4781649862577267,44.0,12.0,56.0,5.944888532654969,gradient,"[0.046951341068733776, 0.9530486589312662]"
90,COMPLETE,[0.14306155014479308],2025-09-20T15:00:43.743220,2025-09-20T15:09:34.705736,530.962516,0.0462822502565733,0.2,0.03615759424821277,50.0,2,0.13735321992990224,0.13323793621654806,0.031486748745957714,41.0,10.0,51.0,5.785415742887393,gradient,"[0.8088522752183459, 0.191147724781654]"
91,COMPLETE,[0.07870907176261922],2025-09-20T15:09:34.720749,2025-09-20T15:18:25.792057,531.071308,0.04787858557436522,0.2,0.03214139719581163,50.0,2,1.9007746923165683,0.8598011297498882,0.7155831386412052,30.0,9.0,39.0,5.570533342288321,gradient,"[0.5457723217129652, 0.4542276782870347]"
92,COMPLETE,[0.06745121310349557],2025-09-20T15:18:25.807070,2025-09-20T15:27:17.103738,531.296668,0.04604005810525852,0.2,0.037468734653018775,50.0,2,0.552837136189011,0.4448673486240388,0.28033986379454845,32.0,7.0,39.0,5.625053806655298,gradient,"[0.6134348100874413, 0.3865651899125586]"
93,COMPLETE,[0.11877848865695399],2025-09-20T15:27:17.119753,2025-09-20T15:36:08.511503,531.39175,0.047595811545080066,0.2,0.04293573035597912,50.0,2,0.49746070636724526,0.21621349172167392,0.9295693456397416,41.0,10.0,51.0,5.707569690712184,gradient,"[0.18870372698161955, 0.8112962730183806]"
94,COMPLETE,[0.059757915848142815],2025-09-20T15:36:08.526517,2025-09-20T15:45:00.877406,532.350889,0.047435171176784106,0.2,0.04589752650311459,50.0,2,0.28827215566178577,0.5169747970627978,0.4193459503442345,35.0,9.0,44.0,5.597461808762017,gradient,"[0.5521342963877114, 0.4478657036122886]"
95,COMPLETE,[0.13710605834785614],2025-09-20T15:45:00.892419,2025-09-20T15:53:52.507509,531.61509,0.05012104753422065,0.2,0.03167074668132185,50.0,2,0.36797093620368415,0.9767791471138346,0.9802244595942354,30.0,11.0,41.0,5.834296957485343,gradient,"[0.49911974805038906, 0.5008802519496109]"
96,COMPLETE,[0.28506462990207304],2025-09-20T15:53:52.523524,2025-09-20T16:02:43.683926,531.160402,0.05162954269779372,0.2,0.04891070839638133,50.0,2,0.6811176244379277,0.7856372542388854,0.05757363207415835,61.0,11.0,72.0,5.482946400080859,gradient,"[0.9317209573444905, 0.06827904265550958]"
97,COMPLETE,[0.052390672007058464],2025-09-20T16:02:43.697939,2025-09-20T16:11:34.898044,531.200105,0.046748768583210164,0.2,0.031869305259353636,50.0,2,2.986135515130502,0.6299221621719496,0.5943678937603759,32.0,7.0,39.0,5.560189841313454,gradient,"[0.5145203615104503, 0.4854796384895496]"
98,COMPLETE,[0.20405036415112515],2025-09-20T16:11:34.916060,2025-09-20T16:20:26.908316,531.992256,0.04821330383268775,0.2,0.04407839609125014,50.0,2,0.4933111267114838,0.6192499731612877,0.05631441399583836,54.0,10.0,64.0,5.620776241547517,gradient,"[0.9166409374644249, 0.08335906253557512]"
99,COMPLETE,[0.2607901868910764],2025-09-20T16:20:26.924330,2025-09-20T16:29:17.950780,531.02645,0.04734804530056039,0.2,0.040418656848968504,50.0,2,1.2708380952337688,0.03332056584458607,0.7144050913310431,51.0,10.0,61.0,5.952055554808885,gradient,"[0.044562555162875175, 0.9554374448371248]"
100,COMPLETE,[0.04830460945388037],2025-09-20T16:29:17.965794,2025-09-20T16:38:10.663172,532.697378,0.04843255850330493,0.2,0.033033958454464905,50.0,2,2.758543224457573,0.5181720803245319,0.8954991284849598,32.0,9.0,41.0,5.539908502571137,gradient,"[0.3665435619650944, 0.6334564380349055]"
101,COMPLETE,[0.20857752447763078],2025-09-20T16:38:10.679186,2025-09-20T16:47:02.723956,532.04477,0.04818431318781233,0.2,0.03072339749582003,50.0,2,1.378999609045729,0.15727352075886497,0.6021958922793351,34.0,11.0,45.0,5.988447398106496,gradient,"[0.20708341647322454, 0.7929165835267755]"
102,COMPLETE,[0.06364467225849739],2025-09-20T16:47:02.738970,2025-09-20T16:55:54.993715,532.254745,0.045173516232386614,0.2,0.032923151659565,50.0,2,2.210156185392907,0.5957391604738095,0.5193184501576101,31.0,7.0,38.0,5.6291382918352335,gradient,"[0.53426760625979, 0.46573239374021]"
103,COMPLETE,[0.26067023417282786],2025-09-20T16:55:55.007727,2025-09-20T17:04:45.999670,530.991943,0.048745274984218476,0.2,0.04647561712468836,50.0,2,2.7091366277690927,0.6337979998036161,0.19702361708468644,50.0,9.0,59.0,4.985452277341972,gradient,"[0.762856896017458, 0.23714310398254207]"
104,COMPLETE,[0.1107772979573052],2025-09-20T17:04:46.014684,2025-09-20T17:13:37.457497,531.442813,0.04724525334688811,0.2,0.04765309918376756,50.0,2,1.7665982760959278,0.14194350950574142,0.7933248794737516,43.0,9.0,52.0,5.653956245591773,gradient,"[0.15176767565150084, 0.8482323243484992]"
105,COMPLETE,[0.08077889926656091],2025-09-20T17:13:37.472509,2025-09-20T17:22:28.607129,531.13462,0.046133831665198924,0.2,0.04616364303560597,50.0,2,1.9152156110439598,0.8934896001310814,0.5690573862045597,40.0,7.0,47.0,5.357867041693831,gradient,"[0.6109134328529762, 0.3890865671470238]"
106,COMPLETE,[0.09410819352380612],2025-09-20T17:22:28.622141,2025-09-20T17:31:19.959447,531.337306,0.05110987036029749,0.2,0.04582393546264833,50.0,2,0.37905510755355065,0.17805191615687013,0.16918101024096632,39.0,10.0,49.0,5.522076335421162,gradient,"[0.512773710730618, 0.4872262892693821]"
107,COMPLETE,[0.194155093459131],2025-09-20T17:31:19.974459,2025-09-20T17:40:11.270995,531.296536,0.05288534476330891,0.2,0.042692603123551415,50.0,2,2.4384327891540476,0.894198008225098,0.40378431925325475,47.0,11.0,58.0,5.035696114073991,gradient,"[0.6889138544453804, 0.3110861455546196]"
108,COMPLETE,[0.1467215540019155],2025-09-20T17:40:11.286008,2025-09-20T17:49:02.265362,530.979354,0.050412061423381824,0.2,0.04976786285376637,50.0,2,2.9496843909421626,0.011601059940820124,0.39415439245288425,49.0,11.0,60.0,5.678726493773173,gradient,"[0.02859126075171904, 0.971408739248281]"
109,COMPLETE,[0.22640221714676514],2025-09-20T17:49:02.281377,2025-09-20T17:57:53.297855,531.016478,0.05130357832182264,0.2,0.04929564608321106,50.0,2,1.6231164200833268,0.990016044531444,0.2437598647258768,55.0,10.0,65.0,5.199248530855048,gradient,"[0.8024277643153126, 0.19757223568468732]"
110,COMPLETE,[0.0639408458791972],2025-09-20T17:57:53.312868,2025-09-20T18:06:44.506052,531.193184,0.049919681439743076,0.2,0.046629798765680956,50.0,2,0.8744032222631912,0.8180177008888813,0.8381049836811114,36.0,9.0,45.0,5.5125048374024495,gradient,"[0.4939354484485412, 0.5060645515514588]"
111,COMPLETE,[0.15072151618306073],2025-09-20T18:06:44.523068,2025-09-20T18:15:36.170155,531.647087,0.04936063324474518,0.2,0.03557558572154505,50.0,2,0.1599087289070552,0.11950028680305383,0.7670173337703313,43.0,13.0,56.0,5.8794752066558855,gradient,"[0.13479741860715977, 0.8652025813928402]"
112,COMPLETE,[0.05697900167313746],2025-09-20T18:15:36.188170,2025-09-20T18:24:28.563938,532.375768,0.0486887427519772,0.2,0.03957419774321276,50.0,2,0.5425839620114953,0.5224346541307239,0.8408662221903469,32.0,9.0,41.0,5.640897174809405,gradient,"[0.3832130259759955, 0.6167869740240045]"
113,COMPLETE,[0.11454687098075547],2025-09-20T18:24:28.578951,2025-09-20T18:33:19.695629,531.116678,0.048117781137710314,0.2,0.03016814331157916,50.0,2,1.0402582970450118,0.5325285203643588,0.9107997004978251,27.0,10.0,37.0,5.697125935357841,gradient,"[0.3689587113084012, 0.6310412886915988]"
114,COMPLETE,[0.09446893147051236],2025-09-20T18:33:19.711644,2025-09-20T18:42:10.911935,531.200291,0.05142568717490302,0.2,0.051707948148415644,50.0,2,2.477404789958183,0.3060518087144216,0.738915505030221,39.0,11.0,50.0,5.163385444900735,gradient,"[0.2928817051872028, 0.7071182948127973]"
115,COMPLETE,[0.0671790195829618],2025-09-20T18:42:10.927950,2025-09-20T18:51:02.450694,531.522744,0.05114856352670015,0.2,0.03698039629615636,50.0,2,2.0422384693168723,0.9231980998501962,0.5470461655037356,40.0,11.0,51.0,5.3228545988100615,gradient,"[0.6279215784786311, 0.37207842152136894]"
116,COMPLETE,[0.05963583789287543],2025-09-20T18:51:02.466708,2025-09-20T18:59:52.836962,530.370254,0.0476681006282528,0.2,0.04533755844744958,50.0,2,2.4432531600577296,0.6834928465672795,0.681036660957121,39.0,7.0,46.0,5.256956869257285,gradient,"[0.5009000119076262, 0.4990999880923739]"
117,COMPLETE,[0.2280442891691801],2025-09-20T18:59:52.851975,2025-09-20T19:08:44.834556,531.982581,0.05277943864617387,0.2,0.03115906796675931,50.0,2,2.9382022978518245,0.01722402675075954,0.6396994493641791,39.0,18.0,57.0,6.0657395106398155,gradient,"[0.02621922853575405, 0.973780771464246]"
118,COMPLETE,[0.06490128739379603],2025-09-20T19:08:44.849569,2025-09-20T19:17:35.163523,530.313954,0.04573293256158772,0.2,0.037115826874371385,50.0,2,0.5462805364324781,0.9391079869862555,0.934529791521654,31.0,7.0,38.0,5.6655189703536974,gradient,"[0.5012217397399639, 0.4987782602600361]"
119,COMPLETE,[0.13886932626158277],2025-09-20T19:17:35.178537,2025-09-20T19:26:25.607274,530.428737,0.047138356377478756,0.2,0.042858139606343694,50.0,2,2.7536170777707976,0.04267142843772342,0.9447515846107127,48.0,10.0,58.0,5.798187479814049,gradient,"[0.04321494220190942, 0.9567850577980905]"
120,COMPLETE,[0.10761139369431562],2025-09-20T19:26:25.621287,2025-09-20T19:35:16.540160,530.918873,0.04969690111217434,0.2,0.05440915723017974,50.0,2,1.969348632507163,0.13732846871829185,0.7429874154627497,44.0,11.0,55.0,5.438509520575371,gradient,"[0.1559990807686591, 0.8440009192313409]"
121,COMPLETE,[0.16677326139360418],2025-09-20T19:35:16.554173,2025-09-20T19:44:07.589886,531.035713,0.04630931977908513,0.2,0.04475230009670843,50.0,2,2.2926981903480965,0.035261598552314165,0.9149517415364514,51.0,8.0,59.0,5.8537928480592,gradient,"[0.037109138616197655, 0.9628908613838024]"
122,COMPLETE,[0.054054908738972965],2025-09-20T19:44:07.603897,2025-09-20T19:52:58.656211,531.052314,0.0518074546154028,0.2,0.04585966071564172,50.0,2,2.3017791011105464,0.23034428977518673,0.6861640065779198,38.0,12.0,50.0,5.306652213478713,gradient,"[0.2513281011113086, 0.7486718988886915]"
123,COMPLETE,[0.1255749009058371],2025-09-20T19:52:58.670223,2025-09-20T20:01:51.499574,532.829351,0.05017035475840487,0.2,0.031124883056426265,50.0,2,1.2784293755584262,0.763191602433738,0.0918141992259132,50.0,12.0,62.0,5.630619099020864,gradient,"[0.892615700328942, 0.10738429967105806]"
124,COMPLETE,[0.05507412574845083],2025-09-20T20:01:51.514586,2025-09-20T20:10:42.346207,530.831621,0.04931834307234138,0.2,0.03038367609739792,50.0,2,2.473778709674163,0.16745553180552308,0.4033422287872111,30.0,11.0,41.0,5.598362013312542,gradient,"[0.2933710385121905, 0.7066289614878096]"
125,COMPLETE,[0.057531506248068603],2025-09-20T20:10:42.361220,2025-09-20T20:19:33.164352,530.803132,0.051787296767382675,0.2,0.04161819921238484,50.0,2,1.611989331839795,0.2491234931555996,0.2741359183159081,34.0,12.0,46.0,5.403940966256812,gradient,"[0.47609940250289173, 0.5239005974971083]"
126,COMPLETE,[0.08675567451883119],2025-09-20T20:19:33.178364,2025-09-20T20:28:24.336245,531.157881,0.045676994825404015,0.2,0.05197920246567614,50.0,2,1.752947654448207,0.20988070152273935,0.5941562911921654,40.0,6.0,46.0,5.440638206320485,gradient,"[0.2610336382833057, 0.7389663617166944]"
127,COMPLETE,[0.07473259034161563],2025-09-20T20:28:24.350258,2025-09-20T20:37:15.303658,530.9534,0.051673090466099546,0.2,0.03693519983527059,50.0,2,0.5732122127670425,0.33255960337814994,0.6090374716758953,29.0,13.0,42.0,5.698740679389498,gradient,"[0.35318674217319745, 0.6468132578268025]"
128,COMPLETE,[0.06308329111670215],2025-09-20T20:37:15.319672,2025-09-20T20:46:06.599823,531.280151,0.04694542711000591,0.2,0.04345180059163345,50.0,2,2.0955036113291197,0.5549478152432336,0.4433375645178574,38.0,7.0,45.0,5.375735245324659,gradient,"[0.5559009743046055, 0.4440990256953945]"
129,COMPLETE,[0.08209479758254819],2025-09-20T20:46:06.614837,2025-09-20T20:54:58.188471,531.573634,0.05002490686632737,0.2,0.0448790478757036,50.0,2,0.3025068559286691,0.19729485459702836,0.42686279160798285,37.0,12.0,49.0,5.6441396356783935,gradient,"[0.3160977932363978, 0.6839022067636021]"
130,COMPLETE,[0.04279199613043101],2025-09-20T20:54:58.203485,2025-09-20T21:03:49.391987,531.188502,0.04919003198687684,0.2,0.03926728145696842,50.0,2,0.6318172875686273,0.8659680555592411,0.811834862166373,33.0,8.0,41.0,5.5770425294045864,gradient,"[0.516132166901417, 0.48386783309858306]"
131,COMPLETE,[0.053547006206300415],2025-09-20T21:03:49.406000,2025-09-20T21:12:40.392321,530.986321,0.045726215835306304,0.2,0.0442302349144746,50.0,2,0.33412199194567105,0.656213110012095,0.7828410149025388,33.0,7.0,40.0,5.660494994078648,gradient,"[0.45600307775152116, 0.5439969222484788]"
132,COMPLETE,[0.12773864776998942],2025-09-20T21:12:40.407334,2025-09-20T21:21:31.936556,531.529222,0.052959104170387857,0.2,0.04142253794458281,50.0,2,1.4804331340256214,0.1083336952620052,0.9431903088351119,39.0,18.0,57.0,5.875257307276575,gradient,"[0.10302541343792251, 0.8969745865620776]"
133,COMPLETE,[0.13639956996767072],2025-09-20T21:21:31.952570,2025-09-20T21:30:23.756727,531.804157,0.0460234366464763,0.2,0.05398123443806226,50.0,2,2.5649293904722152,0.8607756778211368,0.8645608088781307,39.0,7.0,46.0,5.066316526196823,gradient,"[0.49890307453468535, 0.5010969254653146]"
134,COMPLETE,[0.11608538733942866],2025-09-20T21:30:23.770740,2025-09-20T21:39:14.998383,531.227643,0.050766011111893154,0.2,0.04608571652823468,50.0,2,0.991678139328148,0.07263221860407182,0.5690899504552716,46.0,14.0,60.0,5.805480015450849,gradient,"[0.11318327791377135, 0.8868167220862287]"
135,COMPLETE,[0.09919224658061192],2025-09-20T21:39:15.014398,2025-09-20T21:48:05.520780,530.506382,0.04695126625449435,0.2,0.03968511566085478,50.0,2,0.20255371031010216,0.18937986764546486,0.7471538572494562,40.0,10.0,50.0,5.774002769786888,gradient,"[0.20221361240003743, 0.7977863875999626]"
136,COMPLETE,[0.057962919491682426],2025-09-20T21:48:05.537796,2025-09-20T21:56:56.790915,531.253119,0.04531599343763233,0.2,0.0451607634978263,50.0,2,1.58239531611838,0.9955463877389151,0.7565935974770824,36.0,7.0,43.0,5.458070967454248,gradient,"[0.5681888411536865, 0.43181115884631344]"
137,COMPLETE,[0.06757673417139949],2025-09-20T21:56:56.804928,2025-09-20T22:05:49.009511,532.204583,0.04812869233168791,0.2,0.046726832762108816,50.0,2,0.6132608568602979,0.8644197673950637,0.5560740732948113,39.0,8.0,47.0,5.422837636009454,gradient,"[0.6085346818366004, 0.3914653181633995]"
138,COMPLETE,[0.17374853746632102],2025-09-20T22:05:49.023524,2025-09-20T22:14:39.726348,530.702824,0.05274279450314589,0.2,0.04069502230641615,50.0,2,0.01644440405514036,0.0768748768367452,0.8682626569919788,55.0,15.0,70.0,5.674066705839414,gradient,"[0.08133723832268872, 0.9186627616773113]"
139,COMPLETE,[0.03972217591277653],2025-09-20T22:14:39.742363,2025-09-20T22:23:30.393522,530.651159,0.045336154325789434,0.2,0.045897597703641546,50.0,2,0.9995878671552819,0.6500157010086185,0.7779127477196756,33.0,6.0,39.0,5.565921354254655,gradient,"[0.45521587694924015, 0.5447841230507598]"
140,COMPLETE,[0.09107497744201636],2025-09-20T22:23:30.408535,2025-09-20T22:32:21.816592,531.408057,0.0513267599956288,0.2,0.030394318266734062,50.0,2,1.4680559680468,0.5822200512893196,0.14406777041805677,40.0,13.0,53.0,5.626503692749404,gradient,"[0.8016381851489972, 0.19836181485100285]"
141,COMPLETE,[0.04164389159916624],2025-09-20T22:32:21.831604,2025-09-20T22:41:14.227032,532.395428,0.047224239878563994,0.2,0.033696241733662674,50.0,2,2.2798056329014056,0.2096169473048456,0.27071491684105103,31.0,8.0,39.0,5.543246681820635,gradient,"[0.43640025355714535, 0.5635997464428546]"
142,COMPLETE,[0.051245448758388816],2025-09-20T22:41:14.243046,2025-09-20T22:50:05.852116,531.60907,0.04779048022189833,0.2,0.04294808369083278,50.0,2,0.3984642324221612,0.6248828983595976,0.628984289113989,34.0,9.0,43.0,5.651362055141389,gradient,"[0.498364503515458, 0.5016354964845421]"
143,COMPLETE,[0.08527890960831093],2025-09-20T22:50:05.867130,2025-09-20T22:58:59.093608,533.226478,0.05276059046467449,0.2,0.035685724011942525,50.0,2,0.10459830809608717,0.12408306398477462,0.6944149446084265,41.0,16.0,57.0,5.7575599643662265,gradient,"[0.15159849221630142, 0.8484015077836985]"
144,COMPLETE,[0.046746476383828554],2025-09-20T22:58:59.110622,2025-09-20T23:07:49.402325,530.291703,0.05085995508288409,0.2,0.04652481891210254,50.0,2,0.9827510169542175,0.5698808842125528,0.7653991044147298,34.0,11.0,45.0,5.488952582281723,gradient,"[0.42678755696654413, 0.5732124430334559]"
145,COMPLETE,[0.08781885429211696],2025-09-20T23:07:49.417339,2025-09-20T23:16:39.906027,530.488688,0.0472322618787211,0.2,0.04236402465843716,50.0,2,0.09113863796483657,0.38206081775359896,0.9714918475708495,38.0,10.0,48.0,5.72128348154893,gradient,"[0.2822652029295206, 0.7177347970704794]"
146,COMPLETE,[0.21467818864832205],2025-09-20T23:16:39.920040,2025-09-20T23:25:30.921489,531.001449,0.05238532887939119,0.2,0.05199077846412908,50.0,2,2.6612582052175147,0.690938160125648,0.8092062013250011,42.0,10.0,52.0,4.916654579003202,gradient,"[0.4605811133119925, 0.5394188866880075]"
147,COMPLETE,[0.03529764992525249],2025-09-20T23:25:30.935502,2025-09-20T23:34:21.405886,530.470384,0.045173261530929175,0.2,0.04401462239136596,50.0,2,0.6089620885303606,0.7376044831554067,0.7716538281935134,33.0,6.0,39.0,5.548723216812124,gradient,"[0.488719841798428, 0.5112801582015721]"
148,COMPLETE,[0.22339019361895598],2025-09-20T23:34:21.420899,2025-09-20T23:43:12.112609,530.69171,0.05006831015184358,0.2,0.05189183081737665,50.0,2,0.1246923245536724,0.5968600446892699,0.023171169733968704,61.0,11.0,72.0,5.525967574210539,gradient,"[0.9626290270635441, 0.03737097293645585]"
149,COMPLETE,[0.058364532983692416],2025-09-20T23:43:12.127623,2025-09-20T23:52:02.712853,530.58523,0.04762846789315307,0.2,0.05100192437881511,50.0,2,0.5359188309219027,0.27303375639048927,0.4566584887311079,37.0,8.0,45.0,5.501564567027158,gradient,"[0.37417659049534013, 0.6258234095046598]"
150,COMPLETE,[0.06594593757885928],2025-09-20T23:52:02.728867,2025-09-21T00:00:52.908441,530.179574,0.051464810379690605,0.2,0.037112289325943994,50.0,2,1.6801398254056208,0.8057370396772102,0.9152990075252152,31.0,13.0,44.0,5.454586937335108,gradient,"[0.46816976378092146, 0.5318302362190787]"
151,COMPLETE,[0.1061695008292038],2025-09-21T00:00:52.925456,2025-09-21T00:09:43.870493,530.945037,0.049443921436015816,0.2,0.05001901229423032,50.0,2,0.0370530452281449,0.5355200191797436,0.5162166867649116,47.0,10.0,57.0,5.6053513781249915,gradient,"[0.5091768844358693, 0.49082311556413066]"
152,COMPLETE,[0.14182961868142074],2025-09-21T00:09:43.884505,2025-09-21T00:18:34.574277,530.689772,0.0488761206348491,0.2,0.05249117101169748,50.0,2,2.840506663874712,0.6952009618863147,0.5458780496527474,43.0,8.0,51.0,5.044238734066531,gradient,"[0.5601585035461972, 0.43984149645380277]"
153,COMPLETE,[0.05486255836590876],2025-09-21T00:18:34.589290,2025-09-21T00:27:24.750519,530.161229,0.04943334477260908,0.2,0.05214503368946925,50.0,2,0.7479097615443587,0.6839055124686212,0.9097620972410133,37.0,9.0,46.0,5.441674012187032,gradient,"[0.42913936902641103, 0.570860630973589]"
154,COMPLETE,[0.08229023743236204],2025-09-21T00:27:24.766533,2025-09-21T00:36:14.863235,530.096702,0.0498531738414141,0.2,0.039808394145376416,50.0,2,0.26264747013217216,0.2992768200321492,0.6172909740975232,35.0,11.0,46.0,5.726185876275641,gradient,"[0.32651902232319624, 0.6734809776768038]"
155,COMPLETE,[0.10632841743190355],2025-09-21T00:36:14.879249,2025-09-21T00:45:04.516763,529.637514,0.05220482449266223,0.2,0.03152565425250524,50.0,2,0.26678072414030984,0.21704253605892074,0.21838536788446802,30.0,13.0,43.0,5.847324498258773,gradient,"[0.49845803195731586, 0.5015419680426841]"
156,COMPLETE,[0.07179586297355343],2025-09-21T00:45:04.531776,2025-09-21T00:53:54.940481,530.408705,0.04801457392077753,0.2,0.03391491150694406,50.0,2,2.753715013255151,0.7369011451453857,0.27766887602706536,42.0,8.0,50.0,5.337931649670527,gradient,"[0.7263186667922759, 0.2736813332077242]"
157,COMPLETE,[0.43584912984914465],2025-09-21T00:53:54.954493,2025-09-21T01:02:44.926713,529.97222,0.051110073278651635,0.2,0.0535449231040679,50.0,2,2.268004978780745,0.3275278848118574,0.018319212337668662,69.0,9.0,78.0,4.867305288625299,gradient,"[0.9470308917187517, 0.052969108281248345]"
158,COMPLETE,[0.03484202051537287],2025-09-21T01:02:44.942727,2025-09-21T01:11:35.183253,530.240526,0.04742824298147504,0.2,0.0340672411133423,50.0,2,1.2222247676522464,0.7469315500258429,0.5550587153579413,32.0,8.0,40.0,5.632189976537246,gradient,"[0.5736844351948145, 0.42631556480518545]"
159,COMPLETE,[0.451251166198681],2025-09-21T01:11:35.198266,2025-09-21T01:20:24.260915,529.062649,0.050249831575301246,0.2,0.05089645995585795,50.0,2,2.7220785032992287,0.8500629188159998,0.032015282537088664,68.0,8.0,76.0,4.7067429914795555,gradient,"[0.9637047117954192, 0.036295288204580875]"
160,COMPLETE,[0.04056000339577503],2025-09-21T01:20:24.275929,2025-09-21T01:29:14.479023,530.203094,0.04706907316887212,0.2,0.04125761731602541,50.0,2,2.9807550768232343,0.4724759041928178,0.7310278202886915,33.0,8.0,41.0,5.45392272965037,gradient,"[0.3925836659926987, 0.6074163340073012]"
161,COMPLETE,[0.03199990134365495],2025-09-21T01:29:14.495038,2025-09-21T01:38:04.133272,529.638234,0.045399400359749424,0.2,0.03700968711029204,50.0,2,1.8127243465177139,0.21086670595203214,0.525708988299853,32.0,8.0,40.0,5.6401833012362665,gradient,"[0.28627975046909776, 0.7137202495309022]"
162,COMPLETE,[0.11293620549940547],2025-09-21T01:38:04.147285,2025-09-21T01:46:54.161563,530.014278,0.04570589883916586,0.2,0.04751421879967854,50.0,2,0.4260423927329421,0.04914702641029679,0.6266542301133057,52.0,9.0,61.0,5.683318542106878,gradient,"[0.07272408261433934, 0.9272759173856607]"
163,COMPLETE,[0.045693868277811425],2025-09-21T01:46:54.175575,2025-09-21T01:55:44.635143,530.459568,0.05099238848680523,0.2,0.05214016189851513,50.0,2,2.099663272207922,0.22224674386325285,0.7173635143202479,39.0,12.0,51.0,5.3045684941403675,gradient,"[0.23653077638052913, 0.7634692236194709]"
164,COMPLETE,[0.14847913421057635],2025-09-21T01:55:44.649155,2025-09-21T02:04:33.929586,529.280431,0.045298646212358754,0.2,0.03546801825430689,50.0,2,0.1555971830531251,0.8398614907812811,0.04032421163827736,55.0,7.0,62.0,5.745079056405135,gradient,"[0.9541867000027047, 0.045813299997295345]"
165,COMPLETE,[0.04347334805159505],2025-09-21T02:04:33.943598,2025-09-21T02:13:23.453547,529.509949,0.04810881056738006,0.2,0.03256186346098905,50.0,2,2.9913988763534713,0.5909084762783416,0.43305529087074174,35.0,8.0,43.0,5.441001919844512,gradient,"[0.5770794780400748, 0.4229205219599253]"
166,COMPLETE,[0.09452747992289195],2025-09-21T02:13:23.468560,2025-09-21T02:22:13.580059,530.111499,0.046262573345052946,0.2,0.034161919681901354,50.0,2,0.05128353135738739,0.658014717799509,0.2679419785407479,44.0,9.0,53.0,5.8402216411830645,gradient,"[0.7106322794578197, 0.28936772054218024]"
167,COMPLETE,[0.11962209622973984],2025-09-21T02:22:13.595073,2025-09-21T02:31:03.162868,529.567795,0.0484317979454343,0.2,0.05018899788231396,50.0,2,1.0634604316848835,0.04450664679501209,0.8251341614910788,52.0,11.0,63.0,5.834374399831231,gradient,"[0.05117819491788439, 0.9488218050821157]"
168,COMPLETE,[0.07189531068328753],2025-09-21T02:31:03.177882,2025-09-21T02:39:52.934803,529.756921,0.048634608141969494,0.2,0.04008153896703869,50.0,2,1.5984026214483014,0.12331533748023403,0.47336191570378516,36.0,11.0,47.0,5.714268539890026,gradient,"[0.20667008306784365, 0.7933299169321564]"
169,COMPLETE,[0.29940256365465817],2025-09-21T02:39:52.950818,2025-09-21T02:48:42.771713,529.820895,0.046276660598999604,0.2,0.053799861628821596,50.0,2,2.5582141355209074,0.9066940780299882,0.12543364859500755,60.0,6.0,66.0,4.82930073590963,gradient,"[0.8784708080605789, 0.12152919193942119]"
170,COMPLETE,[0.16940451586920244],2025-09-21T02:48:42.786726,2025-09-21T02:57:32.972198,530.185472,0.047900917160455,0.2,0.033957022890481324,50.0,2,1.3125123274341006,0.057173953991423894,0.9640309364485994,46.0,12.0,58.0,6.037610707848941,gradient,"[0.05598676086126891, 0.9440132391387311]"
171,COMPLETE,[0.04150744096821376],2025-09-21T02:57:32.987212,2025-09-21T03:06:21.852605,528.865393,0.050306808401384934,0.2,0.04198227253160249,50.0,2,1.2665698079380032,0.8469594237771756,0.6235465405903623,36.0,10.0,46.0,5.447699836864926,gradient,"[0.5759646300662584, 0.4240353699337415]"
172,COMPLETE,[0.05655039679436295],2025-09-21T03:06:21.867618,2025-09-21T03:15:10.460165,528.592547,0.05017806139093768,0.2,0.051590529803002244,50.0,2,0.9820850183222304,0.8956731417731667,0.6086196465338006,40.0,10.0,50.0,5.399249990321566,gradient,"[0.5954114443247566, 0.40458855567524343]"
173,COMPLETE,[0.09079971846907506],2025-09-21T03:15:10.476180,2025-09-21T03:23:59.398819,528.922639,0.05190148914348742,0.2,0.046421783457025814,50.0,2,0.41746509095084694,0.4625082477938127,0.15016640095607656,46.0,11.0,57.0,5.507974704555026,gradient,"[0.7549002537276867, 0.24509974627231332]"
174,COMPLETE,[0.19191362447739913],2025-09-21T03:23:59.412831,2025-09-21T03:32:48.983661,529.57083,0.05080130307181109,0.2,0.04592444512427021,50.0,2,2.199740253087432,0.967009712409076,0.2339439061994586,54.0,9.0,63.0,5.104498548384673,gradient,"[0.8052015476913139, 0.1947984523086861]"
175,COMPLETE,[0.10961538962491817],2025-09-21T03:32:48.998675,2025-09-21T03:41:39.775567,530.776892,0.05154086056002451,0.2,0.034480379776148005,50.0,2,0.5690996131263195,0.1133128595477623,0.5696793954554207,37.0,16.0,53.0,5.890474740016499,gradient,"[0.16590650731059056, 0.8340934926894095]"
176,COMPLETE,[0.10313239443985017],2025-09-21T03:41:39.789579,2025-09-21T03:50:34.719438,534.929859,0.046483403157642024,0.2,0.050594828101090256,50.0,2,0.04959389393743796,0.20907855476616782,0.9636375121325402,53.0,8.0,61.0,5.6474048942747395,gradient,"[0.1782857425319361, 0.8217142574680639]"
177,COMPLETE,[0.03044567771381189],2025-09-21T03:50:34.734452,2025-09-21T03:59:24.512078,529.777626,0.04801245324360555,0.2,0.037112812510734186,50.0,2,2.009738885837598,0.3093574151408217,0.7952706834827317,33.0,9.0,42.0,5.5562825008271854,gradient,"[0.28005571787129396, 0.7199442821287061]"
178,COMPLETE,[0.13277983964934748],2025-09-21T03:59:24.526091,2025-09-21T04:08:14.455269,529.929178,0.05195378541419461,0.2,0.03489668116044574,50.0,2,2.25995765370348,0.8542077447770633,0.2575195548817312,48.0,11.0,59.0,5.216200263818623,gradient,"[0.7683608606528167, 0.23163913934718322]"
179,COMPLETE,[0.055575845898734696],2025-09-21T04:08:14.471282,2025-09-21T04:17:03.497136,529.025854,0.04861073215997894,0.2,0.05073336480958284,50.0,2,2.042798733657147,0.3891079085839406,0.3746418082029882,40.0,9.0,49.0,5.233860348799925,gradient,"[0.509470445659745, 0.490529554340255]"
180,COMPLETE,[0.044701734082774364],2025-09-21T04:17:03.512150,2025-09-21T04:25:53.478071,529.965921,0.04668622719853719,0.2,0.0437469436690857,50.0,2,2.2517562507936226,0.8847700330452374,0.6099848138335925,38.0,7.0,45.0,5.321477451064604,gradient,"[0.5919164837583296, 0.4080835162416704]"
181,COMPLETE,[0.0485723818934657],2025-09-21T04:25:53.493085,2025-09-21T04:34:43.599448,530.106363,0.05169581520864887,0.2,0.03794319873978522,50.0,2,0.8187384254918545,0.8040178738277252,0.3861316771735624,35.0,13.0,48.0,5.6502044925154316,gradient,"[0.6755603723509327, 0.3244396276490673]"
182,COMPLETE,[0.1658498097883638],2025-09-21T04:34:43.614462,2025-09-21T04:43:33.160404,529.545942,0.05262038196934623,0.2,0.048325823586028036,50.0,2,0.3026825569076408,0.26567823500424004,0.02654197777195544,57.0,13.0,70.0,5.43391415096133,gradient,"[0.9091713146062099, 0.09082868539379002]"
183,COMPLETE,[0.18410262580910355],2025-09-21T04:43:33.174418,2025-09-21T04:52:23.559382,530.384964,0.050437337639917576,0.2,0.03173629148956486,50.0,2,1.1256025926604587,0.03151249432531499,0.5863266490019261,45.0,15.0,60.0,6.096304437885415,gradient,"[0.05100436685770857, 0.9489956331422914]"
184,COMPLETE,[0.07815920176666762],2025-09-21T04:52:23.573395,2025-09-21T05:01:12.224954,528.651559,0.05045925126497826,0.2,0.045019917234692446,50.0,2,1.8485102615892477,0.153252413241636,0.9069560218168926,43.0,11.0,54.0,5.6900771767140945,gradient,"[0.1445493246176406, 0.8554506753823594]"
185,COMPLETE,[0.046763185989131685],2025-09-21T05:01:12.241969,2025-09-21T05:10:00.707014,528.465045,0.051335300374569834,0.2,0.04431336688364009,50.0,2,1.470881097157092,0.8770935481746378,0.7588352976460496,38.0,12.0,50.0,5.445802906781735,gradient,"[0.5361440691111666, 0.46385593088883326]"
186,COMPLETE,[0.08033271063226939],2025-09-21T05:10:00.723028,2025-09-21T05:18:50.099963,529.376935,0.05236159699552728,0.2,0.030524774379928808,50.0,2,0.300255937647827,0.8808438752782699,0.6701368492930042,28.0,14.0,42.0,5.769684821197774,gradient,"[0.5679270292167912, 0.43207297078320883]"
187,COMPLETE,[0.04549951133697959],2025-09-21T05:18:50.113975,2025-09-21T05:27:39.335436,529.221461,0.04511263483994202,0.2,0.037325124573864846,50.0,2,1.6893509465065673,0.9367363540779668,0.531975095671786,35.0,6.0,41.0,5.663287352057617,gradient,"[0.6377946833856121, 0.362205316614388]"
188,COMPLETE,[0.030180006258564342],2025-09-21T05:27:39.351451,2025-09-21T05:36:28.394245,529.042794,0.045530236454744695,0.2,0.037060241874631784,50.0,2,2.4453775627376917,0.37292174429199965,0.7209548147437144,32.0,8.0,40.0,5.587347596321514,gradient,"[0.340917575398765, 0.659082424601235]"
189,COMPLETE,[0.02659102163213065],2025-09-21T05:36:28.408258,2025-09-21T05:45:16.997129,528.588871,0.04727189334935363,0.2,0.03146427148639334,50.0,2,1.3848426791464863,0.6644411941418193,0.34561513764708945,32.0,10.0,42.0,5.640193661290121,gradient,"[0.6578258788448252, 0.3421741211551747]"
190,COMPLETE,[0.22185918180103634],2025-09-21T05:45:17.012142,2025-09-21T05:54:06.316712,529.30457,0.05262180749373043,0.2,0.052535519327977884,50.0,2,1.329639862894189,0.5650806115978066,0.05713734458905941,62.0,12.0,74.0,5.141587578189593,gradient,"[0.908171495179577, 0.09182850482042305]"
191,COMPLETE,[0.07746688448639451],2025-09-21T05:54:06.331725,2025-09-21T06:02:56.033903,529.702178,0.04537181776773583,0.2,0.04403340073027057,50.0,2,0.9622324616376638,0.9563093684103978,0.39947299076829496,41.0,6.0,47.0,5.53366011407196,gradient,"[0.7053561081807495, 0.2946438918192505]"
192,COMPLETE,[0.07135476796340345],2025-09-21T06:02:56.048917,2025-09-21T06:11:45.150310,529.101393,0.05013398387763947,0.2,0.045988696168583226,50.0,2,0.15985161001717962,0.14310258548290403,0.4108693218677756,40.0,12.0,52.0,5.654413861106845,gradient,"[0.2583210151707497, 0.7416789848292504]"
193,COMPLETE,[0.15476217817129517],2025-09-21T06:11:45.165323,2025-09-21T06:20:34.761644,529.596321,0.04911581222572422,0.2,0.03406972650687843,50.0,2,0.8676752805481982,0.09019281381125475,0.27005670849563,32.0,11.0,43.0,6.007597628375063,gradient,"[0.2503620635877553, 0.7496379364122446]"
194,COMPLETE,[0.04296724640580003],2025-09-21T06:20:34.778659,2025-09-21T06:29:24.180698,529.402039,0.051722856231746064,0.2,0.031226484282889013,50.0,2,1.5407241614589609,0.14036283364568897,0.06998782815524086,36.0,12.0,48.0,5.511521381445082,gradient,"[0.667280209360713, 0.33271979063928714]"
195,COMPLETE,[0.18938176125271863],2025-09-21T06:29:24.196712,2025-09-21T06:38:13.704858,529.508146,0.04892240941127372,0.2,0.0480097061378002,50.0,2,1.873966295339725,0.7064563694433008,0.09383547954309412,60.0,8.0,68.0,5.185943637693916,gradient,"[0.8827484252626827, 0.11725157473731729]"
196,COMPLETE,[0.1904384173935848],2025-09-21T06:38:13.719872,2025-09-21T06:47:02.700766,528.980894,0.050254939116566665,0.2,0.03160900259243481,50.0,2,2.2339589900892487,0.017231226786491208,0.8104174062939239,44.0,14.0,58.0,6.142039644592711,gradient,"[0.02081949525169699, 0.979180504748303]"
197,COMPLETE,[0.13843323065369093],2025-09-21T06:47:02.715780,2025-09-21T06:55:52.899491,530.183711,0.05077087490582713,0.2,0.048261791746202154,50.0,2,1.3604845330589275,0.5185970535715064,0.12959368744581207,52.0,10.0,62.0,5.313721874181246,gradient,"[0.8000685920900102, 0.19993140790998984]"
198,COMPLETE,[0.20049833602108924],2025-09-21T06:55:52.915505,2025-09-21T07:04:42.016876,529.101371,0.0525739402179774,0.2,0.049461018773417506,50.0,2,2.360530267206778,0.5345244615747059,0.1602368560446381,56.0,10.0,66.0,4.921867234290079,gradient,"[0.7693641658207128, 0.2306358341792872]"
199,COMPLETE,[0.17871060090092866],2025-09-21T07:04:42.030888,2025-09-21T07:13:32.178229,530.147341,0.04776541460210942,0.2,0.03050572421986144,50.0,2,1.159458465864219,0.126265013947872,0.9379838103013135,41.0,11.0,52.0,6.142900138170538,gradient,"[0.11864238049494717, 0.8813576195050529]"
200,COMPLETE,[0.10557877228016095],2025-09-21T07:13:32.193242,2025-09-21T07:22:20.810728,528.617486,0.04829214745461221,0.2,0.032941321473486274,50.0,2,0.6169587844168036,0.178787923257491,0.9813327068700868,41.0,11.0,52.0,5.940854603219087,gradient,"[0.1541114937658076, 0.8458885062341924]"
201,COMPLETE,[0.21348387337041302],2025-09-21T07:22:20.826743,2025-09-21T07:31:09.504008,528.677265,0.050565843377535995,0.2,0.04729011761529994,50.0,2,2.8743912694830156,0.9637223369227197,0.195451768440895,57.0,9.0,66.0,4.836992169582705,gradient,"[0.8313870474361702, 0.1686129525638298]"
202,COMPLETE,[0.15392843211017632],2025-09-21T07:31:09.518021,2025-09-21T07:39:58.899266,529.381245,0.05175204316469325,0.2,0.053124050775328086,50.0,2,2.8317225739301226,0.4707964146081989,0.62230542672446,40.0,10.0,50.0,4.963369008477949,gradient,"[0.43069766860352715, 0.5693023313964728]"
203,COMPLETE,[0.04991231712526427],2025-09-21T07:39:58.914279,2025-09-21T07:48:48.899821,529.985542,0.05055054387506541,0.2,0.04785394456286576,50.0,2,0.30334738858797927,0.5117289290257026,0.7234319202491154,37.0,11.0,48.0,5.5783329574506455,gradient,"[0.41430144853291495, 0.5856985514670849]"
204,COMPLETE,[0.06828079072893235],2025-09-21T07:48:48.913834,2025-09-21T07:57:38.714193,529.800359,0.04538956708466257,0.2,0.04257100009630953,50.0,2,0.07808122315199562,0.4146041282030343,0.9070220227264287,40.0,8.0,48.0,5.825391633796571,gradient,"[0.313707569959519, 0.6862924300404811]"
205,COMPLETE,[0.10103067017057923],2025-09-21T07:57:38.728206,2025-09-21T08:06:27.649284,528.921078,0.05226883259221193,0.2,0.034814055290539374,50.0,2,1.879946524900204,0.8350288695756931,0.9419831077660596,30.0,13.0,43.0,5.356212036907653,gradient,"[0.46990615720262047, 0.5300938427973795]"
206,COMPLETE,[0.08127927374827429],2025-09-21T08:06:27.663296,2025-09-21T08:15:16.724355,529.061059,0.050458018562156794,0.2,0.03012415308243994,50.0,2,1.474399535083164,0.5013762435203194,0.7514109673532623,27.0,12.0,39.0,5.646649156509097,gradient,"[0.40020862215755254, 0.5997913778424474]"
207,COMPLETE,[0.11001259890340127],2025-09-21T08:15:16.739369,2025-09-21T08:24:05.929182,529.189813,0.05161230331661765,0.2,0.037425790808258495,50.0,2,1.8785904419368513,0.9970127246182536,0.32281339968395145,47.0,11.0,58.0,5.289827855782068,gradient,"[0.7554121760890105, 0.24458782391098946]"
208,COMPLETE,[0.04091587706497357],2025-09-21T08:24:05.944195,2025-09-21T08:32:57.616271,531.672076,0.04697406156052325,0.2,0.050624122593590004,50.0,2,0.6536664071246535,0.49586266153365677,0.9418761785178451,36.0,8.0,44.0,5.5457163458986365,gradient,"[0.3448906350167839, 0.6551093649832161]"
209,COMPLETE,[0.1299289564980469],2025-09-21T08:32:57.631286,2025-09-21T08:41:48.689271,531.057985,0.04661973180972691,0.2,0.045744521909520164,50.0,2,1.935476772373124,0.6574946084021028,0.13070774666111842,53.0,7.0,60.0,5.229146224008545,gradient,"[0.8341698095400458, 0.1658301904599542]"
210,COMPLETE,[0.09234263560115084],2025-09-21T08:41:48.707287,2025-09-21T08:50:38.488156,529.780869,0.04577864741849831,0.2,0.05277922332167428,50.0,2,2.59534164988235,0.49810273835655455,0.41867549250185043,40.0,7.0,47.0,5.086255182724214,gradient,"[0.5433186801241638, 0.4566813198758362]"
211,COMPLETE,[0.07431118597167007],2025-09-21T08:50:38.503169,2025-09-21T08:59:29.119695,530.616526,0.0516387817833334,0.2,0.03271340192080685,50.0,2,1.6589315602852088,0.6078580853692533,0.943816940353816,28.0,13.0,41.0,5.563207281145466,gradient,"[0.3917431648331105, 0.6082568351668894]"
212,COMPLETE,[0.06966269097028356],2025-09-21T08:59:29.133708,2025-09-21T09:08:19.563657,530.429949,0.05044009781911237,0.2,0.04976901142469164,50.0,2,2.3230561668754577,0.4735024145822523,0.8911311782262104,36.0,11.0,47.0,5.198756258008168,gradient,"[0.3469813560779843, 0.6530186439220156]"
213,COMPLETE,[0.12064509947971482],2025-09-21T09:08:19.577670,2025-09-21T09:17:09.892947,530.315277,0.050273023524657526,0.2,0.04638752857972228,50.0,2,0.7640970499004142,0.40299354174454755,0.05920975672389875,54.0,10.0,64.0,5.505513876712698,gradient,"[0.8718967239738534, 0.1281032760261465]"
214,COMPLETE,[0.135500775715847],2025-09-21T09:17:09.907960,2025-09-21T09:25:59.447984,529.540024,0.0505235916922314,0.2,0.05378606323833031,50.0,2,2.3023316026537772,0.7495085953040249,0.38861567114295315,48.0,9.0,57.0,4.997060062652768,gradient,"[0.6585472407541733, 0.3414527592458267]"
215,COMPLETE,[0.05302531093383123],2025-09-21T09:25:59.462998,2025-09-21T09:34:50.104924,530.641926,0.05120534022335555,0.2,0.0364724886249962,50.0,2,1.0286535302327224,0.3687391146693042,0.6049027373225924,29.0,12.0,41.0,5.641859746542722,gradient,"[0.3787215123455613, 0.6212784876544387]"
216,COMPLETE,[0.17150396357795078],2025-09-21T09:34:50.119937,2025-09-21T09:43:39.870466,529.750529,0.0527585085659243,0.2,0.04575793615549438,50.0,2,2.130961362794246,0.2334398164370175,0.03618700919106897,60.0,11.0,71.0,5.048168901646286,gradient,"[0.8657885427135353, 0.1342114572864646]"
217,COMPLETE,[0.06121062965682874],2025-09-21T09:43:39.885479,2025-09-21T09:52:29.962828,530.077349,0.04536697843510136,0.2,0.03558851161631974,50.0,2,1.7425734668946942,0.6559069847600768,0.8074689592966392,30.0,7.0,37.0,5.728656040898598,gradient,"[0.4482149562618858, 0.5517850437381142]"
218,COMPLETE,[0.06430007798444251],2025-09-21T09:52:29.977841,2025-09-21T10:01:19.827107,529.849266,0.050643385596776454,0.2,0.047652799049446984,50.0,2,1.8122652914854855,0.11988609712186678,0.8338782585986889,42.0,13.0,55.0,5.649553050148869,gradient,"[0.1256978166596449, 0.874302183340355]"
219,COMPLETE,[0.039428998023328936],2025-09-21T10:01:19.841120,2025-09-21T10:10:10.854502,531.013382,0.05260196496862604,0.2,0.04660289206249005,50.0,2,2.3815339424276596,0.16239723113917784,0.761290756285657,39.0,15.0,54.0,5.349290929246397,gradient,"[0.1758139472961295, 0.8241860527038706]"
220,COMPLETE,[0.09007406749298089],2025-09-21T10:10:10.870516,2025-09-21T10:19:00.928240,530.057724,0.047290854411791004,0.2,0.04982305588454268,50.0,2,2.813257099784302,0.8992149182107012,0.5813209715815901,42.0,7.0,49.0,5.113317910924515,gradient,"[0.6073577306774067, 0.3926422693225933]"
221,COMPLETE,[0.07305739023241388],2025-09-21T10:19:00.943253,2025-09-21T10:27:51.185437,530.242184,0.05222612568739027,0.2,0.050529574030250365,50.0,2,2.94560544487231,0.07377181068281606,0.4239624256933411,43.0,12.0,55.0,5.287971229310992,gradient,"[0.14821526286784065, 0.8517847371321593]"
222,COMPLETE,[0.07051552464650718],2025-09-21T10:27:51.200450,2025-09-21T10:36:40.746613,529.546163,0.050532307246442386,0.2,0.05474088703449584,50.0,2,1.5060362375130643,0.2522326533123,0.9000059675759593,43.0,11.0,54.0,5.380669236034048,gradient,"[0.2189066125190754, 0.7810933874809246]"
223,COMPLETE,[0.055199612941972474],2025-09-21T10:36:40.762628,2025-09-21T10:45:30.591429,529.828801,0.04700456378480116,0.2,0.04379473361553105,50.0,2,0.28126977589522206,0.8197291835274362,0.5411263162797249,36.0,8.0,44.0,5.707511127430884,gradient,"[0.6023631338107501, 0.3976368661892499]"
224,COMPLETE,[0.07743642987642334],2025-09-21T10:45:30.606443,2025-09-21T10:54:21.154241,530.547798,0.04856437288507832,0.2,0.05000459961293231,50.0,2,2.690857132523734,0.9021869734082448,0.7671119573181394,40.0,8.0,48.0,5.092215211455685,gradient,"[0.5404586061860497, 0.4595413938139502]"
225,COMPLETE,[0.12393382550947905],2025-09-21T10:54:21.169255,2025-09-21T11:03:11.543686,530.374431,0.051007172257140646,0.2,0.03269161992164314,50.0,2,1.2449845261480674,0.9951129202065516,0.04373168914480127,57.0,13.0,70.0,5.615998774486444,gradient,"[0.9579035317205843, 0.04209646827941575]"
226,COMPLETE,[0.041571046172307696],2025-09-21T11:03:11.557698,2025-09-21T11:12:01.528738,529.97104,0.05287797558072024,0.2,0.05087529713315365,50.0,2,1.3478386215983904,0.1648666603368571,0.39316836638405184,38.0,14.0,52.0,5.374127391961486,gradient,"[0.2954414193417865, 0.7045585806582135]"
227,COMPLETE,[0.0716152762295567],2025-09-21T11:12:01.542750,2025-09-21T11:20:53.076796,531.534046,0.05215079111834291,0.2,0.03322600886653001,50.0,2,0.7180320522805196,0.2241562043247397,0.2606421716192206,27.0,14.0,41.0,5.754564393539982,gradient,"[0.4623699571771065, 0.5376300428228935]"
228,COMPLETE,[0.05391144319554174],2025-09-21T11:20:53.093811,2025-09-21T11:29:43.365464,530.271653,0.04571607917341618,0.2,0.038529677254166825,50.0,2,2.2095622771539953,0.13588088359727565,0.5593623667729811,38.0,7.0,45.0,5.5947952991163525,gradient,"[0.19544365734570068, 0.8045563426542993]"
229,COMPLETE,[0.08596787800382646],2025-09-21T11:29:43.380478,2025-09-21T11:38:34.394254,531.013776,0.05192695607968751,0.2,0.05205809753294943,50.0,2,2.0050774094888224,0.03921410857462817,0.5082836372002391,47.0,14.0,61.0,5.662041191287185,gradient,"[0.07162423750097618, 0.9283757624990239]"
230,COMPLETE,[0.07019541698598789],2025-09-21T11:38:34.408266,2025-09-21T11:47:24.963893,530.555627,0.0528609716111201,0.2,0.039473453050186534,50.0,2,2.1690128472746246,0.6821116542190658,0.801094393649138,35.0,13.0,48.0,5.221845000276935,gradient,"[0.4598900167643313, 0.5401099832356687]"
231,COMPLETE,[0.22030346859932712],2025-09-21T11:47:24.978908,2025-09-21T11:56:15.430471,530.451563,0.04849918040329843,0.2,0.05326728141695074,50.0,2,1.9303774485882312,0.9718942072561033,0.07549366246317904,67.0,7.0,74.0,5.029174399360181,gradient,"[0.9279219622016315, 0.07207803779836844]"
232,COMPLETE,[0.0865466639809854],2025-09-21T11:56:15.445484,2025-09-21T12:05:07.625649,532.180165,0.051853466367363946,0.2,0.03381920665133584,50.0,2,2.326205002113059,0.43905670073824066,0.5340858499499193,31.0,12.0,43.0,5.3323740601868295,gradient,"[0.4511740858805945, 0.5488259141194055]"
233,COMPLETE,[0.042752620138348574],2025-09-21T12:05:07.641664,2025-09-21T12:13:59.528867,531.887203,0.052401122409235217,0.2,0.04476796242694584,50.0,2,1.544449901828047,0.6230373849252225,0.5669673176486228,37.0,12.0,49.0,5.332365243702563,gradient,"[0.5235587586987372, 0.4764412413012627]"
234,COMPLETE,[0.05366342733882046],2025-09-21T12:13:59.543880,2025-09-21T12:22:51.790097,532.246217,0.050185449922961575,0.2,0.0514570076899737,50.0,2,0.45962166546764593,0.5927032701097306,0.4681426852594969,40.0,9.0,49.0,5.43154979452115,gradient,"[0.5587081395841681, 0.44129186041583185]"
235,COMPLETE,[0.06877446943526291],2025-09-21T12:22:51.806112,2025-09-21T12:31:43.546832,531.74072,0.049008336427256674,0.2,0.049206205288476204,50.0,2,2.6604043990091437,0.944467655897204,0.9848231140182578,41.0,8.0,49.0,5.122542587632246,gradient,"[0.4895413748019895, 0.5104586251980104]"
236,COMPLETE,[0.03807403766397592],2025-09-21T12:31:43.562846,2025-09-21T12:40:34.921321,531.358475,0.04837521715238768,0.2,0.031338601696668966,50.0,2,2.5830461234807967,0.3185030899944331,0.20919081374054138,35.0,9.0,44.0,5.431794996017667,gradient,"[0.603575458689392, 0.39642454131060795]"
237,COMPLETE,[0.04654971611978217],2025-09-21T12:40:34.936335,2025-09-21T12:49:26.658355,531.72202,0.049476396559547164,0.2,0.03026427170947263,50.0,2,1.1505113516972099,0.9260040392932782,0.3994453688352698,36.0,10.0,46.0,5.689040331748137,gradient,"[0.6986340131991444, 0.3013659868008555]"
238,COMPLETE,[0.02874745865927065],2025-09-21T12:49:26.673369,2025-09-21T12:58:17.779337,531.105968,0.04524642169399423,0.2,0.03813041178002938,50.0,2,1.5976944148651961,0.9169261473297444,0.6152238585437465,33.0,7.0,40.0,5.635879120089082,gradient,"[0.5984571639948515, 0.4015428360051485]"
239,COMPLETE,[0.1161482390363147],2025-09-21T12:58:17.794350,2025-09-21T13:07:10.301087,532.506737,0.04642763742148295,0.2,0.053270932942789374,50.0,2,0.5584594214791543,0.6732952217039607,0.11029709220694142,53.0,8.0,61.0,5.444599027483551,gradient,"[0.8592417380200559, 0.14075826197994418]"
240,COMPLETE,[0.09034134414570645],2025-09-21T13:07:10.318102,2025-09-21T13:16:00.318200,530.000098,0.04933454946714396,0.2,0.05467777579152383,50.0,2,2.718076982426042,0.2820842420180847,0.396587805270035,40.0,8.0,48.0,5.020402639824694,gradient,"[0.415641462095359, 0.584358537904641]"
241,COMPLETE,[0.02632237598087002],2025-09-21T13:16:00.334215,2025-09-21T13:24:53.230753,532.896538,0.04715876218616229,0.2,0.03763418670158111,50.0,2,1.772837819278489,0.7353525189124769,0.7749799002368235,32.0,7.0,39.0,5.535399733024126,gradient,"[0.48688123858631505, 0.513118761413685]"
242,COMPLETE,[0.0351822442568451],2025-09-21T13:24:53.246767,2025-09-21T13:33:46.685781,533.439014,0.0479520568036407,0.2,0.04922828646792775,50.0,2,1.443664650364779,0.24110726917727168,0.6345505053129548,36.0,10.0,46.0,5.508726581983425,gradient,"[0.27534417691618723, 0.7246558230838128]"
243,COMPLETE,[0.051238025391129],2025-09-21T13:33:46.701795,2025-09-21T13:42:39.902887,533.201092,0.05226962195093101,0.2,0.03204137683611054,50.0,2,1.0411616044907648,0.5839357459269654,0.44836833081272837,29.0,13.0,42.0,5.587226534176667,gradient,"[0.5656625398314792, 0.43433746016852076]"
244,COMPLETE,[0.07425301834808905],2025-09-21T13:42:39.917900,2025-09-21T13:51:32.664879,532.746979,0.05227073482508603,0.2,0.05445420791275966,50.0,2,2.0808360076455066,0.17026367888135258,0.2308242958049007,42.0,11.0,53.0,5.063908453626378,gradient,"[0.4245045716330426, 0.5754954283669574]"
245,COMPLETE,[0.02461674311904318],2025-09-21T13:51:32.680893,2025-09-21T14:00:24.860199,532.179306,0.05069811366470609,0.2,0.03638102690957074,50.0,2,0.5278820777932238,0.7951921530191408,0.6059549768672666,32.0,10.0,42.0,5.5683699415398555,gradient,"[0.5675293736522931, 0.43247062634770705]"
246,COMPLETE,[0.034738758980790346],2025-09-21T14:00:24.876213,2025-09-21T14:09:17.919395,533.043182,0.04767814540038853,0.2,0.04954633519196523,50.0,2,2.056275046125402,0.355469192052032,0.35436056663865173,39.0,7.0,46.0,5.3058277785973225,gradient,"[0.5007809093658071, 0.49921909063419295]"
247,COMPLETE,[0.09037040831541464],2025-09-21T14:09:17.934408,2025-09-21T14:18:09.942949,532.008541,0.04990386443647744,0.2,0.03430127722853229,50.0,2,0.6514530846342586,0.18291698109793278,0.7535915916601096,36.0,13.0,49.0,5.86139201801088,gradient,"[0.19531799966255245, 0.8046820003374476]"
248,COMPLETE,[0.126135281157003],2025-09-21T14:18:09.958963,2025-09-21T14:27:02.127890,532.168927,0.05086380406625475,0.2,0.04240201742997686,50.0,2,0.017090985459161656,0.06476134983531573,0.9596612649737996,57.0,13.0,70.0,5.700563075169544,gradient,"[0.06321741525335514, 0.9367825847466448]"
249,COMPLETE,[0.05104956807521092],2025-09-21T14:27:02.142904,2025-09-21T14:35:55.704602,533.561698,0.05002618515741274,0.2,0.05101764747644275,50.0,2,0.6150197599150614,0.8025238448296699,0.5083277549426375,42.0,8.0,50.0,5.367829159903036,gradient,"[0.6122156352168826, 0.38778436478311745]"
250,COMPLETE,[0.03148694966133789],2025-09-21T14:35:55.719615,2025-09-21T14:44:49.258997,533.539382,0.04990580635887805,0.2,0.032611601788651384,50.0,2,1.4150141170745258,0.7987974906801909,0.5501564074182244,31.0,11.0,42.0,5.63101079123501,gradient,"[0.5921607045327751, 0.4078392954672249]"
251,COMPLETE,[0.04496234736424356],2025-09-21T14:44:49.274010,2025-09-21T14:53:42.535887,533.261877,0.049974251215665136,0.2,0.03591903079471212,50.0,2,2.7263712408252547,0.4265167685360047,0.343660603885475,36.0,10.0,46.0,5.2901143540081055,gradient,"[0.5537903135157201, 0.44620968648428]"
252,COMPLETE,[0.030856050260197873],2025-09-21T14:53:42.551900,2025-09-21T15:02:35.266133,532.714233,0.04693787230198433,0.2,0.04709684649640086,50.0,2,1.1770145043239422,0.6369982540361246,0.6140245757498548,36.0,8.0,44.0,5.455968948675958,gradient,"[0.5091819580503579, 0.4908180419496421]"
253,COMPLETE,[0.031766139180059945],2025-09-21T15:02:35.281146,2025-09-21T15:11:28.581255,533.300109,0.052434424566797234,0.2,0.03975718027196026,50.0,2,1.0792736681141988,0.9619005894753476,0.8158905416836063,34.0,12.0,46.0,5.447306676406638,gradient,"[0.5410650174907095, 0.4589349825092905]"
254,COMPLETE,[0.035376918814946444],2025-09-21T15:11:28.597830,2025-09-21T15:20:20.592396,531.994566,0.04872500267553412,0.2,0.03622304408136591,50.0,2,0.4221870418633694,0.4710148484109822,0.34516863122410346,31.0,10.0,41.0,5.66377088736943,gradient,"[0.5770943178384009, 0.422905682161599]"
255,COMPLETE,[0.03280455641455156],2025-09-21T15:20:20.610412,2025-09-21T15:29:13.166253,532.555841,0.045234029789658244,0.2,0.04226560929124358,50.0,2,2.210890643971423,0.27876121722507696,0.5521915604730411,33.0,7.0,40.0,5.437253132797148,gradient,"[0.3354717917873666, 0.6645282082126334]"
256,COMPLETE,[0.06824728664470044],2025-09-21T15:29:13.181267,2025-09-21T15:38:06.419488,533.238221,0.05101977892831327,0.2,0.04114603376396062,50.0,2,2.495671289868236,0.07384602857705663,0.5697849529318411,42.0,13.0,55.0,5.546044606857063,gradient,"[0.11473348968369351, 0.8852665103163065]"
257,COMPLETE,[0.07988835011562496],2025-09-21T15:38:06.435503,2025-09-21T15:46:58.615161,532.179658,0.05075947384803335,0.2,0.05207814804878752,50.0,2,0.4275351434050553,0.02934463507498529,0.14840462615211125,47.0,12.0,59.0,5.526038212119653,gradient,"[0.1650900536655053, 0.8349099463344947]"
258,COMPLETE,[0.06445497096384604],2025-09-21T15:46:58.632175,2025-09-21T15:55:52.243664,533.611489,0.05244143071203939,0.2,0.0404300617596799,50.0,2,1.9530972499382624,0.11539680126267111,0.8622123047200644,38.0,17.0,55.0,5.786187206706885,gradient,"[0.11803981832459426, 0.8819601816754057]"
259,COMPLETE,[0.07319100595220261],2025-09-21T15:55:52.257677,2025-09-21T16:04:44.665014,532.407337,0.04519386240392078,0.2,0.043973481972014034,50.0,2,0.4754007755326527,0.8888188552018715,0.21110062242472233,47.0,6.0,53.0,5.573322012031352,gradient,"[0.8080762940208721, 0.19192370597912786]"
260,COMPLETE,[0.03797504526090312],2025-09-21T16:04:44.680027,2025-09-21T16:13:36.461296,531.781269,0.048783318529027946,0.2,0.05063933516390081,50.0,2,2.0683999082217155,0.11514801923020473,0.3843061452766479,40.0,9.0,49.0,5.381730779644469,gradient,"[0.23054772071807375, 0.7694522792819263]"
261,COMPLETE,[0.057648936310595394],2025-09-21T16:13:36.476310,2025-09-21T16:22:28.993999,532.517689,0.048458188375350805,0.2,0.04574624230238539,50.0,2,1.639552569302392,0.14021715231809007,0.5717822295547346,40.0,10.0,50.0,5.610754036377828,gradient,"[0.19693437366373343, 0.8030656263362665]"
262,COMPLETE,[0.049278750070795484],2025-09-21T16:22:29.009012,2025-09-21T16:31:20.569174,531.560162,0.04954426411395872,0.2,0.05123919630401794,50.0,2,1.9370220413622605,0.7381449989048254,0.8295756847952044,40.0,9.0,49.0,5.22868490925312,gradient,"[0.4708396122979667, 0.5291603877020332]"
263,COMPLETE,[0.04299273419477247],2025-09-21T16:31:20.585189,2025-09-21T16:40:14.399842,533.814653,0.05071914200281483,0.2,0.03593132140571513,50.0,2,2.1928875347028516,0.9968763767400775,0.48017013948130394,41.0,10.0,51.0,5.3048896902586,gradient,"[0.6749119718249039, 0.3250880281750961]"
264,COMPLETE,[0.040126323078281755],2025-09-21T16:40:14.415856,2025-09-21T16:49:06.382599,531.966743,0.048091856771358875,0.2,0.03701333322486883,50.0,2,2.7947736469196323,0.9952949121676442,0.7387272382674233,37.0,8.0,45.0,5.389508051747841,gradient,"[0.5739805064877193, 0.4260194935122807]"
265,COMPLETE,[0.04452271054905091],2025-09-21T16:49:06.397612,2025-09-21T16:57:58.385967,531.988355,0.04698519803469373,0.2,0.04014925802158519,50.0,2,2.9952190904894134,0.6390496391806222,0.32574526350460054,42.0,7.0,49.0,5.310183755207768,gradient,"[0.6623683825463998, 0.3376316174536002]"
266,COMPLETE,[0.09214347954555399],2025-09-21T16:57:58.400980,2025-09-21T17:06:50.648733,532.247753,0.052240781919120696,0.2,0.03779752226397959,50.0,2,2.905758131334981,0.3074911168930654,0.31478589151165465,33.0,12.0,45.0,5.21583976419338,gradient,"[0.4941386436265015, 0.5058613563734986]"
267,COMPLETE,[0.10436431976373522],2025-09-21T17:06:50.662745,2025-09-21T17:15:42.432791,531.770046,0.05051340056460772,0.2,0.03057035948217626,50.0,2,0.6335645614498411,0.23784832878590642,0.7789457855652555,31.0,14.0,45.0,5.928125495162072,gradient,"[0.23391985204171106, 0.766080147958289]"
268,COMPLETE,[0.03148262443268433],2025-09-21T17:15:42.447804,2025-09-21T17:24:34.538292,532.090488,0.04851547006801115,0.2,0.042217801071197894,50.0,2,1.2644236067197414,0.8645337571433245,0.8582579346494587,33.0,10.0,43.0,5.506145627241391,gradient,"[0.5018214107148773, 0.49817858928512276]"
269,COMPLETE,[0.04296225699051336],2025-09-21T17:24:34.553307,2025-09-21T17:33:26.044684,531.491377,0.04993347759209193,0.2,0.046302036566464144,50.0,2,2.308950678590569,0.12062065830702735,0.3792403968248827,36.0,11.0,47.0,5.372058647237844,gradient,"[0.24130837373436975, 0.7586916262656302]"
270,COMPLETE,[0.08863511767806008],2025-09-21T17:33:26.060699,2025-09-21T17:42:18.880391,532.819692,0.05074933699525036,0.2,0.03044882173184197,50.0,2,0.20995788870817822,0.6272791020764694,0.8809178719503243,27.0,13.0,40.0,5.850393394889579,gradient,"[0.41591324799019624, 0.5840867520098038]"
271,COMPLETE,[0.05526753155084473],2025-09-21T17:42:18.895404,2025-09-21T17:51:11.645112,532.749708,0.0509939767237178,0.2,0.052509095901432865,50.0,2,2.7319136993592754,0.3286717508368548,0.9787169719439706,40.0,11.0,51.0,5.148068769874923,gradient,"[0.2513955835092164, 0.7486044164907836]"
272,COMPLETE,[0.03056984131996001],2025-09-21T17:51:11.660126,2025-09-21T18:00:05.090579,533.430453,0.04763686169749578,0.2,0.03227070582977473,50.0,2,2.4114836216999627,0.494912124660925,0.29084231601298693,36.0,8.0,44.0,5.436008386679783,gradient,"[0.6298559690435317, 0.37014403095646836]"
273,COMPLETE,[0.04774876744531069],2025-09-21T18:00:05.108595,2025-09-21T18:08:58.140217,533.031622,0.0520670982814904,0.2,0.052018666041648974,50.0,2,1.1160033940866745,0.4964389500759632,0.3962260364682267,42.0,11.0,53.0,5.271867635348988,gradient,"[0.556131311924586, 0.443868688075414]"
274,COMPLETE,[0.03845735621551733],2025-09-21T18:08:58.154230,2025-09-21T18:17:51.131935,532.977705,0.04520532538843175,0.2,0.03507471157529674,50.0,2,1.7038492252513633,0.9968546649419552,0.46544760545183017,37.0,7.0,44.0,5.554012591707144,gradient,"[0.6817021932637162, 0.31829780673628383]"
275,COMPLETE,[0.03293384031582333],2025-09-21T18:17:51.147949,2025-09-21T18:26:44.152117,533.004168,0.048141343503498406,0.2,0.040442211248619325,50.0,2,2.0094428661858204,0.8962068726926853,0.6601099223653125,37.0,8.0,45.0,5.400271123321392,gradient,"[0.5758511862999507, 0.42414881370004925]"
276,COMPLETE,[0.08927743429266967],2025-09-21T18:26:44.168130,2025-09-21T18:35:35.219964,531.051834,0.045797405706226806,0.2,0.035638591253498206,50.0,2,0.11403689746953982,0.5061724948403437,0.03623362418453235,51.0,9.0,60.0,5.7738071517173655,gradient,"[0.9331983491453374, 0.06680165085466262]"
277,COMPLETE,[0.10632506248759957],2025-09-21T18:35:35.233977,2025-09-21T18:44:27.784225,532.550248,0.05106943331838606,0.2,0.04946778184155169,50.0,2,2.147338104552976,0.7654137108629975,0.3103737735270427,48.0,10.0,58.0,5.0804441042199775,gradient,"[0.7114915556923204, 0.2885084443076797]"
278,COMPLETE,[0.04022083809509766],2025-09-21T18:44:27.799238,2025-09-21T18:53:19.067638,531.2684,0.05267014082097994,0.2,0.03151771394129464,50.0,2,2.8314463128300678,0.855075488356964,0.5203712322331195,38.0,11.0,49.0,5.219936217283955,gradient,"[0.6216711091434542, 0.3783288908565458]"
279,COMPLETE,[0.09433619440330587],2025-09-21T18:53:19.081651,2025-09-21T19:02:10.405104,531.323453,0.05234120874629163,0.2,0.05389180475244598,50.0,2,2.0620879799819485,0.48251105597261584,0.381515381352669,45.0,11.0,56.0,5.022745250513963,gradient,"[0.5584447826229676, 0.4415552173770324]"
280,COMPLETE,[0.06907971947429141],2025-09-21T19:02:10.420117,2025-09-21T19:11:01.495737,531.07562,0.04914516418307258,0.2,0.03472648229925031,50.0,2,2.953363985647815,0.5446726385378803,0.20431363448906317,44.0,9.0,53.0,5.266381402335089,gradient,"[0.727213112113053, 0.2727868878869471]"
281,COMPLETE,[0.044172528947878785],2025-09-21T19:11:01.510750,2025-09-21T19:19:52.387181,530.876431,0.051821610266180346,0.2,0.03515867857032411,50.0,2,0.8986624184705815,0.8109770190273579,0.8270250650916919,29.0,12.0,41.0,5.659528749962655,gradient,"[0.49510133527303635, 0.5048986647269638]"
282,COMPLETE,[0.04609858162344479],2025-09-21T19:19:52.401194,2025-09-21T19:28:43.185409,530.784215,0.04713490139667245,0.2,0.03699611882238603,50.0,2,1.5412697371164197,0.4828476543121402,0.6654981096663785,31.0,8.0,39.0,5.701156269897007,gradient,"[0.4204723607280817, 0.5795276392719184]"
283,COMPLETE,[0.07720106847961797],2025-09-21T19:28:43.201424,2025-09-21T19:37:33.590001,530.388577,0.046502759437482645,0.2,0.034088382839642384,50.0,2,0.5787191149812128,0.9803643564602714,0.05149920075936742,53.0,10.0,63.0,5.724523740312378,gradient,"[0.9500910751241838, 0.04990892487581619]"
284,COMPLETE,[0.2448128983552915],2025-09-21T19:37:33.607017,2025-09-21T19:46:23.775655,530.168638,0.05172736689564174,0.2,0.05327169280673586,50.0,2,2.061050912948676,0.7053941693995499,0.03859584434620464,70.0,9.0,79.0,4.950065222545561,gradient,"[0.9481231688152818, 0.05187683118471814]"
285,COMPLETE,[0.029508350459319148],2025-09-21T19:46:23.790669,2025-09-21T19:55:14.269966,530.479297,0.045052034374441025,0.2,0.03609847263235084,50.0,2,2.0691068277507316,0.5945711131890387,0.9052475393847995,31.0,7.0,38.0,5.607324438177092,gradient,"[0.3964286696719603, 0.6035713303280397]"
286,COMPLETE,[0.029909788038185316],2025-09-21T19:55:14.285980,2025-09-21T20:04:06.444319,532.158339,0.04922186196364102,0.2,0.03529172891565156,50.0,2,2.2168946222962562,0.2626230139192442,0.5419262044457214,31.0,10.0,41.0,5.5404749862250116,gradient,"[0.32642255802939724, 0.6735774419706027]"
287,COMPLETE,[0.056707141370166206],2025-09-21T20:04:06.458332,2025-09-21T20:12:58.278888,531.820556,0.04546519767310873,0.2,0.032337890834241864,50.0,2,2.4105290583894634,0.9572488210802929,0.3285142609948293,43.0,6.0,49.0,5.392176651817726,gradient,"[0.7444986050893353, 0.2555013949106648]"
288,COMPLETE,[0.058016950270469145],2025-09-21T20:12:58.293901,2025-09-21T20:21:48.150397,529.856496,0.04650417909710745,0.2,0.04641633684151137,50.0,2,0.9890563430717442,0.1119363183535084,0.5116387755336076,41.0,9.0,50.0,5.797766204906236,gradient,"[0.1795073591790565, 0.8204926408209435]"
289,COMPLETE,[0.05795559463689636],2025-09-21T20:21:48.165411,2025-09-21T20:30:38.238842,530.073431,0.050897427597967934,0.2,0.04931787576831201,50.0,2,0.2846573895827753,0.5239227156395843,0.35662102012695973,41.0,10.0,51.0,5.5360398395896295,gradient,"[0.5949990833601142, 0.4050009166398858]"
290,COMPLETE,[0.03507476823051097],2025-09-21T20:30:38.252855,2025-09-21T20:39:30.194704,531.941849,0.046745935877762324,0.2,0.0310741217924723,50.0,2,1.7670557174127395,0.7782236697126141,0.7193213754939863,30.0,8.0,38.0,5.580216164548155,gradient,"[0.5196662846326943, 0.48033371536730585]"
291,COMPLETE,[0.041864391163108444],2025-09-21T20:39:30.208716,2025-09-21T20:48:20.212434,530.003718,0.0482555605095353,0.2,0.052276982354359416,50.0,2,2.351424480450664,0.15228524127001014,0.2492058898473519,39.0,8.0,47.0,5.193378749513924,gradient,"[0.3792991412940946, 0.6207008587059055]"
292,COMPLETE,[0.15097557037983045],2025-09-21T20:48:20.227448,2025-09-21T20:57:10.381869,530.154421,0.0467725727151458,0.2,0.03492788813819045,50.0,2,1.5732071744153129,0.029515920265665803,0.8104559652833845,50.0,9.0,59.0,6.037612429462485,gradient,"[0.035139176409901655, 0.9648608235900983]"
293,COMPLETE,[0.03318028362951896],2025-09-21T20:57:10.397883,2025-09-21T21:06:01.643375,531.245492,0.04775344128555376,0.2,0.04351109385688531,50.0,2,0.692323097652894,0.6220295499926204,0.6131117794284766,34.0,7.0,41.0,5.6264348371171256,gradient,"[0.5036100203076855, 0.4963899796923144]"
294,COMPLETE,[0.02926325113626594],2025-09-21T21:06:01.658389,2025-09-21T21:14:51.719573,530.061184,0.04523724940291724,0.2,0.040384961573750315,50.0,2,2.207885776277374,0.9549771966819769,0.6496400324615527,37.0,7.0,44.0,5.407423835408775,gradient,"[0.5951433023012594, 0.40485669769874055]"
295,COMPLETE,[0.1024217341387884],2025-09-21T21:14:51.733586,2025-09-21T21:23:41.233603,529.500017,0.04887791107863227,0.2,0.04890515038233301,50.0,2,1.959915024913351,0.7884465342279112,0.24065081409257505,51.0,8.0,59.0,5.187768848394384,gradient,"[0.7661534990005333, 0.2338465009994666]"
296,COMPLETE,[0.025963638515789332],2025-09-21T21:23:41.249618,2025-09-21T21:32:31.878563,530.628945,0.04934044767500176,0.2,0.03805489811691383,50.0,2,1.2862138555018694,0.40336555423460896,0.37178724021524784,31.0,11.0,42.0,5.565176605867859,gradient,"[0.5203690899687544, 0.4796309100312455]"
297,COMPLETE,[0.10825146607104384],2025-09-21T21:32:31.894577,2025-09-21T21:41:22.430861,530.536284,0.04933414094691785,0.2,0.035443117361349655,50.0,2,2.909544169599733,0.014045475139620699,0.3753309774956667,46.0,10.0,56.0,5.991210867218004,gradient,"[0.036071711693301874, 0.9639282883066982]"
298,COMPLETE,[0.15691132371917943],2025-09-21T21:41:22.445874,2025-09-21T21:50:11.973516,529.527642,0.04585974788286261,0.2,0.05063788809466573,50.0,2,1.9310984115896823,0.8882171534672535,0.09340744291853681,62.0,6.0,68.0,5.174158674285929,gradient,"[0.9048440276838513, 0.0951559723161486]"
299,COMPLETE,[0.03263369772657109],2025-09-21T21:50:11.988530,2025-09-21T21:59:01.261979,529.273449,0.047729720844163555,0.2,0.05145309476563515,50.0,2,1.245041919072746,0.74507997091969,0.7687981008207474,38.0,8.0,46.0,5.3150849069868515,gradient,"[0.49216643323402204, 0.5078335667659779]"
300,COMPLETE,[0.07913041401991235],2025-09-21T21:59:01.275991,2025-09-21T22:07:51.475658,530.199667,0.04553638469292717,0.2,0.04983224152194902,50.0,2,0.6281665486768127,0.14471788188991294,0.9294598183534697,47.0,8.0,55.0,5.706281137940165,gradient,"[0.13472434016934384, 0.8652756598306562]"
301,COMPLETE,[0.058063431106076945],2025-09-21T22:07:51.489671,2025-09-21T22:16:42.336848,530.847177,0.05275898030598443,0.2,0.04178280371089993,50.0,2,0.790824095968068,0.1184394935202644,0.6742571770487554,38.0,16.0,54.0,5.771775195658117,gradient,"[0.14941338587336972, 0.8505866141266303]"
302,COMPLETE,[0.03339196441464794],2025-09-21T22:16:42.352862,2025-09-21T22:25:31.920309,529.567447,0.04577516964142359,0.2,0.039236004210971315,50.0,2,2.8382062188361417,0.19841463684411717,0.4616284588379215,34.0,7.0,41.0,5.504791337440328,gradient,"[0.3006086089561932, 0.6993913910438068]"
303,COMPLETE,[0.03065097609898738],2025-09-21T22:25:31.936323,2025-09-21T22:34:23.399765,531.463442,0.049680644121179555,0.2,0.031227438507271516,50.0,2,2.828129407434881,0.46496940266511916,0.20829857931352258,40.0,10.0,50.0,5.327914415758582,gradient,"[0.6906156465344426, 0.3093843534655573]"
304,COMPLETE,[0.0823310742874014],2025-09-21T22:34:23.414779,2025-09-21T22:43:13.060512,529.645733,0.047055620055512615,0.2,0.03663615357381016,50.0,2,0.7311460780395673,0.07717719150556297,0.4621164494370438,43.0,9.0,52.0,5.904845558773166,gradient,"[0.1431079205211255, 0.8568920794788744]"
305,COMPLETE,[0.030783626345228108],2025-09-21T22:43:13.076526,2025-09-21T22:52:02.188929,529.112403,0.04764940661525983,0.2,0.03604799873379734,50.0,2,2.6710022122869685,0.5549457168152598,0.2585447648286543,41.0,8.0,49.0,5.333307756811665,gradient,"[0.6821785003480519, 0.31782149965194806]"
306,COMPLETE,[0.030458030100967075],2025-09-21T22:52:02.202941,2025-09-21T23:00:51.984250,529.781309,0.0490081225156607,0.2,0.03876314152740704,50.0,2,2.935182705295633,0.48934850567615223,0.7618134386975456,33.0,9.0,42.0,5.428104018819699,gradient,"[0.39111524121772145, 0.6088847587822785]"
307,COMPLETE,[0.10241137278130982],2025-09-21T23:00:52.000265,2025-09-21T23:09:42.274751,530.274486,0.050172566155530944,0.2,0.03227151751760635,50.0,2,1.3064772048883777,0.9156265703075392,0.040191876948877034,57.0,12.0,69.0,5.655809755869908,gradient,"[0.9579503021057567, 0.04204969789424331]"
308,COMPLETE,[0.13344108850603806],2025-09-21T23:09:42.290765,2025-09-21T23:18:31.492206,529.201441,0.046086061948348724,0.2,0.030029638171224317,50.0,2,0.0051135759969453964,0.013370067803829426,0.9096601671087858,55.0,10.0,65.0,5.887709817438289,gradient,"[0.014484972754002139, 0.9855150272459978]"
309,COMPLETE,[0.0983573967454876],2025-09-21T23:18:31.507220,2025-09-21T23:27:21.726398,530.219178,0.05238509614253643,0.2,0.03794296850773393,50.0,2,2.211420168191836,0.49593952896906834,0.11951428204582222,52.0,11.0,63.0,5.1849807460082475,gradient,"[0.8058111268354293, 0.19418887316457065]"
310,COMPLETE,[0.046987092612557506],2025-09-21T23:27:21.742412,2025-09-21T23:36:11.051626,529.309214,0.0520429879881487,0.2,0.042890318666447054,50.0,2,0.7730928500279813,0.016246218441734992,0.07772277804514384,40.0,15.0,55.0,5.771889686645331,gradient,"[0.17288913417313656, 0.8271108658268634]"
311,COMPLETE,[0.05232723710118045],2025-09-21T23:36:11.065639,2025-09-21T23:45:00.808166,529.742527,0.04783157109982503,0.2,0.04538143868190582,50.0,2,0.0675296709654355,0.503048109669817,0.9368197703148344,40.0,10.0,50.0,5.706817222487704,gradient,"[0.34937101984327845, 0.6506289801567215]"
312,COMPLETE,[0.0844049562229586],2025-09-21T23:45:00.822179,2025-09-21T23:53:49.673045,528.850866,0.049229244595737603,0.2,0.041620770008751376,50.0,2,2.595083026656667,0.9543975991056056,0.34593382685424945,45.0,9.0,54.0,5.168057637325653,gradient,"[0.7339648800697912, 0.2660351199302088]"
313,COMPLETE,[0.02455216617062793],2025-09-21T23:53:49.689059,2025-09-22T00:02:39.670639,529.98158,0.04557653960741018,0.2,0.03809067564311985,50.0,2,2.034587142006884,0.2511736961661487,0.5817189299577402,33.0,7.0,40.0,5.578615210404154,gradient,"[0.30156791918672576, 0.6984320808132742]"
314,COMPLETE,[0.025880567603229286],2025-09-22T00:02:39.687654,2025-09-22T00:11:29.546409,529.858755,0.05018337970845265,0.2,0.03703515444423054,50.0,2,1.8421583252865674,0.8392914150997416,0.7774846401635604,33.0,10.0,43.0,5.4339061105300885,gradient,"[0.5191142040776066, 0.48088579592239333]"
315,COMPLETE,[0.10046616669174098],2025-09-22T00:11:29.562422,2025-09-22T00:20:18.260844,528.698422,0.048144509715326314,0.2,0.05179766542239468,50.0,2,0.4345840499389215,0.4963779666867294,0.07440893630367415,54.0,9.0,63.0,5.4891593392261,gradient,"[0.8696379753742787, 0.13036202462572125]"
316,COMPLETE,[0.03031572044409225],2025-09-22T00:20:18.274856,2025-09-22T00:29:06.650979,528.376123,0.04693571463435052,0.2,0.04272388449259893,50.0,2,1.3713259525136103,0.5666829602044634,0.5274940632375115,34.0,8.0,42.0,5.503444822407774,gradient,"[0.5179079326870138, 0.48209206731298626]"
317,COMPLETE,[0.05987152375795571],2025-09-22T00:29:06.665993,2025-09-22T00:37:56.177188,529.511195,0.04507058278037331,0.2,0.04489755452094918,50.0,2,0.321092173749812,0.7753452606165562,0.9493355464656229,33.0,7.0,40.0,5.727390966632034,gradient,"[0.4495586994606196, 0.5504413005393805]"
318,COMPLETE,[0.036704644345706285],2025-09-22T00:37:56.192201,2025-09-22T00:46:46.436714,530.244513,0.04734009196779032,0.2,0.04563983409657833,50.0,2,2.0156014010675265,0.4196500124325373,0.4840927634120806,36.0,7.0,43.0,5.362672466513867,gradient,"[0.4643467407419569, 0.535653259258043]"
319,COMPLETE,[0.06056811256054437],2025-09-22T00:46:46.451729,2025-09-22T00:55:34.940195,528.488466,0.04536456045295259,0.2,0.038391520078768546,50.0,2,0.7433554361246378,0.48754241014173766,0.7630845176450048,30.0,7.0,37.0,5.819937353093776,gradient,"[0.38983840768929423, 0.6101615923107058]"
320,COMPLETE,[0.031146250014102653],2025-09-22T00:55:34.955208,2025-09-22T01:04:25.572787,530.617579,0.05272117163597771,0.2,0.04244197684929747,50.0,2,2.26791674242114,0.1361729474232751,0.4989901452089541,36.0,15.0,51.0,5.391829662765128,gradient,"[0.21439052269071573, 0.7856094773092843]"
321,COMPLETE,[0.08643681941114915],2025-09-22T01:04:25.587800,2025-09-22T01:13:15.769697,530.181897,0.05258922664533636,0.2,0.044688415120780055,50.0,2,2.3809644385985473,0.5221767304725832,0.28162051951750106,45.0,11.0,56.0,5.006909076906051,gradient,"[0.6496373687257885, 0.35036263127421147]"
322,COMPLETE,[0.03893359503402546],2025-09-22T01:13:15.785711,2025-09-22T01:22:05.764162,529.978451,0.0517972179814679,0.2,0.034010806450413496,50.0,2,0.618901593285472,0.8337784688551382,0.7078112479542277,29.0,12.0,41.0,5.601039154323685,gradient,"[0.5408562730820576, 0.4591437269179425]"
323,COMPLETE,[0.058304293211708116],2025-09-22T01:22:05.779177,2025-09-22T01:30:55.160060,529.380883,0.04626987676068066,0.2,0.04000859945457931,50.0,2,0.36295836459216324,0.3780248468830337,0.4128584408974771,31.0,8.0,39.0,5.7580363211954655,gradient,"[0.4779780439461565, 0.5220219560538435]"
324,COMPLETE,[0.11976768746166869],2025-09-22T01:30:55.176074,2025-09-22T01:39:43.800410,528.624336,0.04676141580373122,0.2,0.041432459608268996,50.0,2,2.4060666911206052,0.8478986140169356,0.10309583331467251,56.0,7.0,63.0,5.182592464326599,gradient,"[0.8915915507141511, 0.10840844928584886]"
325,COMPLETE,[0.06854644669013679],2025-09-22T01:39:43.815424,2025-09-22T01:48:32.714310,528.898886,0.04818450821457277,0.2,0.05156616997163408,50.0,2,1.9553936219568275,0.09261420026116882,0.9663381554926883,47.0,10.0,57.0,5.6713194968856575,gradient,"[0.08745832591801331, 0.9125416740819866]"
326,COMPLETE,[0.04758900839927919],2025-09-22T01:48:32.729323,2025-09-22T01:57:22.469062,529.739739,0.04681839250489472,0.2,0.03958628814337771,50.0,2,1.9014638149787229,0.035443621264384044,0.15894438407476866,40.0,8.0,48.0,5.706815749600798,gradient,"[0.1823344048545837, 0.8176655951454163]"
327,COMPLETE,[0.029041581640888926],2025-09-22T01:57:22.484076,2025-09-22T02:06:13.495630,531.011554,0.048375613176043865,0.2,0.04989854769588499,50.0,2,0.8540976304757814,0.5994969832976665,0.9016591396398205,37.0,8.0,45.0,5.45532038544344,gradient,"[0.3993568517873817, 0.6006431482126183]"
328,COMPLETE,[0.08345933324432166],2025-09-22T02:06:13.511645,2025-09-22T02:15:03.569537,530.057892,0.04560753877960642,0.2,0.05360303478492655,50.0,2,1.5574059465295962,0.857357149660159,0.309980099682467,48.0,6.0,54.0,5.2262760057727125,gradient,"[0.7344554027920988, 0.26554459720790125]"
329,COMPLETE,[0.029931767387562036],2025-09-22T02:15:03.584550,2025-09-22T02:23:54.108731,530.524181,0.04686904019443419,0.2,0.04704653511532807,50.0,2,1.3328204427065786,0.5688891233103025,0.4917641417582339,35.0,8.0,43.0,5.480444183398939,gradient,"[0.5363573017177697, 0.46364269828223037]"
330,COMPLETE,[0.04007508435238651],2025-09-22T02:23:54.123745,2025-09-22T02:32:44.404937,530.281192,0.045861337595761456,0.2,0.048732402878176304,50.0,2,1.9201648495869699,0.7064327315035556,0.7687021412672315,35.0,7.0,42.0,5.349526639077881,gradient,"[0.47889365545039503, 0.521106344549605]"
331,COMPLETE,[0.07192522654868462],2025-09-22T02:32:44.418950,2025-09-22T02:41:33.918993,529.500043,0.04668246216857996,0.2,0.05052415724881426,50.0,2,2.239453429925846,0.0377125341990494,0.7795291647343844,49.0,9.0,58.0,5.734330101753537,gradient,"[0.046146120845604544, 0.9538538791543955]"
332,COMPLETE,[0.10045528806412819],2025-09-22T02:41:33.934006,2025-09-22T02:50:22.929969,528.995963,0.05262998806537911,0.2,0.04671847045178558,50.0,2,0.08885266888829857,0.5056947010273919,0.020291797862331214,58.0,14.0,72.0,5.569820760612308,gradient,"[0.9614214473086968, 0.03857855269130308]"
333,COMPLETE,[0.04226273495141526],2025-09-22T02:50:22.944983,2025-09-22T02:59:13.445513,530.50053,0.05048694596157206,0.2,0.040163918929093115,50.0,2,0.14417213050184186,0.8686947399106882,0.24217534943756513,41.0,12.0,53.0,5.723723142853737,gradient,"[0.7819948959291457, 0.21800510407085422]"
334,COMPLETE,[0.04304626627939885],2025-09-22T02:59:13.460526,2025-09-22T03:08:05.379923,531.919397,0.04763090731838543,0.2,0.050125330039384686,50.0,2,0.2314672132318074,0.09787485119524653,0.08649676264771998,38.0,8.0,46.0,5.573816256718466,gradient,"[0.5308564000454471, 0.46914359995455285]"
335,COMPLETE,[0.08380877930948744],2025-09-22T03:08:05.394937,2025-09-22T03:16:55.300448,529.905511,0.04743278326183418,0.2,0.04836657751932652,50.0,2,1.1341157914377682,0.053272124727080275,0.9224581703952606,51.0,10.0,61.0,5.843884321704815,gradient,"[0.05459718222687839, 0.9454028177731215]"
336,COMPLETE,[0.05479622540516469],2025-09-22T03:16:55.315462,2025-09-22T03:25:44.188902,528.87344,0.051700376050898444,0.2,0.03739457176431492,50.0,2,2.0254248402936046,0.2005973788265389,0.41526200445568295,31.0,13.0,44.0,5.404702685861785,gradient,"[0.32571944874405484, 0.6742805512559451]"
337,COMPLETE,[0.052127768962253705],2025-09-22T03:25:44.202915,2025-09-22T03:34:34.076861,529.873946,0.05177983150962691,0.2,0.03408157780326257,50.0,2,0.7977305225675905,0.27059871059765667,0.6116924956556616,28.0,15.0,43.0,5.756763485514552,gradient,"[0.3066999973248786, 0.6933000026751214]"
338,COMPLETE,[0.1427865835260432],2025-09-22T03:34:34.093876,2025-09-22T03:43:24.682947,530.589071,0.05007470360749153,0.2,0.04901398248819573,50.0,2,2.344581565502186,0.833686193905044,0.12715952973402425,60.0,9.0,69.0,4.993215766873504,gradient,"[0.8676587441608988, 0.1323412558391012]"
339,COMPLETE,[0.03592129188188362],2025-09-22T03:43:24.697960,2025-09-22T03:52:16.361029,531.663069,0.05038379349117806,0.2,0.043156750963301536,50.0,2,2.7517803846768594,0.43383944311117384,0.4262084665655271,38.0,9.0,47.0,5.207628978991436,gradient,"[0.5044363671254752, 0.4955636328745248]"
340,COMPLETE,[0.09178247602327934],2025-09-22T03:52:16.375041,2025-09-22T04:01:05.659278,529.284237,0.04868165589973682,0.2,0.04378995487334758,50.0,2,1.5486777379224732,0.016290399571065105,0.6185026446529607,49.0,13.0,62.0,5.926998247479488,gradient,"[0.025662536348328407, 0.9743374636516715]"
341,COMPLETE,[0.03687616950550312],2025-09-22T04:01:05.675293,2025-09-22T04:09:55.303653,529.62836,0.0528897394838358,0.2,0.05076499079249833,50.0,2,1.4059161338552009,0.20467342200998773,0.6170920402913135,39.0,13.0,52.0,5.41616123377083,gradient,"[0.24906549544782888, 0.7509345045521711]"
342,COMPLETE,[0.042284369153558495],2025-09-22T04:09:55.317666,2025-09-22T04:18:49.879491,534.561825,0.048277477941674536,0.2,0.037710827288230435,50.0,2,1.6340649746097449,0.2283483970216601,0.11533374682272542,38.0,8.0,46.0,5.505037137470905,gradient,"[0.6644174016938543, 0.33558259830614573]"
343,COMPLETE,[0.05517746690448054],2025-09-22T04:18:49.894504,2025-09-22T04:27:39.963296,530.068792,0.05144123389125742,0.2,0.04995354355036706,50.0,2,0.07735543806850165,0.42649014128397805,0.863260777762116,42.0,12.0,54.0,5.544107722081025,gradient,"[0.33067636160275987, 0.6693236383972401]"
344,COMPLETE,[0.02452414335453307],2025-09-22T04:27:39.978309,2025-09-22T04:36:29.562821,529.584512,0.047630984107691204,0.2,0.034826520481011744,50.0,2,2.351525126708135,0.9130016988947793,0.9713852127893698,33.0,8.0,41.0,5.462776335497232,gradient,"[0.4845086182851878, 0.5154913817148122]"
345,COMPLETE,[0.031367540188527714],2025-09-22T04:36:29.577834,2025-09-22T04:45:18.339698,528.761864,0.046438516064610906,0.2,0.04909309470285554,50.0,2,1.5210976090894848,0.8340371297696738,0.540887934216533,40.0,7.0,47.0,5.378843133086844,gradient,"[0.606605517359338, 0.3933944826406621]"
346,COMPLETE,[0.05352103487061078],2025-09-22T04:45:18.354711,2025-09-22T04:54:09.649640,531.294929,0.045279713764436645,0.2,0.04560259097366065,50.0,2,1.7790098456633678,0.44571307019551154,0.20493293756853914,42.0,6.0,48.0,5.426202035652333,gradient,"[0.6850315914904442, 0.3149684085095558]"
347,COMPLETE,[0.09178784925442568],2025-09-22T04:54:09.665654,2025-09-22T05:02:59.577735,529.912081,0.05142583547936329,0.2,0.03412369719617599,50.0,2,1.4792674456541586,0.16091058003578865,0.8455099678625879,33.0,16.0,49.0,5.916250231516155,gradient,"[0.15988403691856717, 0.8401159630814329]"
348,COMPLETE,[0.030162421305816485],2025-09-22T05:02:59.591748,2025-09-22T05:11:50.213991,530.622243,0.04602238532666302,0.2,0.05024710554541727,50.0,2,1.353763854982483,0.7300122233974714,0.4018874981436096,40.0,7.0,47.0,5.389668235076264,gradient,"[0.6449442556656522, 0.3550557443343479]"
349,COMPLETE,[0.13798979967182518],2025-09-22T05:11:50.230005,2025-09-22T05:20:41.358880,531.128875,0.04591168120037499,0.2,0.037096519734603525,50.0,2,2.271073696197499,0.8120725253893541,0.046429386199236686,62.0,6.0,68.0,5.255570991185921,gradient,"[0.9459181330029625, 0.054081866997037584]"
350,COMPLETE,[0.024640605010485213],2025-09-22T05:20:41.373894,2025-09-22T05:29:30.872344,529.49845,0.047180901713544054,0.2,0.052373532401389755,50.0,2,2.0549581091018982,0.3193402909774178,0.9685815344140403,40.0,8.0,48.0,5.3312012891725375,gradient,"[0.24795005774543474, 0.7520499422545651]"
351,COMPLETE,[0.03420273150446853],2025-09-22T05:29:30.887357,2025-09-22T05:38:22.401445,531.514088,0.0506461453303238,0.2,0.04547219047652411,50.0,2,0.5735699450200054,0.344980550897499,0.8537178614984343,37.0,12.0,49.0,5.573848058208995,gradient,"[0.28779595211773, 0.7122040478822701]"
352,COMPLETE,[0.03374307603204504],2025-09-22T05:38:22.415457,2025-09-22T05:47:12.882389,530.466932,0.05223275623432364,0.2,0.04860882797101754,50.0,2,1.0633751899302473,0.3837870828903188,0.5881905813285931,36.0,12.0,48.0,5.332740462953378,gradient,"[0.3948517512475277, 0.6051482487524723]"
353,COMPLETE,[0.03704295218582338],2025-09-22T05:47:12.897402,2025-09-22T05:56:02.173694,529.276292,0.04741667362352644,0.2,0.034569990025029314,50.0,2,0.9568468337361148,0.7466151753367959,0.7481670665584893,29.0,8.0,37.0,5.635293470866757,gradient,"[0.4994808972242921, 0.5005191027757079]"
354,COMPLETE,[0.07148296003588944],2025-09-22T05:56:02.188706,2025-09-22T06:04:52.598058,530.409352,0.05261469019687636,0.2,0.0403521877352598,50.0,2,1.140077526691364,0.8280032680729398,0.2259976171659197,47.0,13.0,60.0,5.493968909007128,gradient,"[0.7855811884686381, 0.214418811531362]"
355,COMPLETE,[0.049563509956752204],2025-09-22T06:04:52.613071,2025-09-22T06:13:42.407984,529.794913,0.04748276492370354,0.2,0.040355676250617346,50.0,2,0.4072593524589131,0.4250206403893381,0.14066597828760552,41.0,9.0,50.0,5.629024613579769,gradient,"[0.751335856915615, 0.24866414308438514]"
356,COMPLETE,[0.04469483881744883],2025-09-22T06:13:42.422998,2025-09-22T06:22:32.029775,529.606777,0.05249163529810558,0.2,0.042187420734419355,50.0,2,2.0372406427770398,0.8015184632261654,0.987664410476739,36.0,12.0,48.0,5.238884827376696,gradient,"[0.4479801785534296, 0.5520198214465704]"
357,COMPLETE,[0.04426271523164317],2025-09-22T06:22:32.043788,2025-09-22T06:31:21.805053,529.761265,0.047212145659009865,0.2,0.038809472901645374,50.0,2,0.7035845302920042,0.36071730965972254,0.38481572841557005,29.0,8.0,37.0,5.759990534230127,gradient,"[0.4838381282082004, 0.5161618717917996]"
358,COMPLETE,[0.030381409905160993],2025-09-22T06:31:21.821068,2025-09-22T06:40:11.504761,529.683693,0.048220709077456944,0.2,0.04383464267450967,50.0,2,0.47812541673161,0.7490008127143941,0.7743434435465997,34.0,8.0,42.0,5.6379424668022615,gradient,"[0.4916819094803927, 0.5083180905196073]"
359,COMPLETE,[0.08140164602864525],2025-09-22T06:40:11.518773,2025-09-22T06:49:01.397761,529.878988,0.049470451885337906,0.2,0.04072328538426852,50.0,2,2.2170609566768467,0.5793659333499254,0.14266062025566448,51.0,9.0,60.0,5.243489342493792,gradient,"[0.8024163799194656, 0.1975836200805344]"
360,COMPLETE,[0.03238459737728821],2025-09-22T06:49:01.412775,2025-09-22T06:57:51.674489,530.261714,0.05285497273430432,0.2,0.04684097133854992,50.0,2,0.6534478321714003,0.46279481339399686,0.996236662947637,37.0,13.0,50.0,5.517250942194803,gradient,"[0.317193166081931, 0.682806833918069]"
361,COMPLETE,[0.025167888591177752],2025-09-22T06:57:51.690504,2025-09-22T07:06:41.790557,530.100053,0.05153835556575954,0.2,0.03901611988441128,50.0,2,2.043751630545696,0.328143285054529,0.9728135081310106,34.0,13.0,47.0,5.489490367525239,gradient,"[0.2522322699518968, 0.7477677300481032]"
362,COMPLETE,[0.02167531155406526],2025-09-22T07:06:41.805571,2025-09-22T07:15:31.668862,529.863291,0.05111954834641031,0.2,0.038651282231049876,50.0,2,0.47047373538766746,0.4248550766717479,0.3960936183531223,32.0,11.0,43.0,5.574795325997799,gradient,"[0.517517208135494, 0.4824827918645061]"
363,COMPLETE,[0.05436705449872528],2025-09-22T07:15:31.684877,2025-09-22T07:24:20.970211,529.285334,0.05298289038817033,0.2,0.03599872125817135,50.0,2,0.915822218345682,0.8647186624550098,0.2240216401510742,43.0,14.0,57.0,5.612000505337236,gradient,"[0.7942377630231557, 0.2057622369768443]"
364,COMPLETE,[0.035169215876954034],2025-09-22T07:24:20.986225,2025-09-22T07:33:10.621539,529.635314,0.04852373029096364,0.2,0.045065166363669924,50.0,2,1.8080102100360733,0.18094751860535221,0.5731838178232985,38.0,10.0,48.0,5.534623764918344,gradient,"[0.23994165189085984, 0.7600583481091402]"
365,COMPLETE,[0.020781739485543918],2025-09-22T07:33:10.637554,2025-09-22T07:42:00.027502,529.389948,0.05000773845000045,0.2,0.03726694880321665,50.0,2,2.3814936975212255,0.3059272909442744,0.7786112041255048,33.0,11.0,44.0,5.454413615719793,gradient,"[0.28208061985350835, 0.7179193801464917]"
366,COMPLETE,[0.07848220856430155],2025-09-22T07:42:00.044517,2025-09-22T07:50:50.367381,530.322864,0.04628904775777649,0.2,0.04976775025342059,50.0,2,2.427446437298961,0.7945379450354274,0.32641027485507373,47.0,7.0,54.0,5.088786375682982,gradient,"[0.7088087843281834, 0.2911912156718165]"
367,COMPLETE,[0.02731477964237051],2025-09-22T07:50:50.383396,2025-09-22T07:59:40.344119,529.960723,0.04858599202674488,0.2,0.03730705654260833,50.0,2,2.990760837942814,0.20378864707895292,0.5721542914853881,34.0,9.0,43.0,5.525226325657445,gradient,"[0.2626335481008502, 0.7373664518991497]"
368,COMPLETE,[0.025522303911663508],2025-09-22T07:59:40.359132,2025-09-22T08:08:29.297326,528.938194,0.045374439070510524,0.2,0.04622302913116322,50.0,2,2.7973087554828377,0.22728945518749769,0.7089503050928542,37.0,7.0,44.0,5.393238951216352,gradient,"[0.24276842837718954, 0.7572315716228105]"
369,COMPLETE,[0.057831401478482314],2025-09-22T08:08:29.311340,2025-09-22T08:17:18.633878,529.322538,0.0455117954026883,0.2,0.05041390759841509,50.0,2,2.2325330545690067,0.1288809034260142,0.9980023372382123,45.0,8.0,53.0,5.536133586359992,gradient,"[0.11436934970303315, 0.8856306502969669]"
370,COMPLETE,[0.06596649323463595],2025-09-22T08:17:18.648892,2025-09-22T08:26:07.543296,528.894404,0.051145516030086685,0.2,0.038604241709253875,50.0,2,0.13283776552605242,0.7875563971671763,0.01963317987204143,53.0,15.0,68.0,5.727647722367622,gradient,"[0.9756771142362168, 0.02432288576378327]"
371,COMPLETE,[0.044154828039908244],2025-09-22T08:26:07.558309,2025-09-22T08:34:57.493367,529.935058,0.04833909850046185,0.2,0.03656112569697928,50.0,2,1.018109490935732,0.5987311985436574,0.20719013065195505,41.0,9.0,50.0,5.6074394709511886,gradient,"[0.7429151914135951, 0.2570848085864049]"
372,COMPLETE,[0.06797261258263289],2025-09-22T08:34:57.508381,2025-09-22T08:43:47.015149,529.506768,0.052760789631488,0.2,0.03151965624321639,50.0,2,1.8476371640877423,0.367554764739424,0.3882149148407131,30.0,13.0,43.0,5.3870018157408595,gradient,"[0.4863317154289871, 0.5136682845710129]"
373,COMPLETE,[0.04352836068276103],2025-09-22T08:43:47.031163,2025-09-22T08:52:36.615325,529.584162,0.04865907309233586,0.2,0.038552523542953056,50.0,2,1.9474269130358155,0.9677257400269449,0.39969557632925257,43.0,9.0,52.0,5.362589279733877,gradient,"[0.707701224525056, 0.29229877547494404]"
374,COMPLETE,[0.07985405487901118],2025-09-22T08:52:36.631340,2025-09-22T09:01:24.804183,528.172843,0.0515155976923521,0.2,0.0321764991890571,50.0,2,1.55265909750772,0.7566647040924932,0.8264165006705135,27.0,13.0,40.0,5.525001062847772,gradient,"[0.4779696087704918, 0.5220303912295081]"
375,COMPLETE,[0.03273956201628249],2025-09-22T09:01:24.819196,2025-09-22T09:10:14.658862,529.839666,0.05280637661231188,0.2,0.03608833232701919,50.0,2,0.5803001694015119,0.5435097411237323,0.6890009864125756,29.0,14.0,43.0,5.601246507318519,gradient,"[0.44097769616185456, 0.5590223038381454]"
376,COMPLETE,[0.04479870007803006],2025-09-22T09:10:14.673875,2025-09-22T09:19:04.399758,529.725883,0.048499365523425306,0.2,0.04960074509573045,50.0,2,0.7558052074289561,0.842250430305269,0.3878022806564805,43.0,7.0,50.0,5.394516718978193,gradient,"[0.6847271038057654, 0.31527289619423454]"
377,COMPLETE,[0.07905012367544972],2025-09-22T09:19:04.414771,2025-09-22T09:27:54.314308,529.899537,0.05012792802294919,0.2,0.03468719719069552,50.0,2,1.6608479683040318,0.08580919103395133,0.46699201593718115,36.0,14.0,50.0,5.881741432965788,gradient,"[0.15522612822086754, 0.8447738717791325]"
378,COMPLETE,[0.02334160919652543],2025-09-22T09:27:54.330323,2025-09-22T09:36:44.930193,530.59987,0.05106776615121639,0.2,0.05250428066857596,50.0,2,0.7854862791330418,0.9725175997871625,0.6822955378622239,40.0,10.0,50.0,5.321845908251065,gradient,"[0.5876902821599514, 0.4123097178400485]"
379,COMPLETE,[0.05057041469402335],2025-09-22T09:36:44.946208,2025-09-22T09:45:35.483457,530.537249,0.04678846412252801,0.2,0.04252917794470881,50.0,2,0.8659000965776238,0.6144900125308703,0.3026422695253968,38.0,7.0,45.0,5.647978465889145,gradient,"[0.6700124121169804, 0.3299875878830197]"
380,COMPLETE,[0.04288154556820172],2025-09-22T09:45:35.497469,2025-09-22T09:54:24.669653,529.172184,0.046831403986357704,0.2,0.044796484108273533,50.0,2,1.024367015894632,0.7872051799654596,0.9494984462288375,31.0,8.0,39.0,5.481629031296734,gradient,"[0.45327548586426997, 0.54672451413573]"
381,COMPLETE,[0.0879103572073136],2025-09-22T09:54:24.684667,2025-09-22T10:03:15.077510,530.392843,0.05144056690180926,0.2,0.05132223236223071,50.0,2,0.37523808547526116,0.03747109013547111,0.7063870445785337,57.0,14.0,71.0,5.541444844172654,gradient,"[0.050373973728038646, 0.9496260262719614]"
382,COMPLETE,[0.07502823327651403],2025-09-22T10:03:15.093525,2025-09-22T10:12:07.078509,531.984984,0.05137222288472447,0.2,0.04814387796972178,50.0,2,2.0466465516051184,0.7349296719347331,0.5186662163790107,45.0,9.0,54.0,5.164421409554981,gradient,"[0.5862572450866229, 0.41374275491337725]"
383,COMPLETE,[0.0740709194114951],2025-09-22T10:12:07.093522,2025-09-22T10:20:58.268137,531.174615,0.052698271976006614,0.2,0.03071381817163055,50.0,2,0.299788303419649,0.9553282563021006,0.07189004015022964,47.0,17.0,64.0,5.7681537564103715,gradient,"[0.9300148367698338, 0.06998516323016625]"
384,COMPLETE,[0.10873482576892063],2025-09-22T10:20:58.283150,2025-09-22T10:29:48.024521,529.741371,0.04966208213056539,0.2,0.030357785678092334,50.0,2,0.1694601654211415,0.9411769928704982,0.8626731891999676,26.0,12.0,38.0,5.915699556836922,gradient,"[0.5217600675629346, 0.47823993243706536]"
385,COMPLETE,[0.041618396018371716],2025-09-22T10:29:48.039535,2025-09-22T10:38:39.342449,531.302914,0.05273038153189129,0.2,0.053122268258571914,50.0,2,1.0114707366929703,0.7170776530208229,0.6091460407197098,41.0,12.0,53.0,5.259671395925436,gradient,"[0.5406913301317587, 0.4593086698682412]"
386,COMPLETE,[0.04161090156156618],2025-09-22T10:38:39.359464,2025-09-22T10:47:30.758754,531.39929,0.048492159896331426,0.2,0.03131983254205285,50.0,2,1.264146390638019,0.3979003157397396,0.5072561812259848,28.0,10.0,38.0,5.668529098640381,gradient,"[0.43959284065637866, 0.5604071593436213]"
387,COMPLETE,[0.03597099032428038],2025-09-22T10:47:30.773767,2025-09-22T10:56:21.941525,531.167758,0.05042062208291032,0.2,0.03611831499656663,50.0,2,1.903673698921403,0.8988087611843837,0.33080493823929,43.0,11.0,54.0,5.351250769811796,gradient,"[0.7309684021946568, 0.26903159780534325]"
388,COMPLETE,[0.05663001238566466],2025-09-22T10:56:21.955537,2025-09-22T11:05:12.283642,530.328105,0.051073713230167156,0.2,0.049656125227962984,50.0,2,0.03791220551814867,0.6333465834745711,0.9539900427854164,47.0,11.0,58.0,5.5629218881619895,gradient,"[0.39899953985616415, 0.6010004601438358]"
389,COMPLETE,[0.03859079170385193],2025-09-22T11:05:12.299657,2025-09-22T11:14:03.380795,531.081138,0.04787505347454535,0.2,0.04477156432695394,50.0,2,0.20078914307319795,0.7425331580861941,0.9713796390749482,36.0,9.0,45.0,5.676305702712055,gradient,"[0.43323858676829813, 0.5667614132317018]"
390,COMPLETE,[0.025612931709470484],2025-09-22T11:14:03.394809,2025-09-22T11:22:54.310445,530.915636,0.04609569335547052,0.2,0.05298620800403417,50.0,2,1.221942642083239,0.8087461541101367,0.8405772450128887,36.0,7.0,43.0,5.3727624998009915,gradient,"[0.4903502578937287, 0.5096497421062713]"
391,COMPLETE,[0.021528268971565782],2025-09-22T11:22:54.324457,2025-09-22T11:31:44.575492,530.251035,0.04716801568338625,0.2,0.034732992832858946,50.0,2,2.6894920503406405,0.998483910575423,0.8547730984525902,33.0,7.0,40.0,5.53566554284131,gradient,"[0.5387724992871349, 0.4612275007128651]"
392,COMPLETE,[0.07885448867447213],2025-09-22T11:31:44.589504,2025-09-22T11:40:34.834000,530.244496,0.05217107868535299,0.2,0.0428624151060281,50.0,2,2.7907159934082135,0.36981746313619523,0.5636254231546545,35.0,12.0,47.0,5.148850875406617,gradient,"[0.39618649257236344, 0.6038135074276365]"
393,COMPLETE,[0.029097371745025993],2025-09-22T11:40:34.850014,2025-09-22T11:49:24.962400,530.112386,0.04757715105604901,0.2,0.05279617823546576,50.0,2,1.490447223060577,0.5191663393120984,0.41769025419178313,40.0,8.0,48.0,5.295666139371726,gradient,"[0.5541577472069609, 0.44584225279303924]"
394,COMPLETE,[0.0272505494553402],2025-09-22T11:49:24.977414,2025-09-22T11:58:15.498593,530.521179,0.04968588022086542,0.2,0.03955362981947281,50.0,2,0.9276591451781202,0.550226007944685,0.5153316844505798,33.0,9.0,42.0,5.660153055096082,gradient,"[0.5163737373129307, 0.4836262626870693]"
395,COMPLETE,[0.0324465740695299],2025-09-22T11:58:15.514608,2025-09-22T12:07:07.313686,531.799078,0.04597275158035051,0.2,0.04891585165556045,50.0,2,1.9779869082532673,0.25852736920150493,0.4335564126227524,35.0,7.0,42.0,5.353859587922508,gradient,"[0.37354923781056537, 0.6264507621894346]"
396,COMPLETE,[0.03617222016865276],2025-09-22T12:07:07.328699,2025-09-22T12:15:58.676450,531.347751,0.04753394105268176,0.2,0.046550047054662064,50.0,2,0.7815787787183106,0.423532444944227,0.9065957321837503,36.0,8.0,44.0,5.639347188779633,gradient,"[0.3184147604922718, 0.6815852395077282]"
397,COMPLETE,[0.04490756365892827],2025-09-22T12:15:58.691463,2025-09-22T12:24:49.476704,530.785241,0.04602943893296339,0.2,0.03627445681215109,50.0,2,1.8881807765876535,0.19012521009577701,0.9548713637006813,39.0,8.0,47.0,5.797790124044389,gradient,"[0.16604871529473664, 0.8339512847052634]"
398,COMPLETE,[0.06652079563912652],2025-09-22T12:24:49.491717,2025-09-22T12:33:39.838130,530.346413,0.04921586424284496,0.2,0.04773228309466496,50.0,2,1.846063084753251,0.08389850403648758,0.8716352908866593,46.0,11.0,57.0,5.761115720947351,gradient,"[0.08780275954890271, 0.9121972404510973]"
399,COMPLETE,[0.03038521139331107],2025-09-22T12:33:39.853144,2025-09-22T12:42:31.863353,532.010209,0.045113557410565594,0.2,0.05217200634026117,50.0,2,2.7350535639316416,0.31583719577935365,0.9549662110516265,39.0,6.0,45.0,5.242475485800312,gradient,"[0.24853348211188794, 0.751466517888112]"
