number,state,values,datetime_start,datetime_complete,duration,param_gamma,param_theta,param_m0,param_beta_prime,param_n_instances,param_beta_range_delta,param_weight_0,param_weight_1,param_weight_2,param_weight_3,param_weight_4,param_weight_5,param_weight_6,param_weight_7,param_weight_8,param_weight_9,attr_CQ,attr_GR,attr_KR,attr_MC,attr_morph_type,attr_weights
0,COMPLETE,[2.0],2025-09-16T15:00:00.205447,2025-09-16T15:10:33.651682,633.446235,0.04616580272118576,0.2,0.05362757400192121,50.0,6,2.019108455381767,0.2623637653189487,0.22533484926184313,0.16617431945780423,0.6520791287036972,0.46929076226435146,0.924818406502332,,,,,26.0,6.0,32.0,5.313139763401111,gradient,"[0.09716956128892015, 0.08345545894746646, 0.061544648513372706, 0.24150531147001852, 0.17380745176733642, 0.3425175680128858]"
1,COMPLETE,[2.0],2025-09-16T15:10:33.670699,2025-09-16T15:20:34.797530,601.126831,0.04631315163808475,0.2,0.03917148825159143,50.0,5,1.795080829691884,0.9184432217743314,0.7648836648090823,0.1563466634960522,0.8189275017322889,0.22406369567103745,,,,,,26.0,6.0,32.0,5.372256486226329,gradient,"[0.3186091003389612, 0.2653390983037469, 0.05423685277054074, 0.284086972807849, 0.07772797577890211]"
2,COMPLETE,[2.0],2025-09-16T15:20:34.812544,2025-09-16T15:31:38.174132,663.361588,0.04536542868717974,0.2,0.052514195247152215,50.0,7,2.2222278831806173,0.6857197793298904,0.6111595364307645,0.4992538101375433,0.06766306895921272,0.795943340581652,0.7607151890258558,0.8287487198462415,,,,29.0,5.0,34.0,5.146838591352082,gradient,"[0.16137607632035908, 0.14382920103507538, 0.11749350594308329, 0.015923706606658275, 0.18731589367585166, 0.17902536298757415, 0.19503625343139822]"
3,COMPLETE,[2.0],2025-09-16T15:31:38.190145,2025-09-16T15:44:29.973789,771.783644,0.05277195478511786,0.2,0.04258929352028448,50.0,9,0.7427983556021379,0.5641454670517879,0.2223004115208473,0.03445223325346315,0.8210492448938039,0.6777341824354879,0.3103043763496203,0.9470807300378633,0.8072180243608943,0.5822486498139668,,31.0,11.0,42.0,5.603067838501449,gradient,"[0.11358938533887662, 0.04475967384297774, 0.006936877503002676, 0.16531636697858032, 0.13646021053453958, 0.06247906867304697, 0.19069251509455074, 0.16253148270568157, 0.11723441932874377]"
4,COMPLETE,[2.0],2025-09-16T15:44:29.988803,2025-09-16T15:54:32.584482,602.595679,0.04887844329328467,0.2,0.05486037042621129,50.0,5,1.4670561856964195,0.19416245999641837,0.356820649909394,0.6212699276534186,0.2650299689475731,0.10830187823264863,,,,,,35.0,7.0,42.0,5.190221161704987,gradient,"[0.12562393816962655, 0.2308644794812063, 0.40196428794536854, 0.17147551814486758, 0.07007177625893103]"
5,COMPLETE,[2.0],2025-09-16T15:54:32.600497,2025-09-16T16:06:46.404046,733.803549,0.05054122447875592,0.2,0.054155653523390954,50.0,8,2.654201296392272,0.4459413025290684,0.02802397533465823,0.44834838134480964,0.4162898126867969,0.3355948952849905,0.29683210933557136,0.672068542217606,0.052783413696831066,,,31.0,7.0,38.0,4.974338716285014,gradient,"[0.1654157084762236, 0.010395102916040252, 0.16630858080136104, 0.15441690174579034, 0.12448424725348739, 0.11010573226962937, 0.24929445517835053, 0.019579271359117443]"
6,COMPLETE,[2.0],2025-09-16T16:06:46.421061,2025-09-16T16:19:40.936925,774.515864,0.05220287129812093,0.2,0.03899355063859909,50.0,9,1.9704738706626568,0.014057903265340364,0.7451218815429038,0.9312103932133191,0.5829775418671019,0.969558416206916,0.16942880450549277,0.6688686965234094,0.10757985990373238,0.03559223980291016,,30.0,9.0,39.0,5.29953523117852,gradient,"[0.0033277903257912366, 0.17638543544735394, 0.22043635379479246, 0.13800258739594665, 0.22951410724938787, 0.04010722836127742, 0.15833476269558786, 0.025466330951378142, 0.008425403778484351]"
7,COMPLETE,[2.0],2025-09-16T16:19:40.953940,2025-09-16T16:30:09.670299,628.716359,0.05236351724628612,0.2,0.043543217550419906,50.0,6,1.6596533423954107,0.4343325871422716,0.16311011760070884,0.12252760846087868,0.9573860911279903,0.33264880175494227,0.17756244721496633,,,,,30.0,10.0,40.0,5.420948510041427,gradient,"[0.19854589936303046, 0.07456231918337342, 0.0560108887494036, 0.4376486778285372, 0.15206332076307033, 0.08116889411258495]"
8,COMPLETE,[2.0],2025-09-16T16:30:09.684310,2025-09-16T16:41:10.255861,660.571551,0.04586615454041778,0.2,0.036699621679140454,50.0,7,0.7122385588114836,0.9965770875686683,0.11664717496876696,0.21069681428338805,0.022278676729954334,0.12292833523007544,0.03303816953458282,0.7130504373060665,,,,26.0,6.0,32.0,5.590575362685147,gradient,"[0.4498779236985969, 0.052657229967310426, 0.0951134102139271, 0.010057109434932196, 0.05549269083835006, 0.014914193089951235, 0.32188744275693204]"
9,COMPLETE,[2.0],2025-09-16T16:41:10.271875,2025-09-16T16:54:59.848487,829.576612,0.05163652370029667,0.2,0.03703179686894504,50.0,10,0.6625988333865844,0.6879221804136137,0.8780670689070461,0.6191469482753806,0.1849551340869939,0.15388209487464824,0.23965776463708482,0.7817301962478613,0.2504468976759791,0.7813631173501806,0.5280143133958923,28.0,9.0,37.0,5.684809549463155,gradient,"[0.13474968761192233, 0.17199512765586536, 0.12127804603686466, 0.036228874791417356, 0.03014231086568508, 0.046943985581628, 0.1531247323321826, 0.049057352976934775, 0.15305282918935667, 0.10342705295814315]"
10,COMPLETE,[2.0],2025-09-16T16:54:59.865502,2025-09-16T17:07:15.816421,735.950919,0.05196923973593262,0.2,0.030389830716894526,50.0,8,0.7630068245155919,0.2772755273128452,0.8029813275797759,0.7005589544977852,0.6184852606109981,0.7486588658619445,0.31563136720589574,0.4135198848835322,0.6930007407557196,,,24.0,10.0,34.0,5.832691409745439,gradient,"[0.06067149593668763, 0.17570277054608083, 0.15329142161639825, 0.13533262866622625, 0.16381630855888335, 0.06906425315825743, 0.09048353548758531, 0.1516375860298809]"
11,COMPLETE,[2.0],2025-09-16T17:07:15.832435,2025-09-16T17:16:33.604895,557.77246,0.04801724478959714,0.2,0.04815583616716444,50.0,3,1.1894164985834998,0.5205656823035917,0.7605341521917678,0.7278733760836716,,,,,,,,30.0,7.0,37.0,5.291850144161634,gradient,"[0.25912027077431904, 0.3785685882653282, 0.36231114096035266]"
12,COMPLETE,[2.0],2025-09-16T17:16:33.619909,2025-09-16T17:28:45.075736,731.455827,0.05182746617784804,0.2,0.03282083722476446,50.0,8,0.3234635902686245,0.6967579498830844,0.5750958499721135,0.9756030711101505,0.6314470542230284,0.6458529379645883,0.23644450116041693,0.2795971849393127,0.22075662994080295,,,26.0,11.0,37.0,5.791957691706521,gradient,"[0.16349851652394803, 0.134949760308149, 0.22893123052199552, 0.14817291520851084, 0.15155334398059264, 0.05548314904259065, 0.06560919035013565, 0.05180189406407763]"
13,COMPLETE,[2.0],2025-09-16T17:28:45.091750,2025-09-16T17:38:48.640809,603.549059,0.049368415803334495,0.2,0.045590381899155034,50.0,5,0.3890283098700563,0.49257318409885514,0.903545078004537,0.02908603914871441,0.5715280966162849,0.44936668542960373,,,,,,33.0,9.0,42.0,5.62474730456135,gradient,"[0.2013709041723424, 0.36938204350508846, 0.011890785351793134, 0.23364879228265453, 0.18370747468812154]"
14,COMPLETE,[2.0],2025-09-16T17:38:48.657824,2025-09-16T17:52:34.376842,825.719018,0.05283139806824082,0.2,0.039340093933106425,50.0,10,1.7183618563950769,0.09106702570151677,0.10941290255505029,0.027434126992107136,0.6938206875874428,0.10476241338370972,0.28881725009426656,0.7674026594874672,0.6107102980599117,0.9579740240921892,0.8037361279476747,26.0,9.0,35.0,5.613805651549265,gradient,"[0.020440901179027388, 0.024558816010624204, 0.006157863117398483, 0.15573496555629285, 0.023514967385359107, 0.06482790914161822, 0.17225117221375175, 0.13708001063494815, 0.21502681357712877, 0.180406581183851]"
15,COMPLETE,[0.36399525725918147],2025-09-16T17:52:34.392857,2025-09-16T18:03:37.665111,663.272254,0.052117309665778475,0.2,0.0391182054245175,50.0,7,1.0172901406691537,0.5759187248720645,0.3231697170220932,0.7035501786726194,0.38648642921385207,0.7133097131589159,0.34367838334875966,0.933028315353286,,,,29.0,8.0,37.0,5.493561827153829,gradient,"[0.14473441832210457, 0.08121594070917244, 0.17680954182070482, 0.09712809482636676, 0.17926221523791736, 0.08636998374191389, 0.2344798053418202]"
16,COMPLETE,[0.37109845684635406],2025-09-16T18:03:37.683127,2025-09-16T18:14:41.338077,663.65495,0.050055013039694674,0.2,0.04403655604560845,50.0,7,1.0638629301510085,0.13739030779633307,0.7080610229094731,0.3366568381377981,0.7612320554165152,0.7357426120612884,0.5782039489271753,0.6105515800918475,,,,31.0,7.0,38.0,5.493411757898224,gradient,"[0.035521212320422435, 0.18306375707278363, 0.08704004830051036, 0.1968107204887076, 0.19022062003786228, 0.14949020468601829, 0.15785343709369545]"
17,COMPLETE,[0.6704399409713706],2025-09-16T18:14:41.356094,2025-09-16T18:24:44.454943,603.098849,0.05282932325922996,0.2,0.047126152575606386,50.0,5,0.39502667469269814,0.5869262568250964,0.06470746537461285,0.4034952362861944,0.30692789485746685,0.1752265906824564,,,,,,38.0,10.0,48.0,5.497100595353105,gradient,"[0.3817944303674136, 0.042092084986720076, 0.26247289519330536, 0.19965602052779952, 0.11398456892476137]"
18,COMPLETE,[0.28758924899809796],2025-09-16T18:24:44.471958,2025-09-16T18:34:46.798460,602.326502,0.048690853697713365,0.2,0.04975885088329643,50.0,5,1.3910345178308203,0.2690033635937896,0.5490739169986184,0.40665186537658843,0.20351513686727182,0.9921507049670626,,,,,,30.0,7.0,37.0,5.3062846257044525,gradient,"[0.11114027460366212, 0.22685302182720987, 0.16801053853844408, 0.08408344005536687, 0.409912724975317]"
19,COMPLETE,[0.4639751793812075],2025-09-16T18:34:46.816477,2025-09-16T18:45:45.080618,658.264141,0.049812272330887246,0.2,0.051148933684791204,50.0,7,1.8552644174182213,0.8425075107041873,0.9610322678496739,0.7611776955832132,0.04548820753921325,0.09918183747431161,0.4837215872322102,0.7135926684097781,,,,35.0,8.0,43.0,5.19816184309325,gradient,"[0.21565698107297102, 0.24599581008476043, 0.19483895609708404, 0.011643634493095724, 0.025387614205483428, 0.12381840619454289, 0.1826585978520625]"
20,COMPLETE,[0.5410845651056712],2025-09-16T18:45:45.098635,2025-09-16T18:56:13.292759,628.194124,0.04986580098174752,0.2,0.05350186756727178,50.0,6,2.050503608147457,0.9860466653370747,0.648648024676091,0.7943560895105214,0.7681437243251873,0.27438888990548804,0.7524833765442337,,,,,33.0,7.0,40.0,4.924767494223627,gradient,"[0.23343538797029287, 0.15356007846207376, 0.18805481369186997, 0.18184933290504965, 0.06495846415943177, 0.178141922811282]"
21,COMPLETE,[0.28702480158734794],2025-09-16T18:56:13.310775,2025-09-16T19:06:41.549014,628.238239,0.0479642642257472,0.2,0.04772403156260739,50.0,6,0.9814070836185725,0.10859503992654884,0.5980036917644732,0.6697706128223436,0.6023508955402576,0.8344486370663678,0.30309745930822773,,,,,31.0,7.0,38.0,5.570640940440699,gradient,"[0.03484780445660417, 0.19189749116562643, 0.21492726888999378, 0.19329249509226995, 0.2677719254326607, 0.0972630149628449]"
22,COMPLETE,[0.28128176461841226],2025-09-16T19:06:41.567030,2025-09-16T19:20:26.874210,825.30718,0.04502304952373563,0.2,0.044732851870121035,50.0,10,1.4632614419199417,0.3438130467833688,0.4300444656807336,0.19923407307499258,0.5023460560020082,0.020503215703732407,0.6360430258132078,0.6790900936492639,0.31180933922908755,0.20723067744916104,0.3854381552852537,26.0,5.0,31.0,5.509896727221639,gradient,"[0.09253350054751983, 0.11574173863622839, 0.05362165974342897, 0.1352009165533354, 0.005518215027897581, 0.17118398568049809, 0.1827696305896822, 0.08392005461170375, 0.055773857870167455, 0.10373644073953832]"
23,COMPLETE,[0.5438115448941976],2025-09-16T19:20:26.892227,2025-09-16T19:30:29.224500,602.332273,0.05180404069006962,0.2,0.04865095001457083,50.0,5,0.8350308420645153,0.9104728010861464,0.4957185622299275,0.34303792561795565,0.3024306829654966,0.45185666938936575,,,,,,39.0,7.0,46.0,5.322757487033629,gradient,"[0.36367755103772964, 0.19800889439053837, 0.13702242675780602, 0.1208023457794135, 0.18048878203451257]"
24,COMPLETE,[0.2890043603457447],2025-09-16T19:30:29.241515,2025-09-16T19:44:15.345982,826.104467,0.050310881841664344,0.2,0.035250724961040876,50.0,10,2.0004170974255944,0.3638152440677842,0.6922231911639715,0.7120914672815521,0.6621132867911836,0.15026824667429636,0.11409985148814607,0.30314782666058643,0.5424912309085771,0.6170291632447379,0.6648097772059954,25.0,8.0,33.0,5.480682873965934,gradient,"[0.0754476374302667, 0.1435525454178905, 0.147672808428652, 0.13730838389574482, 0.031162477046321534, 0.023661911825555656, 0.0628664897543433, 0.1125012829068361, 0.12795888394307148, 0.13786757935131788]"
25,COMPLETE,[0.3724735823696254],2025-09-16T19:44:15.362998,2025-09-16T19:55:15.404740,660.041742,0.05058469082894064,0.2,0.03463041713888136,50.0,7,1.9368898259165894,0.4819816581144894,0.45308001053716274,0.39415125639979753,0.746816545282395,0.14599905102251362,0.30814100295368446,0.5151198722026281,,,,23.0,8.0,31.0,5.360684584357966,gradient,"[0.15827121674098796, 0.148780608849855, 0.12942981933052466, 0.24523664192231315, 0.04794258673402442, 0.10118611495726933, 0.1691530114650254]"
26,COMPLETE,[0.24935815090767183],2025-09-16T19:55:15.422756,2025-09-16T20:07:29.263777,733.841021,0.04679014686713463,0.2,0.05031371082299769,50.0,8,1.048862195842775,0.7075049554715748,0.4553642626594313,0.11295492785717524,0.4983488584795175,0.06556177226366261,0.804811725936673,0.2855710320840053,0.03867374914494995,,,32.0,6.0,38.0,5.374326410180206,gradient,"[0.2383141446517813, 0.1533837239180036, 0.03804744660557772, 0.16786254432320982, 0.02208365829530556, 0.27109070627566495, 0.09619101000227605, 0.01302676592818097]"
27,COMPLETE,[0.2648717605166796],2025-09-16T20:07:29.281793,2025-09-16T20:17:31.756147,602.474354,0.04710988240909136,0.2,0.04893707279206519,50.0,5,1.2523333751729289,0.25661593996083043,0.7711925363502266,0.108066088427524,0.40095585691687047,0.15083187791124683,,,,,,33.0,6.0,39.0,5.2820570579581325,gradient,"[0.15205408097740628, 0.45695903531661974, 0.06403300497692554, 0.23758062085040033, 0.08937325787864812]"
28,COMPLETE,[0.35320801135714536],2025-09-16T20:17:31.774164,2025-09-16T20:26:44.662388,552.888224,0.05146635269147,0.2,0.04817852478401291,50.0,3,0.6914472221348542,0.7048754217948322,0.034010353312115396,0.6184294790042476,,,,,,,,37.0,10.0,47.0,5.412033528729636,gradient,"[0.519315921382172, 0.02505707735111711, 0.4556270012667109]"
29,COMPLETE,[0.1935038029942284],2025-09-16T20:26:44.680404,2025-09-16T20:38:55.329725,730.649321,0.04680747364910943,0.2,0.048295329008032406,50.0,8,1.4966376919629574,0.33668602039000467,0.3711596693296963,0.6329904176840332,0.20198513570533652,0.45429764022150326,0.8858333081726147,0.05716695522688884,0.5098928087324047,,,29.0,6.0,35.0,5.345787763026458,gradient,"[0.09758981265468429, 0.10758214003926297, 0.18347484758184826, 0.05854621326326967, 0.1316800191089783, 0.25676238795928075, 0.016570074528691154, 0.14779450486398454]"
30,COMPLETE,[0.3824763766882637],2025-09-16T20:38:55.346740,2025-09-16T20:49:53.831431,658.484691,0.049434441721590304,0.2,0.044171606707810285,50.0,7,2.764272708971179,0.9967390166169534,0.9208128818389585,0.20484782391280643,0.21198028669114882,0.9267836904628434,0.6548105068613758,0.11293048055743277,,,,30.0,7.0,37.0,4.963722595055791,gradient,"[0.24739702079515125, 0.22855166686456893, 0.050844544567350755, 0.05261486760364897, 0.23003365988446772, 0.16252817024531424, 0.02803007003949805]"
31,COMPLETE,[0.3932164308614649],2025-09-16T20:49:53.849448,2025-09-16T20:59:57.608441,603.758993,0.05095624522093377,0.2,0.03450454384149756,50.0,5,1.9823716447712798,0.48927019430181723,0.25689940138043416,0.6758497575434257,0.6124690229560262,0.7848526087898163,,,,,,21.0,8.0,29.0,5.398147874948984,gradient,"[0.17354062417773128, 0.09112037272179381, 0.23971905532038826, 0.21723836393710044, 0.27838158384298617]"
32,COMPLETE,[0.1927512426107376],2025-09-16T20:59:57.626458,2025-09-16T21:10:26.100710,628.474252,0.04989385301022702,0.2,0.03928233229645459,50.0,6,1.7327976794326267,0.04977066538279868,0.5597002114712312,0.7554573176388044,0.8199467050922661,0.6042148061336334,0.7035301092807474,,,,,26.0,7.0,33.0,5.447683627193282,gradient,"[0.014250238508369132, 0.160252257937589, 0.2163010455344727, 0.23476551944500373, 0.1729975886693305, 0.20143334990523495]"
33,COMPLETE,[0.3904451082060814],2025-09-16T21:10:26.117725,2025-09-16T21:23:17.283420,771.165695,0.045161512520752456,0.2,0.03709744333426086,50.0,9,0.28401197157185853,0.20269791146648847,0.24236287286920327,0.9221479947989465,0.35992460868687837,0.5624952684389827,0.9195205268947694,0.6814166692707605,0.47537172817262013,0.6570917726092229,,28.0,6.0,34.0,5.923296451275252,gradient,"[0.04035371828696142, 0.04825033975053766, 0.18358403464435907, 0.07165488858969511, 0.11198327321733739, 0.18306095032224592, 0.1356585083134315, 0.09463845316154326, 0.1308158337138887]"
34,COMPLETE,[0.3155523390242942],2025-09-16T21:23:17.299436,2025-09-16T21:35:29.586363,732.286927,0.05139504372116488,0.2,0.0528821577192615,50.0,8,2.1385379847919497,0.4912852099421971,0.1729558357109787,0.9336893644515494,0.40692446425248,0.5617405702782677,0.4514444540845239,0.7410236743956313,0.3058081212499832,,,32.0,8.0,40.0,4.9652500410504485,gradient,"[0.12086118502170093, 0.042548904052916545, 0.22969713059965763, 0.10010757899604188, 0.13819392406823222, 0.11105995171022957, 0.18229940084524118, 0.07523192470598004]"
35,COMPLETE,[0.32579722054447474],2025-09-16T21:35:29.601376,2025-09-16T21:45:08.528735,578.927359,0.04834037186903398,0.2,0.033911770421470144,50.0,4,1.295480854884339,0.31790260581610624,0.540318052700664,0.7997916423823414,0.7777486984127662,,,,,,,22.0,7.0,29.0,5.68206153689762,gradient,"[0.13051469577923133, 0.221827204250872, 0.3283539077143812, 0.31930419225551543]"
36,COMPLETE,[0.30368901104477347],2025-09-16T21:45:08.542748,2025-09-16T21:55:36.469857,627.927109,0.05233793449170249,0.2,0.0542565998611422,50.0,6,1.4818339384480943,0.71372997183981,0.831478493858454,0.7748312704588998,0.6525617869988828,0.8326771364364203,0.6409376432596572,,,,,35.0,8.0,43.0,5.0327306715146936,gradient,"[0.16052524736189108, 0.18700810694366887, 0.17426756092857362, 0.1467678903926205, 0.1872776940479214, 0.14415350032532462]"
37,COMPLETE,[0.2669476937857396],2025-09-16T21:55:36.485871,2025-09-16T22:06:05.118585,628.632714,0.04954972679106901,0.2,0.04834401914361797,50.0,6,0.8102612153494682,0.7470348558124394,0.3714965336134277,0.40152000358943674,0.4973414037719088,0.015912681499288983,0.233541407090973,,,,,36.0,7.0,43.0,5.459813770432516,gradient,"[0.329547999307436, 0.16388249952381156, 0.1771270949879686, 0.21939788125085108, 0.007019742533973224, 0.10302478239595957]"
38,COMPLETE,[0.1971724507894748],2025-09-16T22:06:05.133599,2025-09-16T22:16:05.698989,600.56539,0.05241879951759169,0.2,0.04978809678142758,50.0,5,1.4848495328803835,0.08784117428568754,0.3677043468129786,0.6301827319355792,0.15786941609954355,0.6131291205796912,,,,,,33.0,9.0,42.0,5.271456819613553,gradient,"[0.0473096929350832, 0.19803901621396905, 0.33940520243844036, 0.08502565750338804, 0.33022043090911934]"
39,COMPLETE,[0.1936563601083728],2025-09-16T22:16:05.714002,2025-09-16T22:28:16.960946,731.246944,0.04828538351272113,0.2,0.04034487155158687,50.0,8,0.9647374748608641,0.4692101080813354,0.0816889857354913,0.49307384925255343,0.22060772080832602,0.9765494234934401,0.10359879368882267,0.9005687380349894,0.7951896951614339,,,27.0,7.0,34.0,5.641082255379427,gradient,"[0.11612710833809124, 0.02021760727901834, 0.12203326255048479, 0.05459928559358105, 0.24169100099579532, 0.025640172986878665, 0.22288616891765425, 0.19680539333849634]"
40,COMPLETE,[0.2261837616798071],2025-09-16T22:28:16.976960,2025-09-16T22:40:31.249347,734.272387,0.050599004935965225,0.2,0.03626865343595097,50.0,8,0.45180158372402646,0.6214620889723061,0.4768975619626671,0.3222716795184579,0.10907488483502006,0.37549129508213647,0.02347303989158276,0.6578458199269319,0.07404638936135917,,,27.0,10.0,37.0,5.7676644973615625,gradient,"[0.2335829465933405, 0.17924687559080374, 0.12112914020224431, 0.04099692234038852, 0.14113228253468482, 0.008822584548070894, 0.24725814776047, 0.027831100429997115]"
41,COMPLETE,[0.15654860716741117],2025-09-16T22:40:31.266362,2025-09-16T22:49:44.959036,553.692674,0.05002155535931581,0.2,0.033047348311601214,50.0,3,2.7505293764806606,0.42218145549572994,0.7482288657014788,0.110729318400933,,,,,,,,27.0,11.0,38.0,5.476491044156039,gradient,"[0.32953586201435203, 0.5840338106595294, 0.08643032732611859]"
42,COMPLETE,[0.3374773702446886],2025-09-16T22:49:44.975051,2025-09-16T22:59:22.383367,577.408316,0.05070931062872979,0.2,0.03200154788174733,50.0,4,1.0798952652834375,0.30907510404961697,0.15604055669252737,0.06867042916858686,0.9758774621093823,,,,,,,24.0,12.0,36.0,5.914211479729086,gradient,"[0.20473111617223377, 0.10336114724617025, 0.04548724056873299, 0.6464204960128629]"
43,COMPLETE,[0.23202682828158727],2025-09-16T22:59:22.399381,2025-09-16T23:09:25.508438,603.109057,0.04952152052241736,0.2,0.05159702657855039,50.0,5,0.6376761190495449,0.6869010960927275,0.9578465398938052,0.7971289297650639,0.37013689223343843,0.5309699189012668,,,,,,36.0,8.0,44.0,5.446150255905147,gradient,"[0.20547547464400379, 0.2865244698841296, 0.23844836778922907, 0.1107205302881849, 0.15883115739445255]"
44,COMPLETE,[0.2702208308271091],2025-09-16T23:09:25.525453,2025-09-16T23:19:03.352141,577.826688,0.04974303413229082,0.2,0.05299396823714586,50.0,4,0.2416173106386056,0.24641321196878935,0.9656719127133986,0.9369795639028828,0.7485281841955773,,,,,,,37.0,9.0,46.0,5.541003518431047,gradient,"[0.0850406605715872, 0.33326694090971465, 0.32336480832233655, 0.2583275901963616]"
45,COMPLETE,[0.31881478273167263],2025-09-16T23:19:03.368156,2025-09-16T23:31:14.665305,731.297149,0.05174149146961345,0.2,0.03344597507538921,50.0,8,2.319680164420793,0.9460770218531717,0.5344343015571498,0.5971038892643087,0.19891971415552576,0.9865663173918867,0.32475784625669935,0.6831205798260008,0.17443190019742172,,,24.0,9.0,33.0,5.161550923375209,gradient,"[0.2128210193474393, 0.12022155723520078, 0.13431914678641518, 0.044747198544105846, 0.22192912888838362, 0.073054618477095, 0.15366869163676422, 0.039238639084596044]"
46,COMPLETE,[0.19927723698675284],2025-09-16T23:31:14.681319,2025-09-16T23:45:00.265695,825.584376,0.049146025088907065,0.2,0.049604072110546876,50.0,10,0.6055777520231295,0.514307241443208,0.16470907805389043,0.7152002638992091,0.6821194512126538,0.03016502089215302,0.3420101970697966,0.5470997374147228,0.7815017758083954,0.9543498074315016,0.6940099044186538,32.0,9.0,41.0,5.560586085836593,gradient,"[0.09479492220491871, 0.0303584763783392, 0.13182266924147387, 0.12572535461627474, 0.005559888289259388, 0.06303786416373125, 0.10083909552007922, 0.14404308178294073, 0.17590169544936912, 0.12791695235361375]"
47,COMPLETE,[0.27484757126613635],2025-09-16T23:45:00.282711,2025-09-16T23:58:47.681215,827.398504,0.05064227255576173,0.2,0.033138933759562166,50.0,10,2.47344631881854,0.2594834772799345,0.5829138502172773,0.503983448635966,0.456332976426272,0.30544916002105194,0.8284613765013755,0.8773566362766069,0.15374116119671485,0.34421253400289575,0.48294295484099736,22.0,8.0,30.0,5.336473631071065,gradient,"[0.054116809699429475, 0.12157012166650773, 0.10510872086114063, 0.09517093382478906, 0.06370322395470722, 0.1727805065872657, 0.18297790141254686, 0.03206362597983922, 0.07178755423682447, 0.10072060177694955]"
48,COMPLETE,[0.20179112306638852],2025-09-16T23:58:47.699231,2025-09-17T00:11:42.847342,775.148111,0.04809330060029102,0.2,0.04803346675090066,50.0,9,1.5270991007278631,0.7628288825037257,0.3479828696744035,0.4873988180131653,0.7580886461636416,0.8468414856516301,0.4832995260857144,0.4807760821934585,0.4138759616164694,0.8134900064446163,,30.0,6.0,36.0,5.159562421290227,gradient,"[0.1414064784155068, 0.06450598984673253, 0.09034968656785956, 0.1405277752841984, 0.15697999251040168, 0.0895897960488281, 0.08912202231546885, 0.07672066904563038, 0.1507975899653738]"
49,COMPLETE,[0.19359987732609607],2025-09-17T00:11:42.861355,2025-09-17T00:21:46.473222,603.611867,0.05014690867477177,0.2,0.03800265561394708,50.0,5,1.9557068631553394,0.9827619679190213,0.38798461148235064,0.9457010247576554,0.882510990113617,0.9252580390484817,,,,,,26.0,7.0,33.0,5.266680003774812,gradient,"[0.23829057862259487, 0.09407474096963636, 0.22930440101447983, 0.2139826950367914, 0.22434758435649757]"
50,COMPLETE,[0.14582209659098078],2025-09-17T00:21:46.489236,2025-09-17T00:35:31.673755,825.184519,0.046053823931645976,0.2,0.05351023726602348,50.0,10,1.1237527716114082,0.09791249839529949,0.5371514604265384,0.09866246171084478,0.974040063834769,0.5852921500917121,0.8912098001963915,0.36304100595799876,0.48554377555742834,0.9953263938313371,0.871688312987446,31.0,6.0,37.0,5.399472153507897,gradient,"[0.016595710221540383, 0.09104465853098898, 0.016722825493498072, 0.16509523205413942, 0.0992042801180394, 0.15105589003503825, 0.061533751381679616, 0.08229739748332847, 0.16870316536288735, 0.14774708931886]"
51,COMPLETE,[0.2513898622250401],2025-09-17T00:35:31.689769,2025-09-17T00:47:43.848201,732.158432,0.04580512636007099,0.2,0.03467071362328383,50.0,8,2.0983582982620357,0.0858897686152798,0.7661438662390733,0.2066318086837732,0.6504600297889398,0.06419949948339573,0.05770112401876549,0.9668141875375755,0.03133760301366478,,,22.0,6.0,28.0,5.6155689039314085,gradient,"[0.030358560696515633, 0.2708008816470868, 0.07303599028023414, 0.22991132254013194, 0.022691927492349363, 0.020395014493836187, 0.34172972715856603, 0.011076575691279783]"
52,COMPLETE,[0.32816816537256427],2025-09-17T00:47:43.864216,2025-09-17T00:56:58.822646,554.95843,0.0515302126008889,0.2,0.041506340332130034,50.0,3,1.8253585097195457,0.5166434925322946,0.08283971745512404,0.18844862080304964,,,,,,,,40.0,10.0,50.0,5.285863880900784,gradient,"[0.6556956735889042, 0.1051356401885905, 0.23916868622250528]"
53,COMPLETE,[0.26784415330356315],2025-09-17T00:56:58.838661,2025-09-17T01:07:28.962227,630.123566,0.04760485041029581,0.2,0.03702436156553694,50.0,6,0.45179619529620985,0.4979866421158922,0.9521655432343473,0.996286066675928,0.9976763919162829,0.5114295286396437,0.9707074777165378,,,,,26.0,9.0,35.0,5.9032857311408655,gradient,"[0.10108834819384512, 0.1932839836098561, 0.20224018937715713, 0.20252241719235015, 0.10381717479021614, 0.19704788683657545]"
54,COMPLETE,[0.13475768998113571],2025-09-17T01:07:28.978242,2025-09-17T01:19:40.062593,731.084351,0.049185521949649424,0.2,0.047420250924510604,50.0,8,1.8329365486950604,0.8581702068248028,0.9879274948260407,0.9683603058040811,0.029381987433011618,0.32193511157661,0.8539192271803587,0.2430680340854852,0.7000331830242912,,,31.0,8.0,39.0,5.308938778126403,gradient,"[0.17292072543554665, 0.199066732595061, 0.1951239570320048, 0.005920450909678026, 0.06486971068708522, 0.1720641558668491, 0.048978047070369915, 0.1410562204034052]"
55,COMPLETE,[0.18257128928581706],2025-09-17T01:19:40.078607,2025-09-17T01:33:26.438491,826.359884,0.04726441125064794,0.2,0.03372713137561745,50.0,10,1.3057649162346012,0.9034055909266051,0.6659817250057299,0.24046674792608133,0.43478653691999847,0.6677755748941079,0.023526610675416008,0.7076134109562299,0.34782995465876704,0.5743204093805838,0.12609156978374894,24.0,6.0,30.0,5.636501907335066,gradient,"[0.19254997032652588, 0.14194594617942755, 0.05125257762705701, 0.09266948934470355, 0.14232828357721045, 0.005014412389000935, 0.15081923628845814, 0.07413574602690677, 0.1224094458732809, 0.0268748923674288]"
56,COMPLETE,[0.2577318798715107],2025-09-17T01:33:26.455506,2025-09-17T01:47:12.480545,826.025039,0.048914090789664494,0.2,0.03181440045718701,50.0,10,0.16711636430336363,0.2611575518865634,0.8780220879309653,0.06977286126662322,0.7638999139599805,0.7114560191823178,0.19606004391971102,0.8562377019601854,0.9471716988453257,0.7604724642665187,0.06678156207618656,28.0,9.0,37.0,5.910762520868427,gradient,"[0.04738814007512327, 0.15932081378216315, 0.012660580171853718, 0.13861286363196548, 0.12909669757107217, 0.0355759224930922, 0.15536794500093692, 0.17186830254700397, 0.1379909384186186, 0.012117796308170593]"
57,COMPLETE,[0.17621728279666496],2025-09-17T01:47:12.496559,2025-09-17T01:56:26.551235,554.054676,0.05140670709520703,0.2,0.033431327444802254,50.0,3,1.4388707324148222,0.247006948691483,0.1445877857438113,0.4306266772723996,,,,,,,,23.0,12.0,35.0,5.498914907986021,gradient,"[0.3004141526531979, 0.17585018303465608, 0.523735664312146]"
58,COMPLETE,[0.1624794104317804],2025-09-17T01:56:26.566249,2025-09-17T02:09:18.834577,772.268328,0.046008755889747927,0.2,0.04236985807328869,50.0,9,1.8632986760040313,0.8301641639945055,0.24357314456906187,0.8208514640137357,0.17713278658113135,0.9601625389183999,0.30217845622777795,0.14076948336230982,0.34011836892157987,0.9119837163704085,,24.0,6.0,30.0,5.3706998799725465,gradient,"[0.17562422965921284, 0.0515287791691484, 0.17365409431598103, 0.03747308127709888, 0.20312585577506814, 0.06392694468917706, 0.029780293039961513, 0.07195327035966319, 0.19293345171468895]"
59,COMPLETE,[0.1343593768258514],2025-09-17T02:09:18.850591,2025-09-17T02:19:48.259460,629.408869,0.04667973530183309,0.2,0.042706564106701685,50.0,6,1.2258615075436259,0.6597476651597357,0.4685977704226624,0.37646181781373483,0.7037952706062959,0.5211421345236922,0.2621170687254427,,,,,27.0,6.0,33.0,5.46427186960684,gradient,"[0.2205140896554082, 0.15662414013134687, 0.12582861513441893, 0.23523656330629578, 0.1741865707819435, 0.08761002099058679]"
60,COMPLETE,[0.1340246442270326],2025-09-17T02:19:48.274473,2025-09-17T02:29:49.391043,601.11657,0.04583886579273131,0.2,0.047826603747230675,50.0,5,1.406302513277927,0.4637391656510326,0.0988416270991796,0.7637166475297126,0.43157991690601516,0.0604935108525149,,,,,,29.0,6.0,35.0,5.4645010451232885,gradient,"[0.25503002374388317, 0.054357242978603025, 0.4200004855739701, 0.23734427585258042, 0.03326797185096323]"
61,COMPLETE,[0.13143198356537716],2025-09-17T02:29:49.407057,2025-09-17T02:39:03.894771,554.487714,0.04923694464206266,0.2,0.0464730203673535,50.0,3,2.09939347969579,0.4142436896218204,0.3961099111426984,0.43786291195110527,,,,,,,,31.0,8.0,39.0,5.259880257299259,gradient,"[0.3318684582377383, 0.31734070740733944, 0.35079083435492237]"
62,COMPLETE,[0.18234184851300733],2025-09-17T02:39:03.910784,2025-09-17T02:52:47.947647,824.036863,0.047159521742749205,0.2,0.03635712018532389,50.0,10,2.3809859861123774,0.791221236777494,0.38394558855879435,0.44414100224856723,0.013008563191131193,0.9794644309215481,0.5977109762191266,0.9046304359542421,0.7623734905639739,0.367590564750394,0.021303706619272552,22.0,6.0,28.0,5.392224791910213,gradient,"[0.15026830631879845, 0.07291873704791511, 0.08435101722806064, 0.0024705792356304853, 0.18601935121652607, 0.11351694303658076, 0.17180691965363448, 0.1447895580709942, 0.06981259983463517, 0.004045988357224692]"
63,COMPLETE,[0.16501607330139273],2025-09-17T02:52:47.963661,2025-09-17T03:06:31.936426,823.972765,0.04792786324718401,0.2,0.050893009104403,50.0,10,0.7565566182315767,0.7709447551872123,0.9290868967615059,0.3645330331466678,0.8438850515594579,0.7866857346703575,0.18291174469179527,0.7874980622487251,0.8575139632077533,0.8114297867029289,0.7981708429691,33.0,7.0,40.0,5.51347319505086,gradient,"[0.10808657206633333, 0.13025812439480516, 0.051107586753344494, 0.11831281272408832, 0.11029345978669469, 0.02564425445712718, 0.11040734823687212, 0.12022358821240649, 0.11376257964935224, 0.11190367371897603]"
64,COMPLETE,[0.11500294963555031],2025-09-17T03:06:31.952440,2025-09-17T03:20:25.379701,833.427261,0.04775857508726384,0.2,0.04100968472316837,50.0,10,1.5663708373213332,0.5608455541131063,0.5340333033209573,0.1873607532231534,0.6792783307811542,0.45092544734155293,0.15695470852884302,0.9592286348039626,0.7965082571484413,0.2695207343719344,0.640474069444566,26.0,6.0,32.0,5.486854410163143,gradient,"[0.10713116508681474, 0.10200956316825249, 0.03578913238615355, 0.1297538662134706, 0.08613453059708366, 0.029981053905555832, 0.18322919826597905, 0.15214680220567817, 0.0514831045312988, 0.12234158363971312]"
65,COMPLETE,[0.137277325343392],2025-09-17T03:20:25.397717,2025-09-17T03:29:41.441693,556.043976,0.051871674466038326,0.2,0.04886411789898476,50.0,3,1.4856878549288541,0.2766805061596779,0.7143049940567614,0.7943473265319216,,,,,,,,28.0,10.0,38.0,5.306519903117298,gradient,"[0.15497418857390194, 0.40009626404379184, 0.4449295473823063]"
66,COMPLETE,[0.17034564277004688],2025-09-17T03:29:41.455706,2025-09-17T03:42:32.154760,770.699054,0.04508042185647654,0.2,0.03725286732295723,50.0,9,0.7616755850723897,0.019480984240141032,0.9770186227963458,0.9372071256162471,0.7822280303097122,0.4705409260675822,0.44455314915491023,0.24911107364747717,0.46455395377795394,0.43636788366065393,,26.0,6.0,32.0,5.8149566631333505,gradient,"[0.004074614648746449, 0.2043518101278055, 0.19602489462913644, 0.1636096899248331, 0.09841766342786232, 0.09298209738092005, 0.05210371392619214, 0.09716543691341893, 0.09127007902108517]"
67,COMPLETE,[0.2647301356542327],2025-09-17T03:42:32.169773,2025-09-17T03:52:33.657723,601.48795,0.049616138732772874,0.2,0.030222229129987198,50.0,5,2.595493665500364,0.44824538055990765,0.6696245240205712,0.9749626387324419,0.25055017205432556,0.5574476967556823,,,,,,19.0,8.0,27.0,5.389271718246601,gradient,"[0.15452312506330423, 0.2308389077907235, 0.3360977720924162, 0.08637187855148147, 0.19216831650207453]"
68,COMPLETE,[0.14593215250793862],2025-09-17T03:52:33.673737,2025-09-17T04:04:45.818012,732.144275,0.04525242587457982,0.2,0.044222682473074405,50.0,8,2.4949388706893507,0.36052825116562714,0.7333273179971985,0.1440366856847362,0.8476249466695122,0.47842674083966596,0.9567033086366364,0.016250358407393212,0.058016223319158074,,,25.0,5.0,30.0,5.289635133314523,gradient,"[0.1002884263550901, 0.20399023512682077, 0.040066797811328186, 0.23578449612746222, 0.13308434168439753, 0.26612690961574187, 0.0045203749418099735, 0.016138418337349338]"
69,COMPLETE,[0.16318374625035126],2025-09-17T04:04:45.835027,2025-09-17T04:14:48.783348,602.948321,0.04585101363664659,0.2,0.035685186146596506,50.0,5,0.5013518371505584,0.4379374419053194,0.6349106873932394,0.06600487522259982,0.42678872330622913,0.08879677459163215,,,,,,25.0,7.0,32.0,5.850153779346082,gradient,"[0.26470457576089634, 0.3837620355576296, 0.03989563536274783, 0.2579659036477962, 0.05367184967092997]"
70,COMPLETE,[0.18492896833726016],2025-09-17T04:14:48.799362,2025-09-17T04:24:48.899520,600.100158,0.0499497731986474,0.2,0.03301543535462407,50.0,5,1.2183123822713893,0.07352499580216854,0.5997046998281387,0.17285208668494928,0.5901029127557538,0.7227898920531242,,,,,,23.0,8.0,31.0,5.827267492279397,gradient,"[0.03405551702213764, 0.27777293137432263, 0.080062121951698, 0.2733255482834568, 0.334783881368385]"
71,COMPLETE,[0.10380200825671523],2025-09-17T04:24:48.915534,2025-09-17T04:35:48.038420,659.122886,0.04542483440106072,0.2,0.04799796827497206,50.0,7,1.810087353058593,0.19763620130688175,0.7127311506006081,0.12456259859568583,0.7372074094037484,0.8329548814285767,0.4177838641688475,0.06666006833938291,,,,27.0,6.0,33.0,5.424102057144541,gradient,"[0.06396953788082696, 0.23069195843526577, 0.04031757247260708, 0.23861426697153032, 0.2696051557772463, 0.1352254321233848, 0.021576076339138724]"
72,COMPLETE,[0.16147039753767153],2025-09-17T04:35:48.054435,2025-09-17T04:46:16.898602,628.844167,0.04566743053053392,0.2,0.0523102312084948,50.0,6,0.5212066712505935,0.011360478510119065,0.07934216638661278,0.7081241916893019,0.23444844506614873,0.9865290524306009,0.7154665516063103,,,,,32.0,7.0,39.0,5.60885043706285,gradient,"[0.004153328494650004, 0.02900705988636449, 0.2588863119167464, 0.08571306275103514, 0.36066959860981584, 0.26157063834138816]"
73,COMPLETE,[0.15935213866958675],2025-09-17T04:46:16.915618,2025-09-17T04:57:14.592388,657.67677,0.050684454781513795,0.2,0.03713433454788888,50.0,7,0.33669104893452273,0.34016436528307786,0.9664641475948645,0.745095531229203,0.5860686854974058,0.11889945900459346,0.5119365154397829,0.8575095950526125,,,,28.0,10.0,38.0,5.794647525235236,gradient,"[0.08244133875908816, 0.23422970282050665, 0.18057938857537723, 0.14203806150293635, 0.028816159417265202, 0.12407158421016966, 0.20782376471465674]"
74,COMPLETE,[0.11564166880928495],2025-09-17T04:57:14.608403,2025-09-17T05:11:00.817303,826.2089,0.04505122768490317,0.2,0.0532620159516833,50.0,10,1.0591801446584217,0.429332733814561,0.7606837927777643,0.6736275191817734,0.5508302154512142,0.893026311511032,0.6516984641228913,0.0998303990648619,0.14735029614189052,0.5224072364325529,0.8345770624381809,32.0,5.0,37.0,5.37887267795892,gradient,"[0.07717142567466914, 0.13673090391852094, 0.12108276852563835, 0.09901027730491134, 0.16051912234128424, 0.1171410787607876, 0.01794425072846673, 0.026485826798768847, 0.09390132184907438, 0.15001302409787848]"
75,COMPLETE,[0.11227625874868453],2025-09-17T05:11:00.832317,2025-09-17T05:21:30.594006,629.761689,0.0482844658579248,0.2,0.03904789374484833,50.0,6,2.0726612019438524,0.18086070247966043,0.9917806987507448,0.7304920532686159,0.5887692600383041,0.8709710643599362,0.78247423248203,,,,,24.0,6.0,30.0,5.412254924580704,gradient,"[0.0436297994723686, 0.23925149252324107, 0.17621971696064126, 0.14203132244194897, 0.2101080686034213, 0.18875959999837877]"
76,COMPLETE,[0.12256197444798321],2025-09-17T05:21:30.609020,2025-09-17T05:33:40.698415,730.089395,0.052239086836592334,0.2,0.032061959035863355,50.0,8,2.1037313049868818,0.9306980338102905,0.3402232521544857,0.30501979770016235,0.7377606294486304,0.01738894344295519,0.73316852629627,0.9607115906982877,0.031050046691048293,,,23.0,11.0,34.0,5.341346186120765,gradient,"[0.22946086202652458, 0.08388104184686496, 0.07520173372333767, 0.18189271262285794, 0.0042871928457993294, 0.1807605431010836, 0.23686061617428694, 0.007655297659244933]"
77,COMPLETE,[0.16407173812266623],2025-09-17T05:33:40.715430,2025-09-17T05:43:42.914245,602.198815,0.05042460654852909,0.2,0.03637279162470432,50.0,5,2.522326409505114,0.9752002781419722,0.055349408414908444,0.8302991503853457,0.23304946020945316,0.9033065602277095,,,,,,26.0,9.0,35.0,5.205871470489555,gradient,"[0.32536991114936337, 0.018467008779407653, 0.2770244911158055, 0.07775559939977554, 0.30138298955564785]"
78,COMPLETE,[0.20183955653256297],2025-09-17T05:43:42.931261,2025-09-17T05:54:12.059888,629.128627,0.05203929936211453,0.2,0.053873497390038695,50.0,6,0.6346355440930003,0.21324923899132694,0.12236487240044902,0.6205870724216491,0.6492787844071998,0.9824326141406339,0.13859398590686797,,,,,38.0,10.0,48.0,5.447205321205301,gradient,"[0.07821335971575619, 0.044879727716253044, 0.22761253526553768, 0.23813578590409218, 0.36032651656682924, 0.05083207483153165]"
79,COMPLETE,[0.20727057808806496],2025-09-17T05:54:12.076903,2025-09-17T06:03:50.239108,578.162205,0.04817931545918288,0.2,0.05396878077746964,50.0,4,1.7239761683488917,0.564434993333336,0.5957115061076574,0.8689552181480837,0.6900726252386304,,,,,,,31.0,6.0,37.0,4.9988131685458495,gradient,"[0.20757587494238125, 0.2190780843747476, 0.3195658345483081, 0.253780206134563]"
80,COMPLETE,[0.14603262580567827],2025-09-17T06:03:50.253119,2025-09-17T06:16:43.503410,773.250291,0.04628250210114261,0.2,0.040868018536510876,50.0,9,1.3303408627986864,0.2711936401591826,0.47305392075773894,0.7704401813061186,0.020125307073111443,0.8577222419607167,0.7479989763336793,0.8188898261573816,0.5276805503956012,0.9189984867010847,,24.0,6.0,30.0,5.670540730203897,gradient,"[0.050164348255193766, 0.08750368043456692, 0.14251303807179683, 0.0037227012851986036, 0.1586581352965628, 0.13836195097092363, 0.15147506555788615, 0.09760830262096014, 0.16999277750691122]"
81,COMPLETE,[0.1319160013084107],2025-09-17T06:16:43.520425,2025-09-17T06:30:28.404017,824.883592,0.04747704481586518,0.2,0.0468618125801388,50.0,10,1.5752553475430076,0.49928677518119224,0.17617090675716204,0.39308510654431,0.7381237994237664,0.6744319575502103,0.10790560447407417,0.947311293304766,0.13384769059460364,0.10652633609501172,0.7083700719021335,28.0,6.0,34.0,5.221014898221939,gradient,"[0.11132221780444435, 0.03927950233752958, 0.08764323034698569, 0.1645739131309396, 0.15037302208822947, 0.02405890121809019, 0.21121487562656258, 0.02984301308518941, 0.023751376119214795, 0.1579399482428144]"
82,COMPLETE,[0.1254798288844843],2025-09-17T06:30:28.420031,2025-09-17T06:41:28.651876,660.231845,0.050001047047288805,0.2,0.035966630640831374,50.0,7,1.6909506803207512,0.23948971523850993,0.4082906744309234,0.721694175519028,0.5389410533764458,0.05031656875043686,0.9030755016107916,0.5477748947460714,,,,24.0,8.0,32.0,5.576901045814498,gradient,"[0.07024018611116127, 0.11974799389994066, 0.2116664306578388, 0.15806657857689801, 0.014757398454401018, 0.26486394725719076, 0.16065746504256953]"
83,COMPLETE,[0.14503300488718598],2025-09-17T06:41:28.668891,2025-09-17T06:54:20.114826,771.445935,0.04806057063592724,0.2,0.034466109151090295,50.0,9,1.8785234198224656,0.7747027386512332,0.012690510735282714,0.18999315621085436,0.7328707773912309,0.8940111764353268,0.7623197730789653,0.32900309278248424,0.14744288771347783,0.21598851094588517,,23.0,7.0,30.0,5.7055561080117405,gradient,"[0.1908594285927735, 0.0031264942108032664, 0.04680761203203408, 0.18055350888362237, 0.22025281927758428, 0.1878087026620484, 0.0810547570840451, 0.03632472675655753, 0.05321195050053155]"
84,COMPLETE,[0.21563019040172035],2025-09-17T06:54:20.130840,2025-09-17T07:08:06.096302,825.965462,0.04603511585689861,0.2,0.03105312435222243,50.0,10,0.45180090793342265,0.6381685014122785,0.08275676139944421,0.04219267613836775,0.10546712553755447,0.13092770518221938,0.9729875200263799,0.7641552377157969,0.36904207776451164,0.940917794223669,0.04306867641478971,24.0,7.0,31.0,5.9965889777215295,gradient,"[0.15604347171611327, 0.020235490044045044, 0.010316854641139829, 0.02578857524991988, 0.032014136729162264, 0.2379126362792408, 0.1868494542731916, 0.09023730706899828, 0.2300710218150918, 0.010531052183097245]"
85,COMPLETE,[0.13817232195942214],2025-09-17T07:08:06.112316,2025-09-17T07:20:18.902808,732.790492,0.047574663551536445,0.2,0.04178707159614397,50.0,8,0.48978358877936456,0.12522885670314898,0.952331103728332,0.6595181638751707,0.6108754486963356,0.026154484904512276,0.7776856645403011,0.6640631149326419,0.9243801458774459,,,28.0,9.0,37.0,5.754966276091167,gradient,"[0.02641826920161304, 0.20090369048886877, 0.13913189703479645, 0.12887023388364238, 0.005517547961607759, 0.1640605031535386, 0.1400906995321238, 0.1950071587438091]"
86,COMPLETE,[0.5371399806984634],2025-09-17T07:20:18.917822,2025-09-17T07:33:11.620038,772.702216,0.0482085249844504,0.2,0.04613832010527663,50.0,9,0.031501153170919616,0.8580108178291173,0.5540528283908828,0.5931171704531087,0.5483287348932151,0.5470204428815126,0.0662339830801014,0.9238649234691946,0.8058055855729889,0.9295589793324032,,51.0,9.0,60.0,5.6578194079163255,gradient,"[0.1472728767807157, 0.0951001458607116, 0.1018053270956127, 0.09411763643443628, 0.09389307524682777, 0.011368701916290403, 0.15857637480650275, 0.13831213342223667, 0.15955372843666624]"
87,COMPLETE,[0.08373476000616466],2025-09-17T07:33:11.635051,2025-09-17T07:45:24.645455,733.010404,0.05283864472167877,0.2,0.038250083934164694,50.0,8,1.7363323820353465,0.3653075216541339,0.11216752338502418,0.9199587811152009,0.22686378767604926,0.14508003379938783,0.17382459072740655,0.41908168091381864,0.6766521538553276,,,27.0,11.0,38.0,5.3732161082603245,gradient,"[0.12020901817731182, 0.03691012929720178, 0.3027239662099177, 0.07465237248069516, 0.047740403321526494, 0.05719916001674297, 0.1379040792005481, 0.22266087129605594]"
88,COMPLETE,[0.0894473418570058],2025-09-17T07:45:24.661470,2025-09-17T07:59:10.693749,826.032279,0.04766292252385372,0.2,0.05051965259872286,50.0,10,1.2308618403243234,0.8867374265321157,0.411062474103849,0.48599591943772724,0.18826752060083438,0.5893207949395965,0.2536078765854377,0.37895593621990015,0.7433565283591522,0.8184689462869129,0.7843704815094039,31.0,6.0,37.0,5.4813843816191605,gradient,"[0.16005674975335338, 0.07419707523560941, 0.08772261656171104, 0.033982424255327943, 0.10637283166109607, 0.045776405983969815, 0.06840182182036221, 0.13417639345889637, 0.14773423946822736, 0.14157944180144633]"
89,COMPLETE,[0.08263448768423547],2025-09-17T07:59:10.708762,2025-09-17T08:09:41.354166,630.645404,0.04656157282498807,0.2,0.04791277511433796,50.0,6,1.7577638065088346,0.4549055374304117,0.8172739198655105,0.601272694255095,0.544067640566246,0.6223667084099161,0.8923044032780495,,,,,27.0,6.0,33.0,5.285024500032599,gradient,"[0.1156875514335263, 0.2078418723451663, 0.15291035175154802, 0.13836246862779353, 0.1582747947989108, 0.2269229610430551]"
90,COMPLETE,[0.11339966471482257],2025-09-17T08:09:41.370180,2025-09-17T08:19:43.124326,601.754146,0.04821008187095799,0.2,0.041804840461713046,50.0,5,0.7296543898027146,0.03850667825179445,0.480216704035967,0.07697681970963105,0.3379349434423598,0.9101268303207468,,,,,,29.0,8.0,37.0,5.684583580663835,gradient,"[0.020884842380975748, 0.260454825703785, 0.04174986832445132, 0.18328555848591643, 0.49362490510487156]"
91,COMPLETE,[0.09802095784125196],2025-09-17T08:19:43.140341,2025-09-17T08:30:41.648756,658.508415,0.04511536426184523,0.2,0.045154026956731014,50.0,7,2.4692829864620425,0.08430113106926625,0.8810248548304022,0.5782618143991113,0.4709908738737122,0.850484682544305,0.9886965472677732,0.6232890123872515,,,,23.0,5.0,28.0,5.29185385011636,gradient,"[0.018829620279776495, 0.19678696196698703, 0.12916137956065304, 0.1052011900409167, 0.18996546574111, 0.22083666400254745, 0.13921871840800923]"
92,COMPLETE,[0.16643579553647447],2025-09-17T08:30:41.664771,2025-09-17T08:41:42.677298,661.012527,0.04506142934097826,0.2,0.031087470504200125,50.0,7,1.1792658628394665,0.624021140332496,0.6794208026377581,0.8225055021326177,0.7395261340748563,0.15571771232669035,0.6286669951077472,0.9825568685181519,,,,20.0,6.0,26.0,5.646157703983233,gradient,"[0.1347075163678721, 0.1466666479331654, 0.17755435870675526, 0.15964159284295673, 0.0336148007274857, 0.13571041758023558, 0.21210466584152926]"
93,COMPLETE,[0.07932071903990161],2025-09-17T08:41:42.692312,2025-09-17T08:54:34.796188,772.103876,0.05100418748399881,0.2,0.035215551713952783,50.0,9,1.930777170558232,0.03895802113236315,0.48196129561804746,0.05153988475374294,0.7930498072019492,0.5763348643614843,0.6482586696566361,0.6833247418608656,0.42758059197540976,0.8267812924680554,,23.0,7.0,30.0,5.400521041081123,gradient,"[0.008604203879201749, 0.10644517172195392, 0.01138301339344405, 0.1751516640011972, 0.1272883614598906, 0.1431733337079653, 0.15091796820731257, 0.09443473978430582, 0.18260154384472874]"
94,COMPLETE,[0.07059829404074071],2025-09-17T08:54:34.815205,2025-09-17T09:07:28.125596,773.310391,0.050120055379529155,0.2,0.035595048078868846,50.0,9,2.0311757246734943,0.8869064761862546,0.9969197639559834,0.7173936421519533,0.600976554903337,0.8365740990818785,0.37608347136150455,0.5869528258828787,0.8122360231023179,0.7495572260659528,,25.0,7.0,32.0,5.334234175084845,gradient,"[0.1351250022872341, 0.15188612215799363, 0.10929880448440032, 0.09156203110059784, 0.12745659219669545, 0.0572983525235215, 0.08942544007680309, 0.123748554584267, 0.11419910058848709]"
95,COMPLETE,[0.09623400881345029],2025-09-17T09:07:28.141610,2025-09-17T09:18:00.199238,632.057628,0.04593311651404888,0.2,0.04526770824018531,50.0,6,0.9727525803986675,0.0842536782190096,0.6032309040699717,0.9923521832846532,0.20002733144417206,0.5722761837089465,0.93779761756914,,,,,29.0,6.0,35.0,5.586570413034402,gradient,"[0.02485404769844414, 0.17794747932497915, 0.29273462023699737, 0.05900619345998195, 0.16881612609972213, 0.27664153317987533]"
96,COMPLETE,[0.07617163858607072],2025-09-17T09:18:00.216254,2025-09-17T09:27:14.315221,554.098967,0.048424943726038235,0.2,0.041344759516386075,50.0,3,2.134709674684058,0.943540111808398,0.8403397459537262,0.5971504044821232,,,,,,,,29.0,7.0,36.0,5.269386586435989,gradient,"[0.39627388478425357, 0.35293114887236304, 0.2507949663433833]"
97,COMPLETE,[0.15198589028313067],2025-09-17T09:27:14.331236,2025-09-17T09:39:24.289521,729.958285,0.050400891827101384,0.2,0.039608481783412905,50.0,8,0.24398918481604137,0.855976701252224,0.38333987040497436,0.7492768238550767,0.6765244557379264,0.3056856973147835,0.0926021514149656,0.60184548450325,0.3230294066424524,,,31.0,10.0,41.0,5.7924447970699235,gradient,"[0.21462298895340085, 0.0961165749616379, 0.1878696362342953, 0.16962809919724933, 0.07664598574006216, 0.02321856481738401, 0.1509034960685615, 0.08099465402740896]"
98,COMPLETE,[0.09100741035579493],2025-09-17T09:39:24.306536,2025-09-17T09:49:54.369509,630.062973,0.049204020083836175,0.2,0.0364406580008428,50.0,6,0.7181403808063616,0.7649682072128882,0.1162127748980618,0.84464849173059,0.9559958648263264,0.28302261895294906,0.6225435650603988,,,,,26.0,9.0,35.0,5.7181818392677695,gradient,"[0.21323800381876118, 0.03239478438952335, 0.23544920770156144, 0.26648774151972565, 0.07889370791103897, 0.1735365546593894]"
99,COMPLETE,[0.07909590388574689],2025-09-17T09:49:54.384522,2025-09-17T09:59:34.476892,580.09237,0.04900577611654962,0.2,0.04591726951477648,50.0,4,0.997736472720721,0.17714351882284848,0.7459573992964152,0.14716769064664936,0.9490728069966035,,,,,,,30.0,8.0,38.0,5.484176832350688,gradient,"[0.0877234119203948, 0.3694062794303344, 0.07287905328831076, 0.46999125536096]"
100,COMPLETE,[0.308439869510262],2025-09-17T09:59:34.491905,2025-09-17T10:08:49.197696,554.705791,0.05275908087661884,0.2,0.05208282493984617,50.0,3,0.05564430478877391,0.8932551978603972,0.01749701402066514,0.8539193974835655,,,,,,,,45.0,11.0,56.0,5.452197304189479,gradient,"[0.5061877763092788, 0.009915167177741905, 0.4838970565129794]"
101,COMPLETE,[0.0820219871455162],2025-09-17T10:08:49.213711,2025-09-17T10:19:50.450336,661.236625,0.04635268218939281,0.2,0.050314538785794644,50.0,7,1.1895776746966091,0.273270965440346,0.08230038969295964,0.7950991781353699,0.9113693663396986,0.7227717185459899,0.8474292515355345,0.39726546485643227,,,,32.0,6.0,38.0,5.5200068830462605,gradient,"[0.0678174800465012, 0.020424434871182694, 0.19731925256419472, 0.22617395052247927, 0.17936979335394554, 0.21030597328269093, 0.09858911535900566]"
102,COMPLETE,[0.07274263747796832],2025-09-17T10:19:50.466350,2025-09-17T10:29:53.143915,602.677565,0.052199616163297026,0.2,0.038439099343027486,50.0,5,2.0481148629492743,0.07193620787992472,0.26813973924267687,0.014109876110956123,0.15431836271963806,0.15900173731683048,,,,,,27.0,11.0,38.0,5.367203319399765,gradient,"[0.10776864350134667, 0.40170390987557764, 0.021138203601001236, 0.2311865068757025, 0.238202736146372]"
103,COMPLETE,[0.2731918598999149],2025-09-17T10:29:53.159930,2025-09-17T10:42:06.814939,733.655009,0.051607138612981156,0.2,0.04141534224555603,50.0,8,2.939549684649127,0.6691481219204553,0.787184982722763,0.29087851802515513,0.914835572611571,0.6123420597625346,0.866087852824734,0.6237373176571605,0.3284647639859754,,,27.0,7.0,34.0,4.854504357972873,gradient,"[0.13139412419669666, 0.154571877283016, 0.05711699229440811, 0.17963738507147758, 0.12023966893964316, 0.17006526831862084, 0.12247724516830041, 0.06449743872783721]"
104,COMPLETE,[0.14042993666800657],2025-09-17T10:42:06.832955,2025-09-17T10:55:54.955761,828.122806,0.05025663215559417,0.2,0.048858689002650335,50.0,10,2.7725636153896303,0.6302685714982297,0.6272405597103281,0.516266727395517,0.07850987038501937,0.5908913099790272,0.28156623768242,0.1884054386423685,0.4300770612216916,0.9483729844788867,0.07754299833731078,31.0,7.0,38.0,5.019320143807087,gradient,"[0.14425454842526442, 0.14356150343961363, 0.11816204550767224, 0.01796917443050517, 0.13524196341698266, 0.06444428979240678, 0.043121841547028604, 0.09843513552821058, 0.2170616191277219, 0.017747878784593996]"
105,COMPLETE,[0.06249780765426405],2025-09-17T10:55:54.970775,2025-09-17T11:06:55.892745,660.92197,0.05056879239074402,0.2,0.04638774804178889,50.0,7,1.4998939398772984,0.9067983200853389,0.5727563129325763,0.06480944384047653,0.8106351760109574,0.9797068588508052,0.9315367552306951,0.395686951250582,,,,30.0,8.0,38.0,5.324701563336685,gradient,"[0.19451136234289793, 0.12285820148908745, 0.013901848884005714, 0.1738840367879454, 0.21015049497865998, 0.19981784187177687, 0.08487621364562663]"
106,COMPLETE,[0.13027583398811007],2025-09-17T11:06:55.908760,2025-09-17T11:17:25.780581,629.871821,0.05083439467528816,0.2,0.052376510320771605,50.0,6,0.9444241246829755,0.978544156572332,0.3247818032062394,0.47162634876183984,0.5771030210924387,0.9910459362846905,0.3464623416733237,,,,,36.0,8.0,44.0,5.282776747380545,gradient,"[0.26521948410350943, 0.08802715923857152, 0.1278271359223951, 0.1564149808679579, 0.2686079010118499, 0.09390333885571622]"
107,COMPLETE,[0.13177924093762886],2025-09-17T11:17:25.796597,2025-09-17T11:31:14.130943,828.334346,0.05055591438062251,0.2,0.04657776070966212,50.0,10,2.180557419385914,0.8832771512760033,0.2273080392798216,0.11317826381901298,0.8030390474137065,0.6270599669432926,0.5004365600635502,0.9385312517704938,0.9656822882201217,0.02866987714025534,0.908152689043593,28.0,7.0,35.0,5.107259739047434,gradient,"[0.14732740228715255, 0.03791415061252696, 0.018877720973238324, 0.13394397966674212, 0.10459131188275864, 0.08347099016109744, 0.15654358441051744, 0.16107227810960026, 0.004782030778067507, 0.15147655111829872]"
108,COMPLETE,[0.1321354411716874],2025-09-17T11:31:14.146957,2025-09-17T11:41:19.420945,605.273988,0.04529610220534716,0.2,0.03324161371131795,50.0,5,2.04672617168773,0.015379631364062257,0.2319768969707281,0.8870232740565634,0.21671087570202005,0.7896790297725186,,,,,,21.0,6.0,27.0,5.740335582383661,gradient,"[0.007184159654143289, 0.10836144407236736, 0.4143478258298163, 0.10123035415988604, 0.3688762162837871]"
109,COMPLETE,[0.10691029079169875],2025-09-17T11:41:19.435958,2025-09-17T11:54:14.067876,774.631918,0.04910534212329699,0.2,0.030728611068897144,50.0,9,2.062201742108268,0.3797810788111162,0.8513096789636324,0.37769544740618566,0.6174975973513909,0.030085337262798634,0.6138666758162652,0.12528947443875943,0.5294893596708273,0.5651261024850559,,22.0,7.0,29.0,5.498526989262745,gradient,"[0.09285281407645446, 0.20813701301219906, 0.09234289729576527, 0.15097221214657255, 0.007355575048749118, 0.15008448681996434, 0.030632069170525272, 0.12945504610941455, 0.1381678863203554]"
110,COMPLETE,[0.0892503145168144],2025-09-17T11:54:14.084891,2025-09-17T12:05:17.868857,663.783966,0.048687945763077736,0.2,0.032053659196624125,50.0,7,1.0324243410577312,0.4688872111556744,0.11731625437097226,0.14166896935416767,0.7800209535679128,0.014249137473121815,0.06270430612794711,0.968119182904303,,,,23.0,7.0,30.0,5.680387910674983,gradient,"[0.18366371052695143, 0.04595292443525988, 0.05549191353286182, 0.30553518887400355, 0.005581405075373871, 0.02456135559997829, 0.3792135019555712]"
111,COMPLETE,[0.11782320667837255],2025-09-17T12:05:17.885873,2025-09-17T12:16:22.574871,664.688998,0.04611257592425545,0.2,0.04379714885971141,50.0,7,0.24092980704399747,0.7282871023100081,0.3077189604800597,0.5180602919165089,0.8417317538231038,0.04515190445847904,0.42830509496260627,0.6785217591006877,,,,30.0,7.0,37.0,5.790339554486468,gradient,"[0.20527984977682245, 0.08673571422652744, 0.14602392183335566, 0.23725611428394722, 0.012726816299471687, 0.12072492465360972, 0.19125265892626586]"
112,COMPLETE,[0.1999453982472355],2025-09-17T12:16:22.592887,2025-09-17T12:29:17.603792,775.010905,0.05266329481762299,0.2,0.04348273745313054,50.0,9,0.09961279446076854,0.024861188484267948,0.07974118829170193,0.2976597239251467,0.21939511265163839,0.9940636748089973,0.7402601442221729,0.2849405686917224,0.6596753052463603,0.936349422607397,,38.0,12.0,50.0,5.66086557804851,gradient,"[0.005867713809476056, 0.01882043861335647, 0.07025336193020873, 0.0517814236054001, 0.2346179530341556, 0.17471548770107323, 0.06725139913767125, 0.15569593146417024, 0.2209962907044882]"
113,COMPLETE,[0.35820605298219543],2025-09-17T12:29:17.620808,2025-09-17T12:38:57.214571,579.593763,0.04571451443450743,0.2,0.04063397376669096,50.0,4,0.05382496235759804,0.5400292594802781,0.5577185668934616,0.2625532073248372,0.9463066031481068,,,,,,,41.0,8.0,49.0,5.874637901929206,gradient,"[0.23412272241435098, 0.2417916935608118, 0.11382655772516577, 0.41025902629967154]"
114,COMPLETE,[0.10518873217334646],2025-09-17T12:38:57.232587,2025-09-17T12:50:00.222535,662.989948,0.0483424168942827,0.2,0.051730868206818145,50.0,7,1.5027775226152202,0.4657044512748732,0.17227257863469206,0.823090618449257,0.6481498784749644,0.23477577205103278,0.20751766691399245,0.09055108052896922,,,,34.0,7.0,41.0,5.244877680627768,gradient,"[0.1762655240902305, 0.06520383534297948, 0.3115334174658297, 0.2453197037427005, 0.08886080944894882, 0.07854382799314746, 0.034272881916163456]"
115,COMPLETE,[0.07326756331955103],2025-09-17T12:50:00.237548,2025-09-17T13:00:30.748024,630.510476,0.05274360075186339,0.2,0.045113149002771726,50.0,6,2.6288263045970064,0.0461565512239879,0.36927375147231256,0.33140044565899773,0.3911950526884427,0.5166585526313563,0.9358416684704822,,,,,26.0,9.0,35.0,5.2622052353068,gradient,"[0.017817443573008067, 0.14254778694192194, 0.1279278582133363, 0.15100989117431796, 0.19944156059989648, 0.36125545949751936]"
116,COMPLETE,[0.1453965365672956],2025-09-17T13:00:30.765039,2025-09-17T13:10:12.060085,581.295046,0.05234551218324629,0.2,0.05376802847487288,50.0,4,1.5303208909396542,0.4730228651824052,0.763253406196683,0.885008235039751,0.8421417772865797,,,,,,,34.0,8.0,42.0,5.013829971042892,gradient,"[0.15962025705965774, 0.2575577500926811, 0.2986435802051237, 0.2841784126425374]"
117,COMPLETE,[0.08659873542968957],2025-09-17T13:10:12.076099,2025-09-17T13:23:10.516587,778.440488,0.04905672595999114,0.2,0.052192941171476874,50.0,9,1.2714684236695561,0.3016183123381284,0.20644242464322332,0.40437134046979,0.17255467719109396,0.7134737001503744,0.5145196300991877,0.2542122768174499,0.06036634240051061,0.49151512049138646,,33.0,7.0,40.0,5.24079890341301,gradient,"[0.096701241874805, 0.06618709150612118, 0.1296446840342099, 0.05532240879651497, 0.22874537130957798, 0.1649591061426648, 0.08150248795408284, 0.01935393190259933, 0.15758367647942398]"
118,COMPLETE,[0.11648363709249493],2025-09-17T13:23:10.532601,2025-09-17T13:36:59.530588,828.997987,0.04974305916850304,0.2,0.051357382811461516,50.0,10,2.1229747080535297,0.2933378389599456,0.7668721081712241,0.18452670065457158,0.5072951026125722,0.32873045127989803,0.015509137703744107,0.11010402429850781,0.3196736291109211,0.40737991505502935,0.11201254795278687,33.0,8.0,41.0,5.120613142618709,gradient,"[0.09632030141356512, 0.25180983423960696, 0.060591117357777974, 0.16657522726190285, 0.10794180615553184, 0.005092574567214629, 0.03615371560955314, 0.10496791146721639, 0.13376711421567045, 0.036780397711960594]"
119,COMPLETE,[0.08767760561707694],2025-09-17T13:36:59.546602,2025-09-17T13:49:16.113843,736.567241,0.050768387562234625,0.2,0.04408593922164738,50.0,8,2.2745490006319082,0.6837829580182796,0.9396949560443265,0.2608492619852975,0.38181388588862125,0.8724117100853631,0.1221619392901907,0.7753640695412339,0.696926321871027,,,30.0,7.0,37.0,5.197030539614094,gradient,"[0.14447120659656398, 0.19854087110606192, 0.055112820781695646, 0.08067049952446648, 0.18432511504861868, 0.025810650239923412, 0.16382067052810292, 0.14724816617456699]"
120,COMPLETE,[0.08127596663365898],2025-09-17T13:49:16.130858,2025-09-17T14:01:32.119126,735.988268,0.04560617102477729,0.2,0.039770145648906,50.0,8,1.2731110031348107,0.30739874293512676,0.47734916091663826,0.9661854506748607,0.1310990381883377,0.03376682860959412,0.9870993953961111,0.34061621231246125,0.8150284551669129,,,23.0,6.0,29.0,5.630433181177533,gradient,"[0.07574115179006065, 0.11761588518101165, 0.23806212796503418, 0.032301993352814, 0.008319938028269596, 0.24321519478156134, 0.08392573109629856, 0.20081797780494995]"
121,COMPLETE,[0.08308256348873452],2025-09-17T14:01:32.136141,2025-09-17T14:13:48.063504,735.927363,0.04857268979714609,0.2,0.04476002477961103,50.0,8,1.2098648066394622,0.6768697777083608,0.12920010690442596,0.6377834839751988,0.0694858515014962,0.5055120971337248,0.5462637359253177,0.7093790900789692,0.8383547057865475,,,29.0,7.0,36.0,5.561824829355582,gradient,"[0.16457443552067916, 0.031413774648051715, 0.1550709757126359, 0.016894822555454186, 0.1229104486188228, 0.13281882120619912, 0.1724787649925492, 0.20383795674560795]"
122,COMPLETE,[0.08704320330669389],2025-09-17T14:13:48.081520,2025-09-17T14:23:28.605061,580.523541,0.04926060082723734,0.2,0.03165049409226438,50.0,4,1.5769889998598028,0.3430918879010424,0.8792727748184677,0.7311224715950714,0.4227560603492456,,,,,,,22.0,8.0,30.0,5.3058054344453005,gradient,"[0.14438416432775117, 0.3700264252383732, 0.30767998546483166, 0.17790942496904405]"
123,COMPLETE,[0.06570658978726085],2025-09-17T14:23:28.620075,2025-09-17T14:34:33.663909,665.043834,0.046300657306508654,0.2,0.04662616732788634,50.0,7,1.937218871350188,0.4506953205571948,0.5058594686541924,0.25679988305012774,0.8057997908163455,0.8290127024833137,0.3804412337657908,0.053022848941523405,,,,28.0,6.0,34.0,5.451176396601693,gradient,"[0.13733880697138, 0.15414878466954593, 0.07825372920422578, 0.24554854883269278, 0.2526221381274121, 0.11593052509069258, 0.016157467104050843]"
124,COMPLETE,[0.06527419066622515],2025-09-17T14:34:33.679923,2025-09-17T14:44:39.991176,606.311253,0.05277458106940993,0.2,0.03148898807099412,50.0,5,1.6498388346135813,0.5783177234223491,0.7519317551080555,0.3513176531903983,0.14510234331117805,0.6588608562922861,,,,,,25.0,11.0,36.0,5.4351419197808655,gradient,"[0.23267377433862452, 0.3025236689457068, 0.14134514826186798, 0.05837882623378364, 0.2650785822200171]"
125,COMPLETE,[0.06023451242728687],2025-09-17T14:44:40.005188,2025-09-17T14:55:43.491787,663.486599,0.04554414149289568,0.2,0.03900690031550132,50.0,7,2.3903785843920193,0.276929567897827,0.7796622621208441,0.6580394256442856,0.3514607043519718,0.36003473289379057,0.1723741183382674,0.30400338790254555,,,,25.0,5.0,30.0,5.320169963574134,gradient,"[0.09541056580692309, 0.26861710048491727, 0.22671437506863865, 0.12108878411095975, 0.12404279483877577, 0.05938806854742021, 0.10473831114236531]"
126,COMPLETE,[0.12276141720325312],2025-09-17T14:55:43.508803,2025-09-17T15:05:25.932145,582.423342,0.051018530572681645,0.2,0.04676631697829972,50.0,4,2.1274357501769705,0.9837443301407555,0.39842326012949003,0.42284583592938674,0.4670382664180301,,,,,,,33.0,8.0,41.0,4.971160913219971,gradient,"[0.4329762097126276, 0.1753583606499996, 0.18610748923684048, 0.20555794040053238]"
127,COMPLETE,[0.07629097641252354],2025-09-17T15:05:25.948159,2025-09-17T15:14:45.004876,559.056717,0.04760911237291554,0.2,0.031281129182977686,50.0,3,0.9738933182598555,0.4947104934571188,0.43134885902074505,0.2935985113078654,,,,,,,,24.0,7.0,31.0,5.5895045094715,gradient,"[0.4056141547118578, 0.35366381985343787, 0.24072202543470425]"
128,COMPLETE,[0.09424935538863217],2025-09-17T15:14:45.023893,2025-09-17T15:27:42.688061,777.664168,0.051326401282668764,0.2,0.04771617930352069,50.0,9,2.1971856830717194,0.26015449825656484,0.5499240439454044,0.23998405353987345,0.8557888961718595,0.7998137538368055,0.28986620461023593,0.23760323836922442,0.12844131409468632,0.3832349789372483,,30.0,9.0,39.0,5.156959480706828,gradient,"[0.06947066207709215, 0.1468496131376622, 0.06408442367549429, 0.22852659328861985, 0.21357920539436673, 0.07740476248920214, 0.06344865989936668, 0.03429847720491776, 0.10233760283327822]"
129,COMPLETE,[0.10023164100099287],2025-09-17T15:27:42.704076,2025-09-17T15:40:00.875551,738.171475,0.04501396769719839,0.2,0.04970227871332247,50.0,8,0.5707134593902388,0.7125782521494542,0.6553216285068134,0.18921664637524171,0.47566048886809636,0.15723224717076797,0.7345886453416782,0.5979251569221564,0.4153458965641077,,,31.0,6.0,37.0,5.673185087605677,gradient,"[0.18095529816866834, 0.1664152958992583, 0.04805051874657267, 0.12079134513373858, 0.039928257819674, 0.1865447155426821, 0.1518397800199823, 0.10547478866942368]"
130,COMPLETE,[0.183090756891541],2025-09-17T15:40:00.890564,2025-09-17T15:49:43.002525,582.111961,0.05266520310688119,0.2,0.04675979509189994,50.0,4,1.5179814195344952,0.9172094300440884,0.14919475917763111,0.6477861951348198,0.011280905267701893,,,,,,,39.0,11.0,50.0,5.160959292991076,gradient,"[0.5315703805444544, 0.08646609194530354, 0.37542565850277887, 0.006537869007463204]"
131,COMPLETE,[0.14773708428699686],2025-09-17T15:49:43.017539,2025-09-17T15:59:23.274751,580.257212,0.04738975872863832,0.2,0.04599897375686065,50.0,4,2.0973129427598725,0.7564582836410233,0.6763832809499517,0.8107313302187186,0.6628688662727719,,,,,,,27.0,6.0,33.0,5.012845205217306,gradient,"[0.2602695480673559, 0.2327186768394223, 0.27894291262756027, 0.22806886246566152]"
132,COMPLETE,[0.2875882643153792],2025-09-17T15:59:23.291767,2025-09-17T16:12:19.230155,775.938388,0.046791297418512595,0.2,0.04254684945872806,50.0,9,0.088217802269277,0.017469632420332462,0.7103663779601394,0.6750494771495755,0.8402806343481376,0.5560208417206777,0.04139322766519975,0.4774227001020946,0.7504989568178269,0.07203684265863883,,41.0,8.0,49.0,5.788369891599173,gradient,"[0.004219168983728852, 0.1715637580035693, 0.1630342154856665, 0.20293993054733075, 0.13428707789892053, 0.009997063366838385, 0.11530448952402772, 0.18125635644406843, 0.017397939745849574]"
133,COMPLETE,[0.4502037498585551],2025-09-17T16:12:19.246169,2025-09-17T16:21:36.964134,557.717965,0.05105891311982953,0.2,0.0352844358348826,50.0,3,0.02278351931799738,0.8031283280655406,0.9154626595513377,0.17646405374331958,,,,,,,,50.0,13.0,63.0,5.81234678915031,gradient,"[0.4238021115677389, 0.48307972041500896, 0.09311816801725213]"
134,COMPLETE,[0.09133593848279566],2025-09-17T16:21:36.980150,2025-09-17T16:32:07.137552,630.157402,0.048098503763586195,0.2,0.03393215071557152,50.0,6,1.8441182857527143,0.6036755058501188,0.31793923196836893,0.15500884660934344,0.9483386936375788,0.061604719333989665,0.5656462264348396,,,,,22.0,7.0,29.0,5.478342582600323,gradient,"[0.22761198097692914, 0.1198769499794334, 0.0584450922785352, 0.3575650272441478, 0.023227664646407742, 0.21327328487454672]"
135,COMPLETE,[0.07433543070341378],2025-09-17T16:32:07.152566,2025-09-17T16:44:25.014561,737.861995,0.051113791233360906,0.2,0.046528957751204095,50.0,8,1.3908371296710544,0.7072864464986691,0.20779656346536118,0.5391986963787397,0.3613698521991095,0.05163905304504236,0.06683811590861521,0.2644008394147791,0.17828889065079173,,,33.0,9.0,42.0,5.256052988290886,gradient,"[0.2975769749046914, 0.08742635046623823, 0.22685733302997838, 0.15203931585499256, 0.021726124214816993, 0.02812083341745793, 0.11124149535849916, 0.07501157275332541]"
136,COMPLETE,[0.08261722387084555],2025-09-17T16:44:25.029575,2025-09-17T16:56:46.501256,741.471681,0.04642062359709083,0.2,0.038062218847847114,50.0,8,0.7018876287779918,0.6495107409591366,0.6268759400173715,0.6433448337725246,0.872038287007318,0.4091119221246801,0.5327542424023912,0.7440591259061968,0.8575398997443456,,,25.0,7.0,32.0,5.786661492703841,gradient,"[0.12173985624646237, 0.1174973437843149, 0.12058416072490917, 0.16344889931290799, 0.07668114389397898, 0.09985581576216077, 0.13946135962728862, 0.16073142064797727]"
137,COMPLETE,[0.072075978673693],2025-09-17T16:56:46.517270,2025-09-17T17:07:49.932178,663.414908,0.04875345543132619,0.2,0.04866391470429836,50.0,7,1.527392022679145,0.4723450092347578,0.5492677270861505,0.5630496984960718,0.4407875654371051,0.7845666193749761,0.32587569825699625,0.3439031783421679,,,,30.0,7.0,37.0,5.208332265313333,gradient,"[0.1357393012740938, 0.15784482958309062, 0.16180539893978405, 0.12667053736774986, 0.22546342744146122, 0.09364794529167453, 0.09882856010214593]"
138,COMPLETE,[0.11209488969670951],2025-09-17T17:07:49.948193,2025-09-17T17:20:06.975986,737.027793,0.05287400919558079,0.2,0.033686624214755545,50.0,8,2.024946106618672,0.6104878327137832,0.7629274247930854,0.4439585175723511,0.7568324215042527,0.7852760192115467,0.46772637348595997,0.11995821865222242,0.6593874739484731,,,24.0,9.0,33.0,5.182556001860581,gradient,"[0.13252591749866724, 0.1656178084764577, 0.09637540130993615, 0.16429469299450078, 0.1704692859693773, 0.10153497492162497, 0.026040769588678802, 0.14314114924075702]"
139,COMPLETE,[0.3964209665335465],2025-09-17T17:20:06.992000,2025-09-17T17:29:24.605719,557.613719,0.049143108391837234,0.2,0.048796737459473126,50.0,3,1.7291056652701755,0.9941493792943725,0.31627735261759615,0.05536768847725998,,,,,,,,48.0,7.0,55.0,5.130574053322205,gradient,"[0.7278909361857376, 0.23157024797880077, 0.040538815835461615]"
140,COMPLETE,[0.072338824126794],2025-09-17T17:29:24.622734,2025-09-17T17:41:38.535024,733.91229,0.05124980064688486,0.2,0.03714335845301908,50.0,8,2.7354026464075694,0.253223936903271,0.023278335769071203,0.6117671080644187,0.7698964904399236,0.9405986026078849,0.8214297910849854,0.5803788209388046,0.33819609559194463,,,23.0,8.0,31.0,5.2850062271062,gradient,"[0.05836308093751716, 0.005365193398363335, 0.14100015061575036, 0.1774458281257187, 0.21678926978648677, 0.18932322894850917, 0.13376577473326015, 0.07794747345439439]"
141,COMPLETE,[0.14536143986808783],2025-09-17T17:41:38.551039,2025-09-17T17:50:55.423069,556.87203,0.045835185143686286,0.2,0.05187498013778895,50.0,3,0.6760768839363636,0.07390907744550461,0.4114260760195378,0.15661200255143845,,,,,,,,38.0,6.0,44.0,5.558886965661808,gradient,"[0.11513265033236961, 0.6409033394159552, 0.24396401025167516]"
142,COMPLETE,[0.08392870637869396],2025-09-17T17:50:55.439083,2025-09-17T18:00:34.173527,578.734444,0.04659259894787865,0.2,0.04053370398679932,50.0,4,0.8471874800292681,0.4943788931451248,0.8551941692473184,0.7954907363975312,0.028521963058846522,,,,,,,29.0,7.0,36.0,5.6466080336580795,gradient,"[0.22744853312096283, 0.3934485513559412, 0.36598083699301476, 0.013122078530081164]"
143,COMPLETE,[0.05828374170931447],2025-09-17T18:00:34.187540,2025-09-17T18:14:24.566422,830.378882,0.04998169019858243,0.2,0.04357776045806899,50.0,10,2.532690604872413,0.9688175612682349,0.426801562656892,0.8363974861835841,0.9874639938768588,0.8706733777715997,0.21221152416147793,0.11221117481822808,0.7898902260437616,0.3723817656228316,0.8034057440099933,27.0,7.0,34.0,5.318095670243537,gradient,"[0.15184622713099225, 0.06689412910540492, 0.13109155710655016, 0.15476874892897183, 0.13646373967968384, 0.03326066804100401, 0.0175872571052277, 0.12380230857436297, 0.05836472048275449, 0.12592064384504786]"
144,COMPLETE,[0.07585707991613126],2025-09-17T18:14:24.584438,2025-09-17T18:28:16.396183,831.811745,0.04847599915726196,0.2,0.0361338468024052,50.0,10,0.7524596388880295,0.3028745155661322,0.41441606607410253,0.7432742001096894,0.12789375342495976,0.23505458518711242,0.7245840386782826,0.0457926541598841,0.07086801296544726,0.417923765247324,0.09376199243748595,26.0,8.0,34.0,5.729140668334775,gradient,"[0.09535019513836096, 0.13046542623362314, 0.23399571895078566, 0.04026319059315058, 0.07399929480321008, 0.22811172921886325, 0.01441632849791564, 0.0223104900479745, 0.13156971128721426, 0.02951791522890187]"
145,COMPLETE,[0.09601465905050574],2025-09-17T18:28:16.412197,2025-09-17T18:41:13.499328,777.087131,0.04899571705391706,0.2,0.051206124093820325,50.0,9,2.0590367252514437,0.2864964618835477,0.5329393706056169,0.0280398469937091,0.5020135577455705,0.5352676525967037,0.14682108195820423,0.31010731094826616,0.4420733102885287,0.13962543646839398,,30.0,7.0,37.0,5.012747292530542,gradient,"[0.09800165116646394, 0.18230221046218723, 0.009591571518099454, 0.17172343854987812, 0.1830986443099476, 0.050222988316691065, 0.10607819835511684, 0.15121971859642108, 0.047761578725194744]"
146,COMPLETE,[0.06379869240723438],2025-09-17T18:41:13.515342,2025-09-17T18:53:29.361214,735.845872,0.05007663681735726,0.2,0.03772430109263791,50.0,8,2.003932350243906,0.017950844324981445,0.6169117311725049,0.06134896098578647,0.30302493942025094,0.3649265796180361,0.5087350783882858,0.8046638267123097,0.6960317249198942,,,23.0,8.0,31.0,5.421770414474152,gradient,"[0.005320985867952028, 0.18286485827156837, 0.018185047372096107, 0.08982259503238389, 0.10817146747160863, 0.1507991553839256, 0.23851829879833944, 0.20631759180212594]"
147,COMPLETE,[0.18674448462447144],2025-09-17T18:53:29.378228,2025-09-17T19:06:26.507961,777.129733,0.0497635275317933,0.2,0.05029449852315179,50.0,9,2.931321699018933,0.7152372771311737,0.9702251219250334,0.20690533565213245,0.47454209358591887,0.69870336530078,0.03614064363444552,0.47032511045666614,0.204278888754601,0.2618054013913872,,32.0,6.0,38.0,4.810773559051562,gradient,"[0.1771194562989346, 0.24026396774536846, 0.05123748681422999, 0.11751434145606103, 0.1730250423645267, 0.00894977283133492, 0.11647005897393023, 0.0505870804926318, 0.06483279302298234]"
148,COMPLETE,[0.08381869199423643],2025-09-17T19:06:26.523976,2025-09-17T19:17:01.147288,634.623312,0.05002618372743532,0.2,0.045999808313617434,50.0,6,0.726563545884028,0.7708570903843494,0.678960706507766,0.08412278710835668,0.436049851609315,0.8723742853585208,0.3100691417352392,,,,,33.0,8.0,41.0,5.5403369003004626,gradient,"[0.24452760119866795, 0.21537666960774396, 0.02668502838508797, 0.13832164943037248, 0.2767304004945459, 0.09835865088358173]"
149,COMPLETE,[0.11331348772521915],2025-09-17T19:17:01.164303,2025-09-17T19:30:51.471530,830.307227,0.04595744565563256,0.2,0.03939211843835013,50.0,10,0.268430808378166,0.07193327649632404,0.9882127175886158,0.10622496780536107,0.16236975724330893,0.5042056337661263,0.8045352106189617,0.11814405188128957,0.05818408223444069,0.5928731429453801,0.7442888822716894,28.0,7.0,35.0,5.929832159695486,gradient,"[0.01732926198950584, 0.2380678028107033, 0.025590385793423362, 0.03911608367492552, 0.12146689195458157, 0.19381852354953857, 0.02846178190781094, 0.014016978702632863, 0.1428275552159405, 0.17930473440093742]"
150,COMPLETE,[0.06340265838353513],2025-09-17T19:30:51.486543,2025-09-17T19:40:08.248760,556.762217,0.04785054311919888,0.2,0.05144502557458591,50.0,3,2.952779339859005,0.12685576301960538,0.83909966772442,0.9460233749247141,,,,,,,,30.0,8.0,38.0,5.4729974669122345,gradient,"[0.06634789185083877, 0.4388645236216068, 0.4947875845275545]"
151,COMPLETE,[0.07214485998556595],2025-09-17T19:40:08.264774,2025-09-17T19:50:13.636164,605.37139,0.049948725599569,0.2,0.03761275125389621,50.0,5,1.0503492938748598,0.5108186966730972,0.5907920358539949,0.23078959250411368,0.08151859367749716,0.38605767537345975,,,,,,28.0,9.0,37.0,5.684033415966267,gradient,"[0.28379185504552185, 0.328222065662609, 0.1282181075370022, 0.04528869650055912, 0.21447927525430788]"
152,COMPLETE,[0.0521633342545573],2025-09-17T19:50:13.651177,2025-09-17T20:02:27.807219,734.156042,0.0519368198516717,0.2,0.03541859064249803,50.0,8,1.7461621364743882,0.4963890667559087,0.8161729307424697,0.15092419899428877,0.6113695033726685,0.7941556386555197,0.46146080288957786,0.43268796364499335,0.7498792760092726,,,24.0,9.0,33.0,5.368785842439693,gradient,"[0.10998997013821814, 0.18084773072596616, 0.033441808557558676, 0.13546735398272472, 0.17596913556472568, 0.10225055975042517, 0.09587506935135923, 0.16615837192902225]"
153,COMPLETE,[0.4749345169571012],2025-09-17T20:02:27.823234,2025-09-17T20:12:08.420092,580.596858,0.0459005773432286,0.2,0.04930219535412844,50.0,4,0.01688403658673454,0.05299262043048914,0.7829531101065667,0.8735119087361067,0.8089112809031854,,,,,,,58.0,8.0,66.0,5.634417660793595,gradient,"[0.02104243743080277, 0.31089690784928387, 0.3468562138524721, 0.32120444086744115]"
154,COMPLETE,[0.04966264793190754],2025-09-17T20:12:08.436106,2025-09-17T20:24:24.445718,736.009612,0.05206375583607913,0.2,0.04797347298694411,50.0,8,1.649105893364143,0.06415508752337146,0.19668916445140353,0.23463623413461293,0.19445012788801253,0.8444409275078829,0.5728855132484797,0.06769173009970034,0.4881796865558958,,,31.0,9.0,40.0,5.2871633309403,gradient,"[0.02409012115341917, 0.07385643109711237, 0.0881054882081752, 0.07301567685358687, 0.31708606496966885, 0.21511749034972463, 0.025418124144749605, 0.18331060322356335]"
155,COMPLETE,[0.06624056600249698],2025-09-17T20:24:24.461732,2025-09-17T20:34:56.724369,632.262637,0.047936565764562955,0.2,0.04692313821830373,50.0,6,0.5647061685116123,0.06450838638693297,0.03790651664432627,0.22954799219810376,0.279083101300358,0.2809289103648052,0.2414621663681214,,,,,31.0,9.0,40.0,5.6318862721329594,gradient,"[0.05691395482701373, 0.033443865158928256, 0.20252380799345124, 0.24622725679600832, 0.2478557627872002, 0.21303535243739835]"
156,COMPLETE,[0.10068051252075454],2025-09-17T20:34:56.740384,2025-09-17T20:46:00.417311,663.676927,0.04939414646838895,0.2,0.05456589036952668,50.0,7,1.4023538748797044,0.8627123617180604,0.5038292807713243,0.2220378894330297,0.549922556142693,0.4259128954606445,0.3958084346590646,0.11142227905456673,,,,34.0,7.0,41.0,5.095109211796379,gradient,"[0.2808632396937629, 0.16402584491568697, 0.0722862957900986, 0.1790318970175927, 0.13865951266561446, 0.12885875314812326, 0.03627445676912106]"
157,COMPLETE,[0.09484725627311302],2025-09-17T20:46:00.433325,2025-09-17T20:56:32.693085,632.25976,0.0495761310478092,0.2,0.044270188066752494,50.0,6,0.2680370799900629,0.7926967434890161,0.0961971736615941,0.30950020161409947,0.8407077892465716,0.11720680370064603,0.1657257550034849,,,,,33.0,10.0,43.0,5.670860172005183,gradient,"[0.34138026581935693, 0.04142796975691231, 0.13328837536675192, 0.3620565505368136, 0.0504759104056016, 0.07137092811456369]"
158,COMPLETE,[0.09786555988077107],2025-09-17T20:56:32.709099,2025-09-17T21:07:39.564185,666.855086,0.051187567252417944,0.2,0.054747355213949876,50.0,7,1.4814500093317045,0.42556019310917703,0.30902819922585617,0.8990048706249202,0.5200367443406175,0.43411178186193855,0.401449559059404,0.6084688144282255,,,,35.0,7.0,42.0,5.031818642393947,gradient,"[0.11828804663853999, 0.08589699561790105, 0.24988598977694645, 0.14454860126575814, 0.1206650328924229, 0.11158629245395008, 0.16912904135448137]"
159,COMPLETE,[0.08514674564027239],2025-09-17T21:07:39.579198,2025-09-17T21:17:44.493614,604.914416,0.0472014048041102,0.2,0.05442080299692452,50.0,5,1.4331037864097058,0.7098719657179321,0.22664304652640443,0.5282590699682502,0.19859980117562434,0.40438726931224206,,,,,,34.0,6.0,40.0,5.075450978495328,gradient,"[0.3433046243231981, 0.10960794298239587, 0.255473930960718, 0.09604581308448373, 0.19556768864920432]"
160,COMPLETE,[0.06377151593417188],2025-09-17T21:17:44.508628,2025-09-17T21:28:14.546779,630.038151,0.04667384022263381,0.2,0.03830186298863854,50.0,6,1.235670066407986,0.012622142010168976,0.9170609065596359,0.2585566923279097,0.1590508030779065,0.6290786751622511,0.5621239536236663,,,,,25.0,6.0,31.0,5.697031906537969,gradient,"[0.0049722970089526725, 0.3612619156907156, 0.10185439736543977, 0.06265559615623495, 0.2478157837540679, 0.2214400100245892]"
161,COMPLETE,[0.09046425174298421],2025-09-17T21:28:14.562794,2025-09-17T21:38:46.090058,631.527264,0.05173885323952232,0.2,0.04668489082164973,50.0,6,1.1740872948254717,0.11807705924478883,0.023503702447239636,0.7330921915452829,0.4448535270698409,0.1111293452683982,0.2079004837820478,,,,,35.0,9.0,44.0,5.424218135893609,gradient,"[0.07206164266096009, 0.014344153028500036, 0.4474012808462434, 0.27149114408173575, 0.06782149910488389, 0.12688028027767684]"
162,COMPLETE,[0.10304133882529289],2025-09-17T21:38:46.106072,2025-09-17T21:48:28.641561,582.535489,0.04805333682320042,0.2,0.04196401465433668,50.0,4,2.9321058674077447,0.8687141360581856,0.5149594722248567,0.013651465763409809,0.13864431864124085,,,,,,,36.0,7.0,43.0,5.009183289953268,gradient,"[0.5655803691101418, 0.3352667538014951, 0.008887850128004176, 0.09026502696035901]"
163,COMPLETE,[0.09540180019837242],2025-09-17T21:48:28.657575,2025-09-17T21:58:10.242465,581.58489,0.051140687617115516,0.2,0.04851762161284867,50.0,4,0.2716894239904676,0.709570310188428,0.49821492072605084,0.8401285023145136,0.5384397445229421,,,,,,,36.0,10.0,46.0,5.580052502008018,gradient,"[0.2743516368865359, 0.1926321846614333, 0.3248312767536925, 0.2081849016983384]"
164,COMPLETE,[0.08535730963439157],2025-09-17T21:58:10.258480,2025-09-17T22:09:15.496654,665.238174,0.04875033200304657,0.2,0.031052994471014082,50.0,7,0.6272400399185609,0.23091239143452919,0.38824470930418326,0.7013671802304051,0.011284012330214149,0.8663809700762156,0.09815207088730796,0.08368199201473464,,,,24.0,9.0,33.0,5.883712122418332,gradient,"[0.09702106230852846, 0.16312643032428037, 0.29468920429757267, 0.004741135183688556, 0.36402204991463466, 0.0412399617279466, 0.03516015624334874]"
165,COMPLETE,[0.05566617861304142],2025-09-17T22:09:15.512668,2025-09-17T22:18:57.928597,582.415929,0.04812725404162954,0.2,0.03670453561196994,50.0,4,2.0342596947765146,0.9518889702009294,0.9499665807218743,0.06633763757355766,0.6859260465405155,,,,,,,26.0,8.0,34.0,5.497051750540832,gradient,"[0.3586458956459444, 0.35792159153267106, 0.024994219060635366, 0.2584382937607493]"
166,COMPLETE,[0.08589098184742253],2025-09-17T22:18:57.944611,2025-09-17T22:29:27.221953,629.277342,0.04883943632371593,0.2,0.03198188530457932,50.0,6,2.0160931979612844,0.3415937088366203,0.41768953780639684,0.16693743302144218,0.8943592479534137,0.1268998694929462,0.1693983264425346,,,,,21.0,8.0,29.0,5.594423618916018,gradient,"[0.16136673388793266, 0.19731392807124418, 0.0788602003884966, 0.42248972106724697, 0.05994670551932123, 0.08002271106575828]"
167,COMPLETE,[0.07849397136397877],2025-09-17T22:29:27.236966,2025-09-17T22:39:32.558829,605.321863,0.04705940152961012,0.2,0.051897465519203975,50.0,5,0.375198997013239,0.7115764668487321,0.03513890393449656,0.19746927789560667,0.7303573497990792,0.719316561353656,,,,,,35.0,7.0,42.0,5.54177391776736,gradient,"[0.29725083962303855, 0.014678771972630206, 0.08248995208367717, 0.3050962834873864, 0.30048415283326785]"
168,COMPLETE,[0.07288719698136878],2025-09-17T22:39:32.574844,2025-09-17T22:50:02.778256,630.203412,0.04698245261805,0.2,0.035954003775232904,50.0,6,2.018566679963717,0.4833160089436671,0.5811445923137328,0.6029908345522218,0.8396754581854653,0.18794383988315017,0.7102498905772512,,,,,21.0,6.0,27.0,5.314238700694376,gradient,"[0.1419296630903733, 0.17065781945471228, 0.1770731455422469, 0.24657750349711333, 0.05519123178399756, 0.20857063663155664]"
169,COMPLETE,[0.05301550121171146],2025-09-17T22:50:02.794271,2025-09-17T22:59:17.945386,555.151115,0.04777618885128533,0.2,0.035198187491482645,50.0,3,2.683186233640137,0.7747209465617086,0.5098419362835502,0.29748885880075193,,,,,,,,29.0,8.0,37.0,5.253745748134909,gradient,"[0.4896938109973997, 0.32226628425761633, 0.18803990474498403]"
170,COMPLETE,[0.13616379232767553],2025-09-17T22:59:17.961401,2025-09-17T23:11:32.043596,734.082195,0.04506094150676033,0.2,0.033887172537165534,50.0,8,0.17011330465240604,0.9764726293072246,0.4171534580235941,0.9755222489602706,0.23427419496201782,0.8046858019758916,0.31820537285782563,0.9009519162694152,0.07154876448872693,,,31.0,6.0,37.0,5.914203817119942,gradient,"[0.20781255629952222, 0.08877844998335699, 0.20761029669343634, 0.049858150519395586, 0.17125294504688882, 0.06772035382982762, 0.1917402651170399, 0.01522698251053253]"
171,COMPLETE,[0.06867442585854443],2025-09-17T23:11:32.059610,2025-09-17T23:24:29.730791,777.671181,0.04764501323968784,0.2,0.05192523450105141,50.0,9,0.3900196050618626,0.7084048293818717,0.5069581840610461,0.6415455691236767,0.831967413635134,0.9164360922515212,0.9547431750454717,0.5720358208388179,0.18982152620147344,0.3784654472649071,,34.0,8.0,42.0,5.5601461067216045,gradient,"[0.12427330647167388, 0.08893413365224281, 0.11254438962085844, 0.14594951513718565, 0.16076759873792998, 0.16748769386241166, 0.10035050571000122, 0.03329981349949314, 0.06639304330820324]"
172,COMPLETE,[0.14036286768293563],2025-09-17T23:24:29.744803,2025-09-17T23:35:00.490084,630.745281,0.05147117074539626,0.2,0.05195260975855321,50.0,6,1.948245751210024,0.9749115630146223,0.5684595076368739,0.2903188760215058,0.5927772258543761,0.13649297044593703,0.029547633842076856,,,,,36.0,8.0,44.0,4.8842837035717235,gradient,"[0.3760496194970697, 0.2192701262926059, 0.11198380140565299, 0.22865012446849325, 0.052649010994907604, 0.011397317341270561]"
173,COMPLETE,[0.04706658005930887],2025-09-17T23:35:00.509101,2025-09-17T23:46:04.850211,664.34111,0.04656680259371539,0.2,0.04969792977479122,50.0,7,1.8270529827721589,0.24600681281299464,0.4085081812263214,0.5830552275605453,0.34764926488684067,0.5623842259991992,0.7011782575037708,0.9952263960979542,,,,26.0,6.0,32.0,5.347328175756562,gradient,"[0.06399747070877909, 0.10627140794755732, 0.15167896945915602, 0.090439258133216, 0.14630150937251613, 0.18240809871530522, 0.25890328566347026]"
174,COMPLETE,[0.15963871827169637],2025-09-17T23:46:04.867227,2025-09-17T23:58:17.046674,732.179447,0.048424958005844364,0.2,0.041190288516947865,50.0,8,2.915321205783338,0.9168850608799514,0.15681017484416207,0.4026194509965205,0.9319102403770424,0.8543293167262918,0.7834837269478732,0.881492558862744,0.6557377448924103,,,23.0,6.0,29.0,5.071784167426105,gradient,"[0.16422013340521924, 0.028085731713732985, 0.07211178671700667, 0.1669112416877357, 0.1530159889726361, 0.1403270787689758, 0.1578811039556258, 0.11744693477906779]"
175,COMPLETE,[0.06161880552927082],2025-09-17T23:58:17.062689,2025-09-18T00:08:48.877784,631.815095,0.04890939305433655,0.2,0.035928332361606724,50.0,6,2.0041740130712,0.37746241735385905,0.307539457912781,0.497651386621823,0.8015388382524632,0.8336403409499137,0.06178079411142777,,,,,24.0,7.0,31.0,5.509842514667659,gradient,"[0.1310809426556013, 0.10679887637451388, 0.17281882877124202, 0.27834947709433, 0.2894973292798321, 0.02145454582448056]"
176,COMPLETE,[0.086653831834735],2025-09-18T00:08:48.894799,2025-09-18T00:21:05.607125,736.712326,0.047499114137727116,0.2,0.052485894215848906,50.0,8,2.2965363415605715,0.7855369722760902,0.036316931765649395,0.8823433325406473,0.32349787580897915,0.09226350997696821,0.8257268211716697,0.1221075522235126,0.43320651046854786,,,29.0,6.0,35.0,5.079978218307734,gradient,"[0.22437505943024852, 0.010373303881078046, 0.25202612310284656, 0.09240157710194662, 0.02635347700356188, 0.23585459515255822, 0.034877911866640146, 0.12373795246112002]"
177,COMPLETE,[0.08121559850484143],2025-09-18T00:21:05.622138,2025-09-18T00:33:20.922524,735.300386,0.04930150679297694,0.2,0.053230427458156024,50.0,8,0.9662396122273145,0.07727988179389914,0.7087169394594349,0.22466025727735986,0.6622931854459166,0.8201531954774589,0.023404501440733527,0.09465317088133526,0.76649986884,,,34.0,7.0,41.0,5.350704404241657,gradient,"[0.02287970337455478, 0.20982476907248948, 0.06651355989733082, 0.1960804193567987, 0.2428169065302439, 0.0069292038000451145, 0.02802328915307636, 0.2269321488154609]"
178,COMPLETE,[0.10348345491706802],2025-09-18T00:33:20.939539,2025-09-18T00:43:24.701167,603.761628,0.05270309200860829,0.2,0.04091622643705847,50.0,5,2.2421989737441015,0.38081218662657734,0.4495307538190354,0.26969583652190815,0.6459843628762635,0.6155469325360938,,,,,,26.0,10.0,36.0,5.086737790627064,gradient,"[0.16125381629807534, 0.19035249433272997, 0.11420192001760994, 0.27354020548933833, 0.26065156386224647]"
179,COMPLETE,[0.08216524442341694],2025-09-18T00:43:24.717182,2025-09-18T00:56:21.687510,776.970328,0.04589261240722332,0.2,0.03142685482379845,50.0,9,1.4982797189867447,0.30018551088122236,0.5837647994686931,0.8928043260288608,0.8661836020247713,0.07153506913074315,0.6125491023414137,0.2793281282958287,0.5179188292876672,0.42458126761043324,,21.0,5.0,26.0,5.699010294340562,gradient,"[0.06599150751772863, 0.12833237366998243, 0.19627031038252454, 0.1904181235028641, 0.015725965715215905, 0.13466019253719394, 0.06140630913275806, 0.11385707530045971, 0.09333814224127274]"
180,COMPLETE,[0.10018015786269456],2025-09-18T00:56:21.702524,2025-09-18T01:10:09.794000,828.091476,0.04802938694567341,0.2,0.031034581421161646,50.0,10,1.2155916044480435,0.6232632282017037,0.25360842185551064,0.12551832129202806,0.4073626567901821,0.3711739591967322,0.9110344217110238,0.6246014654894274,0.8888870280613196,0.8941331693271829,0.305314837654248,22.0,6.0,28.0,5.852940891980631,gradient,"[0.1153145322546939, 0.04692196686542683, 0.023223071495725115, 0.07536917324855721, 0.06867363507612917, 0.16855720577427305, 0.1155621294173324, 0.16445955293063422, 0.16543018026566977, 0.05648855267155833]"
181,COMPLETE,[0.058183424850265134],2025-09-18T01:10:09.810014,2025-09-18T01:20:14.773066,604.963052,0.05037600804075122,0.2,0.03235498978608101,50.0,5,2.3612310106475722,0.16305224760023848,0.9114636060658323,0.5459297272035399,0.03237427639488591,0.9922843159847531,,,,,,22.0,10.0,32.0,5.675052159350368,gradient,"[0.06164303442156869, 0.34458514537300405, 0.206392524243353, 0.012239319994386953, 0.3751399759676874]"
182,COMPLETE,[0.055662934461668],2025-09-18T01:20:14.789081,2025-09-18T01:30:44.852755,630.063674,0.04763417964621543,0.2,0.04512527398918717,50.0,6,2.7061643894338987,0.9160250601016126,0.8720547941472384,0.8477490545112086,0.21206083859112929,0.4793678108625549,0.8264492006589654,,,,,27.0,6.0,33.0,5.250548943369371,gradient,"[0.2205319521280352, 0.2099461624931628, 0.20409458436138678, 0.051053396616924714, 0.1154072347159751, 0.1989666696845154]"
183,COMPLETE,[0.05755625616670398],2025-09-18T01:30:44.869770,2025-09-18T01:44:32.250459,827.380689,0.04555193363521079,0.2,0.04734087017994265,50.0,10,0.8297674614449505,0.07776711873155943,0.04602187462950843,0.5365752701799842,0.9135043951102386,0.9157940615388831,0.2822966927709509,0.5895502711587455,0.31831844205495535,0.03228415410348849,0.8408016751173335,30.0,6.0,36.0,5.636441650015898,gradient,"[0.017080735435247532, 0.010108224113255647, 0.11785315414188537, 0.20064169981241284, 0.20114460113035473, 0.06200352028098439, 0.12948855983980784, 0.06991532130268285, 0.007090877275470716, 0.18467330666789813]"
184,COMPLETE,[0.0582987660324598],2025-09-18T01:44:32.266474,2025-09-18T01:56:47.064628,734.798154,0.05254376899844419,0.2,0.049817706413761445,50.0,8,1.833152734282536,0.2984959769266577,0.5441639381607482,0.08995348148713822,0.49369149067322626,0.8031949453134966,0.6247103552136233,0.9277925770848233,0.7425263451262378,,,30.0,8.0,38.0,5.196346574838389,gradient,"[0.0659728271540692, 0.12026973966412116, 0.019881291356619767, 0.10911444675725805, 0.17752011884303923, 0.1380719053911807, 0.20505837282317854, 0.1641112980105334]"
185,COMPLETE,[0.09385258109257043],2025-09-18T01:56:47.080642,2025-09-18T02:07:48.898752,661.81811,0.05272144130802721,0.2,0.041136867312681,50.0,7,2.986742099970739,0.3185696652814677,0.4759990383481493,0.22229953405448688,0.9692628238257595,0.9864756275401174,0.6552707549668848,0.4145470089990118,,,,25.0,9.0,34.0,5.1254449142693765,gradient,"[0.07880658475727274, 0.1177508804136159, 0.05499163599424569, 0.23977265007454485, 0.24403068975207456, 0.1620984541784116, 0.10254910482983455]"
186,COMPLETE,[0.06465089151948925],2025-09-18T02:07:48.923774,2025-09-18T02:18:19.811746,630.887972,0.05241011005504729,0.2,0.040529592547693324,50.0,6,2.85564216309038,0.6747866071358997,0.09452496518197943,0.1457880405259336,0.9431767172594263,0.2690872440698653,0.8682472241270978,,,,,27.0,10.0,37.0,5.203306381255692,gradient,"[0.22525843728390668, 0.03155448806487668, 0.04866721691905305, 0.31485289003318206, 0.08982717121414882, 0.2898397964848327]"
187,COMPLETE,[0.0747098590024789],2025-09-18T02:18:19.828761,2025-09-18T02:32:10.861434,831.032673,0.05056657927072301,0.2,0.05276680675740604,50.0,10,0.27085669035672044,0.4922012841415849,0.9366581484296612,0.6425164374467398,0.05405231378098342,0.17643932836677187,0.15576487255587296,0.20260506491035615,0.792507636671494,0.7222822502764278,0.6159578845768747,37.0,9.0,46.0,5.50389027576114,gradient,"[0.10273487840622991, 0.19550428673697898, 0.13410945928395213, 0.011282087354870336, 0.03682735809487035, 0.03251207535936921, 0.04228881024630626, 0.165416422737398, 0.15075860536719318, 0.12856601641283164]"
188,COMPLETE,[0.0648886723478702],2025-09-18T02:32:10.877448,2025-09-18T02:45:07.889231,777.011783,0.04913408300639101,0.2,0.049308842863825836,50.0,9,0.9128133318538739,0.49043333762222463,0.03969356082169692,0.29055714595860865,0.5746211440963539,0.3928497055245322,0.08385834768786944,0.7599004195474587,0.6129770047839768,0.22664222814470344,,33.0,7.0,40.0,5.489689976431562,gradient,"[0.14127284763551676, 0.011434015471424164, 0.08369707412109048, 0.165523750346273, 0.11316318107839383, 0.024155999739561163, 0.2188947772379749, 0.17657243168005618, 0.06528592268970942]"
189,COMPLETE,[0.06882410064214212],2025-09-18T02:45:07.909249,2025-09-18T02:55:11.999190,604.089941,0.048968256022887416,0.2,0.035373298348903986,50.0,5,1.76024004239222,0.3918239629725808,0.8632315752160309,0.3402900204277215,0.09089241628420869,0.43923273672028246,,,,,,27.0,8.0,35.0,5.581960975544584,gradient,"[0.18434691234761208, 0.40613665975089097, 0.1601010160089319, 0.042763429195830545, 0.20665198269673443]"
190,COMPLETE,[0.06911025257738933],2025-09-18T02:55:12.014203,2025-09-18T03:05:43.281505,631.267302,0.052729092837855575,0.2,0.0548986996635183,50.0,6,2.2081098489144133,0.22847026986422533,0.6193519838366808,0.9765583146389345,0.39702346705178115,0.8367542202592438,0.0975077176737773,,,,,34.0,9.0,43.0,5.048135680865161,gradient,"[0.0724000169205238, 0.19626664833102225, 0.30946187679365955, 0.12581289350897243, 0.26515931259279757, 0.03089925185302433]"
191,COMPLETE,[0.06397245576749519],2025-09-18T03:05:43.297519,2025-09-18T03:16:43.429221,660.131702,0.049499320937663405,0.2,0.034495712568720915,50.0,7,0.49442998509058533,0.9746220840751442,0.7393529740796935,0.8575277866426825,0.26796533103186176,0.9134100407672929,0.19598152903015348,0.23925913056261616,,,,27.0,9.0,36.0,5.799884635356969,gradient,"[0.23271117962198412, 0.17653581379533165, 0.2047524943759245, 0.06398226481949092, 0.21809553830008713, 0.04679464332886058, 0.05712806575832103]"
192,COMPLETE,[0.08342742968940414],2025-09-18T03:16:43.444234,2025-09-18T03:26:22.997222,579.552988,0.045521059420219605,0.2,0.03923044899786333,50.0,4,0.31060226543231784,0.06399548740147654,0.1251324148788444,0.7564128100278446,0.5429264263396445,,,,,,,29.0,8.0,37.0,5.8801351463824405,gradient,"[0.04299422253931175, 0.08406797276862979, 0.5081824048295777, 0.36475539986248073]"
193,COMPLETE,[0.09035837108072113],2025-09-18T03:26:23.013236,2025-09-18T03:40:08.977152,825.963916,0.04540622041205092,0.2,0.040425985446861684,50.0,10,2.9765563985197128,0.6425280264260718,0.8477792229566593,0.10508911519243823,0.5134538849905288,0.44774814669324425,0.3896604245598678,0.060569139140173416,0.7455343704898857,0.34684606119606937,0.8487804539051057,22.0,5.0,27.0,5.22482938063527,gradient,"[0.12985640155675107, 0.17133814352049448, 0.02123875345574995, 0.10377021877329042, 0.09049093695834114, 0.07875127384539427, 0.012241163234360572, 0.15067422214590867, 0.07009839189674084, 0.1715404946129685]"
194,COMPLETE,[0.04870918940960575],2025-09-18T03:40:08.992165,2025-09-18T03:54:02.119960,833.127795,0.04702598497101075,0.2,0.04763987748224878,50.0,10,1.7941083215533968,0.6352660309696561,0.5667881390079395,0.2898639964034608,0.9489767266342447,0.36761852759450814,0.8761752303024627,0.6406814186035853,0.7005131410551979,0.1401995899791394,0.20807275606891001,28.0,6.0,34.0,5.249795720154701,gradient,"[0.11820760011072393, 0.10546552533445969, 0.05393665913641975, 0.1765815515826357, 0.06840489147020112, 0.16303495890127653, 0.11921527240023541, 0.13034850474181148, 0.026087743181617044, 0.03871729314061931]"
195,COMPLETE,[0.07897579804895401],2025-09-18T03:54:02.154992,2025-09-18T04:07:50.027855,827.872863,0.05037032905597992,0.2,0.05477037397659712,50.0,10,0.32866750618859253,0.31290287402113204,0.85663428714156,0.1291716412811181,0.9165920815308005,0.6277507758876282,0.9795172835336416,0.8196745920350627,0.2765888563090699,0.23802059159784367,0.13515530301848308,38.0,9.0,47.0,5.472834872750387,gradient,"[0.059127434631545586, 0.16187319459610502, 0.02440881311810181, 0.1732030699751405, 0.11862240985262099, 0.1850936790970258, 0.15488913616184566, 0.05226538609589124, 0.044977365627242034, 0.025539510844481386]"
196,COMPLETE,[0.06211096233510067],2025-09-18T04:07:50.044871,2025-09-18T04:20:47.291192,777.246321,0.0473407253002176,0.2,0.03945766489995959,50.0,9,0.9967553009212234,0.744540513929915,0.5897291632001667,0.6524361906498873,0.5167472263655949,0.12699258545178907,0.7952481582435926,0.1440631879213838,0.5243397280024591,0.6480458133865898,,27.0,6.0,33.0,5.593057090022417,gradient,"[0.15700508860431903, 0.12435922261915862, 0.1375825761058483, 0.10896914612923726, 0.026779579832007024, 0.16769807043597615, 0.030379345597769124, 0.11057021601048822, 0.13665675466519625]"
197,COMPLETE,[0.07487708989941554],2025-09-18T04:20:47.307205,2025-09-18T04:31:17.707645,630.40044,0.04806194610101614,0.2,0.032142773074996966,50.0,6,2.1984804724840177,0.20540962236045845,0.6832081009964207,0.11855121671542537,0.9356838815492112,0.6633984095856061,0.580671877102179,,,,,21.0,6.0,27.0,5.5856457098063785,gradient,"[0.06445389969556893, 0.21437859583592853, 0.037199271110848406, 0.2936010219730724, 0.20816266569341443, 0.18220454569116734]"
198,COMPLETE,[0.05948676293545638],2025-09-18T04:31:17.722659,2025-09-18T04:40:58.067966,580.345307,0.04523354992437095,0.2,0.03685094275916842,50.0,4,0.45852800577265806,0.3249149208189904,0.22986842555796463,0.26137527868602145,0.7327238836976597,,,,,,,25.0,6.0,31.0,5.848862331445432,gradient,"[0.20977376849518203, 0.14840920744976172, 0.16875087503904035, 0.47306614901601596]"
199,COMPLETE,[0.07758930231899312],2025-09-18T04:40:58.083981,2025-09-18T04:51:01.027128,602.943147,0.048201210053378934,0.2,0.04904713395960418,50.0,5,0.8991314559538895,0.43052559477029256,0.1737828455090062,0.24731331875984985,0.014357549866909472,0.16002210797942656,,,,,,34.0,7.0,41.0,5.407929979932141,gradient,"[0.4196150099647912, 0.16937875781549983, 0.24104578676956473, 0.013993693995562936, 0.15596675145458122]"
200,COMPLETE,[0.052923838810264724],2025-09-18T04:51:01.043142,2025-09-18T05:02:01.133165,660.090023,0.04662458216374542,0.2,0.04915691527003509,50.0,7,1.5521152180112847,0.4729371416447555,0.06492083586185361,0.8734713746907972,0.4638673283910179,0.49798830262586063,0.11353466332964608,0.9700648312838694,,,,29.0,6.0,35.0,5.347375929568194,gradient,"[0.13681418227784428, 0.018780701046959412, 0.25268320321771276, 0.13419041058715533, 0.144061137111675, 0.03284400981833552, 0.28062635594031765]"
201,COMPLETE,[0.06493601296405598],2025-09-18T05:02:01.151181,2025-09-18T05:11:40.367221,579.21604,0.052561674778158145,0.2,0.05111960289049128,50.0,4,1.5071847254306006,0.015910666298971775,0.8864572778523824,0.3880122697629193,0.9848551941305506,,,,,,,33.0,10.0,43.0,5.347603428827987,gradient,"[0.006992975866459582, 0.38961123526736113, 0.17053719733394512, 0.43285859153223416]"
202,COMPLETE,[0.07531748304131934],2025-09-18T05:11:40.382234,2025-09-18T05:22:11.266748,630.884514,0.049867004076404965,0.2,0.04976978689771245,50.0,6,1.9035377639805648,0.379620927325812,0.5541994109921039,0.6500973178874381,0.4016534547800166,0.3198273661293999,0.3481047313387645,,,,,32.0,7.0,39.0,5.137438221586001,gradient,"[0.14306405438531786, 0.2088557531140473, 0.24499586652707142, 0.15136723916535258, 0.12053023531703044, 0.13118685149118037]"
203,COMPLETE,[0.04249338532503641],2025-09-18T05:22:11.280761,2025-09-18T05:33:12.506236,661.225475,0.04946963383236125,0.2,0.048408622810057034,50.0,7,2.0706722427597013,0.8277260875545621,0.013637870015694093,0.7039082371902525,0.36171027011766776,0.08390010892314492,0.9926708996930016,0.5868595308236755,,,,29.0,7.0,36.0,5.261271206167378,gradient,"[0.23182922719403157, 0.003819689766758265, 0.19715036785351092, 0.10130768336330316, 0.023498712563974396, 0.27802691131039514, 0.1643674079480265]"
204,COMPLETE,[0.05749795268714518],2025-09-18T05:33:12.523251,2025-09-18T05:44:13.412403,660.889152,0.05039082340180169,0.2,0.037242227843874966,50.0,7,1.1939749419914691,0.13084532205588525,0.42346106245538145,0.48015758842145556,0.5355005322853292,0.34095958430679985,0.3458418877281732,0.15867642614375807,,,,27.0,8.0,35.0,5.58177518859056,gradient,"[0.05417033412673405, 0.1753140798803058, 0.19878660229952932, 0.22169873789259756, 0.14115823413024298, 0.14317952158239147, 0.06569249008819873]"
205,COMPLETE,[0.12864832056416653],2025-09-18T05:44:13.428418,2025-09-18T05:56:26.478634,733.050216,0.046253341630417895,0.2,0.030043180554891483,50.0,8,2.897112104591951,0.7638160868387935,0.5605518948638138,0.28811300133896617,0.8208545982360632,0.9254212901061044,0.7673895265886364,0.1525934985623848,0.9606273766816026,,,18.0,6.0,24.0,5.494816525011194,gradient,"[0.1457840321184239, 0.1069884712471588, 0.05499003721533309, 0.15667055875854902, 0.17662844420868457, 0.14646606862464673, 0.029124413427255323, 0.1833479743999486]"
206,COMPLETE,[0.16194336451784902],2025-09-18T05:56:26.493648,2025-09-18T06:05:41.624273,555.130625,0.048256104324112474,0.2,0.040657658774945496,50.0,3,0.08504294595447093,0.19930084769410658,0.5055906942349835,0.6084833922021341,,,,,,,,37.0,10.0,47.0,5.773292546652959,gradient,"[0.15174710778681094, 0.3849553399383424, 0.46329755227484665]"
207,COMPLETE,[0.05927922710248682],2025-09-18T06:05:41.640286,2025-09-18T06:16:09.926163,628.285877,0.05121342599331698,0.2,0.04543497219594063,50.0,6,1.0046393739053099,0.022830663574306173,0.3977288658903508,0.10581724261214642,0.24385724152306262,0.36979642897075016,0.08256542349293351,,,,,32.0,9.0,41.0,5.442848955160183,gradient,"[0.018673925054086066, 0.32531507502224544, 0.08655128448360558, 0.1994585850418597, 0.3024682474687252, 0.06753288292947804]"
208,COMPLETE,[0.08544459144823381],2025-09-18T06:16:09.944179,2025-09-18T06:25:25.117763,555.173584,0.045748752766935935,0.2,0.05129113236947429,50.0,3,0.3231266765720454,0.4557104205429104,0.2636595169563093,0.6052503893887649,,,,,,,,34.0,7.0,41.0,5.660798858972193,gradient,"[0.34403097347414263, 0.19904535028217593, 0.45692367624368135]"
209,COMPLETE,[0.1473258106178551],2025-09-18T06:25:25.133778,2025-09-18T06:34:38.044378,552.9106,0.05262438036517674,0.2,0.0480454774787713,50.0,3,1.8099150853157688,0.9943333462174813,0.33869462898357827,0.44665146530388666,,,,,,,,40.0,10.0,50.0,5.137002729421199,gradient,"[0.558714858185562, 0.19031215469201626, 0.2509729871224218]"
210,COMPLETE,[0.0722550744498805],2025-09-18T06:34:38.060392,2025-09-18T06:47:32.716754,774.656362,0.04780059079386919,0.2,0.04232435015500448,50.0,9,2.901761982385458,0.4132191322975272,0.7540058767562574,0.35330764088259453,0.7974162529822831,0.5942337642163781,0.1412672192839716,0.7618418817615185,0.16855197276915473,0.1851911317819782,,25.0,6.0,31.0,5.167523098946385,gradient,"[0.09911625709831852, 0.18085861590843746, 0.0847456669632264, 0.1912711880147442, 0.1425350908199576, 0.033884873501048345, 0.18273818881786882, 0.040429494574775515, 0.04442062430162308]"
211,COMPLETE,[0.05927908845798751],2025-09-18T06:47:32.731767,2025-09-18T06:58:01.527107,628.79534,0.046022699908297535,0.2,0.04022637388865484,50.0,6,0.5732178198160726,0.578247223073792,0.7939784866788898,0.969815969426673,0.5485765650357163,0.20311524588893526,0.5422680205817952,,,,,27.0,7.0,34.0,5.847468417960091,gradient,"[0.15903382365887034, 0.21836582970207133, 0.26672595337941757, 0.15087358006412022, 0.05586225563768395, 0.14913855755783662]"
212,COMPLETE,[0.07636031755984597],2025-09-18T06:58:01.542121,2025-09-18T07:10:55.305682,773.763561,0.04798573408982438,0.2,0.03146883200802252,50.0,9,2.7146774748917855,0.971859560939618,0.49689359723381266,0.6507616658245465,0.4772327258633584,0.5016005096640264,0.11954883400969736,0.4132621448150066,0.5805671541307804,0.022850840113018422,,20.0,7.0,27.0,5.339280924205273,gradient,"[0.2295056987886016, 0.11734196672045033, 0.1536780794907222, 0.1126990304320978, 0.11845350924145874, 0.028231587969594317, 0.09759230771670845, 0.1371015687427836, 0.005396250897582863]"
213,COMPLETE,[0.05511158330750576],2025-09-18T07:10:55.322697,2025-09-18T07:20:34.224558,578.901861,0.04721758413530058,0.2,0.04090823534421775,50.0,4,1.9589505059270726,0.0359879523163735,0.30822774119800206,0.8054137303873722,0.55034160595896,,,,,,,23.0,7.0,30.0,5.604962688658215,gradient,"[0.02116974447459983, 0.18131352580947077, 0.4737808564028095, 0.32373587331311987]"
214,COMPLETE,[0.05636017966403259],2025-09-18T07:20:34.241574,2025-09-18T07:31:04.340375,630.098801,0.05240786441521667,0.2,0.047935165597177934,50.0,6,1.348987467324454,0.3214799437244052,0.046287697417487096,0.33610696580482724,0.8825413260365687,0.3043100962300932,0.9994471042008943,,,,,31.0,9.0,40.0,5.400805784117951,gradient,"[0.11123207118897692, 0.016015544841358902, 0.11629302131383763, 0.3053593280738818, 0.10529130338658975, 0.3458087311953551]"
215,COMPLETE,[0.05146566942037787],2025-09-18T07:31:04.357391,2025-09-18T07:43:16.949372,732.591981,0.05202513286484718,0.2,0.0303451073403204,50.0,8,1.037738754473922,0.8118462323800102,0.48883449812937113,0.24229523580575302,0.04451651562784885,0.766294601791836,0.8832632963759132,0.06296724654180885,0.8011049558361032,,,23.0,10.0,33.0,5.694285556338873,gradient,"[0.19795707542283836, 0.11919529063009292, 0.059080222776155926, 0.010854714711023178, 0.18684996275503496, 0.21537110354792935, 0.015353661168449896, 0.19533796898847547]"
216,COMPLETE,[0.05812738749151395],2025-09-18T07:43:16.965386,2025-09-18T07:56:11.786342,774.820956,0.04709905604751632,0.2,0.033013480194654936,50.0,9,0.7476373060160859,0.8079844584984818,0.6289072022569254,0.02116582441330081,0.12147029106363434,0.8692979926798062,0.9637180312526608,0.9243207867655828,0.09950470832377524,0.09813920216391583,,24.0,7.0,31.0,5.856810543559483,gradient,"[0.1781856752409974, 0.13869357673825525, 0.0046677218546072805, 0.026787972970565312, 0.1917072143926466, 0.21252976630243275, 0.2038414499149984, 0.021943879558376064, 0.02164274302712093]"
217,COMPLETE,[0.04880420036515975],2025-09-18T07:56:11.803358,2025-09-18T08:06:41.676516,629.873158,0.049323504092942165,0.2,0.04445768536040763,50.0,6,1.7519478696658888,0.6546673654450248,0.7814424463570908,0.6397741283350263,0.266789929730197,0.3963521430017683,0.3321706797614394,,,,,31.0,8.0,39.0,5.238550093150966,gradient,"[0.2131636072075501, 0.2544423313010826, 0.20831428018602283, 0.08686839575282482, 0.1290546268016081, 0.10815675875091152]"
218,COMPLETE,[0.06898686425340426],2025-09-18T08:06:41.691530,2025-09-18T08:16:44.857297,603.165767,0.05186238153978011,0.2,0.045688353413839436,50.0,5,0.33618358884834465,0.6779290843861902,0.6622441644653553,0.2979216956451267,0.31763545726397063,0.9889499715109363,,,,,,35.0,10.0,45.0,5.589500555239498,gradient,"[0.2302216194802161, 0.224895092342261, 0.10117284658440935, 0.10786754995452136, 0.33584289163859227]"
219,COMPLETE,[0.05778699516767176],2025-09-18T08:16:44.872310,2025-09-18T08:26:25.239546,580.367236,0.052089919981908386,0.2,0.04393980529535679,50.0,4,2.902972981067,0.18198442277644078,0.7490399136654331,0.9899044337063582,0.8479887281868705,,,,,,,24.0,11.0,35.0,5.262946569080272,gradient,"[0.06572403218436972, 0.27051723791547294, 0.35750593302312866, 0.30625279687702867]"
220,COMPLETE,[0.04477803103236242],2025-09-18T08:26:25.253559,2025-09-18T08:36:04.247282,578.993723,0.047132505821746364,0.2,0.04560533913401419,50.0,4,2.9210892105327453,0.24350287334913412,0.8654193981693313,0.9713521051025852,0.8423208711970208,,,,,,,24.0,6.0,30.0,5.3012035332177545,gradient,"[0.0833173439021112, 0.2961133255846596, 0.33235943493296577, 0.28820989558026355]"
221,COMPLETE,[0.05435287327988082],2025-09-18T08:36:04.262296,2025-09-18T08:45:43.235019,578.972723,0.050289362597914285,0.2,0.0336735980757145,50.0,4,1.0206477353283172,0.784878882103879,0.5944057668258909,0.4609250196891362,0.9488341838465137,,,,,,,25.0,8.0,33.0,5.670587415262794,gradient,"[0.2814150381357657, 0.21312169986156954, 0.1652627366477921, 0.3402005253548726]"
222,COMPLETE,[0.08378842607178066],2025-09-18T08:45:43.252034,2025-09-18T08:57:57.242397,733.990363,0.04904754176852741,0.2,0.0405382210024632,50.0,8,0.22433597134667094,0.7924934900472455,0.9572814646961945,0.6130891574975085,0.8091476812085531,0.49305961394608394,0.3490217302679219,0.5974902751598599,0.41192287555357254,,,31.0,9.0,40.0,5.7488872660840045,gradient,"[0.1577570415072168, 0.19056041930535447, 0.12204407087456705, 0.16107229388379707, 0.09815049203519324, 0.06947771342009973, 0.11893889264999903, 0.08199907632377265]"
223,COMPLETE,[0.09348395038241912],2025-09-18T08:57:57.257411,2025-09-18T09:11:45.458185,828.200774,0.05295702220131544,0.2,0.041631170162084306,50.0,10,2.806022764492279,0.9842257170873417,0.5142193956356274,0.6762722009990086,0.9601588925957375,0.8350129464163338,0.792155936860861,0.46591751978928925,0.010956321479069983,0.1788191915504131,0.6247080203957719,29.0,8.0,37.0,4.946774045979011,gradient,"[0.1628853106549532, 0.08510119635034752, 0.11192026954245617, 0.15890235012492948, 0.13819121042725455, 0.13109855150360442, 0.07710743443592523, 0.0018132261703495808, 0.029593841190162524, 0.10338660960001737]"
224,COMPLETE,[0.04997801490048036],2025-09-18T09:11:45.474199,2025-09-18T09:21:50.720656,605.246457,0.052790912478246604,0.2,0.03880552882728747,50.0,5,1.0903004499427809,0.8926531516572068,0.027005024975129355,0.6927786854821539,0.7662789717133965,0.2034207104135929,,,,,,29.0,10.0,39.0,5.488785087898881,gradient,"[0.34570331055805176, 0.010458403152751268, 0.26829668904502585, 0.2967615997776354, 0.07877999746653565]"
225,COMPLETE,[0.10651437202775485],2025-09-18T09:21:50.736670,2025-09-18T09:32:53.961599,663.224929,0.05165444451790502,0.2,0.0517299606848427,50.0,7,2.099917523768991,0.6412094292711371,0.5952936456044445,0.681756086946683,0.33593164240447065,0.9595735027129524,0.8218629751561636,0.6553240573700427,,,,32.0,8.0,40.0,4.86948389139881,gradient,"[0.1366907014951352, 0.12690254119588118, 0.1453342909807943, 0.07161268964318855, 0.20455840047622587, 0.1752017694666046, 0.13969960674217038]"
226,COMPLETE,[0.051691704019728536],2025-09-18T09:32:53.977613,2025-09-18T09:43:57.143233,663.16562,0.047324796814747,0.2,0.05067324220157522,50.0,7,1.1524189781366039,0.19089358262798758,0.5094174649645453,0.2954705507586663,0.18928740309584377,0.7982153701483715,0.8727942256994515,0.1788817161925807,,,,32.0,6.0,38.0,5.476475403551856,gradient,"[0.06289821378541634, 0.16784979450989201, 0.09735565550745, 0.0623689879088848, 0.26300685600437035, 0.2875801116148802, 0.05894038066910644]"
227,COMPLETE,[0.04447412330115396],2025-09-18T09:43:57.160248,2025-09-18T09:53:14.918551,557.758303,0.050108022944088136,0.2,0.03777700837528318,50.0,3,2.062421979749574,0.6903657478842741,0.9194574450173099,0.8297936786256952,,,,,,,,26.0,9.0,35.0,5.367077175990948,gradient,"[0.2829812155923003, 0.37688600031762354, 0.3401327840900762]"
228,COMPLETE,[0.07423648496588633],2025-09-18T09:53:14.934565,2025-09-18T10:03:18.826388,603.891823,0.045520472089882316,0.2,0.034829816867066016,50.0,5,1.5245850180219318,0.15836062136925655,0.6659030139859341,0.9149331366707026,0.41589517151714406,0.6870027350744524,,,,,,21.0,6.0,27.0,5.544089172515697,gradient,"[0.05571968539988597, 0.23430008120273332, 0.3219221173573863, 0.1463340312503074, 0.24172408478968704]"
229,COMPLETE,[0.04133878795214022],2025-09-18T10:03:18.845405,2025-09-18T10:14:20.595639,661.750234,0.051791631207981456,0.2,0.035093633659158574,50.0,7,2.414832619824297,0.46106452041667856,0.7775252881018172,0.6329413684950463,0.02145585573964521,0.11677504675207989,0.8174929602438867,0.6945635045686659,,,,25.0,9.0,34.0,5.37071122078362,gradient,"[0.1309166030602486, 0.22077380714469055, 0.17972003966991656, 0.0060922661033353245, 0.0331575989173228, 0.2321223964144456, 0.19721728869004057]"
230,COMPLETE,[0.044860243832797006],2025-09-18T10:14:20.610652,2025-09-18T10:24:52.824957,632.214305,0.04781234645215012,0.2,0.03440689462946371,50.0,6,2.864392267955826,0.9312014372843811,0.668242148184334,0.8300841714912253,0.9022711845233693,0.20259342182781234,0.8022205453873565,,,,,22.0,6.0,28.0,5.347286169556424,gradient,"[0.21473012622744253, 0.15409310497691836, 0.19141301955409099, 0.20805896295552984, 0.04671697153818957, 0.18498781474782863]"
231,COMPLETE,[0.09892932392767803],2025-09-18T10:24:52.840971,2025-09-18T10:38:42.173079,829.332108,0.05200212640274602,0.2,0.04275092542107278,50.0,10,2.9303037799803575,0.7573226738317603,0.8002137477525756,0.9972620786648922,0.06809476888067295,0.5140763757321651,0.6893521697578429,0.997492177603393,0.5671185569999976,0.6533085647917773,0.8530905250443439,28.0,8.0,36.0,4.9297874952926115,gradient,"[0.10979937075130047, 0.11601787323390174, 0.14458665043992106, 0.009872625015600807, 0.07453264575839201, 0.0999447620952512, 0.14462001101333438, 0.08222289237020575, 0.09471903034096649, 0.12368413898112614]"
232,COMPLETE,[0.08424774432169052],2025-09-18T10:38:42.190095,2025-09-18T10:50:57.075810,734.885715,0.052482269854847115,0.2,0.03025343971792724,50.0,8,2.5337266150080047,0.3352285673037383,0.1065672001666181,0.4812433890804514,0.9914230513414191,0.0680707093714677,0.9605022452071765,0.7830768651315273,0.5366028825668367,,,19.0,9.0,28.0,5.381425043150333,gradient,"[0.07864203315685245, 0.024999842216139958, 0.11289598277670074, 0.23258019178722378, 0.015968862756708543, 0.2253264094475986, 0.18370378541229682, 0.12588289244647913]"
233,COMPLETE,[0.06589741972138394],2025-09-18T10:50:57.092825,2025-09-18T11:00:39.524445,582.43162,0.04889819391391922,0.2,0.04120734860001726,50.0,4,0.29360096789592405,0.29734178565046065,0.23840876030796523,0.32078440989670265,0.3118903318331656,,,,,,,30.0,9.0,39.0,5.720771636867179,gradient,"[0.2544807860490125, 0.20404279402378578, 0.27454422056490074, 0.266932199362301]"
234,COMPLETE,[0.051544427344118036],2025-09-18T11:00:39.541460,2025-09-18T11:12:54.278729,734.737269,0.04783688138434286,0.2,0.034768864294101406,50.0,8,1.3374818531896595,0.3838709861401928,0.13349267071667953,0.6211407541982387,0.6882562677081495,0.9918364364230206,0.07435741346624755,0.46273667544852687,0.8552259248924832,,,24.0,6.0,30.0,5.47578141770259,gradient,"[0.09116089782368686, 0.03170156681487245, 0.14750723777522998, 0.16344569285614302, 0.23553929133249926, 0.017658246692691358, 0.10988976065627933, 0.20309730604859771]"
235,COMPLETE,[0.09319583815182847],2025-09-18T11:12:54.295744,2025-09-18T11:22:09.176873,554.881129,0.04951297596649897,0.2,0.044053798731213296,50.0,3,1.4637559952465395,0.756015194231566,0.8386204104359043,0.08701427559591801,,,,,,,,37.0,8.0,45.0,5.257891895558403,gradient,"[0.44956753668198474, 0.49868906737266583, 0.051743395945349456]"
236,COMPLETE,[0.0839404136188102],2025-09-18T11:22:09.192888,2025-09-18T11:35:58.741510,829.548622,0.051211528351128285,0.2,0.03657563942997985,50.0,10,2.9703526968788663,0.7896650125582888,0.8645113442394293,0.5573110695326149,0.2081493464418435,0.34096737655218895,0.14306602363650078,0.5335648247853139,0.6821513792671116,0.28501756087446356,0.9771921806568581,24.0,8.0,32.0,5.1253183333847865,gradient,"[0.14673435076949698, 0.16064218220694454, 0.10355869471738299, 0.03867799475411673, 0.06335803896119938, 0.026584310766745393, 0.09914620366004165, 0.12675633106625456, 0.052961529367154196, 0.18158036373066355]"
237,COMPLETE,[0.062110856656850115],2025-09-18T11:35:58.756523,2025-09-18T11:46:30.009857,631.253334,0.05196467204871238,0.2,0.04623192865899613,50.0,6,0.5657466605525864,0.09156721437225702,0.9779624940602404,0.365537232353355,0.04446084083387958,0.2256070284242126,0.11153514339753806,,,,,37.0,10.0,47.0,5.533930133017717,gradient,"[0.05040388002168084, 0.5383270044223483, 0.20121279138287318, 0.024473813060899352, 0.12418713041233755, 0.06139538069986071]"
238,COMPLETE,[0.05068894234846876],2025-09-18T11:46:30.028874,2025-09-18T11:56:10.794636,580.765762,0.051547104908376676,0.2,0.03923575482826308,50.0,4,0.7875253064894485,0.39297740514412594,0.1990792554744664,0.7831606385073021,0.45977682182922314,,,,,,,29.0,10.0,39.0,5.628493679940374,gradient,"[0.21415731018232392, 0.10849040506508288, 0.4267919060687048, 0.2505603786838884]"
239,COMPLETE,[0.04987302571906292],2025-09-18T11:56:10.810651,2025-09-18T12:09:07.441480,776.630829,0.05206116489176408,0.2,0.03224749316143261,50.0,9,0.33148728570917463,0.839504350001217,0.3891353300679421,0.438434983487126,0.17474503358647606,0.06784830102929648,0.43975121009231094,0.387171049141568,0.7539287720865464,0.7007108518408149,,24.0,12.0,36.0,5.843822563321884,gradient,"[0.200300239731579, 0.09284514118422726, 0.1046077156110685, 0.0416930205534054, 0.016188160265671908, 0.10492175865868254, 0.0923764766198896, 0.17988246730258314, 0.16718502007289265]"
240,COMPLETE,[0.0419865746904767],2025-09-18T12:09:07.457494,2025-09-18T12:23:29.969425,862.511931,0.05039516176832476,0.2,0.04373910371256745,50.0,10,1.222445895083264,0.6771978388828211,0.2870387042749515,0.37258394100094056,0.6643661405070882,0.5313256117868931,0.38304904657486477,0.21064739977162206,0.871359523282559,0.44147498153731773,0.5642300760874978,30.0,7.0,37.0,5.468066557289426,gradient,"[0.13535095989962687, 0.05737018330721871, 0.07446803749530176, 0.13278629918664656, 0.10619560111599285, 0.07655968930449585, 0.042101917818410134, 0.17415789171527943, 0.08823723156193583, 0.11277218859509212]"
241,COMPLETE,[0.04705479608807426],2025-09-18T12:23:29.986440,2025-09-18T12:37:08.578728,818.592288,0.050524554880610174,0.2,0.030642718759728474,50.0,9,1.1552600018130792,0.7317552024564439,0.9815901483443304,0.7606976833507403,0.8728087260242989,0.8085542291549885,0.34896891008835107,0.15022808503946522,0.7939488104504628,0.13005108851810984,,24.0,8.0,32.0,5.622107847280342,gradient,"[0.13117176786867704, 0.17595626877482534, 0.13635989140051655, 0.15645650788609147, 0.1449384812023502, 0.06255489364999638, 0.02692933843449585, 0.1423203671315467, 0.023312483651500484]"
242,COMPLETE,[0.05117262695209569],2025-09-18T12:37:08.595743,2025-09-18T12:46:50.435582,581.839839,0.049545646876618256,0.2,0.034209045365981045,50.0,4,0.5682771790976315,0.44049371625050215,0.2853946921383489,0.03840780085703027,0.13027272558555333,,,,,,,27.0,10.0,37.0,5.775250537192065,gradient,"[0.49240891238136414, 0.31903040786021303, 0.04293442278349128, 0.1456262569749316]"
243,COMPLETE,[0.03904279284195822],2025-09-18T12:46:50.452597,2025-09-18T13:00:40.596996,830.144399,0.05194648470152887,0.2,0.03310324166478649,50.0,10,2.019625221700754,0.3121235433689795,0.7673856040635394,0.3159547798949079,0.6582704932994058,0.16404770305755223,0.47265312692789263,0.44873764305883096,0.9759758243113853,0.15720762807797448,0.7821257039332294,24.0,8.0,32.0,5.324214448944526,gradient,"[0.06175183535756522, 0.1518227973654583, 0.0625098233151905, 0.1302350046529944, 0.032455887949539124, 0.09351168373987638, 0.08878014376554973, 0.1930911643681873, 0.031102618729879652, 0.15473904075575948]"
244,COMPLETE,[0.07060836615358301],2025-09-18T13:00:40.613010,2025-09-18T13:09:57.226907,556.613897,0.04868892328926998,0.2,0.04787052317522861,50.0,3,2.754424104787198,0.4933470926896822,0.7757905569420002,0.4175036742822406,,,,,,,,32.0,8.0,40.0,5.098827256451836,gradient,"[0.2925026712525039, 0.45996178674298405, 0.247535542004512]"
245,COMPLETE,[0.040499838118355454],2025-09-18T13:09:57.242922,2025-09-18T13:23:45.933278,828.690356,0.04920889857110342,0.2,0.03941910309182444,50.0,10,2.422196000061568,0.176861343327633,0.7239076274693541,0.5373303693812023,0.978795033717809,0.5336214960446816,0.4174245831906422,0.8377329644614295,0.25343568112857756,0.6720165480332951,0.3347627535099719,25.0,6.0,31.0,5.281775076733522,gradient,"[0.0323572913268905, 0.13244098204315893, 0.09830613617270174, 0.1790733659454933, 0.09762758713091356, 0.07636902779984224, 0.15326565475081344, 0.0463667866172147, 0.12294735984744287, 0.061245808365528745]"
246,COMPLETE,[0.04921269987210561],2025-09-18T13:23:45.948292,2025-09-18T13:33:02.180272,556.23198,0.047369254642434085,0.2,0.0442554868358501,50.0,3,2.86980309708502,0.03484803042973596,0.2690024670461157,0.3336388071299503,,,,,,,,27.0,8.0,35.0,5.637809585007313,gradient,"[0.054664494255765736, 0.4219717336472901, 0.5233637720969441]"
247,COMPLETE,[0.043980844917609896],2025-09-18T13:33:02.195285,2025-09-18T13:46:52.332027,830.136742,0.0453298373864564,0.2,0.04642162140738133,50.0,10,0.8521683266050506,0.17592624195213374,0.5447168443414424,0.0713641621782573,0.5777807049378358,0.15243848312434935,0.8404614177202405,0.2624318952526073,0.39695555863268656,0.6169970029251838,0.84073663235674,28.0,6.0,34.0,5.634095177325458,gradient,"[0.039270925205522084, 0.12159376688181084, 0.01593017985355254, 0.12897440766671464, 0.03402789829869925, 0.18761099599000616, 0.058581046327429664, 0.08860993038902006, 0.13772841893876597, 0.1876724304484787]"
248,COMPLETE,[0.056674428518887175],2025-09-18T13:46:52.350044,2025-09-18T13:57:58.025123,665.675079,0.0462291861074498,0.2,0.04344195345105947,50.0,7,0.5981910948793012,0.9910332563980807,0.014354368526460765,0.7789947176779445,0.5880830211799171,0.25426523548121915,0.8106848202637621,0.3516427758078007,,,,29.0,7.0,36.0,5.756647841173606,gradient,"[0.26155134212986475, 0.0037883737294224797, 0.20559059204659, 0.15520559222445368, 0.06710512807490056, 0.2139541750142077, 0.0928047967805609]"
249,COMPLETE,[0.0895215592119349],2025-09-18T13:57:58.041137,2025-09-18T14:10:55.467120,777.425983,0.049997767002883844,0.2,0.047605908931334165,50.0,9,2.7856925567427844,0.4428485792509242,0.24309818095520064,0.4081387219725635,0.4727108287660898,0.9028594303487184,0.7813803179097619,0.4362185509372194,0.7620461934038448,0.9750546551938802,,26.0,6.0,32.0,5.050521031907876,gradient,"[0.08164077421171403, 0.04481604917015328, 0.07524188358915244, 0.08714599040602887, 0.16644547674217847, 0.14405035286745832, 0.08041850395967436, 0.1404860354747308, 0.17975493357890937]"
250,COMPLETE,[0.05316754026037845],2025-09-18T14:10:55.483134,2025-09-18T14:21:30.984179,635.501045,0.048408270183570835,0.2,0.053626254576949695,50.0,6,1.4002205960670682,0.72260452882783,0.9194233997091592,0.4823667994983459,0.14387576525070356,0.2085701303657308,0.7793365644446005,,,,,33.0,8.0,41.0,5.302816093029479,gradient,"[0.2219180612988324, 0.28236282812566277, 0.1481389898749176, 0.04418548406292852, 0.06405367961184733, 0.23934095702581135]"
251,COMPLETE,[0.044151600026261124],2025-09-18T14:21:31.004198,2025-09-18T14:32:05.949675,634.945477,0.04775228143528916,0.2,0.03133312726492912,50.0,6,1.6769660178007757,0.0624114944691281,0.9349359858021055,0.245502285118983,0.8944610204744718,0.5025835512314893,0.14293407524545457,,,,,22.0,6.0,28.0,5.644301323668508,gradient,"[0.022427359945132754, 0.3359660917847955, 0.08822041776999223, 0.32142154956719765, 0.18060170328956307, 0.05136287764331887]"
252,COMPLETE,[0.050845923802917796],2025-09-18T14:32:05.966691,2025-09-18T14:42:40.544027,634.577336,0.04637488617778984,0.2,0.05270357232492896,50.0,6,0.7285454854154502,0.20061333312196386,0.7400517886151159,0.9677103072421371,0.33304551857740095,0.36288145909445774,0.7549574524345128,,,,,33.0,6.0,39.0,5.49832997923602,gradient,"[0.05971950415785103, 0.22030203665653977, 0.2880724766275015, 0.09914252917249994, 0.10802422983532937, 0.22473922355027842]"
253,COMPLETE,[0.07892690774545236],2025-09-18T14:42:40.559040,2025-09-18T14:52:22.205478,581.646438,0.04584536937826629,0.2,0.049373209172186676,50.0,4,0.16901429943099633,0.5390569155558776,0.8720815686445169,0.1426535214348712,0.953125801092348,,,,,,,33.0,7.0,40.0,5.699321075400368,gradient,"[0.21502775803389085, 0.34787002840866255, 0.056903948367211486, 0.3801982651902352]"
254,COMPLETE,[0.06906407470684635],2025-09-18T14:52:22.222494,2025-09-18T15:02:26.736086,604.513592,0.045819524341490434,0.2,0.04339048069828233,50.0,5,2.437616897840788,0.207042213025994,0.22046934494161818,0.7904691601475845,0.6412934827237671,0.7792833712066018,,,,,,21.0,6.0,27.0,5.461982302028723,gradient,"[0.07846795355899043, 0.08355676877298429, 0.299583821297773, 0.2430469926136948, 0.2953444637565575]"
255,COMPLETE,[0.046352956736997755],2025-09-18T15:02:26.752100,2025-09-18T15:12:08.818909,582.066809,0.04691126179120988,0.2,0.043410199285313936,50.0,4,0.7251071679826425,0.6366707939766167,0.1736704355339013,0.3213891111540153,0.9055664314912222,,,,,,,28.0,7.0,35.0,5.587449758000183,gradient,"[0.31250763397760983, 0.08524552628144244, 0.15775272191392078, 0.444494117827027]"
256,COMPLETE,[0.04472571396790878],2025-09-18T15:12:08.834923,2025-09-18T15:21:50.441422,581.606499,0.05137721892135857,0.2,0.03356352055895717,50.0,4,0.5791488870916297,0.4570944866650778,0.6497757127847952,0.41503700567296703,0.8557660541317911,,,,,,,26.0,10.0,36.0,5.831699321548749,gradient,"[0.1922444494364086, 0.2732821720796453, 0.17455594626280801, 0.35991743222113803]"
257,COMPLETE,[0.054866085575328974],2025-09-18T15:21:50.457436,2025-09-18T15:35:42.399912,831.942476,0.047144462824459714,0.2,0.03202580736876884,50.0,10,0.9999872858982863,0.9638014730289342,0.854697061009697,0.5777813068795802,0.24902966209411534,0.24628364909572964,0.1359494604317758,0.42610415042403404,0.32210349612463074,0.3219995206822993,0.11456222807596476,24.0,6.0,30.0,5.7226993683013205,gradient,"[0.2288058128727287, 0.20290449981329822, 0.13716488849906655, 0.05911947206907251, 0.05846757045464547, 0.032274309257843914, 0.10115683492350057, 0.07646715046858145, 0.07644246676943055, 0.02719699487183201]"
258,COMPLETE,[0.11416174801948875],2025-09-18T15:35:42.414925,2025-09-18T15:48:42.278788,779.863863,0.04547665059894016,0.2,0.03023336069750234,50.0,9,1.0961726314089533,0.39380471718543913,0.16485329510237332,0.17157459761334973,0.5061563018382597,0.8026695850324019,0.626659670686866,0.6567354499834864,0.2959794345096468,0.530646072686497,,20.0,6.0,26.0,5.85429986092038,gradient,"[0.09491376408006381, 0.03973250211677845, 0.04135245254651684, 0.1219924437768783, 0.19345728556149713, 0.15103584478917179, 0.15828462901168097, 0.07133617499652956, 0.12789490312088325]"
259,COMPLETE,[0.07060116051091844],2025-09-18T15:48:42.293802,2025-09-18T15:57:59.623632,557.32983,0.050528746487887674,0.2,0.0523617203497118,50.0,3,1.9138342408682611,0.7348151641611574,0.7995827479354958,0.5101627271035406,,,,,,,,35.0,8.0,43.0,4.994689547990745,gradient,"[0.3594000344487742, 0.39107803046051126, 0.24952193509071455]"
260,COMPLETE,[0.0457197860201902],2025-09-18T15:57:59.639647,2025-09-18T16:07:39.574389,579.934742,0.050007454308691954,0.2,0.03211612880236328,50.0,4,1.491760909081167,0.7246179262934918,0.5190034750166135,0.28260882775310886,0.18454150675490547,,,,,,,25.0,9.0,34.0,5.448787560249073,gradient,"[0.4235620165579643, 0.30337388919300645, 0.1651937671380575, 0.10787032711097172]"
261,COMPLETE,[0.04953858207349463],2025-09-18T16:07:39.590403,2025-09-18T16:18:11.293460,631.703057,0.04613518687429794,0.2,0.031749256027040894,50.0,6,0.5731338758980862,0.6657674772905151,0.2073806346434814,0.7684553025026993,0.280206714363775,0.46516719379989163,0.24016824779989188,,,,,24.0,7.0,31.0,5.879833987713209,gradient,"[0.253418571392328, 0.07893762606077678, 0.29250579456304077, 0.10665823680302747, 0.17706182673730633, 0.09141794444352068]"
262,COMPLETE,[0.03582018211600662],2025-09-18T16:18:11.308475,2025-09-18T16:27:26.911970,555.603495,0.04589415806344143,0.2,0.046178616281999055,50.0,3,2.0880171257475544,0.5235760072839936,0.7608294459291004,0.9239326360444727,,,,,,,,26.0,6.0,32.0,5.351408809358035,gradient,"[0.23709051156203056, 0.3445257995730572, 0.41838368886491234]"
263,COMPLETE,[0.03173190878851975],2025-09-18T16:27:26.926984,2025-09-18T16:41:30.659315,843.732331,0.04937635557434434,0.2,0.04110046476665473,50.0,10,1.9462611368008176,0.34824525304396026,0.404229958790304,0.4368331220645892,0.2792357299628034,0.45587174739285535,0.46347831483682916,0.09707548246729207,0.8124089358025708,0.613614767490551,0.7841508800059899,26.0,6.0,32.0,5.351202226532779,gradient,"[0.07417136488542406, 0.08609532365189425, 0.09303934111802982, 0.05947330232094899, 0.09709430184986052, 0.09871439425451234, 0.020675719104780436, 0.17303173291492077, 0.1306913573718723, 0.16701316252775658]"
264,COMPLETE,[0.04599503122064188],2025-09-18T16:41:30.676331,2025-09-18T16:52:14.744735,644.068404,0.049487892488955194,0.2,0.03382676773566212,50.0,6,1.3925957167754959,0.21665506919177008,0.6081570349712164,0.9739771646239866,0.4196490849581241,0.23774063022240643,0.24904924272454657,,,,,25.0,9.0,34.0,5.599458766488118,gradient,"[0.08008753829125005, 0.22480803245013825, 0.3600351182994141, 0.15512520563607693, 0.08788191246736893, 0.09206219285575164]"
265,COMPLETE,[0.052109241465265986],2025-09-18T16:52:14.760749,2025-09-18T17:06:06.623694,831.862945,0.04867388957593768,0.2,0.04129836713174915,50.0,10,0.36830462717810974,0.04692341838004698,0.3799619739680251,0.5884766578973051,0.43986846123180373,0.5826713880091815,0.0234747272470507,0.7422408347006804,0.9692525255339869,0.313772989942812,0.2549212796839243,29.0,9.0,38.0,5.738119670861032,gradient,"[0.010807952066762693, 0.08751729826199499, 0.13554484584753335, 0.10131566302713256, 0.13420770799927845, 0.005406974504959289, 0.17096161448565914, 0.22324960964511736, 0.07227187515794388, 0.05871645900361835]"
266,COMPLETE,[0.04004954418198103],2025-09-18T17:06:06.639707,2025-09-18T17:17:12.358947,665.71924,0.05133142216130084,0.2,0.035508855793940725,50.0,7,2.288312013471761,0.14686130355003435,0.7824865703088403,0.8122243700394601,0.055586602532973,0.8673314371555912,0.9669015281041528,0.8420588026044492,,,,24.0,8.0,32.0,5.392392228588333,gradient,"[0.03282953500832661, 0.17491789622272821, 0.18156551621334324, 0.012425889391812817, 0.19388420973820952, 0.21614221581306642, 0.1882347376125131]"
267,COMPLETE,[0.36962853377502636],2025-09-18T17:17:12.373960,2025-09-18T17:28:21.914057,669.540097,0.045037094766718404,0.2,0.033287831981471366,50.0,7,0.013220618735215739,0.5685287873745465,0.3046954252552851,0.1671954597569345,0.040617793532658694,0.43568222889910607,0.7427869766340373,0.7283579215645224,,,,53.0,9.0,62.0,5.83571668539931,gradient,"[0.19027930137906837, 0.10197765520143912, 0.05595817834171113, 0.013594255117044509, 0.1458172602323863, 0.2486012848005219, 0.2437720649278286]"
268,COMPLETE,[0.05149886836431355],2025-09-18T17:28:21.929071,2025-09-18T17:38:55.692738,633.763667,0.04775385558166161,0.2,0.04746819524994755,50.0,6,1.3535853799123214,0.2783493429636496,0.5478997614422506,0.825603224959525,0.3361512241873195,0.6070135569702267,0.7346869612206754,,,,,30.0,6.0,36.0,5.407455432214708,gradient,"[0.08359582021890852, 0.16454908593583667, 0.24795093112499517, 0.10095528519784917, 0.18230255418835328, 0.22064632333405718]"
269,COMPLETE,[0.04067457953799303],2025-09-18T17:38:55.708753,2025-09-18T17:52:47.471355,831.762602,0.04582792249343105,0.2,0.032248925482946084,50.0,10,1.2614968827758353,0.7041142174253541,0.08160902757217094,0.9236044975955698,0.3263253688917109,0.18439342025556027,0.38466810926396816,0.08190545957184284,0.41177010827017174,0.2588425930866969,0.5743159206880821,22.0,6.0,28.0,5.679390511980543,gradient,"[0.1790933464398039, 0.02075747582692119, 0.23492128999480164, 0.08300173593528627, 0.04690096276681187, 0.09784136898792226, 0.02083287410393256, 0.104734835384578, 0.0658373102684402, 0.14607880029150216]"
270,COMPLETE,[0.046408342727457044],2025-09-18T17:52:47.487370,2025-09-18T18:03:54.855098,667.367728,0.046426652690216605,0.2,0.05253945002770234,50.0,7,0.9079090787285962,0.2591093174035806,0.05641699608129573,0.7450048973913717,0.9856080820114689,0.6792615665867958,0.4955370639857377,0.7765008641369273,,,,33.0,6.0,39.0,5.4915275317287335,gradient,"[0.06481883305068163, 0.014113285800983448, 0.1863705579940067, 0.24655989356722796, 0.16992419463540892, 0.12396364029969308, 0.19424959465199831]"
271,COMPLETE,[0.03994469048192637],2025-09-18T18:03:54.871112,2025-09-18T18:17:45.903981,831.032869,0.049425706862329694,0.2,0.03782304061768314,50.0,10,1.8264328337485778,0.33379441402093885,0.5212159212605767,0.631285178907005,0.5948329460201152,0.584806597598058,0.2410899262920488,0.37260332793893075,0.5220413139156399,0.21385601599411397,0.794218290421206,25.0,7.0,32.0,5.463458073522406,gradient,"[0.06939962266485081, 0.10836666745455945, 0.13125130730111836, 0.12367247703500515, 0.12158788613722746, 0.05012531429574887, 0.07746843349214154, 0.1085382758949815, 0.044463077245111726, 0.16512693847925514]"
272,COMPLETE,[0.06101606744111179],2025-09-18T18:17:45.920996,2025-09-18T18:28:53.471542,667.550546,0.050819027855587395,0.2,0.053698609692424536,50.0,7,0.23857755262055413,0.13452618821781345,0.24996253498638696,0.2107664863006418,0.6293062112071892,0.41730269413565496,0.1472144571731715,0.6799896869307203,,,,38.0,10.0,48.0,5.496220867272312,gradient,"[0.05448459666114549, 0.1012375960365416, 0.08536276206075323, 0.2548759877033156, 0.169012214475128, 0.059623486163028185, 0.275403356900088]"
273,COMPLETE,[0.05309871627582534],2025-09-18T18:28:53.488557,2025-09-18T18:40:00.088782,666.600225,0.046709942185020434,0.2,0.037203912426834206,50.0,7,1.78394917825777,0.8325920489105334,0.289141023602192,0.8253704426595164,0.985810347835003,0.9849456533261435,0.8717066262650207,0.9343540065458833,,,,21.0,6.0,27.0,5.398551478185389,gradient,"[0.1454583619645713, 0.050514510347496315, 0.1441967080520693, 0.17222643261059092, 0.1720753657741696, 0.15229189149246572, 0.16323672975863687]"
274,COMPLETE,[0.3272672644621714],2025-09-18T18:40:00.106798,2025-09-18T18:49:17.152287,557.045489,0.04548472863132038,0.2,0.04747744104740264,50.0,3,0.023678525462917155,0.7442394132144161,0.33396788147985507,0.9710240286509837,,,,,,,,54.0,7.0,61.0,5.615337646448933,gradient,"[0.36317979563160646, 0.1629722704680657, 0.47384793390032787]"
275,COMPLETE,[0.041946659939208146],2025-09-18T18:49:17.170303,2025-09-18T19:01:33.203060,736.032757,0.052489784168605565,0.2,0.040105126895226176,50.0,8,1.9271287768144416,0.8778458755720024,0.8417127148965264,0.385290687534457,0.08161353759597022,0.11176428412500977,0.6984484860312032,0.9601356667573582,0.790956188537879,,,29.0,10.0,39.0,5.323448330830191,gradient,"[0.1848965616938023, 0.1772860034421366, 0.08115197138830677, 0.017189876844075972, 0.023540387247839332, 0.14711093049592947, 0.20222887466133674, 0.16659539422657274]"
276,COMPLETE,[0.04981957819111315],2025-09-18T19:01:33.221076,2025-09-18T19:11:14.061759,580.840683,0.05075414733571028,0.2,0.03440337066881561,50.0,4,0.3018198654866421,0.6662044476481938,0.6313052015794802,0.21122630827568187,0.23439578228792865,,,,,,,27.0,12.0,39.0,5.847332941257214,gradient,"[0.38218823766467724, 0.3621672345057925, 0.12117633076945364, 0.13446819706007662]"
277,COMPLETE,[0.053462333752493825],2025-09-18T19:11:14.077774,2025-09-18T19:20:30.888995,556.811221,0.0501851580215415,0.2,0.05076902865279928,50.0,3,2.359052625535947,0.834107903180753,0.5980618350853415,0.983732689703358,,,,,,,,34.0,8.0,42.0,5.048053544565678,gradient,"[0.34525728089185054, 0.2475521478688226, 0.4071905712393268]"
278,COMPLETE,[0.06381134335799969],2025-09-18T19:20:30.905009,2025-09-18T19:30:11.177234,580.272225,0.052899643996424085,0.2,0.038950392100394485,50.0,4,2.166993850703072,0.7657902754913192,0.1893598576687221,0.9538501194809278,0.5528597467234013,,,,,,,28.0,12.0,40.0,5.1338731133587805,gradient,"[0.3110616670684114, 0.07691739486307632, 0.38745100035225527, 0.22456993771625708]"
279,COMPLETE,[0.050698615069963836],2025-09-18T19:30:11.193249,2025-09-18T19:39:26.729071,555.535822,0.048444646684937226,0.2,0.047413200226801205,50.0,3,0.5274653558632522,0.6709364650836224,0.49764011338098313,0.6868667228766733,,,,,,,,34.0,8.0,42.0,5.512457745924792,gradient,"[0.36160440181524817, 0.26820550809676846, 0.37019009008798337]"
280,COMPLETE,[0.04577187116047599],2025-09-18T19:39:26.745086,2025-09-18T19:50:31.067406,664.32232,0.046813353223386436,0.2,0.05200953454668873,50.0,7,2.359168875898238,0.25637849846322713,0.5242124142844433,0.9574747817880856,0.627088879836798,0.1093474643988058,0.8270795024960387,0.24633329617480978,,,,31.0,6.0,37.0,5.353823369020231,gradient,"[0.07226173970062302, 0.14775225401474484, 0.2698697194429718, 0.17674857164522131, 0.03082020550347749, 0.23311706745822106, 0.06943044223474044]"
281,COMPLETE,[0.050403675465423056],2025-09-18T19:50:31.082419,2025-09-18T20:01:04.681476,633.599057,0.05247537384035134,0.2,0.038404325316949726,50.0,6,0.47546846100994,0.7317958165320897,0.8099521432915538,0.9034985701675667,0.7360996664351358,0.7710392907930803,0.31708478764686593,,,,,30.0,11.0,41.0,5.682099326272268,gradient,"[0.17140201697621785, 0.18970787735884148, 0.21161842383265256, 0.17241006941035286, 0.18059366646304315, 0.07426794595889208]"
282,COMPLETE,[0.04742229020709625],2025-09-18T20:01:04.698492,2025-09-18T20:14:55.888446,831.189954,0.04749664495307407,0.2,0.04173736156613728,50.0,10,0.44721309095460104,0.08499869485917083,0.1858557369113652,0.2595651623791485,0.7910010989805722,0.6545066714476714,0.3872100065563202,0.5482750552544804,0.9551859926417577,0.6973704021863913,0.3038307529490563,28.0,9.0,37.0,5.808955995040669,gradient,"[0.017461420414733243, 0.03818064693906597, 0.05332289434361589, 0.16249664492731403, 0.13445637222231296, 0.07954518271690883, 0.11263303817278134, 0.19622541521862527, 0.14326193828674247, 0.0624164467579]"
283,COMPLETE,[0.05105130775122701],2025-09-18T20:14:55.903459,2025-09-18T20:27:13.076450,737.172991,0.048381730309565434,0.2,0.05224954781493987,50.0,8,1.2284395314943737,0.6415640212774316,0.4536760501355596,0.40027180148567076,0.16829693528179723,0.5209650676744836,0.6874717497186077,0.4759422983799203,0.4082863152638569,,,33.0,6.0,39.0,5.32367847157806,gradient,"[0.17078887819316002, 0.12077177194487679, 0.10655518339693675, 0.04480183399763241, 0.13868458413361254, 0.18300984006264462, 0.12669920464544016, 0.10868870362569677]"
284,COMPLETE,[0.07537434561054883],2025-09-18T20:27:13.095467,2025-09-18T20:41:06.015005,832.919538,0.05183633978782354,0.2,0.052054132854440924,50.0,10,0.8745779078060617,0.9371843948872329,0.5065450423938113,0.155885608156406,0.4403882303394703,0.6070767858842427,0.10697977830216161,0.7194349250941822,0.7858162479761523,0.308939390998853,0.05509767708098158,36.0,9.0,45.0,5.303868000243186,gradient,"[0.20270686490503656, 0.10956238498742112, 0.03371703912867886, 0.09525309853663594, 0.13130674464338266, 0.02313902748079406, 0.15560907646843505, 0.1699669231452059, 0.06682157293345034, 0.011917267770959564]"
285,COMPLETE,[0.041913800540043934],2025-09-18T20:41:06.032020,2025-09-18T20:54:57.179879,831.147859,0.04931087842462876,0.2,0.037749557643647264,50.0,10,0.6006780187611783,0.7362608626751844,0.32021423574745866,0.6669238417120337,0.44119331837748865,0.1700451517384566,0.5956869177564937,0.5288540340989086,0.38077048629156945,0.42392923899019264,0.1732631846464361,28.0,9.0,37.0,5.781632969734188,gradient,"[0.16593135479268686, 0.07216678850539626, 0.15030484738347766, 0.09943188447890507, 0.03832313224061465, 0.13425015820679495, 0.11918800905260646, 0.08581437077323525, 0.0955410731819771, 0.03904838138430581]"
286,COMPLETE,[0.04641193630157118],2025-09-18T20:54:57.195893,2025-09-18T21:06:02.903297,665.707404,0.05003198351246709,0.2,0.032680767046366375,50.0,7,0.3936093225704209,0.8865856394509015,0.7539073457478991,0.4078518032729123,0.28092887290525975,0.28930151103321644,0.8107232762841173,0.02056607387809093,,,,26.0,10.0,36.0,5.873878373777083,gradient,"[0.25699143651873535, 0.21853244984407297, 0.11822255645238988, 0.08143185654600277, 0.0838588034806359, 0.23500148222620643, 0.00596141493195675]"
287,COMPLETE,[0.04252912802040497],2025-09-18T21:06:02.919311,2025-09-18T21:17:07.040643,664.121332,0.04800927013851534,0.2,0.03753135721896049,50.0,7,1.064725495714092,0.2903675012732468,0.5587782302611124,0.6075696386986323,0.5506736468326814,0.5515758362075074,0.2721932901546452,0.9879046549031157,,,,26.0,6.0,32.0,5.627520139951737,gradient,"[0.07603108841261975, 0.14631292015028327, 0.1590886745732908, 0.14419078080448017, 0.14442701399111965, 0.07127227399182931, 0.2586772480763771]"
288,COMPLETE,[0.03969204675436492],2025-09-18T21:17:07.056658,2025-09-18T21:28:15.094647,668.037989,0.052356701019884544,0.2,0.03434544346351571,50.0,7,1.9809342835355173,0.5640563544331476,0.953704019366476,0.44036885369932915,0.5225057054044766,0.5924947661805621,0.9375905117731399,0.3814287426436305,,,,25.0,9.0,34.0,5.271217178750861,gradient,"[0.12842377624364643, 0.21713835971030226, 0.10026273206156482, 0.11896356679525032, 0.13489860486364294, 0.21346965271426724, 0.08684330761132607]"
289,COMPLETE,[0.040458595102362375],2025-09-18T21:28:15.112664,2025-09-18T21:42:07.542488,832.429824,0.05210983549729004,0.2,0.040881161633282724,50.0,10,2.1057517688998413,0.6165689456787813,0.1806108237005084,0.11536539130294521,0.41704946458528175,0.6637842246788959,0.9180376136411799,0.84792792616556,0.19642639281952118,0.5028836230759287,0.8832680411513549,27.0,8.0,35.0,5.3026058233603655,gradient,"[0.11542079687962013, 0.03381007970430235, 0.02159623102953396, 0.07807104441119553, 0.12425942744199353, 0.17185528670322125, 0.15873085665508033, 0.03677073090740752, 0.09413907223179134, 0.16534647403585404]"
290,COMPLETE,[0.060321356939161644],2025-09-18T21:42:07.559502,2025-09-18T21:52:42.033307,634.473805,0.04910058979498448,0.2,0.051361747102911075,50.0,6,1.8480495607547334,0.9527361422163181,0.3932067164009284,0.6191536179098023,0.7239654123971125,0.8240968003313078,0.03870165829502609,,,,,32.0,7.0,39.0,5.060653205369487,gradient,"[0.2682358113751187, 0.11070444159554288, 0.17431811989364823, 0.20382710511025245, 0.23201835649299613, 0.010896165532441696]"
291,COMPLETE,[0.11800982817815261],2025-09-18T21:52:42.051323,2025-09-18T22:02:49.560619,607.509296,0.045695699006989034,0.2,0.05036966526813937,50.0,5,0.11340074792486254,0.38723904899843625,0.09396147669794865,0.5899098719553486,0.854452151229056,0.7084121569331642,,,,,,39.0,7.0,46.0,5.658924058179239,gradient,"[0.14701699607960783, 0.035672884971350766, 0.22396185910716784, 0.3243964907267446, 0.26895176911512897]"
292,COMPLETE,[0.3017974583853503],2025-09-18T22:02:49.576633,2025-09-18T22:15:05.556235,735.979602,0.047209812243792004,0.2,0.0414629310977252,50.0,8,0.023946247425558176,0.2885750967586664,0.5100727766550386,0.530035723608343,0.4303935810733269,0.4396306088718385,0.757725062411196,0.889117966453436,0.8769028006807773,,,54.0,9.0,63.0,5.733809702652352,gradient,"[0.061107026175890665, 0.10801011890757554, 0.11223735935806965, 0.09113770425788924, 0.09309368488757996, 0.16045156267109112, 0.18827457899099928, 0.1856879647509045]"
293,COMPLETE,[0.06097883818635131],2025-09-18T22:15:05.572250,2025-09-18T22:24:46.419052,580.846802,0.0474795720597615,0.2,0.05038182047182436,50.0,4,0.19970943277034514,0.7141555565274772,0.6078283894352833,0.6830495492411555,0.28597344842726263,,,,,,,34.0,8.0,42.0,5.618958924856803,gradient,"[0.311721253622899, 0.26531058368242794, 0.29814381450915295, 0.12482434818552018]"
294,COMPLETE,[0.0362668502012999],2025-09-18T22:24:46.435067,2025-09-18T22:38:37.851867,831.4168,0.04663613764154525,0.2,0.035929711145337356,50.0,10,0.5171279587973853,0.524221470966053,0.8017590233811772,0.9563433137574071,0.43972286592426235,0.8267278098853788,0.14523042257706562,0.030184329460073718,0.4437687322446222,0.2877225033463587,0.7400619764735732,25.0,7.0,32.0,5.8315562018939175,gradient,"[0.10089442966254618, 0.15431077105974222, 0.1840628790448597, 0.08463138239120636, 0.15911639542507927, 0.027951813245193243, 0.005809435275530218, 0.08541007116587894, 0.055376590780828135, 0.1424362319491357]"
295,COMPLETE,[0.02802228165819536],2025-09-18T22:38:37.868883,2025-09-18T22:47:54.582736,556.713853,0.05185537897151626,0.2,0.03566457573591525,50.0,3,2.0167411641567554,0.9300541661223876,0.7686374845763824,0.9038381502645443,,,,,,,,26.0,11.0,37.0,5.355032904985055,gradient,"[0.3573654241262223, 0.29534243346296163, 0.3472921424108162]"
296,COMPLETE,[0.04991579008251302],2025-09-18T22:47:54.598751,2025-09-18T22:58:59.983520,665.384769,0.04766889346434681,0.2,0.053688162599895214,50.0,7,0.312401713801433,0.8368551225996643,0.9484603241243372,0.5306046330087233,0.10970200464999731,0.9143719759950097,0.6285377422140652,0.9045441818498156,,,,35.0,8.0,43.0,5.534363975626215,gradient,"[0.17173036605041905, 0.194632779614459, 0.10888494960940431, 0.022511860065438247, 0.1876375371355479, 0.1289817241144634, 0.18562078341026808]"
297,COMPLETE,[0.05072646582484583],2025-09-18T22:59:00.000536,2025-09-18T23:11:57.335393,777.334857,0.049927447403303696,0.2,0.04037195999885487,50.0,9,1.8451763873932188,0.6077013091657157,0.30598088502547666,0.2995383785489763,0.4866218440745434,0.031592212285326875,0.9905445489373845,0.34637225875481736,0.3687759175744935,0.39856631982777285,,27.0,7.0,34.0,5.214150995246184,gradient,"[0.15843322245834257, 0.07977198155421845, 0.07809236190162634, 0.1268667118410423, 0.008236375208445501, 0.25824391441931244, 0.09030237765990405, 0.09614321395254176, 0.10390984100456653]"
298,COMPLETE,[0.05424341938488348],2025-09-18T23:11:57.350406,2025-09-18T23:25:49.749358,832.398952,0.05182569601180977,0.2,0.0512250486859015,50.0,10,1.7929528832453272,0.947647248280626,0.9139917443470923,0.828812328852181,0.5772150327534639,0.5883798431016806,0.4566654206118371,0.7834085194272215,0.858385240753228,0.9095641174481742,0.6420790942382325,32.0,8.0,40.0,5.042172223978819,gradient,"[0.12624946561364855, 0.12176574090039066, 0.11041778868818633, 0.07689896167746758, 0.07838638365088388, 0.060838846333465556, 0.10436890637767957, 0.11435761369260725, 0.12117587422696421, 0.0855404188387064]"
299,COMPLETE,[0.05062605694557157],2025-09-18T23:25:49.766373,2025-09-18T23:36:59.605746,669.839373,0.04853747617863802,0.2,0.04599315264440297,50.0,7,2.380031347830897,0.6658706529154009,0.9174816370513146,0.36925459266794824,0.3122181443915201,0.24086311383153877,0.6146899546083581,0.2388518684955912,,,,30.0,7.0,37.0,5.163702234659137,gradient,"[0.1982212173798645, 0.273122604553483, 0.10992239192593764, 0.09294336730174585, 0.07170188299567304, 0.18298537498261358, 0.07110316086068243]"
300,COMPLETE,[0.0566823999833178],2025-09-18T23:36:59.619758,2025-09-18T23:48:05.604951,665.985193,0.05298679117314607,0.2,0.03275247411767904,50.0,7,2.163775415253228,0.7396176490859134,0.9451383213657248,0.4848368863346107,0.14306840965970805,0.45492773567054196,0.21541558214299672,0.13129353057132395,,,,27.0,10.0,37.0,5.1746460555319,gradient,"[0.23749096002201195, 0.303483573671003, 0.15568094911201166, 0.04593921467517571, 0.1460771316349255, 0.06916986563269294, 0.04215830525217921]"
301,COMPLETE,[0.036706727961795166],2025-09-18T23:48:05.620965,2025-09-18T23:58:12.974016,607.353051,0.05074035962781517,0.2,0.05058962030104959,50.0,5,1.1406477535800357,0.030324090509890635,0.5078080197825109,0.33485971054652314,0.7471874940746287,0.9057327364961394,,,,,,32.0,8.0,40.0,5.4951389546626075,gradient,"[0.012005204414368658, 0.20103946988142637, 0.13256982180343152, 0.29580899052191023, 0.35857651337886315]"
302,COMPLETE,[0.04402619359680399],2025-09-18T23:58:12.989029,2025-09-19T00:08:45.293989,632.30496,0.04675802584006824,0.2,0.03646571826650902,50.0,6,0.9833900653669377,0.212437851706213,0.16829554641783606,0.560371117987365,0.47717230693470963,0.5769513327338751,0.8312665352513741,,,,,25.0,6.0,31.0,5.791766922289389,gradient,"[0.07515947310295337, 0.059542141349795324, 0.1982565613038136, 0.16882122879933378, 0.20412256020312872, 0.2940980352409752]"
303,COMPLETE,[0.0519272248066389],2025-09-19T00:08:45.311004,2025-09-19T00:19:50.122599,664.811595,0.049611611932006194,0.2,0.036212606650234104,50.0,7,2.0772642965214207,0.3919958003136094,0.6687732781033239,0.09463242330488804,0.4826637806913288,0.18868238396991927,0.05484411753127066,0.02956355943116401,,,,28.0,7.0,35.0,5.413907454408032,gradient,"[0.20510933435029688, 0.3499314069010355, 0.04951581965034441, 0.2525507842007333, 0.09872686939180365, 0.028696839177533972, 0.0154689463282522]"
304,COMPLETE,[0.041770030740699154],2025-09-19T00:19:50.138614,2025-09-19T00:32:49.725243,779.586629,0.04933451755152861,0.2,0.043983302560069645,50.0,9,1.0385790727584037,0.5653137949260841,0.4497693551432493,0.48961080905541915,0.8535360992263621,0.599826936819425,0.5238329525034778,0.07273927425326258,0.5955942208051066,0.5119524143992652,,31.0,7.0,38.0,5.4354080375066545,gradient,"[0.12125535635069044, 0.09647198409627655, 0.10501766215156164, 0.18307677045702217, 0.12865815344607384, 0.1123580423724642, 0.015602001400696744, 0.12775026919974203, 0.10980976052547228]"
305,COMPLETE,[0.051505388347786],2025-09-19T00:32:49.742259,2025-09-19T00:42:55.740996,605.998737,0.04928306561243613,0.2,0.03208511950318983,50.0,5,1.4205675290513144,0.6434890765305062,0.7303842512752258,0.5952892450492967,0.4638664744430393,0.6032807747193982,,,,,,23.0,7.0,30.0,5.49937903664452,gradient,"[0.21193129629404617, 0.24054997483422963, 0.19605681894931218, 0.15277310341631234, 0.19868880650609966]"
306,COMPLETE,[0.057601260954823076],2025-09-19T00:42:55.756010,2025-09-19T00:56:45.197313,829.441303,0.05001839516748957,0.2,0.05078711608983939,50.0,10,1.6581834604656005,0.7062879197685678,0.6134491692362831,0.09279309642361327,0.979863850887291,0.9770698968891834,0.606976401682801,0.11152540233426508,0.8049756265627059,0.38626828126118584,0.3601507462236537,32.0,7.0,39.0,4.9584347680085195,gradient,"[0.12524255780176624, 0.10877991947207005, 0.016454542711487077, 0.17375443009534297, 0.17325899199522918, 0.10763213548516565, 0.019776250247620395, 0.14274236273477237, 0.06849505164791002, 0.06386375780863607]"
307,COMPLETE,[0.04537522850817346],2025-09-19T00:56:45.214328,2025-09-19T01:09:43.275133,778.060805,0.04614118321868952,0.2,0.041644593200374926,50.0,9,0.5398385981909376,0.7133780772383707,0.9305022324834759,0.8368993525284651,0.690430979659867,0.3865637900590782,0.6529956708876978,0.3348967244556147,0.49349976526506817,0.12828666241640946,,28.0,7.0,35.0,5.828228970535408,gradient,"[0.1380521587783947, 0.1800697919394237, 0.16195586321359556, 0.13361146111822203, 0.07480740917888061, 0.12636702039957787, 0.06480885417433746, 0.09550154416745404, 0.024825897030113963]"
308,COMPLETE,[0.045538919706271115],2025-09-19T01:09:43.290146,2025-09-19T01:20:16.520752,633.230606,0.04876384126812388,0.2,0.03600790625033329,50.0,6,2.0433799041545098,0.6607265296248179,0.594116487711653,0.9580123230360815,0.22743240841542298,0.7756829339478617,0.7496904145906712,,,,,23.0,7.0,30.0,5.436317152601152,gradient,"[0.1666119502925385, 0.14981524470464277, 0.24157695262510845, 0.05735043989733487, 0.19559990501225544, 0.18904550746811993]"
309,COMPLETE,[0.04808028793017517],2025-09-19T01:20:16.536767,2025-09-19T01:33:16.089396,779.552629,0.0466063982519046,0.2,0.03402974133684242,50.0,9,0.9169452201921281,0.14797632873018202,0.07393180004817805,0.31399352096072264,0.8841724985427899,0.11927544826623601,0.6863169694066862,0.8262982813218077,0.7201381018524614,0.804518749350243,,24.0,6.0,30.0,5.897658585186558,gradient,"[0.03233309162943285, 0.016154230110988568, 0.06860814409568844, 0.1931932671727221, 0.026061898082130792, 0.1499614813334324, 0.18054764753581562, 0.1573514590667926, 0.17578878097299672]"
310,COMPLETE,[0.042691563650028276],2025-09-19T01:33:16.104410,2025-09-19T01:43:48.757962,632.653552,0.04912937135235849,0.2,0.0420058195019849,50.0,6,1.458052329733592,0.9789040346318394,0.04879861545416703,0.17232770918704102,0.7611545386320581,0.1268289955713866,0.40281791063702743,,,,,31.0,7.0,38.0,5.377051640531704,gradient,"[0.39300286475193325, 0.019591292906079753, 0.06918480360755311, 0.30558247143586276, 0.05091832991771386, 0.1617202373808573]"
311,COMPLETE,[0.10729124304053198],2025-09-19T01:43:48.773976,2025-09-19T01:53:05.049660,556.275684,0.04636124647997297,0.2,0.030081198548579914,50.0,3,0.18024009782453188,0.5554134342588317,0.508001887980068,0.25797179188237507,,,,,,,,27.0,8.0,35.0,6.0034949218018365,gradient,"[0.42032605609914914, 0.3844459224334803, 0.19522802146737056]"
312,COMPLETE,[0.04022243706716154],2025-09-19T01:53:05.065674,2025-09-19T02:06:53.501580,828.435906,0.0497342473253171,0.2,0.04407434639801765,50.0,10,1.9799110006648597,0.2216554458043094,0.2310561444890266,0.43597294060983033,0.8630201068831533,0.1450406451314654,0.8134986893019085,0.42448947075959353,0.24918796328303133,0.34107225990125895,0.46188219778455036,28.0,7.0,35.0,5.237634807730409,gradient,"[0.05294053442398777, 0.05518581204629887, 0.10412846111915003, 0.20612507629240892, 0.034641735232793694, 0.19429730322474809, 0.10138573116407366, 0.05951644409348521, 0.08146223365209486, 0.11031666875095887]"
313,COMPLETE,[0.06451943289188503],2025-09-19T02:06:53.517594,2025-09-19T02:20:44.845044,831.32745,0.049663237052086605,0.2,0.049143421273379374,50.0,10,0.18270293922401604,0.754226889285985,0.7246775944802524,0.3238070321799093,0.8778064122060809,0.6789819794757471,0.2225369256140486,0.6819124664687326,0.712107523957933,0.47207834476119004,0.25202070551788297,36.0,9.0,45.0,5.608159904784319,gradient,"[0.1323168885140731, 0.1271329434678006, 0.056806697806256655, 0.1539969137016139, 0.11911638812878708, 0.03904049828376465, 0.1196304945949592, 0.12492772824206087, 0.08281849745877955, 0.04421294980190441]"
314,COMPLETE,[0.03563496877464523],2025-09-19T02:20:44.862059,2025-09-19T02:31:19.043670,634.181611,0.04702922502498932,0.2,0.04767252586939706,50.0,6,1.339152745393624,0.2343196494940451,0.015550801207084656,0.2985763774263687,0.3021945237732692,0.07707577346561831,0.21394919489548916,,,,,29.0,6.0,35.0,5.267273429577635,gradient,"[0.20524355088297333, 0.01362114387636277, 0.26152683330264254, 0.26469601354619265, 0.06751164687764345, 0.1874008115141853]"
315,COMPLETE,[0.06085550269221985],2025-09-19T02:31:19.058683,2025-09-19T02:43:35.121158,736.062475,0.047117668682096985,0.2,0.034721022099420795,50.0,8,2.2444537454033804,0.3526410240756045,0.7684379602052205,0.13441725868940974,0.797516052238932,0.7812267167712494,0.7005409160829255,0.9454127608863573,0.33141589623867707,,,20.0,6.0,26.0,5.411582413246474,gradient,"[0.07328963231987386, 0.15970500230852339, 0.02793603351344658, 0.1657483226490895, 0.16236289858990352, 0.1455939118238769, 0.19648579973787375, 0.06887839905741254]"
316,COMPLETE,[0.05630252163496201],2025-09-19T02:43:35.138173,2025-09-19T02:56:31.663320,776.525147,0.04933103281178268,0.2,0.05128452131590927,50.0,9,2.8209201374593156,0.3598144355338973,0.8322014086918782,0.2720970450910151,0.8460106864928836,0.5347788816925136,0.7914867165713622,0.11829593529574853,0.8544688662402905,0.4759710935420334,,30.0,6.0,36.0,4.972349120914156,gradient,"[0.0707582273082473, 0.16365406895109438, 0.053508427303325, 0.16636969100821503, 0.10516533505472532, 0.15564744343710113, 0.02326313191653405, 0.168033008946788, 0.09360066607396975]"
317,COMPLETE,[0.043606618312390474],2025-09-19T02:56:31.681336,2025-09-19T03:06:15.414152,583.732816,0.0466197110021414,0.2,0.04423488431054799,50.0,4,1.3820138065571643,0.5346641227616822,0.7494752573945639,0.5277404526181458,0.5770389114029145,,,,,,,28.0,6.0,34.0,5.36671926178122,gradient,"[0.2238100915172857, 0.3137299078176338, 0.22091184721307405, 0.24154815345200645]"
318,COMPLETE,[0.07881008511778805],2025-09-19T03:06:15.428164,2025-09-19T03:15:57.591114,582.16295,0.045546426010350034,0.2,0.03172897180433057,50.0,4,1.1512038979447055,0.36896735096722083,0.22746352564953923,0.7209443117908033,0.4539298879607506,,,,,,,21.0,6.0,27.0,5.836723985728494,gradient,"[0.20830254250934022, 0.12841578149592672, 0.40701306703695955, 0.25626860895777354]"
319,COMPLETE,[0.032563376325092305],2025-09-19T03:15:57.606128,2025-09-19T03:26:02.452159,604.846031,0.04641778283170187,0.2,0.04660128953422045,50.0,5,2.589867885660442,0.05199329838304357,0.8982891880294376,0.8098115771085356,0.7635634908768504,0.6705233812003751,,,,,,25.0,6.0,31.0,5.313783025777667,gradient,"[0.016277505699064502, 0.2812267702240217, 0.2535271462187426, 0.2390482900849953, 0.20992028777317587]"
320,COMPLETE,[0.15381354621293267],2025-09-19T03:26:02.468174,2025-09-19T03:36:37.110465,634.642291,0.049294403975581186,0.2,0.04514316386665446,50.0,6,0.05860751651985974,0.24208230282142545,0.49600053458185217,0.5733556874491463,0.9845048744678322,0.5641485089124759,0.7561615539699544,,,,,42.0,10.0,52.0,5.665472491924133,gradient,"[0.06694284716259113, 0.13715867534344084, 0.15854964079312936, 0.2722444332948286, 0.15600358625549685, 0.20910081715051326]"
321,COMPLETE,[0.06341318227338898],2025-09-19T03:36:37.125478,2025-09-19T03:47:10.226467,633.100989,0.051203175673523706,0.2,0.05247123344951718,50.0,6,1.7428240092295182,0.8430399406087877,0.3521373689203956,0.46755503507055984,0.13049739692995926,0.4735860433911731,0.3405053376444456,,,,,35.0,8.0,43.0,4.9753398215303175,gradient,"[0.3233356771103545, 0.1350571534410501, 0.17932391642289786, 0.050050373849448965, 0.18163702172796262, 0.13059585744828597]"
322,COMPLETE,[0.04177123326075571],2025-09-19T03:47:10.242481,2025-09-19T03:56:27.865825,557.623344,0.046307860490750544,0.2,0.05432034080734963,50.0,3,2.0676968036697874,0.5407702330687741,0.4961900531304973,0.34425399453870403,,,,,,,,34.0,5.0,39.0,5.048094016138986,gradient,"[0.3915179857392174, 0.35924190768240943, 0.24924010657837317]"
323,COMPLETE,[0.04339239771207654],2025-09-19T03:56:27.881840,2025-09-19T04:06:08.559116,580.677276,0.04543863528552371,0.2,0.03216538092629065,50.0,4,0.5636185588394581,0.42521886279069826,0.4169675058391577,0.13623694075464554,0.3150574575366393,,,,,,,24.0,6.0,30.0,5.8063736600713405,gradient,"[0.32873999650017405, 0.3223608085272588, 0.10532583416677231, 0.24357336080579486]"
324,COMPLETE,[0.05085526258180152],2025-09-19T04:06:08.574129,2025-09-19T04:16:13.022458,604.448329,0.05054358178575881,0.2,0.05034226740852303,50.0,5,0.8392014620563482,0.20562684871183412,0.14216493310920997,0.27238306812214197,0.6515817670414892,0.02411122120509545,,,,,,36.0,9.0,45.0,5.468950581463922,gradient,"[0.15867887345601484, 0.10970635192845254, 0.21019355531088765, 0.5028149845525139, 0.018606234752131055]"
325,COMPLETE,[0.07038130916622418],2025-09-19T04:16:13.042476,2025-09-19T04:26:19.500550,606.458074,0.04745460541727236,0.2,0.03364045783435915,50.0,5,2.5526426826125603,0.20881697942588012,0.019181816696957295,0.752533451628108,0.7179858646944667,0.3390615849956522,,,,,,20.0,7.0,27.0,5.596802341649665,gradient,"[0.1024828524195285, 0.009414020330614389, 0.3693271250067874, 0.3523719173272897, 0.16640408491578]"
326,COMPLETE,[0.03912774588810813],2025-09-19T04:26:19.515564,2025-09-19T04:36:33.450319,613.934755,0.047239742984988155,0.2,0.041573783084802876,50.0,5,2.054555036907981,0.5882819285812128,0.37400532213020005,0.34201034576298406,0.6455899835990597,0.6437747636349683,,,,,,24.0,6.0,30.0,5.270869138341527,gradient,"[0.2268151558001516, 0.14419969624706286, 0.13186386677996675, 0.24891057433327793, 0.24821070683954086]"
327,COMPLETE,[0.04386274143494661],2025-09-19T04:36:33.468334,2025-09-19T04:46:14.701253,581.232919,0.05269707479555365,0.2,0.04695203398488226,50.0,4,1.6460836877681522,0.5042047182943188,0.42780593675985346,0.08796166873736291,0.8719131277366265,,,,,,,33.0,11.0,44.0,5.305675934634104,gradient,"[0.26650911548955025, 0.2261267649234763, 0.046494183179173074, 0.46086993640780033]"
328,COMPLETE,[0.058127762206126046],2025-09-19T04:46:14.716267,2025-09-19T04:55:30.481594,555.765327,0.05235495251348984,0.2,0.04643120326129381,50.0,3,2.0948967906380713,0.5086853892183706,0.7370552909365097,0.6472697217728038,,,,,,,,31.0,10.0,41.0,5.059272020022583,gradient,"[0.268717693627234, 0.38935617584877186, 0.3419261305239941]"
329,COMPLETE,[0.06438461092927032],2025-09-19T04:55:30.496607,2025-09-19T05:08:26.907249,776.410642,0.04921846194323,0.2,0.05462323967909198,50.0,9,0.8552130684863348,0.3842968280536937,0.8827881916834625,0.21109897007742742,0.9398719863492576,0.6838524602552803,0.8805376506940176,0.6900826067013819,0.637570229024772,0.9089300455018658,,35.0,7.0,42.0,5.367727873916868,gradient,"[0.061793702844931374, 0.1419495223735763, 0.03394404032398891, 0.1511284142803978, 0.10996129198569864, 0.14158764256872225, 0.11096307964062306, 0.10251925698857697, 0.14615304899348466]"
330,COMPLETE,[0.031550047313929214],2025-09-19T05:08:26.924264,2025-09-19T05:20:41.737738,734.813474,0.05053552821157131,0.2,0.04163823045075846,50.0,8,2.9351012091131956,0.07986677450776977,0.3503629417341738,0.38531319724116486,0.5378787904052024,0.22406591230974182,0.5498826528585234,0.39261044685315044,0.6950082035189015,,,24.0,7.0,31.0,5.290829611922737,gradient,"[0.024842006149733108, 0.10897796244860489, 0.11984899696315073, 0.16730346632136914, 0.06969414760831061, 0.17103718446290922, 0.12211875583164551, 0.21617748021427685]"
331,COMPLETE,[0.09601671605873748],2025-09-19T05:20:41.753753,2025-09-19T05:30:00.145043,558.39129,0.050519977967832086,0.2,0.050720043950627514,50.0,3,2.5301887135839074,0.9278317805456009,0.8289364322433704,0.6232682916476951,,,,,,,,36.0,8.0,44.0,4.907302449310453,gradient,"[0.3898393065887914, 0.34828727655989145, 0.26187341685131726]"
332,COMPLETE,[0.04717718390914632],2025-09-19T05:30:00.160056,2025-09-19T05:39:16.830189,556.670133,0.050375901349815816,0.2,0.03749220502694005,50.0,3,0.7149540884081006,0.9879314407794845,0.935341004228635,0.7875766279650908,,,,,,,,29.0,9.0,38.0,5.580661661975829,gradient,"[0.36443616526977624, 0.34503617835233075, 0.2905276563778931]"
333,COMPLETE,[0.11717902676952424],2025-09-19T05:39:16.848205,2025-09-19T05:53:06.736203,829.887998,0.04889024022341534,0.2,0.030446467809533882,50.0,10,0.13211316028371822,0.23514973478123125,0.7381633625811785,0.6245020167718326,0.39545486464708074,0.9957214407606946,0.6105679726840331,0.749459252983074,0.9333032637356686,0.40995290811602186,0.11857635752830202,31.0,9.0,40.0,5.960892524082359,gradient,"[0.04046734767697068, 0.12703188231857854, 0.10747169356234475, 0.06805455048933398, 0.17135552277005298, 0.10507375844593131, 0.12897581274503525, 0.16061386459474453, 0.0705495452901544, 0.02040602210685365]"
334,COMPLETE,[0.04817422383977878],2025-09-19T05:53:06.753218,2025-09-19T06:02:24.045230,557.292012,0.04542462224050404,0.2,0.04771577633547405,50.0,3,0.7172342931722315,0.49599170530470005,0.49125338002752345,0.7495238233030623,,,,,,,,30.0,6.0,36.0,5.532317443593609,gradient,"[0.2855830173137077, 0.2828547756612821, 0.43156220702501025]"
335,COMPLETE,[0.03879722537612491],2025-09-19T06:02:24.061244,2025-09-19T06:12:29.737689,605.676445,0.04892147192351992,0.2,0.04621373642562389,50.0,5,2.066378350389465,0.2881149326135616,0.46483866028813653,0.2304489392428553,0.7494700321599499,0.04184070422942949,,,,,,29.0,8.0,37.0,5.339098313691682,gradient,"[0.16234449683895671, 0.26192324615464985, 0.1298513643464367, 0.4223048564791974, 0.02357603618075924]"
336,COMPLETE,[0.04530984713423027],2025-09-19T06:12:29.754704,2025-09-19T06:23:01.837843,632.083139,0.04740333838982704,0.2,0.031232227901298357,50.0,6,1.0187334421061867,0.42052144776116446,0.9756010977007852,0.3057810090429087,0.8701186615357828,0.6746541633886061,0.7617573795367679,,,,,23.0,6.0,29.0,5.716290969067732,gradient,"[0.1049091672827441, 0.24338710737543626, 0.07628441117654533, 0.21707198218992943, 0.1683086721539424, 0.1900386598214024]"
337,COMPLETE,[0.039864527410931085],2025-09-19T06:23:01.866869,2025-09-19T06:33:07.644691,605.777822,0.04810240365502801,0.2,0.0398871383838936,50.0,5,2.895548515762282,0.014899610623547745,0.8403104304413367,0.3075464962525961,0.9518453985113853,0.2319879568086736,,,,,,27.0,7.0,34.0,5.453280828819798,gradient,"[0.00634947362140078, 0.3580985467796581, 0.13106103338189934, 0.4056292075141951, 0.09886173870284674]"
338,COMPLETE,[0.051630598790485566],2025-09-19T06:33:07.660705,2025-09-19T06:42:47.947784,580.287079,0.04786929801503253,0.2,0.051568190448066195,50.0,4,1.0618044134439413,0.265433792267837,0.36827546208006295,0.8634980603875669,0.32109771993808356,,,,,,,33.0,7.0,40.0,5.4177389837492065,gradient,"[0.14597869290698615, 0.2025377783470645, 0.47489175024068236, 0.17659177850526708]"
339,COMPLETE,[0.09234374205317672],2025-09-19T06:42:47.963799,2025-09-19T06:53:53.007489,665.04369,0.05214268237733076,0.2,0.054198509309151384,50.0,7,0.2064614782409906,0.392085095085505,0.130216352518986,0.7468369083239643,0.9381054602034234,0.4285003267999989,0.9763624453926413,0.627213316745258,,,,40.0,10.0,50.0,5.446809723804175,gradient,"[0.0924877347936429, 0.030716330787695697, 0.17616903773429, 0.2212867821278476, 0.10107761065343474, 0.2303111034920991, 0.14795140041098984]"
340,COMPLETE,[0.04368942480140218],2025-09-19T06:53:53.022503,2025-09-19T07:06:09.392819,736.370316,0.04569232138914494,0.2,0.05378680460250844,50.0,8,1.5770624213898534,0.28035889623366417,0.6918342172750378,0.14212190297765784,0.880818120432803,0.10369774239424986,0.6609855689446454,0.08619186290173228,0.8884190626084987,,,30.0,5.0,35.0,5.181850140249647,gradient,"[0.07507413270451774, 0.18525844742213596, 0.03805721433383969, 0.2358643058959795, 0.02776804366919897, 0.17699783736259048, 0.023080342519757956, 0.2378996760919798]"
341,COMPLETE,[0.07759268356385957],2025-09-19T07:06:09.408833,2025-09-19T07:18:24.943990,735.535157,0.05267276919920543,0.2,0.051470875630536164,50.0,8,1.093083079335165,0.3746151312249013,0.07026067042840387,0.9496571305669474,0.9348302004506345,0.707277560659108,0.1378536451050872,0.5586713836214903,0.7079511484569895,,,37.0,8.0,45.0,5.257968317362177,gradient,"[0.08435155888648829, 0.015820495716943172, 0.21383295199280153, 0.2104943931238028, 0.15925668728851078, 0.03104031015719388, 0.12579524473466214, 0.15940835809959747]"
342,COMPLETE,[0.04297346589859308],2025-09-19T07:18:24.960004,2025-09-19T07:31:21.883686,776.923682,0.05073886218407635,0.2,0.0360606643686333,50.0,9,1.7628472187521866,0.33940576613968254,0.49089379143385803,0.05401932364563004,0.16964861344867974,0.9517573973892819,0.6360744654677143,0.30444940642473156,0.10765260227970687,0.1655101430422962,,26.0,9.0,35.0,5.645377001529602,gradient,"[0.1054247849839103, 0.1524793553169992, 0.01677925406244583, 0.0526955354915359, 0.29563086130751426, 0.19757476285211875, 0.09456678823068997, 0.033438596454562645, 0.05141006130022324]"
343,COMPLETE,[0.035446386697365426],2025-09-19T07:31:21.899700,2025-09-19T07:44:20.924502,779.024802,0.05275816269028883,0.2,0.03702730462279167,50.0,9,1.4393136471856511,0.5679753899782877,0.5750606284247695,0.0801333748856444,0.2191407024291869,0.8984318284229861,0.7842467757365248,0.9192208030823235,0.2407857978401639,0.5733557209842242,,27.0,9.0,36.0,5.462128208489644,gradient,"[0.11690703027252908, 0.11836539308219694, 0.01649394507032087, 0.04510598378886028, 0.18492526052451821, 0.1614224192982518, 0.18920427918046193, 0.04956121876754413, 0.11801447001531667]"
344,COMPLETE,[0.03997646842497583],2025-09-19T07:44:20.940516,2025-09-19T07:55:27.188862,666.248346,0.04504873649024128,0.2,0.04030275018681366,50.0,7,2.241519576572634,0.036611408760672544,0.6641797559414933,0.6781311498443614,0.5006525021186826,0.8067763908583266,0.7495381172543112,0.922751660478884,,,,22.0,5.0,27.0,5.39650374080393,gradient,"[0.008399730302291936, 0.152382304068655, 0.15558316276522102, 0.11486435882472511, 0.18509815182926934, 0.1719660141290949, 0.21170627808074272]"
345,COMPLETE,[0.035753993447184954],2025-09-19T07:55:27.204876,2025-09-19T08:05:33.260798,606.055922,0.049886054525427895,0.2,0.03938158719249537,50.0,5,2.6515129273679974,0.31307163315448333,0.29962612207936024,0.6667030958931425,0.3835913564551524,0.9990423302017611,,,,,,23.0,7.0,30.0,5.290464719999795,gradient,"[0.11760614999950766, 0.11255530979278508, 0.25044870246054807, 0.14409706223213994, 0.37529277551501933]"
346,COMPLETE,[0.032563130354383615],2025-09-19T08:05:33.276812,2025-09-19T08:18:30.897734,777.620922,0.05069042243520333,0.2,0.042356594300692045,50.0,9,1.879147523507148,0.43566526582773707,0.3143958400931109,0.4147527642953884,0.46142922693775096,0.8537793871094115,0.3729641538134668,0.7011800054479663,0.12709441503971702,0.09792884071758141,,29.0,7.0,36.0,5.300237501056277,gradient,"[0.11528006727327811, 0.08319133160067756, 0.1097464735429601, 0.12209739103753452, 0.22591597931387086, 0.09868891581349554, 0.185537118836277, 0.033630068460931015, 0.025912654120975324]"
347,COMPLETE,[0.0489034325088331],2025-09-19T08:18:30.913748,2025-09-19T08:28:14.856936,583.943188,0.047260394971914546,0.2,0.05002173279478878,50.0,4,1.5941873901628303,0.9434478197712695,0.4155784354848323,0.17187289007050188,0.9750682354732867,,,,,,,33.0,7.0,40.0,5.239038727360905,gradient,"[0.37648048693679576, 0.16583553268446058, 0.0685854458391398, 0.38909853453960386]"
348,COMPLETE,[0.04228871538793234],2025-09-19T08:28:14.871950,2025-09-19T08:37:56.652600,581.78065,0.04948391503049555,0.2,0.05156951115619195,50.0,4,0.8093586059842783,0.3203204187925931,0.05074682828830385,0.2972750451154688,0.8458210573926859,,,,,,,32.0,9.0,41.0,5.543383669670289,gradient,"[0.21154944668257158, 0.03351476464020654, 0.1963295738178778, 0.558606214859344]"
349,COMPLETE,[0.0336850034676491],2025-09-19T08:37:56.668615,2025-09-19T08:50:53.363561,776.694946,0.04811248819219616,0.2,0.037778881758840865,50.0,9,2.808582209214518,0.7686334954177512,0.24772334785522465,0.8091145330076914,0.5016969296822835,0.4870394916762774,0.24437427870201373,0.1221182415086751,0.6942312524520856,0.3026411944934517,,23.0,6.0,29.0,5.377955759175926,gradient,"[0.18399045060209399, 0.05929839210529081, 0.19368053617787984, 0.12009292427174469, 0.11658432278680471, 0.05849671387207518, 0.029231864621909073, 0.16618052911068257, 0.07244426645151922]"
350,COMPLETE,[0.04337703806338409],2025-09-19T08:50:53.379576,2025-09-19T09:03:08.673139,735.293563,0.05232866087371813,0.2,0.04395108970511537,50.0,8,2.5677519655579055,0.13551172938360545,0.3120580569154407,0.9831132234772588,0.47287823479301355,0.13462185531854137,0.13418167161514735,0.24816866504377239,0.09663826629763494,,,33.0,9.0,42.0,5.239682127516497,gradient,"[0.05383491687534729, 0.12397170068407086, 0.39056263915820155, 0.18786093704241916, 0.05348139547509537, 0.05330652313607431, 0.09859028081530583, 0.03839160681348567]"
351,COMPLETE,[0.04457316850982569],2025-09-19T09:03:08.689153,2025-09-19T09:15:25.407841,736.718688,0.04716196807773454,0.2,0.045779823425543875,50.0,8,1.1350499632373166,0.7402760073016766,0.47667192792910845,0.5612602833621645,0.346100073848833,0.1519297049972707,0.027261724353796826,0.42311636197402885,0.8468733957482174,,,29.0,6.0,35.0,5.5677568482062085,gradient,"[0.20715774078678081, 0.13339116587906963, 0.15706224590265885, 0.09685213174205201, 0.042515783485078784, 0.00762888054101564, 0.11840425567208987, 0.23698779599125436]"
352,COMPLETE,[0.04305182878317801],2025-09-19T09:15:25.424856,2025-09-19T09:26:30.462220,665.037364,0.04631962108327814,0.2,0.03884230444374179,50.0,7,0.9693984970622199,0.9112922341218099,0.5784838845137774,0.15290998656906485,0.07797345674251377,0.6055065496180451,0.26903218282174446,0.48850459242958544,,,,26.0,6.0,32.0,5.665530583632563,gradient,"[0.2955188186312534, 0.18759391087478436, 0.0495864848791971, 0.02528565805605534, 0.1963569681783252, 0.08724322436247407, 0.15841493501791054]"
353,COMPLETE,[0.09055007425292688],2025-09-19T09:26:30.479235,2025-09-19T09:35:47.476496,556.997261,0.049869438714968226,0.2,0.0476760887294584,50.0,3,1.1839094253695457,0.14908516025680926,0.5201840551384783,0.061948345893120614,,,,,,,,40.0,9.0,49.0,5.423180320504415,gradient,"[0.20388618675147877, 0.7113943683490205, 0.08471944489950076]"
354,COMPLETE,[0.04557775778888819],2025-09-19T09:35:47.492511,2025-09-19T09:48:02.690604,735.198093,0.052402691384258786,0.2,0.053133091093963664,50.0,8,2.8439328162442807,0.30844656250747193,0.6015866656369036,0.48564524329432246,0.7774317852547599,0.22040503265463682,0.20552049214053522,0.728575935689488,0.8005957419830583,,,32.0,8.0,40.0,5.05967084881236,gradient,"[0.0747168269906053, 0.14572588020059, 0.11764070679553548, 0.18832187891369412, 0.05339000881981392, 0.04978443892989225, 0.17648723880692024, 0.19393302054294864]"
355,COMPLETE,[0.045487036922936784],2025-09-19T09:48:02.705617,2025-09-19T10:01:52.835038,830.129421,0.04782568417726212,0.2,0.0540960743016802,50.0,10,1.5377464766937035,0.11943504436294064,0.5083758120118069,0.4640161062819684,0.6134659626061802,0.9312079799221752,0.6276438315436362,0.8532963937597249,0.7000292379354203,0.11198838814910006,0.6462011730024387,32.0,6.0,38.0,5.22694284982061,gradient,"[0.021420790699485163, 0.09117769348076465, 0.08322173736254122, 0.11002571361142861, 0.16701305167173106, 0.11256852811527797, 0.1530395333534459, 0.1255509207479105, 0.020085225706659698, 0.11589680525075521]"
356,COMPLETE,[0.06434527918987422],2025-09-19T10:01:52.855057,2025-09-19T10:11:10.730276,557.875219,0.050238186687594596,0.2,0.04606804741898994,50.0,3,1.4695125829717826,0.6094637559325246,0.8350437065201485,0.11698683304769923,,,,,,,,35.0,9.0,44.0,5.192466648051976,gradient,"[0.390308025901065, 0.5347721787562235, 0.07491979534271141]"
357,COMPLETE,[0.042324266104890026],2025-09-19T10:11:10.746289,2025-09-19T10:22:20.909821,670.163532,0.045764977071465644,0.2,0.04520725369427003,50.0,7,0.48115024095010583,0.3792841693747997,0.9763160688390587,0.026279252296422903,0.36275525400731506,0.9372662472489527,0.1807289071031349,0.6379838869284405,,,,29.0,7.0,36.0,5.761904309661267,gradient,"[0.10834790484844205, 0.2788985385362821, 0.007507041308880451, 0.10362618563607366, 0.26774340290020315, 0.05162777677341789, 0.18224914999670064]"
358,COMPLETE,[0.042377631384380846],2025-09-19T10:22:20.924834,2025-09-19T10:36:12.506899,831.582065,0.04520168709432777,0.2,0.04507020283540146,50.0,10,0.870647377206051,0.8745131229199243,0.1878016803062701,0.7532648080511494,0.40570201191371147,0.9095259834921228,0.7205552054046312,0.7976064328582136,0.8077767766852242,0.9054575583094814,0.31119722718425025,28.0,6.0,34.0,5.676519135974755,gradient,"[0.1310445975290791, 0.028141825395195833, 0.11287570308183983, 0.060793892595295086, 0.13629122688405748, 0.10797421378247164, 0.11952023502119558, 0.12104424715847825, 0.13568157892490934, 0.046632479627477914]"
359,COMPLETE,[0.08113940121918589],2025-09-19T10:36:12.523914,2025-09-19T10:45:29.444165,556.920251,0.05236281907603251,0.2,0.04042822021864711,50.0,3,0.0867045667495766,0.5919117762101741,0.0470596467780901,0.623589806236097,,,,,,,,35.0,13.0,48.0,5.689053024675787,gradient,"[0.46881827392546155, 0.03727316005656265, 0.4939085660179757]"
360,COMPLETE,[0.06063449392670425],2025-09-19T10:45:29.463182,2025-09-19T10:55:35.078174,605.614992,0.04986347038025653,0.2,0.05018341592900992,50.0,5,2.5311741662604863,0.5081201045235512,0.14526659405239048,0.7690243882737617,0.3391784116824413,0.764442206668186,,,,,,30.0,7.0,37.0,4.935831600334431,gradient,"[0.20115349442268934, 0.05750782690230323, 0.30443972127925967, 0.13427322031793035, 0.30262573707781737]"
361,COMPLETE,[0.03340553827765587],2025-09-19T10:55:35.095190,2025-09-19T11:06:39.796978,664.701788,0.04731588319326005,0.2,0.04364542611367655,50.0,7,2.213277610423731,0.9786525353532827,0.9973453072015778,0.07825164193315805,0.06286610499526082,0.3461978947747335,0.2454342804775048,0.11971477762193415,,,,33.0,6.0,39.0,5.255636819844474,gradient,"[0.346001589449228, 0.3526103995601496, 0.027665786893517525, 0.02222624625704377, 0.12239790684524544, 0.08677303545725641, 0.04232503553755918]"
362,COMPLETE,[0.03416995228790063],2025-09-19T11:06:39.813994,2025-09-19T11:18:56.809644,736.99565,0.050950778538144385,0.2,0.03514746385529156,50.0,8,0.6564130412555081,0.5849628499450861,0.47032982812370405,0.7070610199567844,0.5425475122726885,0.4559301526445774,0.6325865846443729,0.20769973751030138,0.4243936593027483,,,27.0,9.0,36.0,5.784359129162052,gradient,"[0.14531392409533408, 0.116837287957954, 0.1756450198408583, 0.13477729059872254, 0.1132601832755495, 0.1571444049025822, 0.051595864410921274, 0.10542602491807813]"
363,COMPLETE,[0.04062044976121945],2025-09-19T11:18:56.824657,2025-09-19T11:28:37.915870,581.091213,0.04588927811515933,0.2,0.04692558384409849,50.0,4,2.693475252072473,0.6239280431325522,0.7140699743730436,0.3031118569831061,0.5815251770805681,,,,,,,26.0,6.0,32.0,5.422669245924649,gradient,"[0.2807154699967653, 0.3212718047746441, 0.13637500082125353, 0.26163772440733707]"
364,COMPLETE,[0.04916236389537917],2025-09-19T11:28:37.931884,2025-09-19T11:37:55.936901,558.005017,0.04600339881643717,0.2,0.04628559743796844,50.0,3,1.1906888156658102,0.9810132375937424,0.8106579044725922,0.21427999145839635,,,,,,,,34.0,5.0,39.0,5.345927509575671,gradient,"[0.48905141366528093, 0.40412644701277206, 0.10682213932194702]"
365,COMPLETE,[0.037841497404486155],2025-09-19T11:37:55.952915,2025-09-19T11:50:12.360626,736.407711,0.04772003657208867,0.2,0.04633959161769667,50.0,8,1.1379529141436193,0.6491788448370367,0.8389675467652354,0.08917313845587059,0.013459070030493164,0.043232102296234996,0.3390758712443491,0.9456151601404192,0.914372794877909,,,29.0,7.0,36.0,5.596351280217895,gradient,"[0.16936243738158965, 0.21887587640025735, 0.023264128518610934, 0.0035112988098465244, 0.011278701202684127, 0.08846054745614032, 0.24669887138199412, 0.238548138848877]"
366,COMPLETE,[0.046738459021600946],2025-09-19T11:50:12.377642,2025-09-19T12:00:17.296998,604.919356,0.047478634486318776,0.2,0.05058517079185182,50.0,5,0.5561810051714147,0.014023512345535075,0.6432444293987422,0.7310750580063126,0.6445621525614006,0.018484676496335485,,,,,,34.0,8.0,42.0,5.577336841918331,gradient,"[0.006836103089036706, 0.31356518413294937, 0.3563803660033753, 0.31420754042435395, 0.00901080635028469]"
367,COMPLETE,[0.045653840517768045],2025-09-19T12:00:17.313013,2025-09-19T12:14:07.841340,830.528327,0.049035114174775934,0.2,0.05211884719784954,50.0,10,1.704780470502521,0.5132096175410366,0.5764012381172002,0.7376956772991721,0.7186675734469108,0.7625719394105163,0.8576670294024814,0.25512178003173497,0.07211245705432871,0.5237072721992326,0.03398780481414174,34.0,7.0,41.0,5.086949803035917,gradient,"[0.10160268271717758, 0.11411304487006697, 0.14604531419652905, 0.14227822501438564, 0.15097019260897648, 0.16979664465932706, 0.05050773871893247, 0.014276464905611784, 0.10368095607577439, 0.006728736233218543]"
368,COMPLETE,[0.10746202029423726],2025-09-19T12:14:07.857355,2025-09-19T12:26:26.853757,738.996402,0.0484972619091651,0.2,0.05455303727423413,50.0,8,2.6167961864756464,0.7961287227831612,0.8220700860669166,0.0810898518195843,0.5371445160369436,0.26691676392188945,0.9464194606743873,0.22619854051339724,0.07260672352107701,,,33.0,7.0,40.0,4.83128052712861,gradient,"[0.2123817167482011, 0.21930204396580524, 0.021632182645156553, 0.14329300173846285, 0.07120486791687476, 0.25247448568273706, 0.060342546356360306, 0.019369154946402196]"
369,COMPLETE,[0.044104814652954315],2025-09-19T12:26:26.870772,2025-09-19T12:35:46.273882,559.40311,0.04579970570696731,0.2,0.03308015214173536,50.0,3,2.208390800532152,0.8977481862319907,0.044456420661928404,0.8299763578600788,,,,,,,,31.0,7.0,38.0,5.609189340593025,gradient,"[0.5065781678546638, 0.02508571164350563, 0.46833612050183066]"
370,COMPLETE,[0.0331877148181822],2025-09-19T12:35:46.290897,2025-09-19T12:45:02.148660,555.857763,0.046618794553000206,0.2,0.041305727021967616,50.0,3,1.056414764857767,0.6585337089575276,0.17095883719942484,0.8165985924975119,,,,,,,,28.0,7.0,35.0,5.591994134130814,gradient,"[0.4000590814769961, 0.10385745551073725, 0.4960834630122667]"
371,COMPLETE,[0.03204490402964462],2025-09-19T12:45:02.164675,2025-09-19T12:55:34.401691,632.237016,0.047128313473859144,0.2,0.042840518126194035,50.0,6,2.7999427616675865,0.5137840708563962,0.8338757996538109,0.4729692837579958,0.17375469393560322,0.09311330166712879,0.8725184972055281,,,,,26.0,6.0,32.0,5.443980775667912,gradient,"[0.17357478206706392, 0.2817133079946419, 0.15978607553143725, 0.058700599811766736, 0.03145703022181474, 0.2947682043732755]"
372,COMPLETE,[0.03465364880988279],2025-09-19T12:55:34.417706,2025-09-19T13:09:23.532799,829.115093,0.04597027587732145,0.2,0.04499677426756617,50.0,10,1.6759531256249582,0.4727105645439154,0.8132584969882026,0.529821103188878,0.7952318861259342,0.7590311561922395,0.06321657808475298,0.6948074778369386,0.4340587588655837,0.9603993896168931,0.08797522067594149,27.0,6.0,33.0,5.428446757593446,gradient,"[0.08425446372701315, 0.14495267014243363, 0.09443366886353206, 0.14173966297708418, 0.13528735724105165, 0.01126752665307292, 0.12384032816180342, 0.07736528585841483, 0.17117860611808836, 0.015680430257505863]"
373,COMPLETE,[0.03464259953226713],2025-09-19T13:09:23.549815,2025-09-19T13:21:42.836532,739.286717,0.052236241080119185,0.2,0.04303351507070569,50.0,8,1.2754652909619861,0.10885491055767696,0.5531444694714904,0.8898589836736548,0.3306479509693151,0.9392354203395983,0.35016660809729544,0.8948890135330568,0.6281629780624185,,,30.0,8.0,38.0,5.461995564272881,gradient,"[0.023185480344325025, 0.11781664381330807, 0.18953493112517664, 0.07042614365135538, 0.20005183289769207, 0.07458350723624046, 0.1906062990390269, 0.13379516189287555]"
374,COMPLETE,[0.03485786875667727],2025-09-19T13:21:42.854548,2025-09-19T13:31:50.085247,607.230699,0.05264220134125635,0.2,0.04174085579533571,50.0,5,0.7489513016712189,0.8817808962613726,0.20936421918033457,0.7952200245962361,0.19395793712939824,0.6643607725530514,,,,,,32.0,10.0,42.0,5.471619573048073,gradient,"[0.3212686577185207, 0.07627990349477334, 0.289731010249959, 0.07066676810487925, 0.24205366043186768]"
375,COMPLETE,[0.12603910952799452],2025-09-19T13:31:50.102262,2025-09-19T13:41:57.347782,607.24552,0.05228723166641125,0.2,0.04133789477675312,50.0,5,2.7793247521160036,0.8143175287828435,0.32027819746813607,0.394429347720296,0.262347021629989,0.26207268934700667,,,,,,30.0,9.0,39.0,4.79160330353885,gradient,"[0.3965616873420617, 0.15597117576073724, 0.19208178890976713, 0.12775947206031055, 0.1276258759271234]"
376,COMPLETE,[0.03651227363325145],2025-09-19T13:41:57.363796,2025-09-19T13:52:04.542138,607.178342,0.05264968557681177,0.2,0.04904337246263765,50.0,5,1.9514224204241186,0.6305812021365785,0.7514530771681792,0.169398737387313,0.9273542123545909,0.29362386297153864,,,,,,34.0,10.0,44.0,5.070284636048564,gradient,"[0.2274486651536016, 0.2710467720070881, 0.06110159415932713, 0.33449376069243597, 0.10590920798754729]"
377,COMPLETE,[0.04174935455635168],2025-09-19T13:52:04.558151,2025-09-19T14:02:13.173004,608.614853,0.04882036327824002,0.2,0.03473451513080825,50.0,5,1.7748594133093727,0.6771532533626817,0.33428537567777095,0.07942453772306117,0.6449770009890984,0.9536145756031547,,,,,,23.0,7.0,30.0,5.47823145204541,gradient,"[0.2517808693511473, 0.12429485065834066, 0.029531836488149717, 0.23981701219643073, 0.3545754313059316]"
378,COMPLETE,[0.055872366086668394],2025-09-19T14:02:13.189018,2025-09-19T14:13:20.135797,666.946779,0.048848168277366405,0.2,0.05375449392193497,50.0,7,0.16351971993709358,0.5105186867186978,0.982182091802363,0.07432592575688358,0.1717915296439414,0.47304305078860204,0.916215765526203,0.02852591518639032,,,,38.0,9.0,47.0,5.53962458472726,gradient,"[0.16173040838864977, 0.3111516090433377, 0.023546174977036313, 0.05442291334251347, 0.1498582672481269, 0.29025372388047604, 0.00903690311985973]"
379,COMPLETE,[0.03727040730683837],2025-09-19T14:13:20.151811,2025-09-19T14:23:54.456434,634.304623,0.05274055883633297,0.2,0.038373650071441556,50.0,6,0.9950573075115988,0.7011980665225119,0.16193778184447075,0.5502423838073708,0.2662172402379947,0.6386261281640461,0.2116131713889412,,,,,29.0,10.0,39.0,5.447057752344341,gradient,"[0.2771714873607248, 0.06401120881055297, 0.21750131269636544, 0.1052310780087746, 0.25243788062408556, 0.08364703249949669]"
380,COMPLETE,[0.036043691041487746],2025-09-19T14:23:54.472449,2025-09-19T14:33:38.506683,584.034234,0.051798228940234906,0.2,0.03630007353196148,50.0,4,2.797073592939384,0.9640112387236773,0.12249552360690019,0.9210414706971298,0.15103137953878862,,,,,,,30.0,12.0,42.0,5.252038569687011,gradient,"[0.4465951744895305, 0.056748207429447625, 0.4266886731140924, 0.06996794496692951]"
381,COMPLETE,[0.0638692441376502],2025-09-19T14:33:38.522698,2025-09-19T14:43:46.368555,607.845857,0.050909045396424116,0.2,0.05469294700265326,50.0,5,1.0939416054279034,0.042545994535058446,0.22563440496370965,0.4780581498119424,0.44198638704614096,0.5046745756935286,,,,,,36.0,8.0,44.0,5.369080856112742,gradient,"[0.02513202598985231, 0.13328281056117103, 0.28239015157664926, 0.26108247057784467, 0.2981125412944827]"
382,COMPLETE,[0.028135887315895166],2025-09-19T14:43:46.384569,2025-09-19T14:56:03.786799,737.40223,0.05233953632726987,0.2,0.03180710314692651,50.0,8,2.1580989716317163,0.8401764879306874,0.8986097506412933,0.7222976109326892,0.24069474869523474,0.8130414092064412,0.8460917595907579,0.03656144425448536,0.20225178306105823,,,25.0,9.0,34.0,5.328894910630296,gradient,"[0.1826579825901609, 0.195361625260724, 0.15703060766149662, 0.05232807374198304, 0.17675869975090472, 0.18394398809426915, 0.00794861525410583, 0.043970407646355694]"
383,COMPLETE,[0.040702127807761175],2025-09-19T14:56:03.802814,2025-09-19T15:05:46.720904,582.91809,0.052550082258798994,0.2,0.032479674777726994,50.0,4,2.3960727180419594,0.110302199764165,0.48329370609793365,0.23968499000858157,0.05056701907803891,,,,,,,25.0,13.0,38.0,5.685741705456968,gradient,"[0.12479771451467951, 0.5468064108359347, 0.2711835214574083, 0.057212353191977386]"
384,COMPLETE,[0.03482587095292224],2025-09-19T15:05:46.736918,2025-09-19T15:15:05.673587,558.936669,0.04651904659598091,0.2,0.030901078346393246,50.0,3,2.193226735133363,0.4222629489894579,0.8065645047800706,0.4499182287831006,,,,,,,,22.0,7.0,29.0,5.672921758584324,gradient,"[0.25153479373205767, 0.480456636858564, 0.2680085694093784]"
385,COMPLETE,[0.05166231753230119],2025-09-19T15:15:05.687598,2025-09-19T15:28:04.736144,779.048546,0.05190848657445037,0.2,0.04967569691981891,50.0,9,1.8787293968320122,0.9092328252434526,0.9054461665737573,0.5198119431689603,0.11062587348921459,0.30877222622707085,0.4807609395674951,0.7088181709221455,0.9428740714452504,0.9895804234571285,,32.0,9.0,41.0,5.123207830510149,gradient,"[0.15473873312069908, 0.1540942966803932, 0.08846473566925697, 0.018826979227799346, 0.05254872215644185, 0.08181880004461142, 0.12063095693015265, 0.16046400356116508, 0.16841277260948037]"
386,COMPLETE,[0.04086711023244618],2025-09-19T15:28:04.751158,2025-09-19T15:41:57.451742,832.700584,0.0495774546298139,0.2,0.044208363187324344,50.0,10,0.8058558178612,0.4668339538005826,0.4940204993107162,0.5237846187962399,0.26818003030974424,0.6485810119470656,0.39987023790938975,0.06950416536222356,0.5630713659673902,0.36979860143301113,0.1899620754985351,32.0,8.0,40.0,5.563176792452263,gradient,"[0.1168953292588328, 0.1237028464990523, 0.1311557888547529, 0.06715234118787482, 0.16240483436422354, 0.10012759941877128, 0.017403858971123846, 0.14099319937018828, 0.092597654737927, 0.04756654733725326]"
387,COMPLETE,[0.02899522178007607],2025-09-19T15:41:57.467756,2025-09-19T15:54:55.852855,778.385099,0.048301645339907745,0.2,0.04482960514792138,50.0,9,2.409733977555865,0.4452909932628496,0.6060538827459488,0.6409938607654584,0.08587856230403614,0.956733460215984,0.7913592887027745,0.3505074326166685,0.03951834821909647,0.055957593566712496,,29.0,7.0,36.0,5.297025769709865,gradient,"[0.1120992197484405, 0.15257027069763945, 0.16136619141751504, 0.021619390405495216, 0.24085165884801468, 0.19921974651730054, 0.08823805176127666, 0.009948496754105533, 0.0140869738502123]"
388,COMPLETE,[0.03961415384872031],2025-09-19T15:54:55.868869,2025-09-19T16:05:33.663208,637.794339,0.048157238049201495,0.2,0.048509887573986124,50.0,6,1.617079779818765,0.3500449668855111,0.597884470533542,0.852549774248385,0.4275584594765367,0.09428381015905928,0.7399949135152494,,,,,32.0,7.0,39.0,5.398259890480748,gradient,"[0.11430725038007794, 0.19523928733987664, 0.2784002906071288, 0.13961929609886303, 0.030788396103876143, 0.24164547947017748]"
389,COMPLETE,[0.0568019097466713],2025-09-19T16:05:33.680223,2025-09-19T16:18:33.050379,779.370156,0.049149599112598495,0.2,0.03155685973142715,50.0,9,1.929263476622866,0.5520162594945177,0.012789456004817411,0.3120405462423334,0.11255241927459637,0.1396733986581313,0.6245198007058221,0.4922189975081805,0.9183644995379494,0.41582142758786383,,20.0,7.0,27.0,5.639580410682429,gradient,"[0.15419462350395205, 0.0035724769326342005, 0.08716224154314424, 0.031439251319150145, 0.039014950645347525, 0.17444702739150708, 0.13749146279090785, 0.2565266254572268, 0.11615134041613008]"
390,COMPLETE,[0.06446917311449914],2025-09-19T16:18:33.067394,2025-09-19T16:28:40.773934,607.70654,0.04977559365178689,0.2,0.05491166107526155,50.0,5,2.4490357555372926,0.8392340545050485,0.5649025442142184,0.6211773325667559,0.05819346959492825,0.6048406653034978,,,,,,34.0,7.0,41.0,4.930088712012122,gradient,"[0.3121746268875692, 0.21012998700573027, 0.23106283757682758, 0.021646553259571696, 0.2249859952703012]"
391,COMPLETE,[0.03325887983044955],2025-09-19T16:28:40.789948,2025-09-19T16:42:36.492790,835.702842,0.04917340279469686,0.2,0.04379717757230735,50.0,10,1.9163823790676082,0.2829304022818168,0.9989151732043268,0.013135840650562227,0.13427859138459267,0.3441753093875838,0.5182739607414699,0.4109116827089692,0.5451113588959452,0.5750091957065097,0.3315989845915552,28.0,7.0,35.0,5.295815308391132,gradient,"[0.06810476953254965, 0.24045096286925172, 0.0031619557068022163, 0.03232248088451828, 0.08284715935648246, 0.12475481025139705, 0.09891141151120132, 0.13121489655326873, 0.13841166745199, 0.07981988588253856]"
392,COMPLETE,[0.029091065260947516],2025-09-19T16:42:36.509805,2025-09-19T16:53:13.138554,636.628749,0.04506499589559573,0.2,0.04436867265482676,50.0,6,1.7826843031009603,0.5893548642432805,0.475833637285253,0.6642775693676524,0.30679764193543396,0.768152815032879,0.37564715461942677,,,,,26.0,5.0,31.0,5.309819808915744,gradient,"[0.18532800694825693, 0.1496302227864766, 0.20888813423031508, 0.0964753138829586, 0.24155265168554113, 0.11812567046645159]"
393,COMPLETE,[0.03885586017147862],2025-09-19T16:53:13.154568,2025-09-19T17:02:31.449194,558.294626,0.04541327461783647,0.2,0.037826909075404286,50.0,3,0.6574282943616412,0.5701879297690774,0.659714765234346,0.21120930781420968,,,,,,,,29.0,6.0,35.0,5.785740807181369,gradient,"[0.3956583032090895, 0.4577817435039643, 0.14655995328694613]"
394,COMPLETE,[0.07453009482746493],2025-09-19T17:02:31.466210,2025-09-19T17:12:13.879461,582.413251,0.05257038779747511,0.2,0.044926834408713937,50.0,4,1.527644132674605,0.8058055605085469,0.6862722410484664,0.08299927100120066,0.1886636075557402,,,,,,,36.0,11.0,47.0,5.133435303474903,gradient,"[0.4568730367190285, 0.38910042093270014, 0.04705865887032675, 0.10696788347794459]"
395,COMPLETE,[0.04538385585503437],2025-09-19T17:12:13.894474,2025-09-19T17:24:30.288522,736.394048,0.0493347839146408,0.2,0.03805571507957474,50.0,8,1.333585032754552,0.03535325008255856,0.0242038085178425,0.3735721808848899,0.6644849895735773,0.22724887883545902,0.6799312207830543,0.5653691995306545,0.3186984145685409,,,27.0,7.0,34.0,5.715563923941829,gradient,"[0.01223777763799243, 0.00837831955880157, 0.1293146534118684, 0.23001618032840973, 0.07866380717973767, 0.23536300254263823, 0.19570654836736853, 0.11031971097318334]"
396,COMPLETE,[0.07920835496730416],2025-09-19T17:24:30.304536,2025-09-19T17:34:12.365609,582.061073,0.04630057662136546,0.2,0.04563498922395873,50.0,4,0.18382124824775103,0.6161601234757696,0.44814558929689746,0.6146867443849459,0.15911694468376736,,,,,,,34.0,7.0,41.0,5.719149441639562,gradient,"[0.33521406443953394, 0.24380789785850307, 0.3344124913180713, 0.08656554638389166]"
397,COMPLETE,[0.041245440728743005],2025-09-19T17:34:12.380622,2025-09-19T17:45:19.690020,667.309398,0.05004990239047846,0.2,0.04670934250275311,50.0,7,1.950589339726561,0.6307231760022894,0.8877459035435011,0.944694940973416,0.4768117151801107,0.901790664551581,0.5636081476221642,0.34567535103571406,,,,30.0,8.0,38.0,5.151821945189319,gradient,"[0.13275448362416783, 0.18685257415364107, 0.19883919577236894, 0.10035923118585326, 0.18980871254555853, 0.11862812633300567, 0.0727576763854046]"
398,COMPLETE,[0.051404410808520824],2025-09-19T17:45:19.705033,2025-09-19T17:55:03.046052,583.341019,0.05097733955801881,0.2,0.032680557393238364,50.0,4,2.915890605065227,0.5632750257575035,0.48979236882363897,0.991151674966843,0.8804434638682368,,,,,,,20.0,10.0,30.0,5.402179274669218,gradient,"[0.1925948786643622, 0.16746970401796243, 0.33889437281815366, 0.3010410444995217]"
399,COMPLETE,[0.054592512115434234],2025-09-19T17:55:03.062066,2025-09-19T18:07:21.715634,738.653568,0.051269028838775876,0.2,0.0456616881955096,50.0,8,2.322796348414312,0.7662706534145283,0.9189288814972383,0.08747159284441063,0.43099188416737166,0.013146850709644366,0.019022976910328334,0.8406305322322211,0.4152368681877119,,,33.0,8.0,41.0,5.179945112102773,gradient,"[0.2194548789281374, 0.26317519212555773, 0.025051289295476904, 0.12343324298992017, 0.0037651716373516544, 0.0054480555611862705, 0.24075105950132172, 0.11892110996104806]"
