number,state,values,datetime_start,datetime_complete,duration,param_gamma,param_theta,param_m0,param_beta_prime,param_n_instances,param_beta_range_delta,param_weight_0,param_weight_1,param_weight_2,param_weight_3,param_weight_4,param_weight_5,param_weight_6,param_weight_7,param_weight_8,param_weight_9,attr_CQ,attr_GR,attr_KR,attr_MC,attr_morph_type,attr_weights
0,COMPLETE,[2.0],2025-09-16T15:02:05.737957,2025-09-16T15:15:46.026922,820.288965,0.04839017577883868,0.2,0.04705122057363641,50.0,10,0.6466385375004848,0.1782364119582592,0.23920528617958148,0.48590035098857437,0.3999020329964457,0.384442992772679,0.4266231130510813,0.567370427307915,0.5435753981188775,0.6626031945580303,0.7849867929651778,30.0,9.0,39.0,5.666252120575576,random,"[0.038143010046566776, 0.05119049207563934, 0.10398381433827271, 0.08557997265899901, 0.08227170180633225, 0.09129834644009695, 0.12141860168279642, 0.11632640964726351, 0.14179863715407925, 0.16798901414995385]"
1,COMPLETE,[2.0],2025-09-16T15:15:46.044728,2025-09-16T15:27:55.281808,729.23708,0.04623534969521631,0.2,0.037750315433762,50.0,8,2.0836132788730075,0.39215473338949663,0.578309768869001,0.8679336451688416,0.08425769543200815,0.6492905208076198,0.9842596773041189,0.8108594646234641,0.7120583196395515,,,25.0,6.0,31.0,5.683578867784609,random,"[0.07720913033094283, 0.11386014375074743, 0.17088255278533945, 0.016589021715398843, 0.12783514305790594, 0.19378532817296562, 0.15964553976710558, 0.14019314041959433]"
2,COMPLETE,[2.0],2025-09-16T15:27:55.297822,2025-09-16T15:39:08.557676,673.259854,0.050261719957575765,0.2,0.04790990566911823,50.0,7,2.1360260282379837,0.1849118019448048,0.6121631427665681,0.22997541631777602,0.6201973450495706,0.366513892518133,0.5557034709548705,0.3138560692005651,,,,32.0,8.0,40.0,5.427657995036004,random,"[0.0641315320238045, 0.21231181450411457, 0.07976059732884776, 0.21509825482636016, 0.127115182416599, 0.1927303426198798, 0.10885227628039428]"
3,COMPLETE,[2.0],2025-09-16T15:39:08.574041,2025-09-16T15:49:24.487963,615.913922,0.04787326978797617,0.2,0.04005307339901211,50.0,5,1.6783024085444163,0.972408514235473,0.4203317715248758,0.9030073162056039,0.022298963125623683,0.2444993502158951,,,,,,30.0,7.0,37.0,5.518513695227671,random,"[0.3794696939581654, 0.1640289717401772, 0.3523867848811813, 0.008701878468760277, 0.09541267095171578]"
4,COMPLETE,[2.0],2025-09-16T15:49:24.503903,2025-09-16T16:03:16.034860,831.530957,0.04870895085209828,0.2,0.034369530244805505,50.0,10,0.25341500645103054,0.9313047198575675,0.629853226906318,0.35225114480314673,0.21220272399459494,0.2041468157350371,0.3406669117889947,0.9681199251342838,0.7961509810454284,0.47375361147889483,0.7736261187791639,27.0,9.0,36.0,5.86271625889476,random,"[0.16390218829056222, 0.11084913454277999, 0.06199338651469663, 0.03734598363170712, 0.035928208155801146, 0.05995465407814496, 0.17038137021518823, 0.14011621032370664, 0.08337684967796925, 0.13615201456944387]"
5,COMPLETE,[2.0],2025-09-16T16:03:16.051005,2025-09-16T16:13:01.531263,585.480258,0.04826424318885438,0.2,0.03954589465873747,50.0,4,2.793755572144245,0.33518945483130264,0.913916682874284,0.5731728280774903,0.225486028594451,,,,,,,25.0,8.0,33.0,5.654391067546083,random,"[0.16368550871394905, 0.44629959266985764, 0.27990166335064304, 0.1101132352655503]"
6,COMPLETE,[2.0],2025-09-16T16:13:01.546744,2025-09-16T16:21:58.427137,536.880393,0.04607813386498848,0.2,0.04326745475502097,50.0,3,0.19046981888978232,0.9952564831693441,0.1792946988573281,0.09342161837425383,,,,,,,,45.0,9.0,54.0,5.715735897122553,random,"[0.7849194263904158, 0.1414026379750702, 0.07367793563451396]"
7,COMPLETE,[2.0],2025-09-16T16:21:58.443097,2025-09-16T16:35:00.641340,782.198243,0.045056093884260434,0.2,0.0504549938332115,50.0,9,1.2173027258348357,0.04038210544649057,0.7457695681088756,0.44911723266466125,0.848927426721545,0.1408969996205831,0.5141951790246967,0.34871483529532105,0.29398221936582,0.08465700519923669,,30.0,6.0,36.0,5.517093126720729,random,"[0.011648765228666804, 0.21512733220648617, 0.12955394835446415, 0.24488461363559055, 0.04064364777063313, 0.14832656336128536, 0.10059151703942239, 0.08480315270665194, 0.024420459696799568]"
8,COMPLETE,[2.0],2025-09-16T16:35:00.657354,2025-09-16T16:45:22.863785,622.206431,0.04639932354108694,0.2,0.044298086484169996,50.0,5,1.2555640299366226,0.22511807770640999,0.062327414751355004,0.14329945374398267,0.5895214300958073,0.941759431092418,,,,,,36.0,8.0,44.0,5.752187147625741,random,"[0.11473757218610603, 0.03176686795688349, 0.07303647750414143, 0.30046568596364737, 0.47999339638922167]"
9,COMPLETE,[2.0],2025-09-16T16:45:22.879733,2025-09-16T16:58:24.814382,781.934649,0.04970203200310283,0.2,0.05235759335761904,50.0,9,2.3679525279636273,0.18359161040593738,0.33124946969520236,0.1728652872104957,0.6032355300117037,0.1506075320180471,0.6829686060826122,0.01650762013375372,0.8217303950797302,0.6322812609110946,,31.0,7.0,38.0,5.303543058569119,random,"[0.051068068143875406, 0.09214075988338359, 0.04808442089187477, 0.167796736927845, 0.04189317633345293, 0.18997538742884998, 0.0045917799185908855, 0.2285735373149066, 0.17587613315722078]"
10,COMPLETE,[2.0],2025-09-16T16:58:24.831081,2025-09-16T17:08:44.421550,619.590469,0.04527444368252872,0.2,0.049019844315908605,50.0,5,0.2134842741737829,0.8957471580222622,0.4023239537661544,0.03459723681248682,0.813656453751584,0.8718223719969235,,,,,,38.0,7.0,45.0,5.621719496940933,random,"[0.2967871035697087, 0.13330163525006994, 0.01146307148522158, 0.269588064050248, 0.28886012564475183]"
11,COMPLETE,[2.0],2025-09-16T17:08:44.438101,2025-09-16T17:19:58.340507,673.902406,0.048221068013662716,0.2,0.04878487220667445,50.0,7,2.0976125885205663,0.8319347407959091,0.9665767333248579,0.6629022586427247,0.830864844356841,0.7198117712024064,0.23051724862476802,0.8660842436890013,,,,32.0,6.0,38.0,5.418072353747252,random,"[0.1628469218241701, 0.18920239534440758, 0.12975968786563793, 0.16263749513091025, 0.1408994305502527, 0.045122558928128095, 0.16953151035649336]"
12,COMPLETE,[2.0],2025-09-16T17:19:58.356521,2025-09-16T17:29:00.749220,542.392699,0.05176128945906094,0.2,0.031552323607031744,50.0,3,1.3675179147667074,0.9775250857161775,0.9461020372546806,0.7264209119346301,,,,,,,,24.0,12.0,36.0,5.628883830331836,random,"[0.36887070454594234, 0.3570131653437831, 0.2741161301102745]"
13,COMPLETE,[2.0],2025-09-16T17:29:00.765233,2025-09-16T17:41:15.737772,734.972539,0.05174751072304676,0.2,0.05100088339843243,50.0,8,1.2217216903074166,0.3041578641873696,0.41095442892178485,0.8043497010935273,0.5699683019117585,0.910240465949253,0.09825724422005438,0.7543694826732001,0.25477164664213225,,,36.0,9.0,45.0,5.3626643673713925,random,"[0.07405715709799061, 0.10006026569159292, 0.19584518169456144, 0.13877738189781402, 0.2216277437502839, 0.023923932365390296, 0.18367586660144292, 0.06203247090092381]"
14,COMPLETE,[2.0],2025-09-16T17:41:15.753265,2025-09-16T17:52:32.421789,676.668524,0.05283260416244194,0.2,0.03145832080610124,50.0,7,1.4952807661030638,0.5606519087982877,0.7962743451445621,0.27230440689756896,0.6393595278282483,0.1695805516087959,0.017364847413759765,0.0696692129253394,,,,23.0,12.0,35.0,5.689843008145676,random,"[0.2220223518747458, 0.31533060009633324, 0.10783458309246134, 0.25319115806850206, 0.06715516759963015, 0.006876609536588837, 0.027589529731738484]"
15,COMPLETE,[0.5354153711814928],2025-09-16T17:52:32.437383,2025-09-16T18:02:49.843340,617.405957,0.046655664772004446,0.2,0.04625338491152353,50.0,5,2.8380072154558063,0.04142898520041802,0.13826183546705104,0.134676590805263,0.3412849823110797,0.7425825785007134,,,,,,33.0,7.0,40.0,5.820787096795751,random,"[0.029629487190360224, 0.09888311922362382, 0.09631899750384575, 0.24408271075745344, 0.5310856853247168]"
16,COMPLETE,[0.47371861833970635],2025-09-16T18:02:49.859356,2025-09-16T18:15:50.136517,780.277161,0.05183846173979696,0.2,0.04128419811545565,50.0,9,2.3991473603782443,0.01903148582736753,0.27492297378907726,0.9033011306423784,0.26023099263575156,0.22775557878172437,0.15605727274343764,0.2149201471155166,0.13819169376328627,0.6026801781055556,,28.0,9.0,37.0,5.386219690214478,random,"[0.006804027020355725, 0.09828887555839212, 0.3229430090828992, 0.09303628321449668, 0.08142586060407249, 0.055792695856802965, 0.07683701112237717, 0.049405497126347175, 0.2154667404142565]"
17,COMPLETE,[0.5733064994619969],2025-09-16T18:15:50.154534,2025-09-16T18:26:33.771713,643.617179,0.04807577051654631,0.2,0.052564659093686295,50.0,6,2.520176463425793,0.7038365593568155,0.2827711995707249,0.6740320453198392,0.5479331676718038,0.1771868952900463,0.6692784263811505,,,,,33.0,7.0,40.0,5.230792632083427,random,"[0.23038551131535703, 0.09255897059097187, 0.22062965519417266, 0.17935394421123768, 0.05799825673602622, 0.21907366195223457]"
18,COMPLETE,[0.7951253412629901],2025-09-16T18:26:33.786728,2025-09-16T18:36:21.628861,587.842133,0.046362275471107814,0.2,0.051233370565985634,50.0,4,0.05136221665988705,0.028931832056469854,0.16224647083674287,0.16881513774493906,0.8519414839618221,,,,,,,59.0,7.0,66.0,5.587936794950176,random,"[0.023872430333682682, 0.13387391314784985, 0.1392938963291781, 0.7029597601892893]"
19,COMPLETE,[0.24974881318367034],2025-09-16T18:36:21.643874,2025-09-16T18:48:36.280175,734.636301,0.05095381572527106,0.2,0.04268236286598786,50.0,8,2.106018234669224,0.09657570790129517,0.12393104886461982,0.7671152711720327,0.3815854315433766,0.8590338003917025,0.15421162692902574,0.8933340840847979,0.48283194722909684,,,29.0,9.0,38.0,5.565293061052893,random,"[0.02569446650625196, 0.0329724964314131, 0.20409498485591576, 0.10152277734361292, 0.22855038489039042, 0.041028800814509325, 0.23767615274298473, 0.12845993641492182]"
20,COMPLETE,[0.31384797376792467],2025-09-16T18:48:36.295190,2025-09-16T18:59:50.261880,673.96669,0.050368416828830836,0.2,0.03016895200191733,50.0,7,2.495307098013498,0.34516616267746825,0.918296798128354,0.38871763334622234,0.8081058129819678,0.513466450137001,0.8641031373051026,0.10720268284343136,,,,22.0,8.0,30.0,5.50492467601271,random,"[0.08749328993586493, 0.23277139155988666, 0.0985327887696924, 0.20483999835220393, 0.13015432522612264, 0.21903429275995212, 0.027173913396277383]"
21,COMPLETE,[0.2683607626110606],2025-09-16T18:59:50.278894,2025-09-16T19:12:02.437124,732.15823,0.04874295861859269,0.2,0.03985139388407355,50.0,8,0.9811070399840796,0.5558429982951637,0.7343490176688351,0.31903208008361894,0.9593457224469104,0.15268574276099095,0.35559974887363066,0.17614399148239274,0.917784196188365,,,27.0,9.0,36.0,5.7326021703102255,random,"[0.1332706429351635, 0.17606980032797315, 0.07649212198425277, 0.23001570878780123, 0.03660840771081329, 0.08525969978091884, 0.04223283025247148, 0.22005078822060584]"
22,COMPLETE,[0.4874295403149278],2025-09-16T19:12:02.453139,2025-09-16T19:23:14.303439,671.8503,0.048228218367649116,0.2,0.030484260386645364,50.0,7,0.749778198810569,0.44571272867144185,0.8177094397375979,0.32552587719755827,0.7526595517641756,0.6729343501774606,0.1404864798722244,0.49694934430463555,,,,22.0,9.0,31.0,5.962912098125383,random,"[0.1220469445685863, 0.22390865740437801, 0.08913687255105848, 0.20609642194197692, 0.18426573003471072, 0.038468602125653804, 0.1360767713736358]"
23,COMPLETE,[0.2627881385153698],2025-09-16T19:23:14.318454,2025-09-16T19:37:04.395126,830.076672,0.05160322286271295,0.2,0.03752652755325042,50.0,10,0.10022229859464371,0.9700891932213951,0.4501351940316406,0.5198061677637491,0.6406254098716473,0.5102030682436441,0.11455888359476624,0.06245863813673639,0.10847103722788899,0.3757566888610868,0.6394001690598504,34.0,12.0,46.0,5.771482228142437,random,"[0.2209013344432919, 0.10250136352027812, 0.11836630787480602, 0.14587834696827817, 0.11617956307483712, 0.02608647785713678, 0.014222606135935933, 0.024700199774950148, 0.08556445590303918, 0.14559934444744652]"
24,COMPLETE,[0.42961320067831943],2025-09-16T19:37:04.411141,2025-09-16T19:46:50.950345,586.539204,0.05245641430816445,0.2,0.042936700664146815,50.0,4,0.059313223637844525,0.7315725709606605,0.10588347371247844,0.8487295046532177,0.192873176363098,,,,,,,47.0,13.0,60.0,5.63682448996997,random,"[0.38932927479008705, 0.05634920945519051, 0.45167800934045116, 0.10264350641427131]"
25,COMPLETE,[0.22750489629485576],2025-09-16T19:46:50.966361,2025-09-16T19:59:00.655737,729.689376,0.05288509192492137,0.2,0.047894899306582445,50.0,8,1.9454173762470235,0.09471198547110654,0.6845433663734822,0.4096242874331696,0.17124643135234233,0.24505690449413467,0.32712528027212107,0.33308676613507104,0.7783578373456373,,,32.0,9.0,41.0,5.40510321339787,random,"[0.031116844849896498, 0.22490110009326827, 0.13457869492869823, 0.0562616083802285, 0.08051143304208469, 0.10747432378357018, 0.10943292099541783, 0.25572307392683574]"
26,COMPLETE,[0.3242522139802707],2025-09-16T19:59:00.671752,2025-09-16T20:09:12.022177,611.350425,0.049009226754560736,0.2,0.036200962029272095,50.0,5,2.2126353924454714,0.020093962933473063,0.2909914309800804,0.12560390968968876,0.2364668670980211,0.2247676691057352,,,,,,25.0,8.0,33.0,5.888462788665636,random,"[0.022378248624952534, 0.3240713945657425, 0.13988258705402712, 0.2633484674478046, 0.2503193023074732]"
27,COMPLETE,[0.2008388399030175],2025-09-16T20:09:12.037191,2025-09-16T20:20:20.905223,668.868032,0.04545374355343564,0.2,0.04106904240175495,50.0,7,0.8617160550057252,0.3501004757344574,0.1554179393347574,0.24935567495542316,0.9007098268002037,0.9020590406204778,0.30585536540697816,0.19905257497908604,,,,28.0,6.0,34.0,5.764960840360449,random,"[0.11431662278082179, 0.050747871470417046, 0.08142090801886553, 0.29410444327243784, 0.2945449955653742, 0.09986947992392771, 0.06499567896815583]"
28,COMPLETE,[0.16789935257979938],2025-09-16T20:20:20.920237,2025-09-16T20:29:17.076900,536.156663,0.04939595054485303,0.2,0.03802642768586504,50.0,3,2.11010202446678,0.08803936770792295,0.241635244987692,0.1722594682495981,,,,,,,,28.0,9.0,37.0,5.722532324947435,random,"[0.17540025881911092, 0.4814083246402766, 0.3431914165406124]"
29,COMPLETE,[0.22068803019074237],2025-09-16T20:29:17.091915,2025-09-16T20:40:21.995056,664.903141,0.04909489397671393,0.2,0.036554307398856435,50.0,7,2.546779466296231,0.73077039328302,0.8185405928291332,0.636053701253941,0.04670581370007625,0.43916756628725667,0.18845797367296313,0.3566645796895972,,,,26.0,7.0,33.0,5.438382276247836,random,"[0.22720412275174065, 0.25449279149765225, 0.1977557171783649, 0.014521323697116765, 0.13654176818938124, 0.05859354590375842, 0.11089073078198577]"
30,COMPLETE,[0.18856806460318343],2025-09-16T20:40:22.010071,2025-09-16T20:52:34.035148,732.025077,0.04617452845434593,0.2,0.04871372342866982,50.0,8,0.3368087906741605,0.8428091068225665,0.6305690158500232,0.17689208363613595,0.9355600888898635,0.11822715734304025,0.32079505718317336,0.6343284786254958,0.18831622883138144,,,33.0,7.0,40.0,5.714989286840567,random,"[0.21905385741641428, 0.16389070095596317, 0.045975883451245404, 0.24316069280361122, 0.030728328227263155, 0.08337759303648258, 0.16486781999290076, 0.04894512411611943]"
31,COMPLETE,[0.1732043862676528],2025-09-16T20:52:34.051163,2025-09-16T21:03:42.719370,668.668207,0.04526594115191593,0.2,0.035315476059595424,50.0,7,2.5195877520612586,0.5901706288698374,0.07286103393228441,0.3616777214093869,0.9548361596573921,0.3608190393734045,0.4914869027535303,0.8374799817263823,,,,24.0,6.0,30.0,5.715790495101189,random,"[0.16083873426572523, 0.01985675989569669, 0.09856774308642734, 0.26022074267662665, 0.09833372715095354, 0.13394453651215837, 0.22823775641241212]"
32,COMPLETE,[0.1436661079162077],2025-09-16T21:03:42.734385,2025-09-16T21:17:32.893778,830.159393,0.04805280964316199,0.2,0.03849490553271751,50.0,10,2.01801813232401,0.5469416885556357,0.14036423966631628,0.27099510807215327,0.7129363149419662,0.37519604052210465,0.7404484225219617,0.9261208337922022,0.7285376118087081,0.9687140544831361,0.46875843739019746,25.0,7.0,32.0,5.656746822453936,random,"[0.09303291413892928, 0.023875478008519302, 0.04609534279225444, 0.12126803343456191, 0.06381956569326044, 0.12594774901636355, 0.15752999234707127, 0.1239217607737459, 0.16477495378693607, 0.07973421000835781]"
33,COMPLETE,[0.23327142385046876],2025-09-16T21:17:32.909737,2025-09-16T21:30:32.478318,779.568581,0.04984400832660192,0.2,0.05227002657651598,50.0,9,1.7586036810446597,0.1141836179268152,0.810295058114373,0.8314834297207879,0.6707485420390147,0.6448757071959127,0.46594539658517514,0.6962562472157495,0.33208081184795346,0.12290839883383743,,33.0,7.0,40.0,5.344442143159218,random,"[0.024352536455765572, 0.17281585835986074, 0.17733481301686108, 0.14305404417230932, 0.1375360095788138, 0.09937460787071344, 0.14849420565517188, 0.0708246088503764, 0.026213316040127728]"
34,COMPLETE,[0.148012289025805],2025-09-16T21:30:32.494332,2025-09-16T21:41:13.404046,640.909714,0.045910815918909914,0.2,0.04542552303341518,50.0,6,0.7083058554938724,0.7499076779653224,0.1451456086975249,0.20798290269881933,0.1241032125651567,0.9235304607589233,0.11091579314012291,,,,,31.0,7.0,38.0,5.692384204669416,random,"[0.33158491080519187, 0.06417869176152059, 0.09196330997371382, 0.0548744250501702, 0.4083552875301886, 0.049043374879214764]"
35,COMPLETE,[0.17098494946102374],2025-09-16T21:41:13.420060,2025-09-16T21:55:04.648806,831.228746,0.050887525715124664,0.2,0.044702086390730644,50.0,10,0.7331257480405432,0.5363934723036451,0.299896303382796,0.472483597219304,0.8554876131515509,0.3211863103144296,0.1839015396784211,0.9284660135433207,0.7520566625818452,0.8314362577764568,0.0798662003790063,32.0,9.0,41.0,5.611767567092641,random,"[0.10195319054806344, 0.0570017842166016, 0.08980573535179989, 0.16260393934431433, 0.06104841089188242, 0.03495446847329, 0.17647506407870162, 0.14294464825206352, 0.15803245862333334, 0.015180300219949773]"
36,COMPLETE,[0.21575445638318663],2025-09-16T21:55:04.664761,2025-09-16T22:08:55.368065,830.703304,0.04750980823889943,0.2,0.04105738156124046,50.0,10,2.8404278137658876,0.9618505243424109,0.31636071303570856,0.7400743443805612,0.6846823570259843,0.13998359521926565,0.3610736229816889,0.039360736496121075,0.4087141675874369,0.9762732632626467,0.31482350936968584,23.0,7.0,30.0,5.4841529775122915,random,"[0.19458066443657446, 0.06399921420867533, 0.14971573442815686, 0.13851003309396606, 0.028318434391463365, 0.07304455702026207, 0.007962607563544543, 0.08268215515937448, 0.1974983590794228, 0.06368824061856003]"
37,COMPLETE,[0.1715316795773863],2025-09-16T22:08:55.384079,2025-09-16T22:20:03.423198,668.039119,0.04726241671366963,0.2,0.04234489945429311,50.0,7,2.8210524457434643,0.686121142716747,0.4958127802083813,0.42276561045380184,0.7976929123317642,0.8860311107154581,0.07868248652847429,0.11629760170248916,,,,26.0,6.0,32.0,5.460311591768265,random,"[0.19696860103167413, 0.14233572413259216, 0.12136566805923986, 0.22899812760868948, 0.2543578640604751, 0.02258781770787844, 0.033386197399450895]"
38,COMPLETE,[0.13390847247719162],2025-09-16T22:20:03.439168,2025-09-16T22:31:17.179882,673.740714,0.05047634705893815,0.2,0.040566821499891825,50.0,7,1.9809313808335811,0.5728547683593697,0.11202915218633037,0.9582043349668352,0.9946368836756518,0.684224171822826,0.5806106167891398,0.8954164687315559,,,,30.0,9.0,39.0,5.6334521203653525,random,"[0.11939507846963701, 0.02334925037716158, 0.1997100977110867, 0.20730341324618445, 0.14260682322602253, 0.12101156170939964, 0.18662377526050805]"
39,COMPLETE,[0.24499094660035575],2025-09-16T22:31:17.194895,2025-09-16T22:42:23.443987,666.249092,0.05114217679602108,0.2,0.030698969928488938,50.0,7,0.36040709637592716,0.3143281567839943,0.19274708072682578,0.3777430113994224,0.6889584682496551,0.5810280735452104,0.9332953822231507,0.9172524722989649,,,,24.0,12.0,36.0,5.895548826810954,random,"[0.07847702427863562, 0.048122374681915485, 0.0943095514572333, 0.17200944068448445, 0.14506290082536505, 0.2330120378626998, 0.22900667020966617]"
40,COMPLETE,[0.15693800160754728],2025-09-16T22:42:23.459000,2025-09-16T22:52:36.345120,612.88612,0.051094843768143466,0.2,0.03220873487087044,50.0,5,0.5966624082552425,0.9985751153253773,0.01036266884998675,0.5255055268805446,0.04063775650284521,0.03891240490324472,,,,,,28.0,13.0,41.0,5.812214550678324,random,"[0.6186983605343477, 0.0064205147212766924, 0.32559334089433106, 0.02517838962561357, 0.024109394224431046]"
41,COMPLETE,[0.26213275006638387],2025-09-16T22:52:36.361960,2025-09-16T23:02:19.156421,582.794461,0.05029996971392998,0.2,0.04646320455960108,50.0,4,0.10245550013125648,0.9488083687569037,0.8133953449115229,0.25752877721768486,0.5676514447377596,,,,,,,41.0,10.0,51.0,5.643887668847373,random,"[0.36670567351579647, 0.3143697901623544, 0.0995324944520031, 0.21939204186984618]"
42,COMPLETE,[0.24984103640905567],2025-09-16T23:02:19.172777,2025-09-16T23:11:14.265305,535.092528,0.05035277341897977,0.2,0.044364109157823836,50.0,3,1.4221586653437543,0.9362584125372112,0.027806149618789175,0.6842027373626922,,,,,,,,39.0,10.0,49.0,5.510102564396019,random,"[0.5680258370778855, 0.01686992736366777, 0.4151042355584467]"
43,COMPLETE,[0.332691186539518],2025-09-16T23:11:14.280734,2025-09-16T23:24:14.354228,780.073494,0.051327855565401564,0.2,0.054383812238185864,50.0,9,2.296827645920893,0.2764490649305361,0.6095448352980144,0.849799733527327,0.09838038829406676,0.16527775462606442,0.5832288324386299,0.35310973521594635,0.10200614506706004,0.9581358996081902,,34.0,8.0,42.0,5.186905086826529,random,"[0.0691826182272606, 0.15254132852074245, 0.2126661942192551, 0.02462013335479463, 0.041361499278816515, 0.14595563079177468, 0.08836729474889789, 0.0255274952468449, 0.2397778056116132]"
44,COMPLETE,[0.16523556931040645],2025-09-16T23:24:14.369203,2025-09-16T23:34:26.804094,612.434891,0.048546737319089435,0.2,0.05409933072185058,50.0,5,1.561059419978794,0.11072753908701591,0.761895666484995,0.35800490405065327,0.632756385092125,0.8480746213815246,,,,,,34.0,8.0,42.0,5.571617384450286,random,"[0.04083688314888933, 0.2809910213884751, 0.1320340409801468, 0.23336379344089245, 0.3127742610415964]"
45,COMPLETE,[0.18398072494042425],2025-09-16T23:34:26.820070,2025-09-16T23:44:11.258200,584.43813,0.05040335573989325,0.2,0.04273756675778556,50.0,4,0.12886994731263746,0.5948531229612795,0.44560230676934287,0.9692005203552729,0.9219656418767482,,,,,,,38.0,10.0,48.0,5.691495628607596,random,"[0.2029092446965643, 0.15199857580221457, 0.33060219061438234, 0.3144899888868387]"
46,COMPLETE,[0.13266102811232192],2025-09-16T23:44:11.273213,2025-09-16T23:53:55.034392,583.761179,0.048335789851537636,0.2,0.044488439369814115,50.0,4,0.6021354243084229,0.7968907418965451,0.32871832953142255,0.021546694832704643,0.23357208077035782,,,,,,,33.0,9.0,42.0,5.638416577326406,random,"[0.5771526543844929, 0.2380761206766876, 0.015605316340245009, 0.16916590859857453]"
47,COMPLETE,[0.1377747577475987],2025-09-16T23:53:55.050662,2025-09-17T00:04:38.376697,643.326035,0.04951100688646931,0.2,0.044758402071169615,50.0,6,0.7706894688478267,0.9945943993908012,0.556060326684393,0.03121886613579665,0.07093795249931477,0.10659974297963905,0.2587856675219078,,,,,34.0,9.0,43.0,5.578678849051862,random,"[0.49281334848035063, 0.275523320579989, 0.015468691524469955, 0.03514917229268554, 0.052819296305225645, 0.12822617081727922]"
48,COMPLETE,[0.12564046857652755],2025-09-17T00:04:38.392711,2025-09-17T00:17:35.590589,777.197878,0.05130656032134452,0.2,0.04377020334730014,50.0,9,1.6733031476811178,0.5402129514053526,0.4312721771796893,0.8339494324452916,0.44865082160289416,0.1725123698064055,0.7007745195468656,0.7779754985796803,0.8511600468570267,0.0563859622886325,,31.0,8.0,39.0,5.551895625302445,random,"[0.11224285765095293, 0.08960766576600218, 0.1732740157201688, 0.09321851720354322, 0.03584379329824609, 0.14560357066280882, 0.16164402004032175, 0.17684995468734158, 0.011715604970614683]"
49,COMPLETE,[0.1286905106806731],2025-09-17T00:17:35.607112,2025-09-17T00:31:26.525131,830.918019,0.04610226280482678,0.2,0.054022806676801864,50.0,10,1.188015790877695,0.49169147765791843,0.4628304922293199,0.3649963676110706,0.3178809883642129,0.971918330884421,0.6345411485331357,0.5782021046453112,0.23781339552757122,0.3230788354008354,0.5016712138825868,32.0,6.0,38.0,5.42035246505146,random,"[0.10066106254028502, 0.0947525251927583, 0.074723528587649, 0.06507787810867773, 0.19897504092448767, 0.1299058233450136, 0.11837186703715644, 0.048686117551081515, 0.06614200231949495, 0.10270415439339581]"
50,COMPLETE,[0.15803282482108189],2025-09-17T00:31:26.541145,2025-09-17T00:44:26.512663,779.971518,0.0467556956403725,0.2,0.03678881619938927,50.0,9,1.9571992291354263,0.5819394389367866,0.63647979174613,0.7390504386141086,0.2680797577614646,0.672774978990553,0.21555344110719504,0.7572630311409035,0.7907762434850378,0.4375324053719679,,23.0,6.0,29.0,5.566624891354662,random,"[0.11411808977380934, 0.12481343100994093, 0.14492749358116522, 0.05257033260824762, 0.13193090262156373, 0.04226994305157661, 0.14849897564600661, 0.1550709030992894, 0.08579992860840058]"
51,COMPLETE,[0.10529384504717396],2025-09-17T00:44:26.529066,2025-09-17T00:56:36.353214,729.824148,0.045742674983388194,0.2,0.050268351502450875,50.0,8,0.9698583903020302,0.11757298889685154,0.30828655781864034,0.8768721189069251,0.9109076603632107,0.7031873796436426,0.39447720452266216,0.0716129322050801,0.7185019268188951,,,32.0,7.0,39.0,5.626698364934088,random,"[0.02866641899151286, 0.075165832890696, 0.21379726583811234, 0.2220957457963353, 0.1714497882850751, 0.09618066984218827, 0.01746052676778216, 0.175183751588298]"
52,COMPLETE,[0.1215295548091449],2025-09-17T00:56:36.369229,2025-09-17T01:07:10.282052,633.912823,0.05293655968424207,0.2,0.0346146666395777,50.0,6,2.4765505136419366,0.9120187523682796,0.5266765529683977,0.08758295198575752,0.05720429839298368,0.04178109337856856,0.1387095028085917,,,,,29.0,12.0,41.0,5.469562529646705,random,"[0.5170253024455606, 0.29857401877139517, 0.0496509552264402, 0.032429234158855826, 0.023685787583277263, 0.07863470181447092]"
53,COMPLETE,[0.10741589315489307],2025-09-17T01:07:10.297170,2025-09-17T01:17:47.912642,637.615472,0.04922543205168275,0.2,0.036786840954085694,50.0,6,1.1553866711176248,0.6761045081765684,0.10930458505360911,0.5048789366906472,0.41898873136510956,0.07441690916696656,0.18842108440021996,,,,,28.0,8.0,36.0,5.7323089386865185,random,"[0.3428322345404912, 0.05542506326501771, 0.25600890386738656, 0.21245656741527447, 0.03773457349976015, 0.09554265741206991]"
54,COMPLETE,[0.13674287753743256],2025-09-17T01:17:47.928075,2025-09-17T01:27:57.764486,609.836411,0.0520848944982366,0.2,0.04666005067072275,50.0,5,0.34944862184674397,0.5451812211610608,0.3871344518041007,0.698339888730944,0.5149766081135061,0.7028923771058574,,,,,,36.0,10.0,46.0,5.574307670478149,random,"[0.1913907400767922, 0.135907009200012, 0.24515845913532422, 0.18078714072208, 0.24675665086579152]"
55,COMPLETE,[0.10265394818559595],2025-09-17T01:27:57.779498,2025-09-17T01:40:06.419349,728.639851,0.047746461633407636,0.2,0.04466883087171672,50.0,8,0.49059636651440053,0.9301046208678622,0.7731320505228232,0.07879990554956515,0.03608716369942964,0.47025579206373663,0.7111658032335461,0.49239642432929565,0.9105874641935615,,,30.0,9.0,39.0,5.7174002762548,random,"[0.2112659731366085, 0.1756108843587937, 0.017898780798947158, 0.008196916331397538, 0.10681491662816524, 0.1615357370673228, 0.11184398767726784, 0.20683280400149723]"
56,COMPLETE,[0.14766666802660708],2025-09-17T01:40:06.435077,2025-09-17T01:52:16.831755,730.396678,0.04685724020006407,0.2,0.054686483859399934,50.0,8,1.9762775553153036,0.7502495637142806,0.4488772730241876,0.0380353051025573,0.8408352873466853,0.5004991551472848,0.4863532460153673,0.7682489211703664,0.928493906528141,,,33.0,6.0,39.0,5.341006997753759,random,"[0.1575627353268194, 0.09427040598809251, 0.007987937615424415, 0.17658698417332266, 0.10511171179274528, 0.10214087616109886, 0.1613428481480327, 0.1949965007944641]"
57,COMPLETE,[0.1360086456241111],2025-09-17T01:52:16.847407,2025-09-17T02:03:27.904951,671.057544,0.05275321215359291,0.2,0.030035106774552667,50.0,7,2.4629646164091583,0.6638500609138634,0.21428167590090896,0.9802318423116354,0.7073415100420589,0.01705571797696152,0.7513877322683188,0.18374713655246463,,,,24.0,11.0,35.0,5.5595986536929765,random,"[0.18870657974572624, 0.06091189041359368, 0.2786415324958176, 0.20106949585643502, 0.0048482728164691985, 0.21359011223718155, 0.052232116434776696]"
58,COMPLETE,[0.2320246141919053],2025-09-17T02:03:27.919964,2025-09-17T02:13:41.930862,614.010898,0.04574411894386555,0.2,0.04455204130263009,50.0,5,2.998216699644881,0.5378869764610471,0.5192849943413786,0.5237013861239183,0.024767872482003583,0.578017615167956,,,,,,24.0,6.0,30.0,5.3154613397371975,random,"[0.24632372304722977, 0.23780500128541637, 0.23982747461888093, 0.01134237270786193, 0.2647014283406111]"
59,COMPLETE,[0.08906858418467715],2025-09-17T02:13:41.946746,2025-09-17T02:22:39.266751,537.320005,0.045549601553415024,0.2,0.03614585996246186,50.0,3,1.6128187931528888,0.7545679608929622,0.965049726442824,0.8874733280355966,,,,,,,,27.0,6.0,33.0,5.681178024876493,random,"[0.28942908262275346, 0.3701634199776304, 0.3404074973996161]"
60,COMPLETE,[0.22156876930483868],2025-09-17T02:22:39.283206,2025-09-17T02:31:40.154681,540.871475,0.04730426018233848,0.2,0.05306814745990822,50.0,3,1.4917489029850157,0.6839562836445064,0.5725835333355751,0.05295250030963901,,,,,,,,38.0,7.0,45.0,5.3106793184603935,random,"[0.5223064500753261, 0.4372561226786434, 0.040437427246030534]"
61,COMPLETE,[0.18110015868695997],2025-09-17T02:31:40.170264,2025-09-17T02:40:36.126036,535.955772,0.04787715171400851,0.2,0.05468170653721183,50.0,3,1.6480021286901807,0.17397411283905329,0.6101029497076459,0.8093151822278438,,,,,,,,38.0,7.0,45.0,5.434689766764336,random,"[0.10918473678379786, 0.3828956440000575, 0.5079196192161446]"
62,COMPLETE,[0.11453462866624964],2025-09-17T02:40:36.141049,2025-09-17T02:52:47.128181,730.987132,0.05117464266103519,0.2,0.046590982409583606,50.0,8,2.0647425366729517,0.6283647966575061,0.4792131647316065,0.25903061627019974,0.5950686705959443,0.014320176894805707,0.6168151715396857,0.46963658175854744,0.7545787990309392,,,31.0,9.0,40.0,5.376108671727756,random,"[0.1646214804724796, 0.12554614940183878, 0.06786185948819362, 0.15589843042987797, 0.003751656256987341, 0.16159566426521987, 0.12303723853465057, 0.19768752115075222]"
63,COMPLETE,[0.12651502960000985],2025-09-17T02:52:47.143194,2025-09-17T03:03:53.211655,666.068461,0.05234784956437381,0.2,0.03817178873583771,50.0,7,2.551691947035962,0.27667888216248226,0.24442752050694486,0.6793387019560453,0.33477188688058024,0.9416498279555895,0.3290645687193051,0.6508182033827511,,,,27.0,11.0,38.0,5.404226442878802,random,"[0.08004018654915745, 0.07071021895930142, 0.196525285954757, 0.09684585996555872, 0.27240903716419446, 0.09519479499539021, 0.18827461641164073]"
64,COMPLETE,[0.0946123050497819],2025-09-17T03:03:53.226668,2025-09-17T03:14:07.846995,614.620327,0.050110242767457236,0.2,0.03874291350063627,50.0,5,1.3171003624594846,0.5173200176411424,0.667170171631132,0.5081913093549955,0.20180709968143765,0.6207822215755823,,,,,,27.0,9.0,36.0,5.6455563784693075,random,"[0.2056716968811099, 0.265247847809018, 0.20204238260847546, 0.08023275191127188, 0.24680532079012477]"
65,COMPLETE,[0.17867126748817233],2025-09-17T03:14:07.863009,2025-09-17T03:24:18.768198,610.905189,0.050047057908696055,0.2,0.031237315818060878,50.0,5,1.084432079829031,0.6198066933095638,0.47882983714352223,0.5103176692321575,0.5718738812069301,0.9231955478302006,,,,,,23.0,10.0,33.0,5.851277945837701,random,"[0.199678471379639, 0.15426101551314866, 0.16440521409374895, 0.18423631699038165, 0.2974189820230817]"
66,COMPLETE,[0.11372846334565402],2025-09-17T03:24:18.784212,2025-09-17T03:36:34.844946,736.060734,0.04545339171840363,0.2,0.048448315571327616,50.0,8,2.3704475148807873,0.09473154811302878,0.34952105457016536,0.4417651674222599,0.8196086853501537,0.5643009809917555,0.2245435215194845,0.9176022514280683,0.2965113414771458,,,27.0,6.0,33.0,5.409592376405338,random,"[0.025543855563641648, 0.0942464840091017, 0.11911961595115318, 0.22100310080767213, 0.15216074306815033, 0.06054696028615117, 0.2474265420785127, 0.07995269823561717]"
67,COMPLETE,[0.12869527906262715],2025-09-17T03:36:34.860311,2025-09-17T03:47:17.082617,642.222306,0.0474164146318375,0.2,0.03353678933429913,50.0,6,1.4091060147026726,0.7636396167454709,0.08420829552351188,0.3835703596322062,0.2449875644266387,0.08808904524206326,0.8545669569121144,,,,,26.0,8.0,34.0,5.820468215286144,random,"[0.31567593874518945, 0.034810311247088145, 0.1585616181986079, 0.10127379157052545, 0.03641454874809664, 0.3532637914904924]"
68,COMPLETE,[0.10184647855056962],2025-09-17T03:47:17.099632,2025-09-17T03:58:32.247992,675.14836,0.04615802868478739,0.2,0.0497945780603861,50.0,7,0.43962201333616446,0.9334920326708447,0.3988123187952584,0.7642823826941139,0.4075446390667707,0.7282893399836631,0.019519425515625237,0.424440627015603,,,,33.0,7.0,40.0,5.669355354678815,random,"[0.25391603649152206, 0.10847960105535469, 0.20788988719994153, 0.11085485020062383, 0.19809954038770444, 0.005309413458343534, 0.11545067120650997]"
69,COMPLETE,[0.10021046207262924],2025-09-17T03:58:32.263782,2025-09-17T04:11:31.893425,779.629643,0.05287474233535381,0.2,0.03201097253575755,50.0,9,0.954711340654878,0.9251018209427656,0.31500601615251483,0.49136969675564124,0.7857921452212887,0.03549855496695158,0.3027694427725791,0.21148001832029997,0.06577249279250567,0.41814102416878735,,25.0,11.0,36.0,5.745613148162647,random,"[0.2605237234087118, 0.08871081903240063, 0.13837770077950073, 0.2212918522738859, 0.009996970610428858, 0.08526480088981825, 0.05955621376163717, 0.018522604033698438, 0.11775531520991817]"
70,COMPLETE,[0.13769144228997773],2025-09-17T04:11:31.908427,2025-09-17T04:22:44.281062,672.372635,0.05049121393494178,0.2,0.04970767941763511,50.0,7,2.4405515951187966,0.8264606624222095,0.7546784548219571,0.11939424750892487,0.38052157389254815,0.14820602355514814,0.7815989693636815,0.5891703269355067,,,,35.0,9.0,44.0,5.314334090017292,random,"[0.22957047665665198, 0.20963114213834658, 0.0331647899978132, 0.10569954877298726, 0.041167993853724195, 0.21710899999194733, 0.16365704858852945]"
71,COMPLETE,[0.55359218635754],2025-09-17T04:22:44.296076,2025-09-17T04:33:29.332652,645.036576,0.0494070657713284,0.2,0.05147101188212287,50.0,6,0.02457466604981562,0.5583203427464741,0.8468821293908545,0.7930332307790534,0.2818861860096554,0.8702708454881456,0.5656615483012163,,,,,59.0,9.0,68.0,5.549535878619745,random,"[0.1425721663795053, 0.21625903735012192, 0.20250823240099794, 0.07198219576624332, 0.22223155826244015, 0.14444680984069136]"
72,COMPLETE,[0.10427747197627794],2025-09-17T04:33:29.348657,2025-09-17T04:47:18.962256,829.613599,0.046527573069318824,0.2,0.04464147855071547,50.0,10,1.4669403092320072,0.5782148713633921,0.6622193308632904,0.8056091899463025,0.8922636111118026,0.9367826344724525,0.7072013321096748,0.8548126398033391,0.9339980295288899,0.4522181516293216,0.17186611205426164,27.0,6.0,33.0,5.602573901560235,random,"[0.08265897138274894, 0.09466786731005802, 0.11516623019472716, 0.12755395260390426, 0.13391818994923393, 0.10109828987078615, 0.12220013187227369, 0.13352011547598583, 0.06464705268847278, 0.024569198651809288]"
73,COMPLETE,[0.1275581334265389],2025-09-17T04:47:18.978270,2025-09-17T04:57:03.468443,584.490173,0.047110559832996224,0.2,0.03649143018034945,50.0,4,2.837839629998534,0.7224429759925383,0.6517377086838072,0.39865318387221577,0.6916909047702627,,,,,,,24.0,6.0,30.0,5.465991235129843,random,"[0.29313682857391965, 0.2644476191676305, 0.1617566145766001, 0.28065893768184974]"
74,COMPLETE,[0.33844019801813363],2025-09-17T04:57:03.482958,2025-09-17T05:10:53.128574,829.645616,0.047858945972113674,0.2,0.030151160081897922,50.0,10,0.5431454902338643,0.1727629236776881,0.410297373468955,0.8395136361499823,0.9475268701813853,0.4617817542312007,0.2501683881766184,0.1307490538136791,0.07213843847563502,0.9901321039158095,0.15955512942595693,22.0,9.0,31.0,6.081370905570461,random,"[0.03895772416312936, 0.09252130931912647, 0.18930879364679679, 0.21366558090060256, 0.10413094327153061, 0.056412515217106406, 0.02948367314370302, 0.01626708629298114, 0.22327298339413718, 0.03597939065088653]"
75,COMPLETE,[0.14334731942570672],2025-09-17T05:10:53.145590,2025-09-17T05:23:51.806233,778.660643,0.05268417842821848,0.2,0.05444365843564403,50.0,9,1.6780371882577483,0.06503917141812189,0.2182970222154796,0.5502285329065466,0.15911457207165117,0.7848540921452943,0.4997801511870214,0.7928522605028814,0.3391184506712166,0.34539302953709106,,35.0,10.0,45.0,5.26025390880636,random,"[0.017322173524358466, 0.05814002263893641, 0.14654482702103908, 0.04237769589591079, 0.20903370198310262, 0.1331086837997372, 0.21116388994746763, 0.09031893426307797, 0.09199007092636985]"
76,COMPLETE,[0.3114804437603601],2025-09-17T05:23:51.822040,2025-09-17T05:32:45.455978,533.633938,0.045571765735057196,0.2,0.05064180840500456,50.0,3,0.14604452255890454,0.21209307007950134,0.9747264348403193,0.24009072103831752,,,,,,,,49.0,7.0,56.0,5.611518823471308,random,"[0.14863799152962523, 0.6831028449500475, 0.1682591635203273]"
77,COMPLETE,[0.12171064410592503],2025-09-17T05:32:45.472010,2025-09-17T05:43:26.705032,641.233022,0.052566672123327704,0.2,0.03449175269137207,50.0,6,2.203459659755069,0.17266143963921105,0.8474937182853619,0.2903005060166533,0.5134030326163429,0.5368510830197145,0.08079139717822262,,,,,23.0,11.0,34.0,5.798726849771737,random,"[0.07071937596551135, 0.34711993029288246, 0.11890246409892441, 0.2102817059865605, 0.2198856540110835, 0.033090869645037706]"
78,COMPLETE,[0.08796387387310374],2025-09-17T05:43:26.720045,2025-09-17T05:53:09.863619,583.143574,0.04879080750766799,0.2,0.047201354399371606,50.0,4,1.653569842419809,0.36167604926669433,0.06520117060733356,0.9846355691412553,0.7040038308511208,,,,,,,33.0,7.0,40.0,5.345583586124279,random,"[0.1709634638982578, 0.030820448298558418, 0.46543504309762196, 0.33278104470556186]"
79,COMPLETE,[0.07490602708829956],2025-09-17T05:53:09.879634,2025-09-17T06:05:23.614354,733.73472,0.04835449266142035,0.2,0.040509800306048185,50.0,8,1.893991153068884,0.16999206486107074,0.7458015601049134,0.5770305652417742,0.11210964357881853,0.633085378925224,0.8089291527801633,0.48340077892467637,0.9280628223638269,,,28.0,6.0,34.0,5.66396280062635,random,"[0.03812838879127322, 0.16727964254130506, 0.12942513377884698, 0.025145644775347163, 0.1419979543483935, 0.18143885284883435, 0.10842443061037996, 0.20815995230561987]"
80,COMPLETE,[0.1412950348664896],2025-09-17T06:05:23.630367,2025-09-17T06:19:15.238447,831.60808,0.045843353780606166,0.2,0.03619655652379584,50.0,10,1.1541560073602946,0.03329583958488306,0.6469832275830585,0.6772914522122979,0.2822715341845646,0.6873489611498383,0.5559127874591012,0.05978289364790276,0.7136022607841547,0.4738315656857839,0.5630179652508354,24.0,6.0,30.0,5.905364798239868,random,"[0.007094276211541224, 0.13785138857986765, 0.14430909980391143, 0.060143016518795944, 0.14645203259348888, 0.11844719679491829, 0.012737818464742133, 0.1520457692702704, 0.10095831931651215, 0.11996108244595187]"
81,COMPLETE,[0.08825306281274008],2025-09-17T06:19:15.254462,2025-09-17T06:31:26.181857,730.927395,0.04791754773028606,0.2,0.05107121806005646,50.0,8,1.9218765564580391,0.7812366630276164,0.2682047212994265,0.9588389494845279,0.8584261832390296,0.949294099413003,0.9201604549493934,0.33478833872341335,0.769194983410312,,,32.0,6.0,38.0,5.439007672484152,random,"[0.13377009374817375, 0.04592433050042204, 0.16418069226918972, 0.1469871505553148, 0.1625463405428742, 0.1575578261328877, 0.057325352964448927, 0.13170821328668889]"
82,COMPLETE,[0.07435784399314672],2025-09-17T06:31:26.197355,2025-09-17T06:40:21.153745,534.95639,0.045039086794004035,0.2,0.03384734559280421,50.0,3,1.4489338317481808,0.7707633841871205,0.20632357795273518,0.19785786633088548,,,,,,,,31.0,6.0,37.0,5.666631134846644,random,"[0.6559996397365431, 0.1756027797673507, 0.16839758049610634]"
83,COMPLETE,[0.06846839293652203],2025-09-17T06:40:21.169760,2025-09-17T06:49:16.218633,535.048873,0.05224499758210637,0.2,0.03537310236823707,50.0,3,0.7352671940595121,0.8283603674264143,0.36215804887958275,0.9241518152436708,,,,,,,,29.0,13.0,42.0,5.701787527663113,random,"[0.39172082486798765, 0.1712598226789181, 0.4370193524530943]"
84,COMPLETE,[0.09265717843223271],2025-09-17T06:49:16.234610,2025-09-17T06:59:58.749281,642.514671,0.04876993915378073,0.2,0.04090981736226228,50.0,6,2.828884748496989,0.45484485990579626,0.30035836115818193,0.22724673262307188,0.5222030662359851,0.5914540834774547,0.99617420060742,,,,,29.0,7.0,36.0,5.5603323262006725,random,"[0.14709038900059682, 0.09713164218562104, 0.0734883764709689, 0.16887307941847238, 0.19126787809080315, 0.32214863483353773]"
85,COMPLETE,[0.0929573255629092],2025-09-17T06:59:58.765766,2025-09-17T07:12:09.260967,730.495201,0.04574671056544571,0.2,0.04658416866605713,50.0,8,2.962487910256281,0.06586282699616679,0.7954906100053782,0.45479781291358495,0.4680589848397585,0.6216946679265857,0.9515010095648018,0.2767359950077065,0.5927611404721534,,,26.0,6.0,32.0,5.460842276283428,random,"[0.015581816344616117, 0.18819703244277455, 0.10759598878385526, 0.11073331456976544, 0.14708041819436254, 0.2251059460842524, 0.0654701543619688, 0.14023532921840484]"
86,COMPLETE,[0.09876172494751528],2025-09-17T07:12:09.276724,2025-09-17T07:24:17.434720,728.157996,0.046528084570789496,0.2,0.04974428894143166,50.0,8,0.5082661051064514,0.4873991622566349,0.11185697416563521,0.01015132841244243,0.7335724831016717,0.4885163106815756,0.38212036619254625,0.12051539415182817,0.766949824703681,,,35.0,7.0,42.0,5.605446505954339,random,"[0.1571706864983753, 0.03607030701047249, 0.003273479683606739, 0.236553731917782, 0.1575309312391655, 0.12322163214525608, 0.03886237133598452, 0.24731686016935744]"
87,COMPLETE,[0.0741748981236489],2025-09-17T07:24:17.450518,2025-09-17T07:36:28.459038,731.00852,0.047147140777742014,0.2,0.04777725485107735,50.0,8,2.060317095503763,0.3576659757845279,0.5652994288419977,0.17454895367391438,0.9720694825382175,0.3724147918426404,0.15861312148629608,0.5109147052300612,0.7439781476188271,,,29.0,6.0,35.0,5.619045779090343,random,"[0.09276761727469487, 0.14662138590451462, 0.04527266115990616, 0.25212509946666545, 0.09659300916536251, 0.041139393582267356, 0.13251565159597203, 0.19296518185061698]"
88,COMPLETE,[0.13808839558853075],2025-09-17T07:36:28.475021,2025-09-17T07:47:14.089480,645.614459,0.05257605852838363,0.2,0.03781306578502492,50.0,6,2.7362741409509383,0.7073301275615779,0.4218375659397646,0.8444722294698969,0.4047835338383042,0.936220547660315,0.8530159022777198,,,,,27.0,11.0,38.0,5.317870059694709,random,"[0.16971877345759118, 0.10121688798474071, 0.20262503379958344, 0.09712489571976501, 0.22463938243726247, 0.2046750266010571]"
89,COMPLETE,[0.14667544178124897],2025-09-17T07:47:14.104494,2025-09-17T07:56:10.931194,536.8267,0.05178253182051196,0.2,0.04652079113374047,50.0,3,0.25075944576928877,0.27610552270380884,0.9012946767294239,0.9361590434040532,,,,,,,,39.0,11.0,50.0,5.568818724696576,random,"[0.13063533640682767, 0.42643454626779576, 0.4429301173253766]"
90,COMPLETE,[0.06436027465825243],2025-09-17T07:56:10.946602,2025-09-17T08:08:20.045317,729.098715,0.045757858527455016,0.2,0.0469067180943046,50.0,8,0.629696579258723,0.05666079111150793,0.2449489370625758,0.4905243251855109,0.017565252755022322,0.42175139386771043,0.6606486263040873,0.3883628467620975,0.605546537063782,,,31.0,7.0,38.0,5.690680145242185,random,"[0.01963292449983745, 0.08487463541059267, 0.16996633567555128, 0.006086347797037266, 0.14613656306369918, 0.22891428705299421, 0.1345674548386884, 0.20982145166159955]"
91,COMPLETE,[0.10186439143087828],2025-09-17T08:08:20.061330,2025-09-17T08:17:15.337441,535.276111,0.051299816831388186,0.2,0.04323064260812784,50.0,3,1.2562816414317672,0.5622745104517459,0.5427196244230617,0.8959249936532877,,,,,,,,34.0,10.0,44.0,5.539190378431684,random,"[0.28100811393879926, 0.2712351622238196, 0.44775672383738113]"
92,COMPLETE,[0.08836389360775122],2025-09-17T08:17:15.352455,2025-09-17T08:30:14.107471,778.755016,0.048357629499880185,0.2,0.03816128332190008,50.0,9,0.8410914684603346,0.8956343345089245,0.45414572298448147,0.3671079427743801,0.6593223985020722,0.740796144934275,0.2806645891563253,0.30468798779391565,0.17565806459955147,0.7243186149823891,,26.0,8.0,34.0,5.792939461231903,random,"[0.19460429950872699, 0.09867722450003813, 0.07976557094237459, 0.14325821216005538, 0.16096090704555666, 0.06098307497291139, 0.06620290239974905, 0.03816715516293531, 0.15738065330765255]"
93,COMPLETE,[0.2296931805867156],2025-09-17T08:30:14.123376,2025-09-17T08:39:55.781988,581.658612,0.052055896343311606,0.2,0.05424042215647358,50.0,4,2.2797179069207147,0.6544630979921751,0.5919436771219015,0.8381976347910991,0.9664396912715663,,,,,,,34.0,9.0,43.0,5.118308463301168,random,"[0.2145046339185194, 0.19401347784307602, 0.274724850574208, 0.31675703766419666]"
94,COMPLETE,[0.06676493596056471],2025-09-17T08:39:55.797001,2025-09-17T08:49:37.526444,581.729443,0.05088953642961375,0.2,0.04384949711158016,50.0,4,0.6997095233641691,0.4080722323283756,0.9169445675553649,0.9822750470528864,0.2076913815160409,,,,,,,33.0,11.0,44.0,5.650973657781304,random,"[0.16225644279124685, 0.36459271663593196, 0.39056922365928726, 0.0825816169135339]"
95,COMPLETE,[0.05448502839315149],2025-09-17T08:49:37.541924,2025-09-17T08:58:31.450861,533.908937,0.047401787637404845,0.2,0.04090812691907166,50.0,3,2.7162682033982413,0.25459279059917755,0.6399254890988236,0.3525472844527975,,,,,,,,29.0,7.0,36.0,5.703859091592091,random,"[0.20415349274161457, 0.5131450242029473, 0.2827014830554382]"
96,COMPLETE,[0.11377160667068305],2025-09-17T08:58:31.466287,2025-09-17T09:09:08.579485,637.113198,0.046043216383766974,0.2,0.0436845209105211,50.0,6,0.161619804153056,0.13354457530326574,0.08992250796870234,0.21359438754785698,0.5226614714903995,0.30106289468725145,0.5462352874270864,,,,,36.0,8.0,44.0,5.728913635790834,random,"[0.07390316222550658, 0.049762842699106656, 0.11820248510701563, 0.28923927032498786, 0.16660729120315268, 0.3022849484402306]"
97,COMPLETE,[0.09431348511568695],2025-09-17T09:09:08.595270,2025-09-17T09:21:18.056301,729.461031,0.04600330671154986,0.2,0.03915416437330977,50.0,8,1.0599464362020388,0.5325331188109813,0.7027701193841298,0.2598125272784398,0.34673094886447403,0.6698467913033732,0.129657417396107,0.044496449685827826,0.1333007702296022,,,27.0,6.0,33.0,5.850547803152129,random,"[0.18889859340743123, 0.24928456531837617, 0.09215994126732817, 0.1229913900520632, 0.23760609848680667, 0.0459917006207047, 0.015783650744660666, 0.04728406010262925]"
98,COMPLETE,[0.17456831782338805],2025-09-17T09:21:18.072706,2025-09-17T09:30:11.636997,533.564291,0.04794431415891208,0.2,0.05474618901301579,50.0,3,0.9767457696893133,0.7522526711885178,0.582863215085717,0.0514835434167176,,,,,,,,40.0,7.0,47.0,5.394638052104514,random,"[0.5425162127437058, 0.42035443157194036, 0.03712935568435387]"
99,COMPLETE,[0.08710879970935496],2025-09-17T09:30:11.652688,2025-09-17T09:39:03.524875,531.872187,0.0480971052662876,0.2,0.04501873935370115,50.0,3,2.275914605076629,0.9333195023182929,0.7212472610086746,0.7253531354957896,,,,,,,,32.0,7.0,39.0,5.313644836881201,random,"[0.3921642500573088, 0.3030552672656942, 0.3047804826769969]"
100,COMPLETE,[0.4363737056931562],2025-09-17T09:39:03.539836,2025-09-17T09:52:54.052765,830.512929,0.0514480014612553,0.2,0.050070817678263824,50.0,10,0.020044008985706463,0.3628669486133697,0.6893608322202361,0.4116596034789967,0.4037595564265732,0.025056092746715823,0.4792103324922896,0.022789062708233436,0.5013104746498293,0.07352173749248983,0.30222479312254436,58.0,12.0,70.0,5.532656149850862,random,"[0.11090881097426475, 0.21070034216656955, 0.12582208802003475, 0.12340747068281728, 0.007658293114923728, 0.14646869434209933, 0.006965384579241899, 0.15322351314943733, 0.02247162084398675, 0.09237378212662471]"
101,COMPLETE,[0.240312775814225],2025-09-17T09:52:54.069238,2025-09-17T10:03:07.096951,613.027713,0.046016432128256055,0.2,0.030402028538652856,50.0,5,2.418224221785434,0.4185312706388252,0.9802720858747641,0.338750337029922,0.7582675972303484,0.6634661796444357,,,,,,20.0,6.0,26.0,6.037072633036699,random,"[0.1324764759641866, 0.31028264919019044, 0.10722365096616893, 0.2400122193153738, 0.21000500456408025]"
102,COMPLETE,[0.1492028304133993],2025-09-17T10:03:07.111964,2025-09-17T10:16:07.395303,780.283339,0.046700039114808786,0.2,0.03302027336058231,50.0,9,0.2943506653060568,0.7199511953348523,0.46213602178363217,0.4800083876054948,0.7697235968434056,0.5159343900906999,0.07456619634689213,0.6428129459328565,0.7064099629128433,0.18490260543244033,,25.0,8.0,33.0,5.977392143404318,random,"[0.15800720684040767, 0.10142468330566105, 0.10534711946722482, 0.168930722477392, 0.113231775180573, 0.01636499319097037, 0.14107772688739612, 0.15503532162646166, 0.0405804510239134]"
103,COMPLETE,[0.06631952389717809],2025-09-17T10:16:07.411730,2025-09-17T10:26:44.448771,637.037041,0.05039850197676796,0.2,0.048761874351538656,50.0,6,1.9941767174590845,0.20949507864584635,0.2704407105291474,0.5042863274015693,0.7536963330509324,0.43492416167760767,0.9087284336930687,,,,,31.0,9.0,40.0,5.3924512877151,random,"[0.06798320583453257, 0.08776066057867177, 0.1636458546753604, 0.24458184544350806, 0.14113715222744952, 0.2948912812404777]"
104,COMPLETE,[0.33602850890507885],2025-09-17T10:26:44.464785,2025-09-17T10:35:40.178980,535.714195,0.047506638844595196,0.2,0.04789673697555044,50.0,3,0.06630390190781155,0.09763593370744605,0.9993362332598578,0.2604693467287484,,,,,,,,55.0,9.0,64.0,5.640716890448257,random,"[0.07192643861436224, 0.7361910057832675, 0.19188255560237025]"
105,COMPLETE,[0.10308736001501588],2025-09-17T10:35:40.194744,2025-09-17T10:46:57.469450,677.274706,0.05125269078852364,0.2,0.04749791809923057,50.0,7,0.6320530575912882,0.6474036871520368,0.7645331817936498,0.07733001671868271,0.018777466946562404,0.0908453903953251,0.6565929142744951,0.41134666681378335,,,,37.0,10.0,47.0,5.549726756205768,random,"[0.24276157506699417, 0.2866824565359955, 0.028996987553726733, 0.0070411206209973305, 0.03406494355470976, 0.24620732505910448, 0.1542455916084721]"
106,COMPLETE,[0.09167017503871752],2025-09-17T10:46:57.485465,2025-09-17T10:57:41.904261,644.418796,0.04506342144006943,0.2,0.05466718855073652,50.0,6,0.5981145659453616,0.4102163167011434,0.8296187980621481,0.5123728224505105,0.9155335291376662,0.6758574615916251,0.6983847137626185,,,,,34.0,6.0,40.0,5.510207111665226,random,"[0.10148886117907015, 0.20525040960137336, 0.12676271550527352, 0.2265059956430977, 0.16720935102706505, 0.1727826670441202]"
107,COMPLETE,[0.07269806154570316],2025-09-17T10:57:41.920093,2025-09-17T11:10:42.167645,780.247552,0.0488955118978055,0.2,0.036655164551023404,50.0,9,0.8118021050340226,0.5650255481937141,0.905146554238226,0.6319830539190623,0.5278917807456963,0.8730180162683502,0.6666203490817468,0.46783976837308616,0.6811740768656748,0.6868783566883044,,26.0,9.0,35.0,5.825357234708763,random,"[0.09408346620823828, 0.15071765431034867, 0.1052326863584375, 0.08790025278355543, 0.14536787105528676, 0.1110002074898288, 0.07790087931299838, 0.11342357606234801, 0.11437340641895823]"
108,COMPLETE,[0.3389473334070356],2025-09-17T11:10:42.184123,2025-09-17T11:23:45.290122,783.105999,0.04961398747639171,0.2,0.037053992128299636,50.0,9,0.009576364494589762,0.1994565790271515,0.19387561837301598,0.47018270609106005,0.5287940901004521,0.7672138030971227,0.940120422312879,0.6275300797834295,0.13290147415728992,0.5727128201709383,,54.0,13.0,67.0,5.767179185784265,random,"[0.04499574474017702, 0.04373672645046561, 0.10606930655137264, 0.11929154713435232, 0.1730770507229008, 0.21208334542657198, 0.14156556491864025, 0.029981466823215737, 0.12919924723230358]"
109,COMPLETE,[0.07902225013226385],2025-09-17T11:23:45.305556,2025-09-17T11:32:41.180134,535.874578,0.04837072433982904,0.2,0.030562460310088285,50.0,3,1.9435681876570556,0.560967559914516,0.9184788813267956,0.4485555054767507,,,,,,,,24.0,7.0,31.0,5.739532451924129,random,"[0.2909579841811996, 0.4763889802550638, 0.2326530355637366]"
110,COMPLETE,[0.059779814719608707],2025-09-17T11:32:41.195147,2025-09-17T11:45:45.158042,783.962895,0.04923883985566175,0.2,0.035964563502736885,50.0,9,2.06153959992227,0.04565515206551897,0.3694325350445242,0.8165125629462328,0.44875899462110735,0.06865129126552585,0.7984704600104633,0.998485637318431,0.4977756043161554,0.3503209453430611,,26.0,8.0,34.0,5.721826916318053,random,"[0.01039019016450854, 0.08407538072725154, 0.18582176198968206, 0.10212848016485888, 0.015623646817871343, 0.18171574389557385, 0.22723515701756483, 0.11328367016882965, 0.07972596905385933]"
111,COMPLETE,[0.06624185841283152],2025-09-17T11:45:45.175046,2025-09-17T11:56:57.563904,672.388858,0.04995594519084222,0.2,0.04607255002056854,50.0,7,1.5760286008557827,0.9325390156940069,0.8521023060001183,0.7865481131431827,0.012404872978205035,0.4868261417978554,0.34489790606957427,0.05747473498376461,,,,33.0,7.0,40.0,5.405947956820723,random,"[0.26852708795126573, 0.24536512362057583, 0.22648861956592442, 0.0035720161421490117, 0.14018288135455673, 0.09931426867799968, 0.016550002687528556]"
112,COMPLETE,[0.07355284777267425],2025-09-17T11:56:57.579918,2025-09-17T12:09:08.506190,730.926272,0.05084667004013435,0.2,0.04454074891016242,50.0,8,1.392637658663039,0.25173187376285866,0.22738903837779592,0.9145344593338506,0.5663336595853137,0.06867692665752823,0.3126339626452084,0.6614515058282444,0.49575779107344115,,,33.0,8.0,41.0,5.4487210210567,random,"[0.07195404045832629, 0.0649959809325897, 0.2614069029233534, 0.16187856724532926, 0.019630340351434634, 0.0893620520141666, 0.1890666751895784, 0.1417054408852217]"
113,COMPLETE,[0.06672060207832997],2025-09-17T12:09:08.522204,2025-09-17T12:18:03.953052,535.430848,0.04921670719664304,0.2,0.03285313558271757,50.0,3,1.2926881321678099,0.24095359141404413,0.17172412165308412,0.575030703130063,,,,,,,,27.0,10.0,37.0,5.807056008766667,random,"[0.24395214970603116, 0.17386115055518594, 0.5821866997387829]"
114,COMPLETE,[0.07556102726318215],2025-09-17T12:18:03.969066,2025-09-17T12:28:20.961832,616.992766,0.051374407652034666,0.2,0.03773796625766064,50.0,5,1.772726790811399,0.7540448239911727,0.4875989647999691,0.8719572929065167,0.7206259917643271,0.02590579193318584,,,,,,29.0,8.0,37.0,5.46174926367431,random,"[0.2636397885966706, 0.17048122858187564, 0.3048660093579402, 0.2519554250374874, 0.0090575484260262]"
115,COMPLETE,[0.09199360426952219],2025-09-17T12:28:20.977729,2025-09-17T12:41:24.276671,783.298942,0.04791669651961711,0.2,0.040060694576074855,50.0,9,2.6276802793874445,0.584930266158714,0.8676075733516777,0.38671514484291314,0.09491617328345367,0.6557005758009515,0.026632069016755855,0.9082376805719078,0.47659882433522427,0.2768679632266049,,24.0,7.0,31.0,5.45651856095996,random,"[0.13672325015742942, 0.20279704120773775, 0.09039188865237777, 0.022185974046175158, 0.1532653019347757, 0.006225054925435903, 0.21229403706311614, 0.11140155340609549, 0.06471589860685675]"
116,COMPLETE,[0.07068738090478703],2025-09-17T12:41:24.292685,2025-09-17T12:51:08.191822,583.899137,0.046888285695977916,0.2,0.04552425911167708,50.0,4,2.2568242050991745,0.7363226846739074,0.4985292478225417,0.2428402785297163,0.4837541377720517,,,,,,,30.0,6.0,36.0,5.368297529856673,random,"[0.3753978206567078, 0.254164100959474, 0.12380674020398526, 0.24663133817983296]"
117,COMPLETE,[0.15092779546018514],2025-09-17T12:51:08.207351,2025-09-17T13:02:17.260175,669.052824,0.051976993759798557,0.2,0.046831778548577986,50.0,7,0.11500449749927033,0.6234623193045452,0.15307874968817037,0.9711932612907087,0.5160376415920428,0.12826127238164067,0.878280966498881,0.021910288871279694,,,,42.0,11.0,53.0,5.580490202940533,random,"[0.18937418130966796, 0.04649705683968432, 0.29499606159928127, 0.15674436589924726, 0.03895884755008714, 0.2667743243506985, 0.0066551624513335236]"
118,COMPLETE,[0.06732083424317833],2025-09-17T13:02:17.276721,2025-09-17T13:14:32.422039,735.145318,0.05241873228734246,0.2,0.043171220379202714,50.0,8,2.752319685714556,0.8421455039659793,0.21996866362483541,0.9518136945505019,0.7589014961559333,0.7714264826553549,0.2169480422251948,0.8414947772183196,0.08645630845936744,,,31.0,10.0,41.0,5.335695608738428,random,"[0.17959429994516204, 0.04691008616388821, 0.20298192336834145, 0.1618418459608221, 0.164512900038286, 0.0462659143632753, 0.17945552723409114, 0.018437502926133706]"
119,COMPLETE,[0.07477491273935911],2025-09-17T13:14:32.437888,2025-09-17T13:23:30.015318,537.57743,0.049900475576697606,0.2,0.04409402614288914,50.0,3,1.509394347161765,0.5836230174611895,0.9973949311238274,0.5434168831655696,,,,,,,,32.0,9.0,41.0,5.5351103572385645,random,"[0.27471919060010414, 0.46948718605877376, 0.25579362334112205]"
120,COMPLETE,[0.05822957678095911],2025-09-17T13:23:30.032619,2025-09-17T13:32:35.045678,545.013059,0.04994355451431131,0.2,0.038442263113460225,50.0,3,1.110122126780209,0.3464167462118836,0.7260117259527075,0.6489877364926832,,,,,,,,30.0,9.0,39.0,5.724134778708882,random,"[0.20123938909701156, 0.4217525792434623, 0.3770080316595262]"
121,COMPLETE,[0.05661320452735714],2025-09-17T13:32:35.060495,2025-09-17T13:46:30.404786,835.344291,0.05075034282607802,0.2,0.03792632881880322,50.0,10,1.4304234216625165,0.5207353720023645,0.8463360930942091,0.3318314914095516,0.40981552991068937,0.47201843578965363,0.8373181480802601,0.9038354149590938,0.24886883859650566,0.05822372637502159,0.11747420336292658,29.0,8.0,37.0,5.647855773098689,random,"[0.10971032586663901, 0.17830900983166204, 0.06991140416554883, 0.08634135061504314, 0.09944647356375279, 0.17640907804419112, 0.19042316546247756, 0.05243254606554871, 0.012266775673815063, 0.02474987071132163]"
122,COMPLETE,[0.10602091600386673],2025-09-17T13:46:30.421067,2025-09-17T13:55:29.560219,539.139152,0.04505865523589084,0.2,0.03677671601721081,50.0,3,1.7020523295375456,0.11488619180806972,0.18554187376709264,0.6790742084384788,,,,,,,,32.0,7.0,39.0,5.802643076708291,random,"[0.11729037783374227, 0.1894246483030714, 0.6932849738631863]"
123,COMPLETE,[0.140509601928861],2025-09-17T13:55:29.575231,2025-09-17T14:04:26.605759,537.030528,0.05236283837705515,0.2,0.051189139981638807,50.0,3,0.506394220082023,0.6095580586463901,0.32118824632927634,0.4251256805096471,,,,,,,,40.0,11.0,51.0,5.455382352608739,random,"[0.4495690339292674, 0.23688685197984374, 0.3135441140908888]"
124,COMPLETE,[0.11362751587408164],2025-09-17T14:04:26.622146,2025-09-17T14:15:15.390534,648.768388,0.045917101353843914,0.2,0.05151294254348869,50.0,6,2.7908997321586364,0.4702936002015682,0.7690058308500741,0.571115537509926,0.1922781231414753,0.2709717600908974,0.8124577150035338,,,,,33.0,5.0,38.0,5.222007262266215,random,"[0.15238979982885137, 0.24918188250963907, 0.18505925320476918, 0.06230411105836467, 0.08780330470545429, 0.26326164869292146]"
125,COMPLETE,[0.11006581980909874],2025-09-17T14:15:15.406547,2025-09-17T14:25:37.702912,622.296365,0.05168250501751913,0.2,0.05331913590055416,50.0,5,0.5787341285028034,0.07095964891513548,0.38511745865133196,0.31994237753515425,0.7365016560864479,0.3885144875236132,,,,,,39.0,10.0,49.0,5.4920799166802965,random,"[0.03732683798421195, 0.20258297784367307, 0.16829899066751144, 0.38742127972928597, 0.20436991377531755]"
126,COMPLETE,[0.05601755273723607],2025-09-17T14:25:37.718980,2025-09-17T14:35:55.877949,618.158969,0.05015117857562882,0.2,0.043650142765788665,50.0,5,0.9019302497524235,0.2723689460392826,0.35977919535695907,0.747556528998778,0.5823105494264376,0.3043449516362017,,,,,,31.0,9.0,40.0,5.6256690295655964,random,"[0.12017902073530641, 0.15874758120442933, 0.3298489527010928, 0.2569364555378291, 0.1342879898213423]"
127,COMPLETE,[0.07196796177705936],2025-09-17T14:35:55.893928,2025-09-17T14:49:52.288375,836.394447,0.05149264669266615,0.2,0.03741869886066873,50.0,10,2.939706039205735,0.5017351354751552,0.7375501220263451,0.8854629276261942,0.6614862125197806,0.3248615166129529,0.9713901669357184,0.9676926646935733,0.5754889794053567,0.29512192591465014,0.6509861960051422,26.0,8.0,34.0,5.440220642074705,random,"[0.07634696422091018, 0.1122299571947391, 0.13473723818523956, 0.10065562610449041, 0.04943283583700285, 0.14781243145220715, 0.14724979780064826, 0.08756978216919101, 0.0449074850962428, 0.09905788193932868]"
128,COMPLETE,[0.06602445262962077],2025-09-17T14:49:52.305391,2025-09-17T15:00:09.876267,617.570876,0.05230737062563219,0.2,0.03770025524538957,50.0,5,2.03390187959332,0.5998438833614281,0.1172459046668663,0.21387674966077602,0.1874939086765611,0.3479327842104477,,,,,,29.0,11.0,40.0,5.427846981431866,random,"[0.4090607286326443, 0.07995529590709152, 0.14585224836093494, 0.1278605934391168, 0.23727113366021252]"
129,COMPLETE,[0.04451368555804246],2025-09-17T15:00:09.893114,2025-09-17T15:12:37.370929,747.477815,0.05199310471758169,0.2,0.03878470845484726,50.0,8,0.7356842315790902,0.7787368714513301,0.6491444044430568,0.8023078337284132,0.4166186295530163,0.4136182148387706,0.953702597045017,0.14220327242622288,0.6674944405882876,,,30.0,11.0,41.0,5.675031743726855,random,"[0.16143551380592705, 0.13457043618623227, 0.16632187599783058, 0.08636683967161536, 0.08574484075416024, 0.19770666372207557, 0.02947935200015281, 0.13837447786200618]"
130,COMPLETE,[0.08573144358219367],2025-09-17T15:12:37.388346,2025-09-17T15:22:56.056938,618.668592,0.05135237463032971,0.2,0.048780391328962974,50.0,5,2.007586700984258,0.8345785569874847,0.2500737052586416,0.5746947286748263,0.2398356421459187,0.251009076442532,,,,,,34.0,9.0,43.0,5.266592438223888,random,"[0.3881414635246202, 0.1163029808703427, 0.26727604154233814, 0.11154151561706124, 0.1167379984456378]"
131,COMPLETE,[0.04582612071003058],2025-09-17T15:22:56.072933,2025-09-17T15:33:13.643459,617.570526,0.04708952232983321,0.2,0.042898878102588356,50.0,5,0.8952252243018999,0.5977609040826505,0.5352255797163998,0.04012903862345795,0.45842696766028956,0.46371694651666073,,,,,,29.0,7.0,36.0,5.720430931450791,random,"[0.28529207106342785, 0.25544597025419175, 0.019152300628024446, 0.21879246056722332, 0.22131719748713272]"
132,COMPLETE,[0.05018536698925412],2025-09-17T15:33:13.660001,2025-09-17T15:43:01.513508,587.853507,0.04836573387651631,0.2,0.04096572575063085,50.0,4,2.043972244803706,0.02646412834519673,0.3944422731750368,0.5495523397548355,0.75510950937231,,,,,,,28.0,7.0,35.0,5.662479142384182,random,"[0.015336471527723241, 0.22858688610378314, 0.3184761538980917, 0.43760048847040195]"
133,COMPLETE,[0.13533517461624392],2025-09-17T15:43:01.529547,2025-09-17T15:56:10.845029,789.315482,0.04573572061989887,0.2,0.03444490470807613,50.0,9,0.4637870546078613,0.6544500222128904,0.7100981913685648,0.9857737383831164,0.36213972384399823,0.5677702884296012,0.7446535125384671,0.997943861453645,0.8461311376288722,0.5843471919023742,,25.0,7.0,32.0,5.98789008491481,random,"[0.10141311338405483, 0.1100363143874214, 0.1527548025189776, 0.05611691592717976, 0.08798128303505243, 0.11539098255899001, 0.154640676197576, 0.13111588369726238, 0.09055002829348562]"
134,COMPLETE,[0.14899233306043294],2025-09-17T15:56:10.862044,2025-09-17T16:07:26.041793,675.179749,0.050482902401996724,0.2,0.04708471624569078,50.0,7,2.849122818729353,0.5377575789070816,0.1748137883403476,0.7106861879546926,0.048537343619878486,0.1454202739519092,0.6227365753645587,0.7803472267990007,,,,37.0,8.0,45.0,5.1874105368657375,random,"[0.1780477970457263, 0.05787963039121546, 0.23530325767481558, 0.01607037714565439, 0.0481476420574953, 0.20618375218216656, 0.25836754350292646]"
135,COMPLETE,[0.08587561386471157],2025-09-17T16:07:26.057569,2025-09-17T16:20:34.895917,788.838348,0.045687799187991755,0.2,0.04560099331846041,50.0,9,2.4315302866132638,0.2687520416889312,0.27769590032967756,0.5089678148189779,0.01343086565683819,0.5980117907911181,0.6550148170079408,0.43204277271590946,0.06760388530200787,0.6714768965793054,,27.0,5.0,32.0,5.5642584203600265,random,"[0.07694024880052681, 0.07950076035880647, 0.1457109313757651, 0.003845083887547418, 0.17120307507234922, 0.1875223074470811, 0.12368828238970961, 0.019354121822967307, 0.19223518884524696]"
136,COMPLETE,[0.07017295676856193],2025-09-17T16:20:34.912466,2025-09-17T16:31:21.684353,646.771887,0.045051186811006325,0.2,0.038536568378663795,50.0,6,0.9590071652341956,0.5542265741551907,0.21475426864416597,0.9894725103204566,0.2504088395097047,0.10895892592750274,0.4730891927026545,,,,,27.0,6.0,33.0,5.850746489180008,random,"[0.21391191032225704, 0.08288757341806809, 0.38190149076962243, 0.09664898025279708, 0.042054302479705666, 0.1825957427575496]"
137,COMPLETE,[0.04821735249597548],2025-09-17T16:31:21.700360,2025-09-17T16:41:11.817861,590.117501,0.04567322595675472,0.2,0.041880592789009144,50.0,4,1.4270724400435504,0.23928546364969136,0.28913293196371753,0.7272858154799267,0.6615868732190392,,,,,,,28.0,6.0,34.0,5.652038292585091,random,"[0.12480393071639913, 0.15080283548463555, 0.37932988967127207, 0.3450633441276933]"
138,COMPLETE,[0.0855817896798621],2025-09-17T16:41:11.834699,2025-09-17T16:51:26.562498,614.727799,0.04805056406860136,0.2,0.03956141186863709,50.0,5,2.778261266734287,0.42877856318416235,0.26113603917544204,0.6142027010581596,0.8276087895483913,0.5683997228851343,,,,,,25.0,7.0,32.0,5.554364977132112,random,"[0.1587994754418427, 0.0967125448904727, 0.22747188203321375, 0.30650749112869197, 0.21050860650577888]"
139,COMPLETE,[0.05323596069131647],2025-09-17T16:51:26.578384,2025-09-17T17:01:05.074418,578.496034,0.04691871667622043,0.2,0.03824425313055693,50.0,4,0.9932476535205814,0.3511883546960806,0.4638525831253419,0.38025639864273086,0.020768656190587806,,,,,,,27.0,8.0,35.0,5.741642113687769,random,"[0.28879054000138304, 0.381437015694128, 0.3126938841638105, 0.017078560140678423]"
140,COMPLETE,[0.04109587031464222],2025-09-17T17:01:05.090693,2025-09-17T17:10:04.700222,539.609529,0.04735596069213438,0.2,0.04289887244391206,50.0,3,2.5593841628792307,0.35675557303782685,0.8533079128123296,0.2221013341036739,,,,,,,,29.0,8.0,37.0,5.649810729973406,random,"[0.2491023156464127, 0.5958168368078182, 0.15508084754576915]"
141,COMPLETE,[0.08226008143881167],2025-09-17T17:10:04.716422,2025-09-17T17:20:48.981622,644.2652,0.04776580408739686,0.2,0.05148939817679431,50.0,6,0.25922957595042984,0.9644262014346586,0.010635188161808817,0.5322474379991896,0.21032518122479435,0.6205827276468815,0.1274857601172524,,,,,36.0,9.0,45.0,5.631180402771414,random,"[0.39113648251180017, 0.004313248729942217, 0.21586036382590448, 0.08530030752539297, 0.2516859712420673, 0.05170362616489286]"
142,COMPLETE,[0.046315868588275265],2025-09-17T17:20:48.997198,2025-09-17T17:32:06.352238,677.35504,0.04916973627956201,0.2,0.034912976389335895,50.0,7,1.666656613091369,0.6401132516046911,0.5871458600522709,0.6026218213036117,0.10625976348261244,0.581106223422697,0.3243981374525271,0.8256693914498784,,,,27.0,7.0,34.0,5.720372874421794,random,"[0.17454550476839553, 0.16010240415829924, 0.16432237532999372, 0.028974816576828055, 0.15845552148326647, 0.08845659186969367, 0.2251427858135234]"
143,COMPLETE,[0.13511634484837506],2025-09-17T17:32:06.368417,2025-09-17T17:41:52.360549,585.992132,0.049410026041788596,0.2,0.032860622297494944,50.0,4,0.27347760019295764,0.08713057467331443,0.1697109807595074,0.6420892110230223,0.22940870118675094,,,,,,,30.0,11.0,41.0,5.9212345193423905,random,"[0.07722017812188531, 0.15040773244782382, 0.5690567683185979, 0.20331532111169298]"
144,COMPLETE,[0.09729877576667928],2025-09-17T17:41:52.376761,2025-09-17T17:52:37.011255,644.634494,0.04969069606161502,0.2,0.031937280935314845,50.0,6,0.7123831042331152,0.2068065887333626,0.21741300931698002,0.46859988368950306,0.8017806928408362,0.09061802199006846,0.38364749761549805,,,,,24.0,10.0,34.0,5.939919681842158,random,"[0.09535241821921842, 0.10024272590956938, 0.21605758482215298, 0.3696774286162804, 0.041781297123641425, 0.17688854530913745]"
145,COMPLETE,[0.14979458912110039],2025-09-17T17:52:37.026267,2025-09-17T18:04:53.880967,736.8547,0.051252099085717914,0.2,0.04254177177258839,50.0,8,0.08151332703744396,0.28396911988409346,0.9675567561657187,0.9139804239570555,0.7728219039871866,0.43587232775851625,0.8883625215206813,0.3121556435525702,0.6083297022114571,,,42.0,11.0,53.0,5.690542424387837,random,"[0.05478805097340767, 0.18667716017188585, 0.17634032206352193, 0.14910566996262928, 0.08409574717447689, 0.17139768976220432, 0.06022626445289442, 0.11736909543897965]"
146,COMPLETE,[0.08115464384052408],2025-09-17T18:04:53.898293,2025-09-17T18:15:43.349770,649.451477,0.052085106555647236,0.2,0.04035288363456117,50.0,6,0.1467247730157949,0.3819905428484348,0.6480980022323916,0.4874213151129624,0.09728436874047172,0.2829431019238783,0.5507497836506269,,,,,35.0,12.0,47.0,5.694993190354024,random,"[0.15601084464970635, 0.2646932460424314, 0.19907040238222884, 0.03973244056054167, 0.11555833814573474, 0.224934728219357]"
147,COMPLETE,[0.11907281654705341],2025-09-17T18:15:43.365785,2025-09-17T18:25:53.283423,609.917638,0.04749018977549211,0.2,0.03196888042283941,50.0,5,2.88191753738865,0.42798466489207837,0.7897837795810474,0.6161135645130364,0.9058320373538399,0.2321756941364945,,,,,,21.0,6.0,27.0,5.672558649349787,random,"[0.1440109500238248, 0.2657513732169679, 0.20731373580981244, 0.30480001495903536, 0.0781239259903595]"
148,COMPLETE,[0.039154392949510904],2025-09-17T18:25:53.299710,2025-09-17T18:35:33.719557,580.419847,0.04519034560968749,0.2,0.04509731891320738,50.0,4,2.4510927452627675,0.08204835740731832,0.9691929616679228,0.40060485910606086,0.37380673869285064,,,,,,,28.0,6.0,34.0,5.679584313158195,random,"[0.04494192551550265, 0.5308747093764986, 0.21943100761560347, 0.20475235749239523]"
149,COMPLETE,[0.048188486495763676],2025-09-17T18:35:33.735300,2025-09-17T18:48:42.084555,788.349255,0.0474045795953779,0.2,0.04446221005480615,50.0,9,2.9419099720031894,0.20199863285238948,0.09816839846971363,0.3070625360014171,0.5148016845646305,0.7386365294370277,0.39154909227392626,0.054825751420134926,0.9904349044779719,0.2581105195492786,,26.0,6.0,32.0,5.701478878741902,random,"[0.05681159630024066, 0.02760960975106204, 0.08636054901910324, 0.14478665060838136, 0.20773962541445415, 0.11012217581812629, 0.015419601670344703, 0.2785572712068202, 0.07259292021146732]"
150,COMPLETE,[0.11084717826298823],2025-09-17T18:48:42.101427,2025-09-17T18:59:57.748189,675.646762,0.046302776168313985,0.2,0.053956112904699316,50.0,7,1.9632791555329352,0.2876876462412727,0.044412777486610724,0.3157192620470268,0.21762073950686053,0.09291467552427596,0.7001460244320273,0.46817299684021196,,,,38.0,5.0,43.0,5.3887472802717005,random,"[0.13527584845022272, 0.020883677957772143, 0.14845681280895595, 0.10232914260234252, 0.04369013313307982, 0.3292211143980121, 0.22014327064961475]"
151,COMPLETE,[0.07729329135370215],2025-09-17T18:59:57.765204,2025-09-17T19:09:50.409261,592.644057,0.049305445216492036,0.2,0.039766129730808245,50.0,4,0.29533652778957553,0.26692674530119553,0.1775315735067195,0.22857092093934409,0.17534569320470622,,,,,,,30.0,10.0,40.0,5.78519078201779,random,"[0.3146329941319811, 0.2092607485336572, 0.26942205864572105, 0.20668419868864069]"
152,COMPLETE,[0.07917942107373828],2025-09-17T19:09:50.423917,2025-09-17T19:19:38.649147,588.22523,0.04800968641639758,0.2,0.050284771124831554,50.0,4,2.6044327307114905,0.34613480224107396,0.7052700598315548,0.9021739195294849,0.8424813760401935,,,,,,,30.0,6.0,36.0,5.315703973969766,random,"[0.12379376076548426, 0.2522370836349431, 0.3226589803740903, 0.3013101752254824]"
153,COMPLETE,[0.10858925461269667],2025-09-17T19:19:38.664985,2025-09-17T19:31:52.594500,733.929515,0.0467342297952176,0.2,0.03711225170282681,50.0,8,0.19060567807575657,0.11856378128825924,0.9867227029813521,0.14067865714891548,0.05654210135044467,0.5342579082421554,0.6435065123360817,0.537519887229429,0.28333723659737003,,,31.0,9.0,40.0,5.864369409061904,random,"[0.035916133217497995, 0.298904637351654, 0.04261531924943348, 0.017128111320627568, 0.16184097703728692, 0.1949352945078424, 0.16282911751818774, 0.08583040979746995]"
154,COMPLETE,[0.06222235253533204],2025-09-17T19:31:52.612516,2025-09-17T19:44:08.663664,736.051148,0.048723411080019416,0.2,0.04441197586351338,50.0,8,1.1084543960383975,0.8386989421622923,0.8853595873797324,0.15000058909535938,0.5654930757381389,0.807512225023742,0.5963182472352299,0.048610905947871895,0.674089381231378,,,31.0,7.0,38.0,5.565744682343837,random,"[0.18368018072509676, 0.1938991464533623, 0.032851043358744475, 0.12384643061857213, 0.1768500995693214, 0.1305973310750224, 0.010646084716281916, 0.14762968348359856]"
155,COMPLETE,[0.0548940727409621],2025-09-17T19:44:08.679828,2025-09-17T19:53:50.762588,582.08276,0.04687238443970702,0.2,0.03586799562060412,50.0,4,2.0930454321768748,0.9426084002935539,0.431030313724889,0.15410448127904017,0.3906047818640665,,,,,,,25.0,7.0,32.0,5.6559172205917445,random,"[0.4913646593399953, 0.22468828328145948, 0.08033187050196086, 0.20361518687658436]"
156,COMPLETE,[0.03639677174872864],2025-09-17T19:53:50.778237,2025-09-17T20:04:05.236880,614.458643,0.05250593743805447,0.2,0.036898678314473916,50.0,5,0.6016947850317498,0.6540114920225791,0.5289247854563431,0.5739201006535825,0.7763160713757102,0.6705444459763575,,,,,,28.0,13.0,41.0,5.726740957435975,random,"[0.20414147484266326, 0.16509723009602617, 0.17914195273074376, 0.24231731351477293, 0.20930202881579382]"
157,COMPLETE,[0.03510605671708215],2025-09-17T20:04:05.252894,2025-09-17T20:17:10.161229,784.908335,0.050123434928862676,0.2,0.041318330176565,50.0,9,1.676462155461916,0.1619548406763273,0.5203545055445544,0.5847579343444561,0.7190027306155474,0.45070312734721457,0.8508253914101775,0.824622784743005,0.9948915044142426,0.10697377455088997,,29.0,8.0,37.0,5.66575419492623,random,"[0.031061018601738627, 0.09979782579342437, 0.1121496399881445, 0.13789620055249613, 0.08643951711435238, 0.16317822424486472, 0.15815287489621727, 0.19080839693505666, 0.020516301873705366]"
158,COMPLETE,[0.05217519559858529],2025-09-17T20:17:10.177242,2025-09-17T20:31:07.170693,836.993451,0.050533651741693844,0.2,0.05292917927141611,50.0,10,2.046318648497654,0.6018560404874115,0.8219761392876115,0.09720435346829079,0.8718323858564957,0.7249101400770069,0.696972442313185,0.27003480996403695,0.314121497082693,0.9634232507569004,0.9250232091279514,31.0,8.0,39.0,5.351850198587757,random,"[0.09572484940291191, 0.13073482170648634, 0.015460295271812889, 0.13866442841232898, 0.11529653159801871, 0.11085305719350809, 0.042948877768872434, 0.04996083943613249, 0.1532319016276403, 0.14712439758228782]"
159,COMPLETE,[0.07800141532677382],2025-09-17T20:31:07.187496,2025-09-17T20:42:23.076660,675.889164,0.04995368629808117,0.2,0.04934821844223146,50.0,7,1.7718583824995173,0.821399378918999,0.7137735351974176,0.28505652547037674,0.02132911419381668,0.7800135573968335,0.7831726400616807,0.9797293557798183,,,,35.0,8.0,43.0,5.403405578512556,random,"[0.18734273686416597, 0.16279570086974943, 0.06501498663523643, 0.004864691562363589, 0.17790356114730807, 0.1786240769007915, 0.2234542460203849]"
160,COMPLETE,[0.06575445410513696],2025-09-17T20:42:23.092664,2025-09-17T20:51:25.512437,542.419773,0.05004808506916994,0.2,0.033081948375843134,50.0,3,2.6069222301619956,0.26866567330754537,0.7109381691991329,0.8966516994474107,,,,,,,,25.0,10.0,35.0,5.610396654360717,random,"[0.14319247421261955, 0.37891329475232494, 0.47789423103505557]"
161,COMPLETE,[0.058797304014610065],2025-09-17T20:51:25.527450,2025-09-17T21:01:40.673002,615.145552,0.048853768962339277,0.2,0.04752411786363386,50.0,5,1.0007125526929774,0.459224370655064,0.5620654660844553,0.7787411996657071,0.15219113400296128,0.7767298010085181,,,,,,32.0,9.0,41.0,5.566208127326727,random,"[0.1682786562259147, 0.2059638542457254, 0.2853627355198311, 0.05576907750558648, 0.28462567650294235]"
162,COMPLETE,[0.07309307777662573],2025-09-17T21:01:40.688995,2025-09-17T21:10:42.512800,541.823805,0.04538619836534466,0.2,0.0499483372097447,50.0,3,1.8892630859232042,0.10320261287227739,0.4665487131598928,0.7936568919058421,,,,,,,,34.0,7.0,41.0,5.515476228271947,random,"[0.07569458032778964, 0.34219297421097444, 0.582112445461236]"
163,COMPLETE,[0.1417104041413249],2025-09-17T21:10:42.528444,2025-09-17T21:24:39.021248,836.492804,0.04695855702725281,0.2,0.030077961134135446,50.0,10,1.372515269515854,0.9900950680243377,0.42505839125791045,0.2948973533013339,0.907703938388247,0.6308197703536595,0.5350645185033017,0.855133851249258,0.7749425963755303,0.4249826499219323,0.44728532992617576,20.0,6.0,26.0,5.87400214279438,random,"[0.1575083792654874, 0.06762003009854725, 0.04691347898627565, 0.14440126085439528, 0.1003533931699067, 0.08512025545192578, 0.13603819604322498, 0.12328104272093816, 0.0676079808565516, 0.07115598255274713]"
164,COMPLETE,[0.07426179923826014],2025-09-17T21:24:39.037070,2025-09-17T21:34:57.226008,618.188938,0.051998774970319066,0.2,0.030916733373939784,50.0,5,0.3966183057263727,0.1413726839179713,0.2178980229234556,0.20826644566931263,0.4756700997252487,0.0732022404682679,,,,,,24.0,13.0,37.0,5.910899575211595,random,"[0.1266315673969478, 0.19517750820592328, 0.1865502282364449, 0.42607135001427004, 0.06556934614641408]"
165,COMPLETE,[0.06210756553388574],2025-09-17T21:34:57.241948,2025-09-17T21:48:53.796802,836.554854,0.050240407033576344,0.2,0.0491574973576402,50.0,10,0.5216212397213112,0.43187481139107264,0.7457791531780026,0.04748921982029855,0.3522177181957638,0.8105339781480518,0.7806336379448365,0.537628959672579,0.6044603138382478,0.4166285796666836,0.7860128901140873,35.0,9.0,44.0,5.58225408931898,random,"[0.07833384770604539, 0.13527010389704971, 0.008613638061224229, 0.06388557139428508, 0.14701539318839993, 0.14159204217542157, 0.09751563170285409, 0.1096375637561262, 0.07556847227203355, 0.1425677358465603]"
166,COMPLETE,[0.08488807323326465],2025-09-17T21:48:53.812722,2025-09-17T21:59:09.176664,615.363942,0.050763681994769196,0.2,0.05290312424352024,50.0,5,0.7424076388947839,0.40489680340622985,0.6149493698091308,0.315389956774903,0.8772961291859929,0.236813654967513,,,,,,36.0,10.0,46.0,5.491396121503188,random,"[0.1653081343342113, 0.25106677103389125, 0.12876497147817337, 0.35817567625709323, 0.09668444689663083]"
167,COMPLETE,[0.10375952961220539],2025-09-17T21:59:09.192678,2025-09-17T22:10:21.275342,672.082664,0.049186428580505065,0.2,0.04795574789171146,50.0,7,0.12949740052320424,0.46029556726698234,0.5121968922394897,0.7974558732193742,0.9558008748397515,0.2917535661975957,0.6869833618776826,0.370401634529379,,,,40.0,9.0,49.0,5.6324699408827925,random,"[0.1129590784405212, 0.1256959506931621, 0.19570008260277932, 0.23455882192304323, 0.07159793904836936, 0.16858951721484575, 0.09089861007727904]"
168,COMPLETE,[0.06655554066479603],2025-09-17T22:10:21.292229,2025-09-17T22:20:06.536408,585.244179,0.05234062983500235,0.2,0.03156314486607971,50.0,4,0.6275497704992977,0.4971161354611847,0.8163382762864131,0.6057803526383291,0.5535770244982756,,,,,,,24.0,13.0,37.0,5.861924445822217,random,"[0.2010327424415493, 0.33012551944148016, 0.2449763283082992, 0.2238654098086713]"
169,COMPLETE,[0.04132395954322505],2025-09-17T22:20:06.552158,2025-09-17T22:31:14.429722,667.877564,0.04708447336860745,0.2,0.03801600611996962,50.0,7,1.23998410076011,0.3537401164220537,0.7483610401078499,0.6282433939571341,0.9215130504569384,0.7426013829616918,0.8819243957185452,0.9635837808602321,,,,27.0,7.0,34.0,5.666555100798098,random,"[0.06750807888447716, 0.14281788743856602, 0.11989452886171366, 0.17586237131527035, 0.14171870933882663, 0.16830723718448065, 0.18389118697666548]"
170,COMPLETE,[0.0857106864676095],2025-09-17T22:31:14.445178,2025-09-17T22:42:27.501273,673.056095,0.04971780902438296,0.2,0.030472917983793705,50.0,7,1.013217452891852,0.27058338698937984,0.6591056978395587,0.2304000777882093,0.38697684420034273,0.9425462695040783,0.10140414337400194,0.8571765094687891,,,,22.0,10.0,32.0,5.864961076560036,random,"[0.07847106949869925, 0.1911452495203879, 0.06681762955880917, 0.11222598391387667, 0.27334499225149106, 0.029407908854617474, 0.2485871664021185]"
171,COMPLETE,[0.060105023069030955],2025-09-17T22:42:27.517287,2025-09-17T22:51:23.730438,536.213151,0.049017079183837735,0.2,0.04166668185865657,50.0,3,0.7368385383553098,0.43482259262137724,0.231201861293327,0.7329368535816772,,,,,,,,32.0,10.0,42.0,5.713281025541162,random,"[0.3108181693742105, 0.16526680191540968, 0.5239150287103799]"
172,COMPLETE,[0.053761964022904445],2025-09-17T22:51:23.745909,2025-09-17T23:01:13.443136,589.697227,0.050090344086954224,0.2,0.034679609486834975,50.0,4,0.2700816887429326,0.8269330953123722,0.9896284087373999,0.815547655136733,0.7964621912163684,,,,,,,26.0,11.0,37.0,5.844643727016894,random,"[0.24118882496501162, 0.2886416257958621, 0.2378680715047398, 0.23230147773438645]"
173,COMPLETE,[0.079433884486152],2025-09-17T23:01:13.459479,2025-09-17T23:11:36.197261,622.737782,0.04816548690302907,0.2,0.04663161413837012,50.0,5,0.16281307074938722,0.9934654765304208,0.1273875872105494,0.25107676760934167,0.6455569821096446,0.09860301192335942,,,,,,36.0,9.0,45.0,5.68455260074639,random,"[0.4694817132115178, 0.06019951784772368, 0.11865128058250586, 0.3050706895170228, 0.046596798841229775]"
174,COMPLETE,[0.05682198639279304],2025-09-17T23:11:36.213141,2025-09-17T23:23:56.062932,739.849791,0.04729439715488072,0.2,0.045001338566528125,50.0,8,2.1594724749995224,0.2758042918351233,0.2446205068611121,0.11614091517076557,0.33803247818131255,0.14732280558809704,0.9789926330824456,0.6109955990240551,0.7573882382204357,,,30.0,7.0,37.0,5.557288513449318,random,"[0.07949860004280185, 0.07051009869289668, 0.033476782041104755, 0.09743542642359657, 0.04246473729869667, 0.28218757316799464, 0.17611507939754167, 0.21831170293536717]"
175,COMPLETE,[0.07195161573457577],2025-09-17T23:23:56.078904,2025-09-17T23:32:52.616282,536.537378,0.05202451819750707,0.2,0.045020244931097714,50.0,3,2.6729526730866358,0.6111151314030804,0.8069160024152825,0.5766374079286535,,,,,,,,34.0,9.0,43.0,5.278855807567154,random,"[0.306374276534105, 0.4045363856335503, 0.28908933783234464]"
176,COMPLETE,[0.08076972153197774],2025-09-17T23:32:52.632296,2025-09-17T23:43:03.893636,611.26134,0.0462718234798178,0.2,0.03108712449280808,50.0,5,1.8948697783291446,0.2785993260435444,0.880486053196668,0.6995738971466049,0.48053271984282436,0.2466753924100064,,,,,,22.0,6.0,28.0,5.843078238873011,random,"[0.10773921635250897, 0.3404993067567424, 0.27053742207353915, 0.18583038014784628, 0.09539367466936323]"
177,COMPLETE,[0.04202211498641277],2025-09-17T23:43:03.909867,2025-09-17T23:52:01.597227,537.68736,0.048659845292767845,0.2,0.03602636961122484,50.0,3,2.057131073190587,0.222203442913345,0.5606816155883916,0.20365553000991649,,,,,,,,26.0,9.0,35.0,5.683640519075183,random,"[0.22523497309783552, 0.5683310166024342, 0.20643401029973021]"
178,COMPLETE,[0.04303437310339247],2025-09-17T23:52:01.612241,2025-09-18T00:04:14.830133,733.217892,0.05075927710859217,0.2,0.03520723014215376,50.0,8,1.8867002843821505,0.43943385176147864,0.67176794089943,0.20685076077339173,0.6145364206146,0.7753562587142796,0.8789716374461438,0.5318207237264795,0.6821914630146994,,,25.0,9.0,34.0,5.682087097362551,random,"[0.09153100296812179, 0.1399245714591187, 0.04308556913040099, 0.1280036454037808, 0.16150129475289046, 0.18308365464672308, 0.11077454330564221, 0.14209571833332188]"
179,COMPLETE,[0.07467546046212134],2025-09-18T00:04:14.845955,2025-09-18T00:18:11.298228,836.452273,0.04596337391126393,0.2,0.042105228607669104,50.0,10,0.5747753960975223,0.48917627673237746,0.7803930498157376,0.42720835411506347,0.7079477588438919,0.6351997380718221,0.44646257116101074,0.20980061311642037,0.2955877158554244,0.9216711052102913,0.4801098237212923,28.0,7.0,35.0,5.879720610379788,random,"[0.09069641354116609, 0.14468986771707704, 0.07920716395300245, 0.13125804695711962, 0.11777009815404496, 0.08277701906387483, 0.038898376870404, 0.05480385494977512, 0.17088372368643812, 0.08901543510709783]"
180,COMPLETE,[0.05835360690253453],2025-09-18T00:18:11.315290,2025-09-18T00:28:24.666155,613.350865,0.04597378512549337,0.2,0.03179422567072551,50.0,5,0.9845877873755421,0.6631606544526436,0.3289947181755758,0.1153290618240943,0.23120933208958833,0.16444629203041794,,,,,,25.0,6.0,31.0,5.762267145779367,random,"[0.44118354152740263, 0.21887163228691706, 0.07672542632762622, 0.15381755730014313, 0.10940184255791091]"
181,COMPLETE,[0.058035782681737015],2025-09-18T00:28:24.681766,2025-09-18T00:37:21.531916,536.85015,0.04941951598945693,0.2,0.04531609504042319,50.0,3,2.413612344831239,0.6592937489384967,0.6992385853279247,0.4882075931883578,,,,,,,,32.0,7.0,39.0,5.302504140074013,random,"[0.3570041125645402, 0.37863403229258813, 0.26436185514287175]"
182,COMPLETE,[0.15175878002103646],2025-09-18T00:37:21.547930,2025-09-18T00:46:16.513587,534.965657,0.04699853269141695,0.2,0.04511421972217284,50.0,3,2.6880978604162795,0.7071808706909422,0.14564720650683075,0.217550610592171,,,,,,,,40.0,6.0,46.0,5.267506654076097,random,"[0.6606828767780198, 0.1360707272746197, 0.2032463959473604]"
183,COMPLETE,[0.18175432475189982],2025-09-18T00:46:16.528600,2025-09-18T00:55:15.545913,539.017313,0.04788825102731657,0.2,0.03656686627988675,50.0,3,2.9384666476249826,0.9351962198989013,0.15507652217385987,0.1622420031000664,,,,,,,,43.0,7.0,50.0,5.327321748039094,random,"[0.7466548585580594, 0.12381213296811265, 0.129533008473828]"
184,COMPLETE,[0.06595177315091802],2025-09-18T00:55:15.561044,2025-09-18T01:05:33.361892,617.800848,0.049463955644171255,0.2,0.04236824836058444,50.0,5,1.7899327035288608,0.1915358933700799,0.16630859977458673,0.9879038635595957,0.5437589610706568,0.08055568577499568,,,,,,30.0,8.0,38.0,5.487634831755021,random,"[0.09722323246766511, 0.08441790921148733, 0.5014580050381447, 0.27601094994974346, 0.04088990333295941]"
185,COMPLETE,[0.05581853860322801],2025-09-18T01:05:33.377906,2025-09-18T01:17:49.741830,736.363924,0.052882146168344434,0.2,0.035186725837863066,50.0,8,0.7587208365092107,0.4141755558120316,0.37312054902566844,0.04642360218589372,0.9664809146475692,0.9771475590185842,0.2789374663548156,0.04287248918972029,0.46921588297231,,,28.0,13.0,41.0,5.799200243461277,random,"[0.11606842600656561, 0.1045631839648439, 0.013009735508671743, 0.2708463040716961, 0.2738355210970422, 0.0781693468379292, 0.012014572732275618, 0.13149290978097564]"
186,COMPLETE,[0.05343363571119693],2025-09-18T01:17:49.757845,2025-09-18T01:31:44.399641,834.641796,0.04829723223906142,0.2,0.03658453607098759,50.0,10,0.538445072799915,0.14927530365676434,0.9607348389606235,0.2355779921119354,0.2378169594563107,0.992760990748361,0.1970898625636079,0.5031109168134167,0.37541278460023486,0.3833620719134978,0.8008253719381452,26.0,9.0,35.0,5.87702361592109,random,"[0.03086772527467303, 0.19866446990476397, 0.04871372935198043, 0.0491767116885902, 0.20528696157466494, 0.04075500490037578, 0.10403522339230353, 0.0776293091741766, 0.07927309358395042, 0.16559777115452115]"
187,COMPLETE,[0.2203908833238843],2025-09-18T01:31:44.416655,2025-09-18T01:41:29.123427,584.706772,0.04740901065286744,0.2,0.05300384141545096,50.0,4,2.918249564062666,0.7786263020148985,0.7642129526634153,0.8561865804602204,0.13247016956196073,,,,,,,33.0,6.0,39.0,5.0407603173635085,random,"[0.3075755602889126, 0.301881950927207, 0.3382136803180605, 0.052328808465819984]"
188,COMPLETE,[0.05834719366674352],2025-09-18T01:41:29.138441,2025-09-18T01:52:16.841351,647.70291,0.04872471435873567,0.2,0.04405123854753495,50.0,6,2.4550970528247835,0.056124563350641615,0.6643626231806833,0.6746318589000766,0.483033214978505,0.19261637750866395,0.943217949727891,,,,,30.0,7.0,37.0,5.47832171231265,random,"[0.01862137130293859, 0.22042653603825943, 0.22383372960756204, 0.16026389001143243, 0.06390750984033833, 0.31294696319946924]"
189,COMPLETE,[0.06482549331174954],2025-09-18T01:52:16.857366,2025-09-18T02:06:12.436062,835.578696,0.052663215282698704,0.2,0.03774931852659173,50.0,10,2.28616261190334,0.9663449052520603,0.5869250049877632,0.4245262773734038,0.1349764570535698,0.6567381387872508,0.6069252419999842,0.3421444236915172,0.6165889503280649,0.3698045857974425,0.08544859047784242,27.0,10.0,37.0,5.483651875692516,random,"[0.2017243552049245, 0.12252050747235126, 0.08861979724346897, 0.028176315329022632, 0.13709398876665516, 0.12669555397314858, 0.07142259754360582, 0.12871285164893242, 0.07719665226812063, 0.01783738054976998]"
190,COMPLETE,[0.07984368304864252],2025-09-18T02:06:12.451968,2025-09-18T02:17:02.393496,649.941528,0.05121973925801766,0.2,0.05361784748076212,50.0,6,0.6481049060447973,0.1805349400276799,0.6197391232269462,0.09269321801719803,0.4736742984170276,0.9129767910526896,0.10642484662747012,,,,,38.0,10.0,48.0,5.512802085184898,random,"[0.07566289609236336, 0.2597350788600997, 0.03884808847653937, 0.19851874222937507, 0.3826321268645713, 0.044603067477051096]"
191,COMPLETE,[0.07092348905690772],2025-09-18T02:17:02.409178,2025-09-18T02:28:14.132369,671.723191,0.04502036224774508,0.2,0.04191203532369526,50.0,7,2.3912654691540034,0.7516570951269844,0.7077677116233336,0.4347820716369401,0.07897503278853331,0.6613952627834468,0.315097233865666,0.5092181815379035,,,,26.0,5.0,31.0,5.526490980469812,random,"[0.2173114879133768, 0.20462263378745668, 0.12569978986165484, 0.02283246176287942, 0.1912159009555391, 0.0910977215177742, 0.14722000420131895]"
192,COMPLETE,[0.10911156433266472],2025-09-18T02:28:14.148801,2025-09-18T02:38:30.503183,616.354382,0.04923795446443054,0.2,0.054420534980768445,50.0,5,1.4467029115911,0.8576230982418495,0.08654448054053686,0.8567203423211472,0.07084926921102895,0.5964343271304114,,,,,,37.0,7.0,44.0,5.208698322255166,random,"[0.3474730553286881, 0.03506420843480393, 0.3471072963389576, 0.02870516441433187, 0.24165027548321852]"
193,COMPLETE,[0.07480182286336001],2025-09-18T02:38:30.519170,2025-09-18T02:48:12.768099,582.248929,0.05256728422552138,0.2,0.03302128132647075,50.0,4,2.2417534069268696,0.33926120126112946,0.6585039605755212,0.9826113644395474,0.8361491734753526,,,,,,,23.0,11.0,34.0,5.505237665575979,random,"[0.12045379216353544, 0.2338000894625633, 0.3488735659419777, 0.2968725524319236]"
194,COMPLETE,[0.06665848144245637],2025-09-18T02:48:12.784113,2025-09-18T02:59:22.731457,669.947344,0.05291332818711493,0.2,0.030894137865417906,50.0,7,0.9186090698661465,0.8957457147031187,0.9359956880604215,0.464148924757079,0.9856052396803712,0.48934631998364425,0.7736638163754305,0.03616892076557533,,,,23.0,13.0,36.0,5.816084413437932,random,"[0.1955488630312809, 0.2043357725278768, 0.10132763464408046, 0.21516595709425015, 0.10682843906549792, 0.16889735242640772, 0.007895981210606083]"
195,COMPLETE,[0.07274887905042021],2025-09-18T02:59:22.747038,2025-09-18T03:08:18.871485,536.124447,0.04826189566153868,0.2,0.033984963106491094,50.0,3,1.3082650525432247,0.5735995804407645,0.029914439421104222,0.6030082433972592,,,,,,,,30.0,10.0,40.0,5.822099433985285,random,"[0.4754156619466963, 0.024793939019656052, 0.49979039903364764]"
196,COMPLETE,[0.062071430660101456],2025-09-18T03:08:18.887259,2025-09-18T03:17:58.714724,579.827465,0.04670051924756815,0.2,0.049511655095839935,50.0,4,0.2031822506730897,0.9803595563685065,0.8309507811311803,0.6222742828758,0.9203269305327698,,,,,,,35.0,8.0,43.0,5.648073682882771,random,"[0.2923033423773564, 0.24775572298743373, 0.18553687938111693, 0.27440405525409295]"
197,COMPLETE,[0.04785549631033043],2025-09-18T03:17:58.729737,2025-09-18T03:31:52.466896,833.737159,0.050350623996537995,0.2,0.047955145993571216,50.0,10,1.2349912112122883,0.24220845102996424,0.6016182316351475,0.7124731354604288,0.5234872729236997,0.32603035985952394,0.8851607560908077,0.562831960237211,0.723763314656623,0.9946793443481834,0.9757840968931369,30.0,8.0,38.0,5.533350075903076,random,"[0.03698947545244023, 0.09187764801838291, 0.10880713469149898, 0.07994568128872001, 0.04979055000554948, 0.13517956090984543, 0.08595430460214445, 0.110531342928063, 0.1519049687752834, 0.14901933332807202]"
198,COMPLETE,[0.06071127173279085],2025-09-18T03:31:52.482992,2025-09-18T03:44:08.872682,736.38969,0.04846037609285358,0.2,0.04953428405791534,50.0,8,1.0367144092506155,0.7697104707958533,0.6021218782875294,0.3117065613144673,0.3862475424203075,0.7924354349460722,0.501090511081372,0.22208674411537613,0.5504392843354153,,,33.0,7.0,40.0,5.473347978655596,random,"[0.18610748082318454, 0.14558641225284463, 0.07536719985413708, 0.09339038485427448, 0.19160212587513697, 0.12115814480908917, 0.053698119019740025, 0.133090132511593]"
199,COMPLETE,[0.06456600341292268],2025-09-18T03:44:08.888697,2025-09-18T03:56:25.474181,736.585484,0.04650069809889436,0.2,0.043836802599243385,50.0,8,2.2587720213565246,0.6438165152557505,0.19386776508875173,0.4117996292660643,0.46010726081607084,0.28153465467267297,0.3912025578014146,0.41771932866185796,0.5955044805922527,,,27.0,6.0,33.0,5.55086450129081,random,"[0.18960583693669603, 0.05709462087982874, 0.12127618895609849, 0.13550292699935923, 0.08291277493043321, 0.11521029148226856, 0.12301955765161456, 0.17537780216370122]"
200,COMPLETE,[0.08466861780177722],2025-09-18T03:56:25.489888,2025-09-18T04:10:19.318380,833.828492,0.0509936004039453,0.2,0.034160987279853734,50.0,10,2.6358253016712876,0.14415332033107656,0.2884070719556812,0.17956066273568105,0.49793982906383993,0.6944156042496584,0.11297228636302721,0.680864559895368,0.2823473564428231,0.5734903200152414,0.4846543621617252,22.0,8.0,30.0,5.61961276620305,random,"[0.03659823389888527, 0.07322196570487992, 0.04558759464399657, 0.1264189981180801, 0.17630107061700417, 0.028681865606078473, 0.17286067611403014, 0.07168350037372463, 0.14560006541964904, 0.12304602950367162]"
201,COMPLETE,[0.04661211701177475],2025-09-18T04:10:19.335646,2025-09-18T04:24:13.011507,833.675861,0.048111219846774606,0.2,0.03601604357330621,50.0,10,0.9388945511018998,0.17554865468662226,0.5327867436747445,0.5432870666683435,0.16265448710944977,0.7292994268648906,0.9446788619006642,0.6146289254685402,0.6560046203104607,0.02903553276949826,0.10605781583856627,26.0,8.0,34.0,5.764750777850846,random,"[0.03906305129876188, 0.11855559893990374, 0.12089212869847546, 0.03619384372539103, 0.16228356164071386, 0.21020975016388868, 0.13676710475588802, 0.14597401604220403, 0.006460980906327763, 0.023599963828445498]"
202,COMPLETE,[0.0580116434574458],2025-09-18T04:24:13.027623,2025-09-18T04:37:18.310827,785.283204,0.048997711715004624,0.2,0.05312124907124121,50.0,9,0.49436335580136836,0.7879526486194924,0.16350172786659703,0.16529963147762083,0.03275941499151274,0.8602260106534106,0.057396915287733066,0.17231536605309503,0.4394598755801244,0.7679947340336085,,35.0,9.0,44.0,5.5297587036169435,random,"[0.2285970590510158, 0.04743434038269566, 0.04795593959129952, 0.009504005014021998, 0.24956466165712288, 0.016651718927988744, 0.04999131099825624, 0.12749400018459, 0.22280696419300916]"
203,COMPLETE,[0.10183860415380515],2025-09-18T04:37:18.326724,2025-09-18T04:49:36.718012,738.391288,0.047567326736218454,0.2,0.03341390897223433,50.0,8,0.3955207427260812,0.39568407069253797,0.5835888082324644,0.7365253029934606,0.9444225521921116,0.25886366306745406,0.3085083133816304,0.22170203330342472,0.8235064774720525,,,24.0,9.0,33.0,6.0057876198523985,random,"[0.09260530743082339, 0.13658225084716402, 0.17237527908291417, 0.22103123999225144, 0.060584064097081045, 0.07220282372163098, 0.051886811910746636, 0.1927322229173883]"
204,COMPLETE,[0.053970327975407587],2025-09-18T04:49:36.734031,2025-09-18T04:59:50.077126,613.343095,0.04523304493443209,0.2,0.048827773519514686,50.0,5,1.749593413841336,0.6727555026138711,0.6664708912131351,0.9965819182108386,0.46368131470537,0.05381242244162764,,,,,,30.0,6.0,36.0,5.361533481876597,random,"[0.23578138276880645, 0.23357880789506272, 0.3492731933149354, 0.16250691539573905, 0.018859700625456485]"
205,COMPLETE,[0.051962708026610634],2025-09-18T04:59:50.093094,2025-09-18T05:09:37.290306,587.197212,0.048562596077345546,0.2,0.0470002847723507,50.0,4,2.1926355526925496,0.2629299555107971,0.9056586026277544,0.8959574702311351,0.3204877472068332,,,,,,,32.0,7.0,39.0,5.463160690497935,random,"[0.11024160672409793, 0.3797256927352465, 0.37565818958457337, 0.13437451095608222]"
206,COMPLETE,[0.08229958685383036],2025-09-18T05:09:37.306320,2025-09-18T05:20:49.324347,672.018027,0.048777180927670485,0.2,0.041768923945433356,50.0,7,2.51521233365909,0.903716595441785,0.4605428123261772,0.8740026831412165,0.6179490910090973,0.5918653561053719,0.041338914781720054,0.187159604191301,,,,27.0,7.0,34.0,5.3417083116031865,random,"[0.24580392931785147, 0.1252640855107108, 0.23772197482489976, 0.1680773767512554, 0.16098280245333998, 0.011243865320538051, 0.050905965821404574]"
207,COMPLETE,[0.04323622194031181],2025-09-18T05:20:49.340572,2025-09-18T05:34:44.438156,835.097584,0.04823910623568261,0.2,0.05107437442972715,50.0,10,1.3774477995978782,0.7382078195122106,0.4082078167920312,0.2331298812987356,0.02288330313069911,0.8693018209481818,0.41044409194386716,0.8577856116449526,0.47838801039371665,0.020323332416630015,0.9180183525958987,32.0,7.0,39.0,5.445230427177759,random,"[0.14893160828176283, 0.08235492101424266, 0.04703337900606301, 0.004616650010976678, 0.1753794999917855, 0.08280608401485072, 0.17305613314642665, 0.09651360211508896, 0.004100182228432122, 0.1852079401903709]"
208,COMPLETE,[0.06617976263932449],2025-09-18T05:34:44.454170,2025-09-18T05:47:01.304159,736.849989,0.050471685249588186,0.2,0.052171868270577994,50.0,8,0.6956934086723436,0.7361928789432037,0.8764796357005445,0.3345219665375147,0.6824598255982935,0.945446029165164,0.12623666656460375,0.7956486463699672,0.7219322066273706,,,36.0,9.0,45.0,5.4934603264912205,random,"[0.1410623618393267, 0.16794279196706274, 0.0640979558979931, 0.1307665390590899, 0.18115748424121889, 0.02418828386643546, 0.15245471731854346, 0.13832986581032977]"
209,COMPLETE,[0.056099901216135103],2025-09-18T05:47:01.320352,2025-09-18T05:57:42.184841,640.864489,0.04762018021617567,0.2,0.038840767459846215,50.0,6,1.822459019174073,0.6498411099335416,0.08162980738674817,0.8175792562538428,0.29361026702280346,0.38280289432361825,0.5478066037391043,,,,,28.0,7.0,35.0,5.570967393485229,random,"[0.23432306421913424, 0.029434497611941973, 0.2948069514823302, 0.1058715067472687, 0.1380330450300953, 0.19753093490922966]"
210,COMPLETE,[0.047575058990222935],2025-09-18T05:57:42.199829,2025-09-18T06:07:55.171861,612.972032,0.04990180602159598,0.2,0.03750646452829249,50.0,5,0.39292300806922553,0.1749965460072745,0.08466031034302399,0.12049538397614806,0.34837836937341005,0.01690269755908203,,,,,,28.0,11.0,39.0,5.796156145136601,random,"[0.2347581524774644, 0.11357194469124496, 0.16164475453776844, 0.4673501518927904, 0.02267499640073179]"
211,COMPLETE,[0.055968183521660726],2025-09-18T06:07:55.188012,2025-09-18T06:20:09.254036,734.066024,0.04520425075350734,0.2,0.04657468223416672,50.0,8,2.9631874108375955,0.40352467799633407,0.5386947953223342,0.893111464360157,0.5154073005303467,0.5549726096414322,0.7338613029215845,0.29057957540357005,0.47925758565100085,,,25.0,6.0,31.0,5.486838319834531,random,"[0.09151445226779348, 0.12216937853273599, 0.20254673612737323, 0.11688806007370188, 0.1258609873555863, 0.16643075092921134, 0.06589988700395492, 0.10868974770964296]"
212,COMPLETE,[0.12184089273269158],2025-09-18T06:20:09.269987,2025-09-18T06:31:24.702604,675.432617,0.05212855744423717,0.2,0.04337828978953633,50.0,7,2.720289562268837,0.5307329491483695,0.9772581900473339,0.8250825182291128,0.9683727348737429,0.5448733426427088,0.20471563998451914,0.04316670485689252,,,,26.0,10.0,36.0,5.275092072446444,random,"[0.129630374565327, 0.23869319857783056, 0.20152461997501314, 0.2365229453757554, 0.13308413508295389, 0.050001352154895456, 0.010543374268224645]"
213,COMPLETE,[0.048899489090456986],2025-09-18T06:31:24.718619,2025-09-18T06:42:38.437411,673.718792,0.04639306891340615,0.2,0.035694740636116405,50.0,7,1.5013659695196075,0.46879679447091366,0.43853354812736817,0.3497315746606762,0.12170134151608188,0.6171463567974141,0.1111247014292756,0.9721284530490717,,,,24.0,6.0,30.0,5.66211936404803,random,"[0.15224813674373544, 0.14241973577776568, 0.11358008678927557, 0.03952416634151302, 0.20042667532877198, 0.03608925858357342, 0.3157119404353649]"
214,COMPLETE,[0.044976244832558104],2025-09-18T06:42:38.453622,2025-09-18T06:53:49.143401,670.689779,0.04523375089697594,0.2,0.050979083193209665,50.0,7,2.8901477480056172,0.09613359757994103,0.11002192388008461,0.19288009542195345,0.5472388227011826,0.9748934759711269,0.16336964578221153,0.18613150153296257,,,,29.0,6.0,35.0,5.55634081892834,random,"[0.04233712395696105, 0.048453526618735455, 0.0849441684726216, 0.24100333758440012, 0.42934194679128895, 0.0719478009603742, 0.08197209561561855]"
215,COMPLETE,[0.0557762544321367],2025-09-18T06:53:49.159409,2025-09-18T07:03:34.170765,585.011356,0.04904326760138174,0.2,0.03013106703311822,50.0,4,1.2578358217442336,0.32283757853033973,0.5433910111302848,0.59826951564867,0.2005218967177739,,,,,,,23.0,9.0,32.0,5.8910053599663055,random,"[0.19389411426727793, 0.3263570470437212, 0.35931671386548536, 0.12043212482351548]"
216,COMPLETE,[0.06783370874300981],2025-09-18T07:03:34.186779,2025-09-18T07:14:45.637368,671.450589,0.05203849818453241,0.2,0.04506652746049962,50.0,7,1.2574943755699213,0.5170327439062858,0.31025927407652126,0.896630106786402,0.07274700878919885,0.34183535094184603,0.8531724952479991,0.37339552073970406,,,,36.0,9.0,45.0,5.469307870172092,random,"[0.15364683638504453, 0.09219987802091387, 0.2664519432066872, 0.021618258976188496, 0.10158335396704758, 0.2535376266408179, 0.11096210280330047]"
217,COMPLETE,[0.05593333792507261],2025-09-18T07:14:45.653704,2025-09-18T07:23:43.303878,537.650174,0.04729105323997303,0.2,0.036591264856938366,50.0,3,2.8647435047921954,0.8143186749784774,0.4578945320692153,0.04988612894198422,,,,,,,,34.0,8.0,42.0,5.424332535287894,random,"[0.6159285106734489, 0.3463389774161347, 0.037732511910416495]"
218,COMPLETE,[0.043469595830119674],2025-09-18T07:23:43.319703,2025-09-18T07:36:00.871829,737.552126,0.0489003524867226,0.2,0.0322195291395395,50.0,8,2.651621659046158,0.6691752072087789,0.2659991900989358,0.7863269857710968,0.15177136789191034,0.3784535568155076,0.3809301200227886,0.7522841004561319,0.6169662885184127,,,24.0,8.0,32.0,5.67796678754511,random,"[0.16721409014381114, 0.06646811189689977, 0.19648807975071456, 0.03792476307928953, 0.09456830809460992, 0.09518715389004287, 0.18798141358542736, 0.15416807955920492]"
219,COMPLETE,[0.037657497091417066],2025-09-18T07:36:00.887297,2025-09-18T07:47:13.585345,672.698048,0.0501392176820287,0.2,0.03837781092082707,50.0,7,0.568165090717133,0.6930611228428148,0.32135986602931244,0.7826415667920069,0.16064449349276952,0.798871852616424,0.4472824603408041,0.9264418856521272,,,,29.0,10.0,39.0,5.7299957474705945,random,"[0.1677990891389475, 0.07780539266774408, 0.18948767677416262, 0.03889411596585527, 0.19341723953282802, 0.1082928863837546, 0.22430359953670795]"
220,COMPLETE,[0.0896974691901585],2025-09-18T07:47:13.601182,2025-09-18T07:56:58.612204,585.011022,0.04534141125930761,0.2,0.030899574587714446,50.0,4,1.9702134383334375,0.7841019545729152,0.6464190149598439,0.9968840951463322,0.2943469556210011,,,,,,,21.0,6.0,27.0,5.627975297210554,random,"[0.2880872132085209, 0.23750106921517838, 0.3662655847083448, 0.10814613286795585]"
221,COMPLETE,[0.04263071160742551],2025-09-18T07:56:58.628218,2025-09-18T08:07:17.470409,618.842191,0.04708868428857546,0.2,0.03457084737249408,50.0,5,1.1090421699408122,0.8719226895744954,0.11142786237237683,0.05826559758076863,0.06874008849105974,0.7004161184058303,,,,,,26.0,8.0,34.0,5.767233463478452,random,"[0.48151977054484885, 0.06153609644914021, 0.03217720735245663, 0.037961750546485484, 0.3868051751070688]"
222,COMPLETE,[0.10505971971191122],2025-09-18T08:07:17.485898,2025-09-18T08:18:09.565209,652.079311,0.0512220395049345,0.2,0.05083062283248896,50.0,6,2.761465859531656,0.5608984058121083,0.6183731800996609,0.5423417371854653,0.7899402881278468,0.6845660347966023,0.9292755849444826,,,,,33.0,9.0,42.0,5.1672376737275725,random,"[0.1359623440687272, 0.14989428781465822, 0.13146418871930704, 0.19148232930468653, 0.16593950311914166, 0.22525734697347932]"
223,COMPLETE,[0.1161299140904128],2025-09-18T08:18:09.581316,2025-09-18T08:29:29.121350,679.540034,0.04517113420077606,0.2,0.03458375351990567,50.0,7,2.9908661595920023,0.9382919794525569,0.7265882715522661,0.6722435740259707,0.40631656853301296,0.3276193816483806,0.08560831343954531,0.06603413648276693,,,,22.0,5.0,27.0,5.38461506131339,random,"[0.29115069091231266, 0.22545932599216237, 0.20859624224137388, 0.12607946380030668, 0.10165983660954199, 0.026564140109461228, 0.020490300334841206]"
224,COMPLETE,[0.056989898287972934],2025-09-18T08:29:29.137333,2025-09-18T08:40:13.371291,644.233958,0.04941840677434663,0.2,0.04050549778846081,50.0,6,2.8151744208920215,0.7531762383496676,0.31485815020988595,0.3891737179413165,0.832733103046084,0.3539196714149843,0.3657746239467995,,,,,27.0,8.0,35.0,5.503522595222373,random,"[0.25025496845755296, 0.10461670514464293, 0.12930925266749788, 0.2766890215402796, 0.11759552638109788, 0.12153452580892882]"
225,COMPLETE,[0.05758657244658173],2025-09-18T08:40:13.387276,2025-09-18T08:54:09.339914,835.952638,0.04935528857811703,0.2,0.03474866073758215,50.0,10,0.30048116855493323,0.09525100061747538,0.8250928233882859,0.2774596183031308,0.4728734210088914,0.7991290491418108,0.169659723038407,0.5127641632187555,0.7053641294705256,0.13779646404957713,0.7763995346232986,27.0,11.0,38.0,5.888750974958926,random,"[0.019961272829994554, 0.17291055055543858, 0.058145815837643014, 0.099097703012262, 0.16746945305440936, 0.035554734311207044, 0.10745740509917098, 0.14781961072931302, 0.02887731148304077, 0.16270614308752063]"
226,COMPLETE,[0.05013956238938054],2025-09-18T08:54:09.356886,2025-09-18T09:07:12.726726,783.36984,0.046526652502221204,0.2,0.0366773186105942,50.0,9,0.7385902465825482,0.8144044761780124,0.7806142951573584,0.557942996568785,0.36698607180752735,0.28056131576148435,0.46971121737369753,0.7812742499733473,0.3030033664502,0.34966119812537033,,26.0,7.0,33.0,5.897681727308726,random,"[0.17312434459278278, 0.16594130089154266, 0.11860631716369736, 0.07801310652726666, 0.05964111854743649, 0.09985019610565712, 0.16608159266095326, 0.06441180121243778, 0.07433022229822593]"
227,COMPLETE,[0.06590761799834391],2025-09-18T09:07:12.743741,2025-09-18T09:17:28.374936,615.631195,0.04591185978530942,0.2,0.048568361559686635,50.0,5,0.3374316351838257,0.34512368229698076,0.3916282091141865,0.8730074815615296,0.848833547439167,0.916027191656833,,,,,,35.0,7.0,42.0,5.713580455889205,random,"[0.10227038032005753, 0.11605105052079835, 0.2586980023142107, 0.25153454885291315, 0.2714460179920203]"
228,COMPLETE,[0.030316522616130718],2025-09-18T09:17:28.391057,2025-09-18T09:29:41.945090,733.554033,0.052586414200274816,0.2,0.03693832368584182,50.0,8,0.5718213936514094,0.8032051895694129,0.5826107614418309,0.5869844108378367,0.3118703745547767,0.9723429225130762,0.8764371641111087,0.8520337136544284,0.03253595375525312,,,29.0,12.0,41.0,5.704622175914123,random,"[0.16006415101333096, 0.11610370315387246, 0.1169752917423089, 0.06215007992675058, 0.19377021763182525, 0.17465794844425933, 0.16979478566858247, 0.006483822419070075]"
229,COMPLETE,[0.09451069047290092],2025-09-18T09:29:41.961028,2025-09-18T09:38:40.117301,538.156273,0.04906713015267706,0.2,0.048451022101665464,50.0,3,1.848482844117243,0.5758765695388882,0.16064472859307305,0.6274926039978795,,,,,,,,38.0,7.0,45.0,5.341491942075979,random,"[0.42219259542713256, 0.11777352733885937, 0.4600338772340081]"
230,COMPLETE,[0.04992042022348182],2025-09-18T09:38:40.133142,2025-09-18T09:50:56.235687,736.102545,0.049556597899725954,0.2,0.04660791729935222,50.0,8,1.0851983373521703,0.5744465878464143,0.9873110153948278,0.1990087688279182,0.0991847527098339,0.8175629062801251,0.6316063007986049,0.3500722068974726,0.37341098884097546,,,32.0,8.0,40.0,5.588810888140289,random,"[0.1424505493573381, 0.24483215586119428, 0.049349946620352976, 0.024595711438301936, 0.20273823119117115, 0.1566249437804525, 0.0868104698371253, 0.09259799191406379]"
231,COMPLETE,[0.08256575192439919],2025-09-18T09:50:56.251514,2025-09-18T10:01:42.156147,645.904633,0.04688535442821363,0.2,0.033744124701688374,50.0,6,0.35196491570593624,0.8213683774216092,0.7192797788440544,0.36177061009626865,0.22402121256349367,0.97639476727826,0.22251000220270203,,,,,25.0,8.0,33.0,5.993640952585256,random,"[0.2470024732970124, 0.21630231848555143, 0.10879191105512917, 0.06736781582446506, 0.29362211775070235, 0.06691336358713965]"
232,COMPLETE,[0.044835805342370055],2025-09-18T10:01:42.172316,2025-09-18T10:13:57.698426,735.52611,0.05223705495903912,0.2,0.040968342514452145,50.0,8,0.8667966175764003,0.9446198773515991,0.7282237234958298,0.052032398833638145,0.8981453700594806,0.7283150630176993,0.1812856847694871,0.15791564534923994,0.3416231341247463,,,30.0,12.0,42.0,5.586454913997043,random,"[0.23427137494786238, 0.18060383553576212, 0.01290434587377924, 0.22274541939220077, 0.18062648828306135, 0.04495993324678327, 0.03916402380338162, 0.08472457891716928]"
233,COMPLETE,[0.05527547146150697],2025-09-18T10:13:57.715518,2025-09-18T10:26:15.682140,737.966622,0.047564075897446476,0.2,0.039849166813091974,50.0,8,2.133171361272509,0.16283799280194278,0.21345959628455266,0.015596469896315118,0.9547579051936705,0.26002202569627725,0.7744972422353203,0.5903590905215255,0.9681734076516513,,,26.0,7.0,33.0,5.5419653600752365,random,"[0.04133254781326355, 0.05418163671645273, 0.0039587925803755, 0.24234256445611213, 0.06600040091789193, 0.19658768660252252, 0.14984860053915264, 0.24574777037422896]"
234,COMPLETE,[0.04036973068752221],2025-09-18T10:26:15.698146,2025-09-18T10:36:32.965817,617.267671,0.04910317574874187,0.2,0.0457351969427503,50.0,5,2.6427210044095024,0.11207049496793721,0.21771302426035183,0.6047513538323248,0.7451812653645594,0.7715903680192349,,,,,,26.0,9.0,35.0,5.64689237046762,random,"[0.045718678865049066, 0.08881509663846243, 0.24670572702452853, 0.3039935085251482, 0.3147669889468118]"
235,COMPLETE,[0.04982085156219093],2025-09-18T10:36:32.981832,2025-09-18T10:46:17.523655,584.541823,0.04879347744901533,0.2,0.04234400659687905,50.0,4,0.9804660151941984,0.19064737703052143,0.5509519840999018,0.19907312942757874,0.4069194219920153,,,,,,,29.0,9.0,38.0,5.784675531151773,random,"[0.1414726337068644, 0.4088418600385839, 0.1477250847037789, 0.30196042155077274]"
236,COMPLETE,[0.04246605301971839],2025-09-18T10:46:17.539606,2025-09-18T10:56:36.845266,619.30566,0.051029647219605595,0.2,0.041548897564531985,50.0,5,1.1070938565908666,0.6382246454179866,0.2742873680229478,0.745414336583229,0.7387070539871066,0.4235827557139147,,,,,,29.0,10.0,39.0,5.617294368253895,random,"[0.22630344954841275, 0.09725756909699988, 0.2643110649560514, 0.2619327782516819, 0.1501951381468542]"
237,COMPLETE,[0.0361551897657088],2025-09-18T10:56:36.861279,2025-09-18T11:07:50.390294,673.529015,0.04558596941884538,0.2,0.03914176598112565,50.0,7,1.2648692214493829,0.26492927942618144,0.10744886832214658,0.7736568073061131,0.06334153540881012,0.6764532941135751,0.19751227915257122,0.9935157665582152,,,,27.0,6.0,33.0,5.752171074228135,random,"[0.08610384165894883, 0.03492162272317362, 0.2514437942795019, 0.02058643554645136, 0.2198519825826151, 0.06419285194405897, 0.3228994712652502]"
238,COMPLETE,[0.05193001043672426],2025-09-18T11:07:50.406181,2025-09-18T11:20:08.049869,737.643688,0.04913146581589517,0.2,0.030271250701254783,50.0,8,0.7235695829304645,0.07100017458060838,0.3128845158858313,0.07646996001046646,0.4430263390592403,0.31664340823753234,0.6407152829516258,0.8091064523118051,0.2762277593690695,,,23.0,10.0,33.0,5.903133351694935,random,"[0.024099929999589938, 0.10620389281216762, 0.025956565518460338, 0.15037855642425946, 0.10747979168265759, 0.21748106339190543, 0.27463888614517223, 0.09376131402578737]"
239,COMPLETE,[0.03915614193112049],2025-09-18T11:20:08.065883,2025-09-18T11:33:12.331029,784.265146,0.05271244537073178,0.2,0.03717162894609613,50.0,9,0.4175920111922067,0.09671012372018874,0.9734673816208153,0.2080865406600579,0.9408461038876769,0.9592736033662737,0.050897806727350156,0.28912633881954775,0.6475189790886007,0.32583334178315,,29.0,13.0,42.0,5.753961118949881,random,"[0.02153056240549167, 0.2167229179681235, 0.04632627978418136, 0.20946044710196754, 0.21356295894084204, 0.011331372165508877, 0.06436815962552729, 0.14415706703410022, 0.07254023497425753]"
240,COMPLETE,[0.09876659618089827],2025-09-18T11:33:12.347707,2025-09-18T11:43:30.337735,617.990028,0.05206588464849053,0.2,0.04406319611400156,50.0,5,2.323731038107889,0.8874454073901454,0.5592121391400579,0.9904522320041225,0.4220058409347779,0.41594549024690675,,,,,,30.0,9.0,39.0,5.232636781009269,random,"[0.2709706407484709, 0.1707486121346141, 0.3024225194045333, 0.12885434097178455, 0.12700388674059718]"
241,COMPLETE,[0.11900722293537075],2025-09-18T11:43:30.353749,2025-09-18T11:54:15.284007,644.930258,0.046939123459132204,0.2,0.04750671741560761,50.0,6,2.8063948661198292,0.5207827455802506,0.9039805642083231,0.7582905463116077,0.3741757943939648,0.597559322364486,0.32483645697728936,,,,,28.0,6.0,34.0,5.220259470662328,random,"[0.14966632359759702, 0.25979249273705574, 0.21792303844249242, 0.10753335436211268, 0.17173093323227703, 0.09335385762846511]"
242,COMPLETE,[0.054032468275328614],2025-09-18T11:54:15.300021,2025-09-18T12:07:23.195812,787.895791,0.045667897180137126,0.2,0.04268729967890508,50.0,9,0.5332046355642227,0.025833043113419052,0.04217529858432749,0.43985552780425197,0.4578486660761217,0.49607093452557655,0.2697920237903807,0.2489698469746814,0.3398583783387134,0.35256896487110345,,29.0,7.0,36.0,5.836433089875245,random,"[0.009664536890815326, 0.015778424835967267, 0.16455668642789684, 0.1712881949012325, 0.18558773064924963, 0.10093332617926963, 0.09314343107868535, 0.12714622201830283, 0.13190144701858061]"
243,COMPLETE,[0.056700945795441396],2025-09-18T12:07:23.212247,2025-09-18T12:21:21.253670,838.041423,0.05107709719375129,0.2,0.05129996891221769,50.0,10,2.6874447628363596,0.10412121060792359,0.558531576427935,0.35785643315143467,0.5619387952145163,0.5647926304737514,0.3917466640102776,0.10548261408504041,0.9391419936170986,0.7595180793281959,0.4478080449096571,29.0,7.0,36.0,5.435120284249704,random,"[0.02173294868331107, 0.1165808389822295, 0.07469443980015557, 0.11729201887160305, 0.11788769246085021, 0.08176825928247292, 0.02201711087978105, 0.19602465851534803, 0.15853222744636936, 0.09346980507787929]"
244,COMPLETE,[0.04009001425732955],2025-09-18T12:21:21.270686,2025-09-18T12:31:38.404350,617.133664,0.048738045767216534,0.2,0.05072702161211615,50.0,5,2.0495229423830663,0.47217355618847495,0.8156610160637445,0.4283094010429397,0.9655238734676206,0.5703040360838297,,,,,,30.0,8.0,38.0,5.589347563248719,random,"[0.14519607585756814, 0.25082043924369873, 0.13170759664379988, 0.29690412717297254, 0.1753717610819608]"
245,COMPLETE,[0.06201185252463051],2025-09-18T12:31:38.419364,2025-09-18T12:43:57.664514,739.24515,0.05229258664209758,0.2,0.046556283918426374,50.0,8,0.2168702677662384,0.23874082526374252,0.8311446200232778,0.19108396577966055,0.991926973933692,0.49823048464661573,0.14069585186540523,0.4382844571366674,0.6303107148703653,,,37.0,12.0,49.0,5.571068771500211,random,"[0.060281725737681036, 0.2098628585087724, 0.048248435119015616, 0.25046017885052424, 0.1258025031807598, 0.035525506562231954, 0.11066621475825769, 0.15915257728275728]"
246,COMPLETE,[0.07463604208833928],2025-09-18T12:43:57.681497,2025-09-18T12:54:12.290485,614.608988,0.04925877564723523,0.2,0.04369920741066168,50.0,5,2.4078784005994938,0.9733745170730911,0.5056413796341817,0.6405840049861613,0.5252386640309913,0.307502027967927,,,,,,29.0,8.0,37.0,5.282926484942543,random,"[0.32969587558857416, 0.17126796979809158, 0.21697496771028482, 0.17790585041345117, 0.10415533648959817]"
247,COMPLETE,[0.035757567963859274],2025-09-18T12:54:12.305498,2025-09-18T13:03:58.641348,586.33585,0.047182405991556854,0.2,0.03937478045618092,50.0,4,1.284600687380681,0.24859100947453056,0.1361454798354984,0.25335203315672156,0.6219944459282081,,,,,,,26.0,8.0,34.0,5.721002106694184,random,"[0.19728146138755884, 0.10804485359318432, 0.2010598028155486, 0.4936138822037082]"
248,COMPLETE,[0.06848319113084107],2025-09-18T13:03:58.657362,2025-09-18T13:15:12.353368,673.696006,0.04933737283401757,0.2,0.05302261259960765,50.0,7,0.8401375689768299,0.35874497781924974,0.18375622739470646,0.41238636552807395,0.5278288718840719,0.42606174354963183,0.5195542417314714,0.6587346015806307,,,,38.0,8.0,46.0,5.465363593368041,random,"[0.11620900174583117, 0.05952453433613743, 0.13358516727655617, 0.1709806968369074, 0.1380150607291213, 0.16830027879817974, 0.2133852602772668]"
249,COMPLETE,[0.09768118111231104],2025-09-18T13:15:12.369383,2025-09-18T13:25:24.701041,612.331658,0.0454015930870701,0.2,0.03998586609935468,50.0,5,1.835180139203347,0.15060904200391936,0.14015447569472303,0.5724446042085805,0.8928451185940933,0.8592282405350254,,,,,,28.0,6.0,34.0,5.97239030023826,random,"[0.05758808109031477, 0.053590589277290664, 0.21888450951051788, 0.34139541960136965, 0.32854140052050695]"
250,COMPLETE,[0.04101231572015819],2025-09-18T13:25:24.717316,2025-09-18T13:37:44.513026,739.79571,0.047131914545567366,0.2,0.04445905027400075,50.0,8,2.8778459292292666,0.3025634161876338,0.22987759390457166,0.2755142475911171,0.4900752653221022,0.6230225894973975,0.3565612567100254,0.07461539538023314,0.5614826160067111,,,27.0,6.0,33.0,5.635874935431241,random,"[0.1038412089683851, 0.07889508773589074, 0.09455780516483307, 0.16819617083180308, 0.21382432722105105, 0.12237352563832218, 0.02560835993183152, 0.19270351450788328]"
251,COMPLETE,[0.04935876032564661],2025-09-18T13:37:44.529028,2025-09-18T13:50:54.320043,789.791015,0.050577201534140484,0.2,0.04443864246855,50.0,9,0.3883169554113378,0.44042627652246363,0.8053780918346252,0.7668456675110965,0.36845476169933417,0.4131540488826557,0.6907829062428119,0.8535685195214702,0.2792248154952422,0.4046095690497594,,33.0,10.0,43.0,5.672118963987458,random,"[0.08769161367058885, 0.1603557922237544, 0.15268374664498036, 0.07336163698756724, 0.0822615433555076, 0.13753917732336216, 0.1699508064011606, 0.055595399168699135, 0.08056028422437976]"
252,COMPLETE,[0.04411551340078581],2025-09-18T13:50:54.336454,2025-09-18T14:04:53.035571,838.699117,0.05280179200568253,0.2,0.0324373915102499,50.0,10,1.214841403287044,0.0744567972956764,0.5406178129327792,0.6278083971568693,0.9453084916626274,0.34077426843086295,0.06137673446809054,0.5080916991456439,0.17663114294159726,0.8720558304027293,0.7407269990759747,24.0,11.0,35.0,5.8610731386545964,random,"[0.015233042159360895, 0.11060446105146556, 0.1284426960229555, 0.1933997248084003, 0.06971866889759623, 0.012557005105168733, 0.1039499757580406, 0.036136789988436585, 0.17841303564386102, 0.15154460056471458]"
253,COMPLETE,[0.03979331963265267],2025-09-18T14:04:53.051867,2025-09-18T14:15:10.529996,617.478129,0.04815039776387034,0.2,0.05456885523621972,50.0,5,1.440352454737639,0.4607214565935938,0.5436742473928989,0.5234407154201349,0.3388420954258125,0.47622941064934265,,,,,,33.0,7.0,40.0,5.414771208762658,random,"[0.19664513982078638, 0.23205105137928145, 0.22341497492373602, 0.14462458884556242, 0.20326424503063362]"
254,COMPLETE,[0.052355433636175605],2025-09-18T14:15:10.545880,2025-09-18T14:24:10.971269,540.425389,0.05201748330161566,0.2,0.043006773640742534,50.0,3,1.0437345392573578,0.6335313375004848,0.5645502903558148,0.3495633642813693,,,,,,,,33.0,11.0,44.0,5.519043058105242,random,"[0.40935184794894475, 0.36478022623007067, 0.2258679258209846]"
255,COMPLETE,[0.04824761823693851],2025-09-18T14:24:10.987100,2025-09-18T14:34:58.292456,647.305356,0.04516736759617071,0.2,0.043794253878618475,50.0,6,1.6130710909596866,0.849119188863396,0.3389430759244794,0.2286949074729493,0.9616360741633035,0.04176485889139862,0.3659393193687425,,,,,27.0,6.0,33.0,5.5948473636637575,random,"[0.3047700993297538, 0.12165514131756885, 0.08208431817450383, 0.34515522165283924, 0.014990451705446575, 0.13134476781988774]"
256,COMPLETE,[0.04120297351334669],2025-09-18T14:34:58.308359,2025-09-18T14:48:05.097809,786.78945,0.049194308911256056,0.2,0.040811416233062656,50.0,9,0.4950353780736324,0.4064473586814181,0.119817681642803,0.10936429714810648,0.6366577708403832,0.5102066473666147,0.47473268427088816,0.8397920158900896,0.5554662309198262,0.6662796714281118,,30.0,9.0,39.0,5.74075636602665,random,"[0.09411195540474597, 0.027743509880466723, 0.02532305263211576, 0.14741664930926368, 0.11813718115906902, 0.1099232662163681, 0.19445191870630085, 0.12861693411604633, 0.15427553257562351]"
257,COMPLETE,[0.306984954830386],2025-09-18T14:48:05.114824,2025-09-18T14:57:05.643473,540.528649,0.05231086695173554,0.2,0.04379136584174902,50.0,3,0.010089754892870562,0.5420653358592962,0.29071620849708874,0.5538364798479047,,,,,,,,58.0,14.0,72.0,5.658682975854504,random,"[0.3909262150045686, 0.20965846644314043, 0.39941531855229107]"
258,COMPLETE,[0.07760471898506727],2025-09-18T14:57:05.659487,2025-09-18T15:06:53.123426,587.463939,0.05091602129030626,0.2,0.03063059888564461,50.0,4,1.3500895904333365,0.39090778510188023,0.6381313629042812,0.6719491757852236,0.5344379838601766,,,,,,,22.0,11.0,33.0,5.727367651092659,random,"[0.1748694572323211, 0.28546293864398214, 0.3005910655543565, 0.23907653856934033]"
259,COMPLETE,[0.09548257069739591],2025-09-18T15:06:53.138440,2025-09-18T15:18:10.361102,677.222662,0.05289928095267158,0.2,0.05364838964375272,50.0,7,0.9096607280263657,0.2813805807239767,0.4323882257865839,0.8047035345690393,0.15872993052004802,0.2028462472451666,0.14263049475595327,0.9472768620587442,,,,40.0,10.0,50.0,5.371434440555538,random,"[0.09474234382741224, 0.14558742415342021, 0.2709479764208099, 0.05344521506899501, 0.06829941444841241, 0.04802444909195176, 0.31895317698899844]"
260,COMPLETE,[0.07514101461775993],2025-09-18T15:18:10.377343,2025-09-18T15:28:53.827976,643.450633,0.04625749669264026,0.2,0.04715784781238157,50.0,6,0.1918774794652115,0.20365351909664048,0.6726641922848194,0.010886002333704499,0.43275480868739863,0.6817169863301877,0.41217589764627577,,,,,38.0,7.0,45.0,5.658713638354781,random,"[0.08436870577801528, 0.2786684343979029, 0.004509806322351212, 0.17927980469044946, 0.28241878705898416, 0.17075446175229697]"
261,COMPLETE,[0.041239996907121726],2025-09-18T15:28:53.843464,2025-09-18T15:39:46.066005,652.222541,0.04548294850957671,0.2,0.03567866909961795,50.0,6,0.5416373814874085,0.8574298671690898,0.28116599041642193,0.767286383670729,0.39496861614466594,0.7205431162663146,0.2066660554743092,,,,,25.0,7.0,32.0,5.864519890716768,random,"[0.2656176959005048, 0.08710060775765535, 0.23769272465319705, 0.12235479284122973, 0.22321242782400666, 0.06402175102340645]"
262,COMPLETE,[0.055985030274296715],2025-09-18T15:39:46.082019,2025-09-18T15:51:00.625238,674.543219,0.050900494630132576,0.2,0.04955782104860881,50.0,7,0.38225156269802585,0.36206398927502487,0.08761489837490617,0.4572824422633989,0.938603951661884,0.050889269765392514,0.2689167166933703,0.8159126436761156,,,,37.0,10.0,47.0,5.559595181840697,random,"[0.12144565898366305, 0.029388310865250487, 0.15338439940833998, 0.31483212584188003, 0.01706958185549056, 0.0902016462226562, 0.27367827682271983]"
263,COMPLETE,[0.14223870446580195],2025-09-18T15:51:00.641187,2025-09-18T15:59:59.151210,538.510023,0.049050062396707145,0.2,0.04051810117077882,50.0,3,0.10607936276682162,0.7154565055053251,0.6258378700792424,0.6730179452136084,,,,,,,,42.0,10.0,52.0,5.748161910195334,random,"[0.35518648132074365, 0.31069554786382514, 0.33411797081543115]"
264,COMPLETE,[0.08237707309032158],2025-09-18T15:59:59.166746,2025-09-18T16:09:46.978315,587.811569,0.04516788951578411,0.2,0.0308612269242111,50.0,4,2.7700023672297,0.06445494221702373,0.064371408307238,0.47076487387116833,0.5201856287257881,,,,,,,21.0,6.0,27.0,5.700159697500445,random,"[0.057560523810940345, 0.05748592509999817, 0.420409541918087, 0.46454400917097444]"
265,COMPLETE,[0.07776294096168794],2025-09-18T16:09:46.994303,2025-09-18T16:18:46.135956,539.141653,0.04568946079620584,0.2,0.0538645689348692,50.0,3,0.8527817490489978,0.14889527565889124,0.25548345533325595,0.8828580553144175,,,,,,,,40.0,7.0,47.0,5.538367398983836,random,"[0.1156704634631462, 0.19847432737399312, 0.6858552091628606]"
266,COMPLETE,[0.05044657745367408],2025-09-18T16:18:46.151684,2025-09-18T16:30:01.171156,675.019472,0.05182463700005531,0.2,0.04525328317423297,50.0,7,1.1372541599685921,0.41132035216943763,0.5734762884191417,0.7999922925598906,0.6868484251794742,0.20436089261246582,0.5093822689251747,0.16012723869190074,,,,34.0,9.0,43.0,5.467221167552482,random,"[0.12294706270440413, 0.17141681616258242, 0.23912432739502326, 0.20530468758369558, 0.06108516475256422, 0.1522585824594859, 0.04786335894224449]"
267,COMPLETE,[0.04778876713345086],2025-09-18T16:30:01.187579,2025-09-18T16:42:16.736486,735.548907,0.05016818496884705,0.2,0.04165790439361098,50.0,8,2.3269986143321812,0.48129550872100973,0.8658181216266625,0.8670245069317951,0.17419810076159595,0.9378401189718715,0.34948618222564204,0.3893329553378952,0.6392358057465615,,,27.0,8.0,35.0,5.470235622905175,random,"[0.10231119134978754, 0.18405092486995867, 0.184307371721339, 0.03703008836951406, 0.19936097081524695, 0.0742918789307072, 0.0827622900496326, 0.13588528389381407]"
268,COMPLETE,[0.04795182659526567],2025-09-18T16:42:16.753501,2025-09-18T16:53:07.849420,651.095919,0.05179496946930534,0.2,0.0475801263326476,50.0,6,1.4646900751133964,0.9300636493960492,0.21998411719095312,0.5003159341270897,0.8155960856858662,0.07155826735315979,0.03429487406163442,,,,,33.0,10.0,43.0,5.354094951021045,random,"[0.36163736457546947, 0.08553659358803821, 0.19453822971183363, 0.31712885368333193, 0.02782405616646551, 0.013334902274861215]"
269,COMPLETE,[0.052490381830712286],2025-09-18T16:53:07.865434,2025-09-18T17:04:03.221487,655.356053,0.04795541446081213,0.2,0.03438859664238273,50.0,6,0.48479599131002427,0.1165074240646713,0.4140894615751203,0.9197083313666092,0.46462080991794963,0.8114890274369521,0.3470989489445749,,,,,26.0,9.0,35.0,5.91604067062116,random,"[0.037906911743156434, 0.13472834713937365, 0.2992367467261803, 0.15116925103259743, 0.26402646175163447, 0.11293228160705779]"
270,COMPLETE,[0.054485336134774146],2025-09-18T17:04:03.237529,2025-09-18T17:17:14.305376,791.067847,0.046327028724739226,0.2,0.04580875892856377,50.0,9,0.3286789186613377,0.15003721750159393,0.5985282304161272,0.10981165707227307,0.23730281225986602,0.8085566612923009,0.9330794367964831,0.9349476176593733,0.3161775917555159,0.060480364261511016,,32.0,8.0,40.0,5.7245182728887,random,"[0.036162943618612185, 0.14426115740553633, 0.026467518056503547, 0.05719626345510227, 0.1948835725006441, 0.22489685976880477, 0.22534714084132165, 0.07620717455655183, 0.01457736979692332]"
271,COMPLETE,[0.12422798096569758],2025-09-18T17:17:14.321390,2025-09-18T17:27:36.064980,621.74359,0.045205578117303635,0.2,0.054886221204426044,50.0,5,0.15582128196887435,0.45469614369929406,0.6686130647487203,0.9289256607185479,0.6782692371081419,0.033203943048100766,,,,,,43.0,6.0,49.0,5.513203476949616,random,"[0.16452394232115397, 0.24192608365871043, 0.33611569823598547, 0.24542000276561018, 0.012014273018539991]"
272,COMPLETE,[0.029632500292913904],2025-09-18T17:27:36.081425,2025-09-18T17:36:37.228966,541.147541,0.04856540451211136,0.2,0.0357145851395393,50.0,3,2.4486343154096284,0.16125265222492371,0.4959155297525514,0.41408927667203316,,,,,,,,27.0,8.0,35.0,5.7267040605851065,random,"[0.15052651528625857, 0.46292842654064914, 0.38654505817309226]"
273,COMPLETE,[0.04883262399239487],2025-09-18T17:36:37.244980,2025-09-18T17:45:44.606676,547.361696,0.04527756312689238,0.2,0.0418543501470475,50.0,3,2.227668064657114,0.4325674495138585,0.6047051149680933,0.896231175198303,,,,,,,,28.0,6.0,34.0,5.5167686267341285,random,"[0.2237220650969067, 0.31275094149447774, 0.46352699340861553]"
274,COMPLETE,[0.0775067912789767],2025-09-18T17:45:44.623186,2025-09-18T17:54:49.216639,544.593453,0.049987975805335705,0.2,0.05372259522931362,50.0,3,1.4343028766973087,0.4268385939599169,0.589172620785952,0.2710334739645376,,,,,,,,37.0,9.0,46.0,5.335811123803007,random,"[0.33164240348763707, 0.457771688857433, 0.21058590765492982]"
275,COMPLETE,[0.056334690423785284],2025-09-18T17:54:49.231984,2025-09-18T18:05:38.571327,649.339343,0.052249521097154375,0.2,0.03405306105621479,50.0,6,0.14178997823450623,0.6577270437685738,0.8504110953454136,0.29010113846564667,0.7365978190721886,0.6747734199153023,0.18934558898570492,,,,,30.0,13.0,43.0,5.825038162747571,random,"[0.19350854301826784, 0.2501977280483582, 0.08535006909671833, 0.21671295427111237, 0.19852372286094952, 0.05570698270459378]"
276,COMPLETE,[0.039966703848933985],2025-09-18T18:05:38.587590,2025-09-18T18:16:54.704079,676.116489,0.04712297762069868,0.2,0.04686314340343706,50.0,7,1.2716939266331437,0.5740200475904801,0.9522496752053428,0.9447078350364466,0.9502403270141061,0.05293422947794055,0.21668964863549567,0.9657331654881635,,,,31.0,7.0,38.0,5.587595689554555,random,"[0.12327087106097517, 0.2044957269747456, 0.2028761159334153, 0.20406421922020243, 0.011367631852019482, 0.04653412689908498, 0.20739130805955697]"
277,COMPLETE,[0.04806819576117091],2025-09-18T18:16:54.719974,2025-09-18T18:27:16.245922,621.525948,0.047178274586974815,0.2,0.034588055507259595,50.0,5,2.037815812720651,0.9760891592311701,0.836110230487512,0.4234544126716514,0.7312910971736707,0.4387198382351441,,,,,,23.0,6.0,29.0,5.681720078197717,random,"[0.28660753021213436, 0.24550573672376033, 0.12433825560448486, 0.214727858869119, 0.12882061859050142]"
278,COMPLETE,[0.051776596585161185],2025-09-18T18:27:16.262859,2025-09-18T18:38:04.820042,648.557183,0.05000378585420728,0.2,0.043820251097161214,50.0,6,2.8490937123640676,0.6667088124690638,0.30486095456559714,0.9150300598794457,0.8973601979640028,0.6008378555807354,0.27962095375950496,,,,,28.0,8.0,36.0,5.413312142710124,random,"[0.18194121431844407, 0.08319489893426073, 0.2497067342125014, 0.24488472485307947, 0.1639653879000158, 0.07630703978169853]"
279,COMPLETE,[0.07034071246947503],2025-09-18T18:38:04.837057,2025-09-18T18:48:19.555926,614.718869,0.04514197623596817,0.2,0.033496781934503686,50.0,5,1.9340962605561303,0.37517376037506206,0.9835603532095695,0.5722095508374233,0.3310330566301819,0.7141583666624267,,,,,,21.0,6.0,27.0,5.897108944443774,random,"[0.12606072954274172, 0.3304824291308743, 0.19226598725288907, 0.11122917706144113, 0.2399616770120539]"
280,COMPLETE,[0.09057504425077441],2025-09-18T18:48:19.571887,2025-09-18T19:02:17.516699,837.944812,0.04701215949929496,0.2,0.03044165773514543,50.0,10,2.3329788697004323,0.8149767216880943,0.6550884092309447,0.16987835565942253,0.28762761626352834,0.019886762975213364,0.2740800927341498,0.6061790864229069,0.6235811931399503,0.3664704237380244,0.34376421550178016,20.0,7.0,27.0,5.691386772123708,random,"[0.1958357042240341, 0.15741517093275084, 0.04082110142247262, 0.06911578611542958, 0.004778711008972676, 0.06586036943877646, 0.1456624528239526, 0.14984411069616146, 0.08806140298260327, 0.08260519035484643]"
281,COMPLETE,[0.041216378655052],2025-09-18T19:02:17.532713,2025-09-18T19:12:58.351010,640.818297,0.04623368673469467,0.2,0.04480925440854909,50.0,6,2.839240001191643,0.9720362583172512,0.08738457942127179,0.6243414915870159,0.9507311720107783,0.2674688436157721,0.7141949220824864,,,,,30.0,6.0,36.0,5.509352852040984,random,"[0.2688036461186236, 0.024165038456120957, 0.17265330169088752, 0.26291200902067624, 0.07396493677253964, 0.19750106794115202]"
282,COMPLETE,[0.05049161740545367],2025-09-18T19:12:58.367302,2025-09-18T19:23:46.337095,647.969793,0.04833677729745604,0.2,0.03511414764070659,50.0,6,1.6465708299904764,0.8734982343939693,0.5187597489182451,0.6017508135316973,0.6765262707208124,0.6086198778127263,0.2564350717079615,,,,,24.0,7.0,31.0,5.747921002744433,random,"[0.24705868898058597, 0.14672508588704758, 0.17019813118144134, 0.19134748866569987, 0.17214096512085028, 0.07252964016437503]"
283,COMPLETE,[0.07692177746446843],2025-09-18T19:23:46.353195,2025-09-18T19:34:01.948953,615.595758,0.04585763427646815,0.2,0.033097744616554035,50.0,5,2.2495261901217893,0.38351891910097075,0.6178795981317553,0.1316345904787236,0.19609578800818964,0.5503350100647735,,,,,,21.0,6.0,27.0,5.934452248368903,random,"[0.2040576134080667, 0.32875310679290604, 0.07003837108741102, 0.10433602231182361, 0.2928148863997927]"
284,COMPLETE,[0.054059233892285195],2025-09-18T19:34:01.965318,2025-09-18T19:44:55.394621,653.429303,0.052077511088666976,0.2,0.035233560482517585,50.0,6,2.111938304206991,0.5797909116965289,0.20302384986800698,0.17207896517251553,0.7315163381139187,0.9896823642726187,0.9628244906403335,,,,,25.0,12.0,37.0,5.565377057987696,random,"[0.1593306262496763, 0.05579238392757214, 0.047288511655187576, 0.20102584209627308, 0.27197168445846936, 0.26459095161282153]"
285,COMPLETE,[0.058089828864705026],2025-09-18T19:44:55.410723,2025-09-18T19:55:10.069364,614.658641,0.04524048177041575,0.2,0.033054159046242315,50.0,5,0.523148895569385,0.4158756011777092,0.3230508441372177,0.35259515123084695,0.5108057316154626,0.8408678221533261,,,,,,26.0,7.0,33.0,5.947159310869382,random,"[0.17021792185702603, 0.13222474025278935, 0.14431722786673432, 0.20907283298663068, 0.34416727703681954]"
286,COMPLETE,[0.1342856011671449],2025-09-18T19:55:10.085834,2025-09-18T20:04:09.207154,539.12132,0.05291957450409671,0.2,0.049582226763674825,50.0,3,0.18606400006601398,0.6025820337181998,0.02420902631999864,0.7241106378068993,,,,,,,,44.0,12.0,56.0,5.48874351200868,random,"[0.44605912826922467, 0.01792064245578777, 0.5360202292749876]"
287,COMPLETE,[0.033717443210966105],2025-09-18T20:04:09.222160,2025-09-18T20:18:09.406501,840.184341,0.051401350029460065,0.2,0.0347803493107165,50.0,10,1.6798716793063244,0.6208332689135214,0.9001358108488089,0.2820086048724372,0.45600972630889824,0.33617349196872226,0.528176930058241,0.27840985831416665,0.01986398983755313,0.4146370006206553,0.061412089522489215,25.0,9.0,34.0,5.691467502438174,random,"[0.15928355630393898, 0.23094257393686743, 0.07235329635443737, 0.11699574515840713, 0.08625006425573906, 0.13551126202467137, 0.07142998702367125, 0.005096387552245519, 0.10638098720069752, 0.015756140189324357]"
288,COMPLETE,[0.03941668389488792],2025-09-18T20:18:09.423517,2025-09-18T20:28:02.187206,592.763689,0.04574410849665513,0.2,0.0479614721885957,50.0,4,0.5309959099878835,0.5692098809047986,0.6246036400464913,0.689041912739106,0.7954967423915478,,,,,,,31.0,7.0,38.0,5.714559508317779,random,"[0.21252241807030525, 0.23320444772882687, 0.2572633721929274, 0.29700976200794055]"
289,COMPLETE,[0.07086982841054396],2025-09-18T20:28:02.203195,2025-09-18T20:38:26.505522,624.302327,0.04732536685195856,0.2,0.031094892609799293,50.0,5,2.712164672777253,0.8732357789145943,0.22963466979884856,0.3769383814426862,0.8454596482545644,0.8737227055372662,,,,,,22.0,7.0,29.0,5.775073639500084,random,"[0.27297223677775534, 0.07178346440937994, 0.11783039082261446, 0.2642894586571384, 0.2731244493331119]"
290,COMPLETE,[0.04348702598183763],2025-09-18T20:38:26.521525,2025-09-18T20:47:26.257789,539.736264,0.04525465460950782,0.2,0.04967699218193833,50.0,3,2.1133533251504266,0.915698452792331,0.7361063937500507,0.7171643226282575,,,,,,,,33.0,5.0,38.0,5.3549845269848495,random,"[0.3865387801196717, 0.3107285663864325, 0.3027326534938959]"
291,COMPLETE,[0.04852712989145455],2025-09-18T20:47:26.273710,2025-09-18T20:59:43.163854,736.890144,0.05081181400746083,0.2,0.036567990981910034,50.0,8,2.3056894363111406,0.8437348825293788,0.3194232344140763,0.6644300156628078,0.47211541929728684,0.6204391269875341,0.6951960840022958,0.1409752630167923,0.9293967618849533,,,25.0,9.0,34.0,5.559495020391466,random,"[0.18006550569169905, 0.06816964359944669, 0.14179919456263693, 0.10075641469955983, 0.13241088814179322, 0.1483651286829468, 0.030086206639981, 0.19834701798193646]"
292,COMPLETE,[0.05087664963369631],2025-09-18T20:59:43.180090,2025-09-18T21:10:02.318794,619.138704,0.046824718847306816,0.2,0.05340404251042309,50.0,5,0.3413248861479454,0.6480556209190667,0.7444739477229367,0.11109788963689966,0.6534965156844815,0.0412801402741536,,,,,,37.0,7.0,44.0,5.556910786294139,random,"[0.2947845742837088, 0.3386429014126636, 0.05053569947281108, 0.29725950358818837, 0.01877732124262813]"
293,COMPLETE,[0.051968042443920275],2025-09-18T21:10:02.334549,2025-09-18T21:24:01.522085,839.187536,0.05217577309779372,0.2,0.05087064333681668,50.0,10,1.905212161205264,0.9734345497109984,0.5819843555980936,0.1424738063663162,0.8697661541407731,0.26563377392032456,0.9005602109480212,0.9158861468246906,0.745050701538471,0.5095450780470201,0.8549478935236803,34.0,9.0,43.0,5.314966004809695,random,"[0.1440144756694931, 0.08610149685378513, 0.021078243551735, 0.1286772867069932, 0.03929910714860256, 0.13323310398936627, 0.13550049486847376, 0.1102262973520988, 0.07538449017111502, 0.12648500368833715]"
294,COMPLETE,[0.04132456600938035],2025-09-18T21:24:01.538099,2025-09-18T21:36:19.510384,737.972285,0.049232321206886025,0.2,0.047081567022983335,50.0,8,2.5584320125725433,0.6347674182320125,0.1505390095479728,0.37000049059975,0.1366364900413828,0.7880677031260923,0.826040125381495,0.27712736229804924,0.9442414290928044,,,31.0,8.0,39.0,5.428702620761087,random,"[0.1537927843245099, 0.036472907655406075, 0.08964449657681006, 0.03310457600725776, 0.19093469957477208, 0.20013473785409952, 0.06714299983926741, 0.22877279816787718]"
295,COMPLETE,[0.03569785446190541],2025-09-18T21:36:19.526385,2025-09-18T21:47:35.625227,676.098842,0.051713582561300306,0.2,0.0317357597872926,50.0,7,0.9846000107633314,0.1794781762253836,0.4019378934318088,0.3539880772736669,0.6845692988878486,0.436583723425759,0.721090198798282,0.6050096074561637,,,,25.0,11.0,36.0,5.7216006896718525,random,"[0.05305834364092212, 0.11882313114900646, 0.10464793794867619, 0.20237621013489862, 0.12906532544919566, 0.21317272310531202, 0.1788563285719889]"
296,COMPLETE,[0.04180509469941381],2025-09-18T21:47:35.641244,2025-09-18T22:01:33.156312,837.515068,0.04871733471739646,0.2,0.04368653303638746,50.0,10,2.743468358709638,0.4417893484309424,0.7813484182377523,0.7187336359595774,0.09303521514619845,0.18224926029562666,0.7329976200011701,0.5818667667414047,0.7283709226351107,0.5880520259338072,0.7723387521196967,26.0,7.0,33.0,5.467587870827991,random,"[0.07859926806314779, 0.1390106257516196, 0.12787075541640894, 0.01655200570262667, 0.032424182509519, 0.1304084777705477, 0.10352060804221414, 0.12958533654314258, 0.10462103485655525, 0.13740770534421826]"
297,COMPLETE,[0.03499875981767431],2025-09-18T22:01:33.172327,2025-09-18T22:13:48.904451,735.732124,0.04728219475283055,0.2,0.044911378367832135,50.0,8,1.7370107747952879,0.26711168544715813,0.13452750592215929,0.5914290002408383,0.40556074058663216,0.8749687557088602,0.7649238485219223,0.8918298904211901,0.14471139780033307,,,31.0,6.0,37.0,5.5657646481726,random,"[0.06554786930681475, 0.03301237593404306, 0.14513371343956313, 0.09952257377076272, 0.21471294882041586, 0.1877084799515429, 0.2188505867999682, 0.03551145197688928]"
298,COMPLETE,[0.08070618826815021],2025-09-18T22:13:48.920606,2025-09-18T22:23:34.576558,585.655952,0.052330009118385895,0.2,0.05497617121576413,50.0,4,0.5463595589476825,0.7890829010609136,0.4411807085486978,0.42837402887884335,0.4764416345760315,,,,,,,40.0,10.0,50.0,5.401702877333953,random,"[0.36958014206579803, 0.20663434567254715, 0.20063612357774271, 0.22314938868391207]"
299,COMPLETE,[0.03482654190591676],2025-09-18T22:23:34.592447,2025-09-18T22:34:49.834622,675.242175,0.05039443327837618,0.2,0.04650842124662084,50.0,7,1.7132491002528287,0.6171366765592154,0.2155967161355085,0.47268381295064665,0.8076912970716793,0.4529132373179229,0.5948633820192337,0.19672184347294014,,,,30.0,9.0,39.0,5.5193565048873845,random,"[0.1838025364181732, 0.06421142151212438, 0.14077997151058297, 0.24055564137325144, 0.13489167790275153, 0.17716885511816888, 0.058589896164947544]"
300,COMPLETE,[0.029812489124336625],2025-09-18T22:34:49.850320,2025-09-18T22:47:59.508759,789.658439,0.04724691275036958,0.2,0.04696739133729648,50.0,9,1.3874739126870623,0.22097731359586548,0.14725308979993706,0.10342384326288147,0.4688564386332256,0.14165932730571473,0.207641723073161,0.5232106759452404,0.7884972585181792,0.7690572427567872,,29.0,6.0,35.0,5.738998672526256,random,"[0.06556067976099975, 0.04368779992432689, 0.030684314862340092, 0.13910272655107006, 0.04202821385381516, 0.06160420854929066, 0.1552288197145678, 0.23393540005051353, 0.22816783673307597]"
301,COMPLETE,[0.06100615316519966],2025-09-18T22:47:59.524413,2025-09-18T23:00:20.065372,740.540959,0.050779988882848334,0.2,0.032114946325356455,50.0,8,2.395543546028005,0.2704157495852048,0.5060892140692506,0.9384337349128985,0.9347792495522452,0.5383669844692838,0.6717383384581384,0.6758701195521235,0.9330226623694656,,,23.0,9.0,32.0,5.5947232131527995,random,"[0.04944775829756487, 0.09254260216975932, 0.17160037672891862, 0.17093212382910505, 0.09844485968091894, 0.12283291579812326, 0.123588446173803, 0.17061091732180686]"
302,COMPLETE,[0.03344173537604575],2025-09-18T23:00:20.082387,2025-09-18T23:11:32.441703,672.359316,0.050202971413629234,0.2,0.038977078523387026,50.0,7,1.843799925143415,0.7248685956546158,0.3886508180370753,0.021268226803775936,0.015494389140014993,0.43700282304245097,0.6386325731686173,0.1856258545400867,,,,30.0,9.0,39.0,5.666609031825512,random,"[0.3005828680538544, 0.16116269660097654, 0.008819342773879659, 0.00642509270558512, 0.1812129297436401, 0.2648231853695891, 0.07697388475247509]"
303,COMPLETE,[0.055744513064799245],2025-09-18T23:11:32.458218,2025-09-18T23:22:48.695880,676.237662,0.04726052114205484,0.2,0.030491603505095066,50.0,7,1.7175078995021513,0.5303876038022586,0.25779620757254385,0.7039172778825946,0.4685019844862168,0.35159564873399446,0.8642094481407501,0.8921157835903948,,,,23.0,7.0,30.0,5.7972077668779125,random,"[0.13036364287682028, 0.06336357127893083, 0.17301539472427477, 0.11515281457334596, 0.08641847822237361, 0.2124135086501713, 0.2192725896740833]"
304,COMPLETE,[0.03768589929662104],2025-09-18T23:22:48.711896,2025-09-18T23:32:39.325811,590.613915,0.05134894545768688,0.2,0.05015322173264394,50.0,4,2.5340020903692304,0.1374243548452586,0.10912790647381859,0.8071143082770682,0.8329185440284921,,,,,,,32.0,10.0,42.0,5.379799327902145,random,"[0.07284291275956771, 0.057844146911641074, 0.4278175961679166, 0.44149534416087466]"
305,COMPLETE,[0.0456383547518692],2025-09-18T23:32:39.340824,2025-09-18T23:43:57.943463,678.602639,0.048042898872521826,0.2,0.05005412333307817,50.0,7,0.6822167794794933,0.5371786701652629,0.7706108083913134,0.7533787788570717,0.3814495803470359,0.4807675173258716,0.22391532055864113,0.06736344238385464,,,,33.0,8.0,41.0,5.590925804120746,random,"[0.16710258068722075, 0.23971736396018378, 0.23435691916671442, 0.11865923354409641, 0.14955451010559567, 0.06965434407372123, 0.020955048462467662]"
306,COMPLETE,[0.06464200912256153],2025-09-18T23:43:57.959213,2025-09-18T23:54:47.445132,649.485919,0.051222873052084714,0.2,0.047574614897211175,50.0,6,1.3285789035222804,0.5713859774436384,0.015584465575777862,0.15207375025849734,0.04472685367505158,0.18403316045471438,0.10585216500504423,,,,,39.0,8.0,47.0,5.438372130139854,random,"[0.5321870126469032, 0.014515319776621271, 0.14164098883589427, 0.041658443822711416, 0.17140787796113438, 0.09859035695673554]"
307,COMPLETE,[0.05415443834041577],2025-09-18T23:54:47.461323,2025-09-19T00:08:44.913435,837.452112,0.05187294452672393,0.2,0.05482733553386139,50.0,10,1.3452729560097136,0.3484276914436242,0.9202370204474616,0.4941320685754412,0.689358259261348,0.014541897719692855,0.8234396298894137,0.44103100553935237,0.20755543994714423,0.4639418405136542,0.7302599762672832,34.0,9.0,43.0,5.274237048229293,random,"[0.06788092617956316, 0.17928121899232694, 0.09626715468839682, 0.1343012574985392, 0.002833062669420306, 0.16042308376311729, 0.08592196850335362, 0.04043609576163229, 0.09038547337335726, 0.14226975857029314]"
308,COMPLETE,[0.09978622326442753],2025-09-19T00:08:44.929271,2025-09-19T00:18:36.619730,591.690459,0.05261183560369385,0.2,0.03637253764584742,50.0,4,2.716773003175065,0.8384495447666814,0.011993549610559512,0.09263856442108559,0.18995242313135272,,,,,,,42.0,12.0,54.0,5.373940920306954,random,"[0.7400038164242256, 0.010585338783572337, 0.08176149852731006, 0.1676493462648919]"
309,COMPLETE,[0.3385387255036279],2025-09-19T00:18:36.635744,2025-09-19T00:28:22.429060,585.793316,0.050735403107177376,0.2,0.05196152066381396,50.0,4,2.743127921710605,0.7392419090765942,0.38991472341065364,0.8038319537750114,0.18359865695552793,,,,,,,37.0,7.0,44.0,4.797216945313526,random,"[0.349261251311685, 0.18421859276534117, 0.3797773781122145, 0.08674277781075923]"
310,COMPLETE,[0.027853491270177392],2025-09-19T00:28:22.444073,2025-09-19T00:40:41.489793,739.04572,0.04749661853616699,0.2,0.0498158608244581,50.0,8,2.420132293930495,0.5099679701821,0.28459294649700084,0.5114730435400656,0.8742844543273591,0.1197466295899504,0.6815301158907756,0.5271820070711013,0.08563809057137733,,,32.0,7.0,39.0,5.399142783867012,random,"[0.14187786708670766, 0.07917642400658606, 0.14229659259560762, 0.24323412618000076, 0.03331463423276878, 0.1896080633523166, 0.14666697342389842, 0.023825319122114108]"
311,COMPLETE,[0.039708199349044605],2025-09-19T00:40:41.506210,2025-09-19T00:50:49.458554,607.952344,0.04940544815392325,0.2,0.03438633347307108,50.0,5,1.6259228450435566,0.3855371134980007,0.9484619377999595,0.5237820332174822,0.867807771070663,0.21274997362703515,,,,,,24.0,9.0,33.0,5.842315139918282,random,"[0.13120920898058713, 0.32278848455810955, 0.17825787414644284, 0.2953395852251164, 0.07240484708974411]"
312,COMPLETE,[0.04862891293516381],2025-09-19T00:50:49.474517,2025-09-19T00:59:50.687690,541.213173,0.04790558527981374,0.2,0.04742048614434667,50.0,3,0.741163317405909,0.9485250540096248,0.48079081881780306,0.7070194535802744,,,,,,,,35.0,8.0,43.0,5.671195075429513,random,"[0.44399633441655983, 0.22505400387038677, 0.3309496617130533]"
313,COMPLETE,[0.04207268482875976],2025-09-19T00:59:50.703329,2025-09-19T01:12:59.143004,788.439675,0.04599274466705765,0.2,0.04547597298551599,50.0,9,2.2796755484501054,0.6509938304216673,0.9509692987901139,0.4651862260060656,0.4294802149451995,0.9547608154549245,0.9255541773284036,0.6568749163224249,0.5892341486247317,0.9719346112908602,,25.0,6.0,31.0,5.454690451003374,random,"[0.09871038534288218, 0.14419575354810962, 0.07053632381664347, 0.0651222108924206, 0.14477066233146169, 0.1403420512305368, 0.09960213612202912, 0.08934574668742742, 0.14737473002848908]"
314,COMPLETE,[0.04566391369547962],2025-09-19T01:12:59.159983,2025-09-19T01:23:51.610781,652.450798,0.05277612673844561,0.2,0.043014851162444294,50.0,6,1.1233286930647477,0.933713159259866,0.36038867328449437,0.9351675821267573,0.5888503837042696,0.5238765419762114,0.9298453800428653,,,,,35.0,9.0,44.0,5.4894326441600985,random,"[0.21857391269956658, 0.08436377021272592, 0.2189143801049828, 0.1378446165018246, 0.12263482035749122, 0.2176685001234088]"
315,COMPLETE,[0.04214307333951377],2025-09-19T01:23:51.627797,2025-09-19T01:33:36.396718,584.768921,0.051060881560371384,0.2,0.04256116645550195,50.0,4,2.879007098103805,0.43885194878579203,0.7354082477079863,0.05743409736144884,0.1965923740512357,,,,,,,30.0,10.0,40.0,5.401319989658062,random,"[0.307257610567105, 0.5148884073712767, 0.04021188368693093, 0.1376420983746873]"
316,COMPLETE,[0.030972036329895657],2025-09-19T01:33:36.412770,2025-09-19T01:42:36.552570,540.1398,0.046389815505632315,0.2,0.04990023325323063,50.0,3,2.1961842590579144,0.47933245204854563,0.6207662884400781,0.8759752093422316,,,,,,,,32.0,6.0,38.0,5.36141107342356,random,"[0.24256807397798788, 0.31414122355755636, 0.4432907024644558]"
317,COMPLETE,[0.031420054448818305],2025-09-19T01:42:36.567582,2025-09-19T01:53:23.544611,646.977029,0.05190944370232156,0.2,0.03399028321477213,50.0,6,0.5993554006797454,0.8072609994526209,0.901874267810878,0.745606337176809,0.04441512296459128,0.4933896172555297,0.3813271550646234,,,,,27.0,11.0,38.0,5.842395145371821,random,"[0.23926830674546842, 0.26731122784667966, 0.22099415915788512, 0.01316443042935985, 0.1462383273396995, 0.11302354848090747]"
318,COMPLETE,[0.036462503209936006],2025-09-19T01:53:23.560580,2025-09-19T02:04:06.966661,643.406081,0.05191653815353962,0.2,0.041767304968466104,50.0,6,1.4997517116903925,0.9174182608643906,0.896306001850833,0.1541023925348617,0.5824829428753515,0.13717976666872705,0.8784103920096922,,,,,31.0,9.0,40.0,5.509929561916348,random,"[0.2572753928693385, 0.25135479485665607, 0.0432155705557424, 0.1633480979839533, 0.03846988867451573, 0.24633625505979403]"
319,COMPLETE,[0.029451456882393773],2025-09-19T02:04:06.981675,2025-09-19T02:14:52.434449,645.452774,0.0527911448909345,0.2,0.048160202680223085,50.0,6,1.710537026059286,0.11830129236240138,0.44466003860563086,0.6808554965534882,0.586924672028935,0.13011031179674004,0.06628566627920901,,,,,33.0,10.0,43.0,5.404911643195545,random,"[0.058358790988819145, 0.21935366669175677, 0.33587041040290405, 0.2895337284751752, 0.06418425648618933, 0.03269914695515549]"
320,COMPLETE,[0.03081955157020765],2025-09-19T02:14:52.451219,2025-09-19T02:23:51.428845,538.977626,0.05066282921753238,0.2,0.04485399109662776,50.0,3,2.367487926011603,0.5905214330021538,0.9131876115123768,0.5658484051617027,,,,,,,,31.0,9.0,40.0,5.413995965155129,random,"[0.2853370574924298, 0.4412477709450579, 0.27341517156251227]"
321,COMPLETE,[0.02820285972719423],2025-09-19T02:23:51.444604,2025-09-19T02:32:47.676332,536.231728,0.047409752220430645,0.2,0.036955994690646664,50.0,3,1.344401437971599,0.42758795769182795,0.9712848623400672,0.49875087122025363,,,,,,,,26.0,9.0,35.0,5.748628603812157,random,"[0.22532810886740334, 0.5118427150849724, 0.2628291760476243]"
322,COMPLETE,[0.05067448472650269],2025-09-19T02:32:47.691953,2025-09-19T02:43:29.073957,641.382004,0.047711317553057485,0.2,0.04142102973634928,50.0,6,0.20576545753205,0.330194424152391,0.18613417929597134,0.11703760696302722,0.031992533613576006,0.36058536438881744,0.49033485134821536,,,,,33.0,9.0,42.0,5.733937982563351,random,"[0.2177662771263539, 0.1227572130429006, 0.07718738442522341, 0.021099371858722942, 0.23780938333762572, 0.32338037020917343]"
323,COMPLETE,[0.033006707166234335],2025-09-19T02:43:29.090972,2025-09-19T02:52:29.400382,540.30941,0.05120299684359419,0.2,0.034424556160422,50.0,3,2.1841745581104304,0.9013448695018145,0.18540813011838594,0.560416028951726,,,,,,,,31.0,10.0,41.0,5.441403557618103,random,"[0.5472084855087813, 0.11256169033188555, 0.34022982415933306]"
324,COMPLETE,[0.03766338120281764],2025-09-19T02:52:29.417264,2025-09-19T03:03:12.433601,643.016337,0.052101876374001425,0.2,0.032820991932629835,50.0,6,1.3249159496660858,0.4817477346801578,0.869923306464063,0.9381062642797695,0.6020249046899103,0.7432466283413192,0.9877464897253445,,,,,24.0,11.0,35.0,5.740733795693749,random,"[0.10421134843314891, 0.18818122904144377, 0.20293052096878977, 0.13022962557307394, 0.16077861457773981, 0.21366866140580376]"
325,COMPLETE,[0.05716980664808857],2025-09-19T03:03:12.449873,2025-09-19T03:16:19.358116,786.908243,0.047607268395380924,0.2,0.030674098328302556,50.0,9,1.2169624950297773,0.17507395217805236,0.31943833538767447,0.413145845230165,0.5042226103820545,0.8065340217699032,0.2360523409652076,0.6426521454769873,0.2965748110593073,0.9638550917739706,,21.0,6.0,27.0,5.902889896879761,random,"[0.04017716059688535, 0.07330688056107774, 0.09481151688897081, 0.11571243204298994, 0.1850889096657035, 0.0541708957514401, 0.1474801827201722, 0.06806000358524193, 0.22119201818751838]"
326,COMPLETE,[0.041941491686656125],2025-09-19T03:16:19.373811,2025-09-19T03:26:35.003909,615.630098,0.05154821855415066,0.2,0.040501907272752595,50.0,5,2.7912831399809557,0.1119648974225322,0.07385494161474747,0.9296945782151392,0.05037822522510965,0.8155298268785961,,,,,,28.0,11.0,39.0,5.508054905239669,random,"[0.05650733205771906, 0.03727369743553331, 0.4692056300932376, 0.025425282091143524, 0.4115880583223665]"
327,COMPLETE,[0.06351228355892352],2025-09-19T03:26:35.031934,2025-09-19T03:40:34.439890,839.407956,0.048384336025891324,0.2,0.04812950639364387,50.0,10,0.13206493999280633,0.7385202082647102,0.6188749337511148,0.02125228628201631,0.5122702975436065,0.6820754545783587,0.42631538785641876,0.28487486991280453,0.8472261004425304,0.9777956393598858,0.8910692405625746,38.0,9.0,47.0,5.672881822423818,random,"[0.12308107208914669, 0.10314110498637072, 0.003541885720476398, 0.08537447820045808, 0.11367404338529054, 0.07104931510101743, 0.047476973558395225, 0.1411978921868543, 0.16295848675459754, 0.14850474801739308]"
328,COMPLETE,[0.03987340872373344],2025-09-19T03:40:34.457906,2025-09-19T03:50:50.512020,616.054114,0.05028653447460533,0.2,0.03472661165767769,50.0,5,1.8786614398873387,0.9075542490658876,0.302410921011242,0.49832232283205297,0.4847964883062706,0.062095235191815396,,,,,,26.0,9.0,35.0,5.602872157343661,random,"[0.4024310983637542, 0.13409618127512438, 0.2209679475611395, 0.2149702714441476, 0.027534501355834354]"
329,COMPLETE,[0.03710648562987231],2025-09-19T03:50:50.528034,2025-09-19T04:03:08.957686,738.429652,0.04676041844382804,0.2,0.04364821684299644,50.0,8,2.338254198522092,0.7550023917150248,0.34139247792346616,0.1612915304242145,0.42067349974135476,0.7282047169969983,0.30006056173946416,0.15785177479389528,0.8658690782860583,,,28.0,6.0,34.0,5.589111957655907,random,"[0.20239473370974354, 0.09151764341153198, 0.04323768601009619, 0.1127706374088338, 0.19521103694518746, 0.0804377286171269, 0.042315585057218906, 0.2321149488402612]"
330,COMPLETE,[0.030507775495554546],2025-09-19T04:03:08.974172,2025-09-19T04:17:06.545072,837.5709,0.0507791916411521,0.2,0.03444609124097597,50.0,10,0.6182538439739134,0.29380076603405963,0.5939115301736156,0.2747110744882312,0.9563156707647349,0.5610617907758867,0.6111768278136123,0.1636766108538719,0.6396058808835242,0.38964526787708215,0.9919057395794126,26.0,10.0,36.0,5.859465141890188,random,"[0.053654291115952324, 0.10846092257418327, 0.050168105966268695, 0.17464365423747738, 0.1024618589756745, 0.11161393445459665, 0.0298908428530374, 0.11680568636918182, 0.07115754297320856, 0.18114316048041934]"
331,COMPLETE,[0.029566174810536455],2025-09-19T04:17:06.560746,2025-09-19T04:27:55.627193,649.066447,0.05184977542323887,0.2,0.04182856965185125,50.0,6,1.503472380437032,0.9932359478265164,0.8465129490526007,0.7225420539280063,0.53867868697942,0.20650189376031367,0.22253782091663474,,,,,31.0,9.0,40.0,5.441133893181007,random,"[0.2813692114252801, 0.23980473265937485, 0.20468559195849298, 0.15259979031032642, 0.05849896505690613, 0.06304170858961945]"
332,COMPLETE,[0.04227375666096352],2025-09-19T04:27:55.644201,2025-09-19T04:38:17.492657,621.848456,0.04999316555251471,0.2,0.04961735795788832,50.0,5,0.26106606775792207,0.9092409396184133,0.4199045548743186,0.6154725331954176,0.23329784276338508,0.9155050143572105,,,,,,36.0,10.0,46.0,5.585231336746262,random,"[0.29392732947641825, 0.13574116504365677, 0.19896178247774068, 0.075417426677718, 0.29595229632446635]"
333,COMPLETE,[0.033243068647279585],2025-09-19T04:38:17.508671,2025-09-19T04:49:03.390961,645.88229,0.049988740240206817,0.2,0.04477987113700598,50.0,6,0.7106946752212091,0.8406814184704147,0.3117285871847913,0.22162008145313522,0.6105493847843189,0.6616166274083527,0.8023083040750739,,,,,32.0,9.0,41.0,5.588732473677442,random,"[0.24378145425807993, 0.09039529915623971, 0.0642655642939499, 0.17704758740820828, 0.1918561063052812, 0.23265398857824102]"
334,COMPLETE,[0.039572031307044134],2025-09-19T04:49:03.407340,2025-09-19T05:01:19.514738,736.107398,0.046564379035464676,0.2,0.050408206221111335,50.0,8,1.066686585380638,0.9322903028769728,0.6125026712904423,0.5912791637341074,0.7609086153375908,0.5722077558671282,0.75793303402302,0.4574606345787826,0.5366389030159167,,,32.0,6.0,38.0,5.5309010346845895,random,"[0.17855790598847882, 0.1173102348704825, 0.11324537969040036, 0.14573384340049536, 0.10959270772494993, 0.14516394197924426, 0.08761564153405899, 0.10278034481188981]"
335,COMPLETE,[0.03762396408129916],2025-09-19T05:01:19.530299,2025-09-19T05:10:20.888934,541.358635,0.04816195127440112,0.2,0.04701853749205295,50.0,3,1.1370286617378071,0.7549579123489675,0.5643782921588195,0.5454063836124514,,,,,,,,34.0,8.0,42.0,5.548849384572549,random,"[0.4048590498005443, 0.30265747977995366, 0.292483470419502]"
336,COMPLETE,[0.08072479095034142],2025-09-19T05:10:20.904941,2025-09-19T05:24:19.011022,838.106081,0.045956835515357085,0.2,0.031945343027617215,50.0,10,1.548137485146592,0.3379470252726243,0.957408833716879,0.028821748495333616,0.24347805482736398,0.3546196910503839,0.6923220395982301,0.8936379438295705,0.34188748913620415,0.8192477146323538,0.4072988602126288,20.0,6.0,26.0,5.768965878917669,random,"[0.06656864936315565, 0.18858995103588352, 0.005677294741893804, 0.04796019508190926, 0.06985282338780764, 0.13637327644242667, 0.1760283905218945, 0.06734484011983186, 0.16137503744243054, 0.08022954186276654]"
337,COMPLETE,[0.03149544366068614],2025-09-19T05:24:19.027482,2025-09-19T05:35:33.827274,674.799792,0.048211113974310334,0.2,0.035441026620369256,50.0,7,0.731554259622234,0.1538665417547346,0.9145692634055838,0.15039972472602253,0.24753780754951513,0.8859982470743702,0.27548205460600395,0.561918273840469,,,,26.0,9.0,35.0,5.886723868594601,random,"[0.048237474638777825, 0.286719329269484, 0.04715062042997687, 0.07760360750059543, 0.27776225738131566, 0.08636418594289115, 0.1761625248369591]"
338,COMPLETE,[0.029250314989335193],2025-09-19T05:35:33.843543,2025-09-19T05:49:33.022054,839.178511,0.04805147150751892,0.2,0.036543299358685506,50.0,10,1.0019146894783182,0.2882335262633301,0.4488137346549103,0.03371160738395288,0.8492960998472273,0.5602742989163719,0.8355464708194126,0.863662221370602,0.40977194776854936,0.8247524312063854,0.6748611735463563,26.0,7.0,33.0,5.769707724166662,random,"[0.04979052248262431, 0.07752973998392532, 0.005823467405532191, 0.1467105409355302, 0.0967838489792686, 0.14433537930144708, 0.1491921977572429, 0.07078551771065922, 0.14247077708463293, 0.11657800835913718]"
339,COMPLETE,[0.06835346389868109],2025-09-19T05:49:33.037678,2025-09-19T05:58:30.704559,537.666881,0.05100266030045325,0.2,0.034670734759037154,50.0,3,2.3105907379946498,0.7576254505756052,0.14727832937152732,0.09114859595721038,,,,,,,,41.0,12.0,53.0,5.483159959550344,random,"[0.7606281244876673, 0.1478620330962108, 0.09150984241612206]"
340,COMPLETE,[0.18461759244235618],2025-09-19T05:58:30.719825,2025-09-19T06:09:15.647252,644.927427,0.05267585733536225,0.2,0.04543297967202825,50.0,6,0.042563853027422494,0.19932589705874362,0.24220512575467815,0.3885836496701961,0.9409059290639067,0.3758216153517547,0.5639302218651431,,,,,50.0,13.0,63.0,5.572796623263246,random,"[0.07353103278178412, 0.08934911772419964, 0.14334794175763185, 0.34709882526796465, 0.13864004590627135, 0.20803303656214833]"
341,COMPLETE,[0.05189747600928352],2025-09-19T06:09:15.663271,2025-09-19T06:20:29.017195,673.353924,0.04644922632641521,0.2,0.05296624688750788,50.0,7,2.9521232865054308,0.7088988274608252,0.5231996675027358,0.7890623367868138,0.6956697718763641,0.03081479756846347,0.5804586941128208,0.5364646496705593,,,,34.0,5.0,39.0,5.241492220778638,random,"[0.18343542947241684, 0.13538371343052286, 0.20417862609174178, 0.18001226470101764, 0.007973670440848697, 0.15020012125985294, 0.13881617460359924]"
342,COMPLETE,[0.05188894984852669],2025-09-19T06:20:29.034212,2025-09-19T06:30:43.451692,614.41748,0.04576952676082234,0.2,0.03749861529201918,50.0,5,2.4126865122078374,0.7849784991868153,0.8011054238236818,0.5133028120651782,0.36587537531250197,0.0868985121993124,,,,,,23.0,6.0,29.0,5.5379425736873635,random,"[0.3075740971157883, 0.31389302723881335, 0.20112480677049624, 0.14335907077100885, 0.034048998103893224]"
343,COMPLETE,[0.04586007168053884],2025-09-19T06:30:43.467944,2025-09-19T06:44:39.534264,836.06632,0.049783976812523355,0.2,0.033228178343539236,50.0,10,0.4117947081716238,0.703550131987667,0.05580395572398153,0.029871302783928383,0.2904432114945397,0.41765948619228666,0.8241066132204286,0.01566208197348673,0.4680513577085142,0.3727704132291676,0.7782208351298904,27.0,9.0,36.0,5.922700042402135,random,"[0.17783754886517386, 0.014105659642044568, 0.007550619390113894, 0.0734158185299348, 0.10557249001557463, 0.20831081316785255, 0.003958930773591455, 0.11831012803982813, 0.0942258036265925, 0.19671218794929363]"
344,COMPLETE,[0.04793215912268831],2025-09-19T06:44:39.551278,2025-09-19T06:57:49.105199,789.553921,0.05096858027576854,0.2,0.053304282789162175,50.0,9,2.5834823307011163,0.3565186937658251,0.1338307067944563,0.9155608514973784,0.5509349722894796,0.39546817370473497,0.01456416633023289,0.8233728105005761,0.5997976798614758,0.34918020113520004,,33.0,9.0,42.0,5.2418534743237535,random,"[0.08613168246023302, 0.03233228479351511, 0.22119119673985502, 0.13310089181647125, 0.09554152350574337, 0.003518570474954105, 0.19891940226564153, 0.14490567873601154, 0.08435876920757499]"
345,COMPLETE,[0.02653421065731481],2025-09-19T06:57:49.121166,2025-09-19T07:11:45.821402,836.700236,0.05068978619009088,0.2,0.041208976045129894,50.0,10,2.0775074202351185,0.3604818191594898,0.2714494565492775,0.16100282237112587,0.11460004571913683,0.3196689796086432,0.10493714086513076,0.9606607813325082,0.03326824601827117,0.3793642795972104,0.202569227164662,30.0,9.0,39.0,5.562101461439812,random,"[0.12396199183839572, 0.09334566551998788, 0.05536542896743972, 0.0394085059968868, 0.10992732874470608, 0.03608563957482868, 0.33035070731908306, 0.011440238653395362, 0.13045526634562946, 0.06965922703964725]"
346,COMPLETE,[0.02800983113290367],2025-09-19T07:11:45.837418,2025-09-19T07:21:33.484582,587.647164,0.04873239300997065,0.2,0.03496255592130714,50.0,4,1.1234361161180444,0.4116544592152502,0.19125601202340686,0.774330977694377,0.44459041868473026,,,,,,,25.0,9.0,34.0,5.750320365349937,random,"[0.2259563390739956, 0.10498005629547698, 0.42502878089782004, 0.2440348237327074]"
347,COMPLETE,[0.04016566513338435],2025-09-19T07:21:33.500700,2025-09-19T07:33:52.218280,738.71758,0.050336659960731694,0.2,0.03173572740678171,50.0,8,2.1539286780906526,0.49947134920725766,0.5413234598878666,0.84479893214035,0.8586624355695034,0.3202676445146653,0.364422333399757,0.9707049670422101,0.8151982661441313,,,23.0,9.0,32.0,5.686689673336089,random,"[0.09577867202946065, 0.10380423663688194, 0.16199872120939954, 0.16465718790669392, 0.061414553075574675, 0.06988166029203526, 0.18614247408438397, 0.15632249476557003]"
348,COMPLETE,[0.12448717070867195],2025-09-19T07:33:52.234516,2025-09-19T07:42:52.207159,539.972643,0.051794337735736336,0.2,0.05028149972958397,50.0,3,2.3077015548970765,0.5018775036274292,0.29832407814928436,0.20363716460957207,,,,,,,,38.0,10.0,48.0,5.132395875238952,random,"[0.49995829054630103, 0.2971832669571879, 0.20285844249651105]"
349,COMPLETE,[0.02936018005510318],2025-09-19T07:42:52.223183,2025-09-19T07:53:41.714506,649.491323,0.04805827829342808,0.2,0.04569487383983188,50.0,6,1.1538320915131401,0.42517164073577873,0.8108678643635806,0.8637074729109556,0.33336124015420343,0.9528344422992675,0.39674802355942473,,,,,31.0,7.0,38.0,5.599064030170014,random,"[0.11239926186181652, 0.21436272011042526, 0.2283315092505343, 0.08812807284566171, 0.2518933007987446, 0.10488513513281761]"
350,COMPLETE,[0.026388684520518273],2025-09-19T07:53:41.731271,2025-09-19T08:03:24.137064,582.405793,0.051261200946644755,0.2,0.04137889121737466,50.0,4,2.1235676234446457,0.4466690379163069,0.12317291899490322,0.13462064699760964,0.34420840940087155,,,,,,,31.0,9.0,40.0,5.399596645745208,random,"[0.42593819438813607, 0.11745620640944336, 0.12837262143132563, 0.328232977771095]"
351,COMPLETE,[0.028562471279463146],2025-09-19T08:03:24.152697,2025-09-19T08:15:40.162883,736.010186,0.05027035422409277,0.2,0.04810809070110807,50.0,8,2.275275639131385,0.9159325940304185,0.2742204620201874,0.3957019713687266,0.6461854098700356,0.5494475805566685,0.8621179014704307,0.7107947331384071,0.4539606277454048,,,33.0,9.0,42.0,5.38467680179932,random,"[0.1904874739346266, 0.0570299205988044, 0.08229455906280085, 0.1343878656811579, 0.11426919662196905, 0.17929557519324368, 0.14782473523054426, 0.09441067367685323]"
352,COMPLETE,[0.044887328811568775],2025-09-19T08:15:40.179056,2025-09-19T08:28:43.231334,783.052278,0.05029441247286361,0.2,0.05488463125032195,50.0,9,2.0797860921069002,0.7293739045624784,0.02391331819804622,0.22132324839367734,0.5451053415114017,0.7913605251554134,0.7645990217595127,0.9061595527074173,0.9620170425291141,0.6567922132195869,,34.0,9.0,43.0,5.233007081442821,random,"[0.13023035970131386, 0.004269744243799947, 0.039517462947706604, 0.09732904379506274, 0.14129812596768335, 0.1365198357223164, 0.16179559449231692, 0.17176899900540496, 0.11727083412439515]"
353,COMPLETE,[0.03651147572913913],2025-09-19T08:28:43.247348,2025-09-19T08:41:52.925130,789.677782,0.0465647330964927,0.2,0.053435452189757045,50.0,9,0.2893154139471248,0.7324875663190574,0.5694736819414068,0.5835815466472086,0.7736850012236203,0.2281649612086702,0.6912383689002815,0.39105766337017295,0.32827105991384525,0.9477342804896687,,35.0,7.0,42.0,5.5652483524444225,random,"[0.1396359658349184, 0.1085602148785397, 0.1112496329719588, 0.14748953752314292, 0.04349566626525063, 0.13177252652709387, 0.0745483159478714, 0.06257914620595185, 0.18066899384527244]"
354,COMPLETE,[0.04052907118898414],2025-09-19T08:41:52.942145,2025-09-19T08:54:10.125322,737.183177,0.05239214315047716,0.2,0.04451092271022676,50.0,8,0.3865251348623425,0.7234927133172689,0.7869315925988677,0.23326255834254278,0.9002739307238076,0.48158708485014096,0.7509471137854296,0.5141538605126609,0.9821897799417029,,,34.0,11.0,45.0,5.60766374377034,random,"[0.1346574432236181, 0.14646477331525615, 0.043415143135564084, 0.16756020272312402, 0.08963364017599669, 0.1397672934048716, 0.09569501254925099, 0.1828064914723184]"
355,COMPLETE,[0.022365765428337965],2025-09-19T08:54:10.143101,2025-09-19T09:03:58.290482,588.147381,0.04742706164792914,0.2,0.043960463265861977,50.0,4,0.8799150977524756,0.3108510559625335,0.8918646832263467,0.6222524259583957,0.6370811865846017,,,,,,,29.0,8.0,37.0,5.714863713406981,random,"[0.12625703694520654, 0.36224484395448164, 0.2527375925753418, 0.25876052652496995]"
356,COMPLETE,[0.04075861871702719],2025-09-19T09:03:58.306417,2025-09-19T09:16:14.713192,736.406775,0.04858182332739282,0.2,0.03487930245337082,50.0,8,2.6386805265242823,0.8882082723840954,0.703961634602492,0.08109727535587309,0.3936415247430924,0.7377677964774525,0.2967760424380971,0.056614543090420126,0.18288966172325213,,,25.0,7.0,32.0,5.539786709026909,random,"[0.2658544658405063, 0.21070659906950712, 0.024273668115007932, 0.11782299326296074, 0.22082530589404656, 0.08882965706327114, 0.01694560789409, 0.05474170286061021]"
357,COMPLETE,[0.11260049064360803],2025-09-19T09:16:14.729130,2025-09-19T09:26:28.474132,613.745002,0.04814594921069923,0.2,0.03684291399079988,50.0,5,0.14416808630355227,0.29732567873774607,0.594505225238729,0.5045297302540336,0.4017929124910836,0.8821384000574162,,,,,,38.0,10.0,48.0,5.807378201928106,random,"[0.11093033320308697, 0.2218061453914245, 0.18823685638437368, 0.14990639843317474, 0.3291202665879401]"
358,COMPLETE,[0.08987100809075059],2025-09-19T09:26:28.489709,2025-09-19T09:36:39.949393,611.459684,0.049226132276054255,0.2,0.04922907896234533,50.0,5,2.68420223549479,0.8693203969558125,0.9626099043294485,0.38554262292834285,0.25685990008387194,0.054014322089251575,,,,,,32.0,8.0,40.0,5.136008508894086,random,"[0.3438295244377982, 0.3807269526675238, 0.1524880092036901, 0.10159202246058324, 0.02136349123040469]"
359,COMPLETE,[0.172699341895347],2025-09-19T09:36:39.965406,2025-09-19T09:49:44.581781,784.616375,0.05106211795056565,0.2,0.030965314794688812,50.0,9,0.04298674257443891,0.7160197170238674,0.30728865499182745,0.6102521147913215,0.31116065339777793,0.0953282847597913,0.8402679717640948,0.24877347167541983,0.0828845109198336,0.6171495351873701,,43.0,13.0,56.0,5.846518430824519,random,"[0.18699304227719354, 0.080250360552953, 0.15937116923990596, 0.08126155723428263, 0.024895579770334464, 0.21944125368689754, 0.06496875323461988, 0.02164581014469512, 0.1611724738591179]"
360,COMPLETE,[0.031937982691335805],2025-09-19T09:49:44.599797,2025-09-19T10:00:01.730621,617.130824,0.05286691454355318,0.2,0.04584190634536922,50.0,5,0.97265895366111,0.2901304313502422,0.7046889961860064,0.6163693272545155,0.98294651773346,0.5168523989152374,,,,,,34.0,11.0,45.0,5.570468611930362,random,"[0.09325991035380675, 0.22651616483582693, 0.19812657340725492, 0.3159596313278375, 0.1661377200752739]"
361,COMPLETE,[0.06166815076004351],2025-09-19T10:00:01.746627,2025-09-19T10:10:17.995802,616.249175,0.05013126698211471,0.2,0.03564694603593996,50.0,5,2.97474953225408,0.061727960939700476,0.3337894629024472,0.21194997171264185,0.6218785219663007,0.0745172229104433,,,,,,21.0,9.0,30.0,5.794694997861561,random,"[0.04734236211269126, 0.2560003826720452, 0.16255538264736416, 0.47695076475624615, 0.05715110781165321]"
362,COMPLETE,[0.05530097199278993],2025-09-19T10:10:18.012272,2025-09-19T10:19:17.746531,539.734259,0.051163749663775,0.2,0.040761972534884616,50.0,3,0.26714299684844023,0.051603542411153704,0.5772447136595432,0.7835857388429185,,,,,,,,37.0,12.0,49.0,5.6991834082995325,random,"[0.03653518861552874, 0.4086879215158281, 0.5547768898686432]"
363,COMPLETE,[0.03325977721130894],2025-09-19T10:19:17.762468,2025-09-19T10:30:06.384015,648.621547,0.048732695612717716,0.2,0.045266653691881584,50.0,6,2.2993330961358738,0.6380065111022541,0.43173740781309056,0.946311056756974,0.9177061603838703,0.5701325986285558,0.6700649787093631,,,,,30.0,7.0,37.0,5.467656580831735,random,"[0.15285405412729897, 0.10343595551811717, 0.2267178766575458, 0.21986469522062566, 0.13659277385734972, 0.16053464461906264]"
364,COMPLETE,[0.062128049523578865],2025-09-19T10:30:06.399861,2025-09-19T10:43:16.888018,790.488157,0.046638772407015014,0.2,0.04303996637841696,50.0,9,2.626325406388703,0.4553747838622794,0.9986618787322331,0.6147872074354229,0.46062863240258156,0.5024264925183719,0.27206904186262976,0.020725558114295457,0.37678065201286265,0.5118550674827704,,23.0,6.0,29.0,5.439440626701288,random,"[0.10808007432622907, 0.23702553128807988, 0.14591551712826262, 0.1093270391579628, 0.11924747390333111, 0.06457371665812765, 0.004919068733773124, 0.08942629745293733, 0.12148528135129645]"
365,COMPLETE,[0.03268303836748834],2025-09-19T10:43:16.905033,2025-09-19T10:55:39.079174,742.174141,0.045476883978025316,0.2,0.051920656830210646,50.0,8,0.871919083420563,0.8044461128965105,0.4010394516042867,0.5176017134002511,0.7659180820628423,0.9409323763585471,0.18427958334741307,0.03515372646507401,0.2218467835773952,,,33.0,6.0,39.0,5.565260364535827,random,"[0.20780182058530428, 0.10359516546091363, 0.13370513780639293, 0.1978493889401619, 0.24305849418669118, 0.04760248362492879, 0.009080792663038125, 0.05730671673256919]"
366,COMPLETE,[0.03472954203570154],2025-09-19T10:55:39.096188,2025-09-19T11:05:23.314566,584.218378,0.05071628226585678,0.2,0.03723411932246495,50.0,4,1.8174942292870981,0.3538768491013088,0.8022529580715535,0.6434805769862089,0.49371580764034045,,,,,,,26.0,9.0,35.0,5.627571488579043,random,"[0.15430724611558488, 0.3498206931662356, 0.28058833465871463, 0.21528372605946494]"
367,COMPLETE,[0.039179270777837075],2025-09-19T11:05:23.331667,2025-09-19T11:18:29.807403,786.475736,0.04991347676691638,0.2,0.03313065690374974,50.0,9,0.8184856009443796,0.24009480078348178,0.2462778563595516,0.9655804913914637,0.24479835781115072,0.9600217747746027,0.5454756451721385,0.7866055700485041,0.9104759399243164,0.7553842347249806,,25.0,9.0,34.0,5.826551651559027,random,"[0.042459224691780796, 0.04355265839017589, 0.17075671321580266, 0.043291018566686476, 0.16977368985560054, 0.09646386721695031, 0.13910614696156942, 0.1610118269265183, 0.13358485417491564]"
368,COMPLETE,[0.03078420126731645],2025-09-19T11:18:29.823692,2025-09-19T11:29:46.395197,676.571505,0.048195107267062755,0.2,0.04015393547833365,50.0,7,2.0841403606944433,0.6131258970592308,0.589427501259725,0.633391876704577,0.4321511202494969,0.07697481636776217,0.5418754771718958,0.9964005514889698,,,,29.0,8.0,37.0,5.625050693975602,random,"[0.15788593167671594, 0.15178336233819215, 0.16310462019239239, 0.11128315175233404, 0.019821770139150055, 0.13953824977284365, 0.2565829141283718]"
369,COMPLETE,[0.04487305463121672],2025-09-19T11:29:46.412212,2025-09-19T11:40:00.987805,614.575593,0.04533957641257532,0.2,0.05130824987311684,50.0,5,2.163552703866615,0.7457652776932722,0.04893916469827932,0.9327854268403301,0.9245414484511684,0.21894604025090159,,,,,,30.0,6.0,36.0,5.322165497178945,random,"[0.2597600693827655, 0.01704616881182843, 0.32490170090076664, 0.32203021242790236, 0.07626184847673695]"
370,COMPLETE,[0.03900652151079349],2025-09-19T11:40:01.003819,2025-09-19T11:49:50.356801,589.352982,0.04597999850137955,0.2,0.05232179442347815,50.0,4,1.8177158049966624,0.9243917357317838,0.9718067303343765,0.5721905347493305,0.17448867923775493,,,,,,,33.0,6.0,39.0,5.289551212103566,random,"[0.3497671279713408, 0.3677077973259805, 0.21650284425490424, 0.06602223044777447]"
371,COMPLETE,[0.03800953642121817],2025-09-19T11:49:50.372632,2025-09-19T11:59:35.598630,585.225998,0.05148942918027419,0.2,0.044459828319822266,50.0,4,0.7579787278835148,0.08295200735081658,0.3409511150929095,0.1490051523134584,0.1541634491499818,,,,,,,34.0,10.0,44.0,5.625903435935618,random,"[0.11409054240900178, 0.46893738799343365, 0.20493872531959947, 0.21203334427796516]"
372,COMPLETE,[0.038506855226200044],2025-09-19T11:59:35.614583,2025-09-19T12:13:32.537647,836.923064,0.05185597434091377,0.2,0.037774150529125486,50.0,10,2.4341076507723014,0.7628556256969603,0.17413755935055766,0.36357307012674983,0.7984024758859151,0.10948295730240921,0.45050362227405855,0.7214408366039324,0.750956062715928,0.8983526756130765,0.4431894802355501,25.0,10.0,35.0,5.492591302236544,random,"[0.1393879681770057, 0.03181818389161247, 0.0664315891785467, 0.14588304149891246, 0.020004580754648418, 0.08231542437376888, 0.13182071284100122, 0.13721369581111073, 0.16414580943239465, 0.0809789940409988]"
373,COMPLETE,[0.04696936222769307],2025-09-19T12:13:32.553370,2025-09-19T12:22:31.499388,538.946018,0.047212843197756066,0.2,0.04769757679910862,50.0,3,2.109998240816543,0.9148945075472326,0.48503721834882685,0.9116651184879005,,,,,,,,32.0,7.0,39.0,5.261322436847937,random,"[0.3957846325019758, 0.20982777318078974, 0.39438759431723447]"
374,COMPLETE,[0.03506025714939716],2025-09-19T12:22:31.515397,2025-09-19T12:34:48.966834,737.451437,0.04984626469053202,0.2,0.031630243487343834,50.0,8,0.46783708486617304,0.6599663108826217,0.996811978435003,0.291354913678413,0.059061630891350976,0.5671977666559574,0.5358764816428623,0.6543569986300906,0.49341767877635007,,,25.0,10.0,35.0,5.91267636548709,random,"[0.15499284369631705, 0.2341009239722713, 0.06842459357587387, 0.013870602141721807, 0.1332061854409451, 0.1258503932552651, 0.15367549879118445, 0.11587895912642135]"
375,COMPLETE,[0.03456630360404118],2025-09-19T12:34:48.983849,2025-09-19T12:48:48.445597,839.461748,0.051269076747292704,0.2,0.038243031378589254,50.0,10,0.8028801596160577,0.48588041602322335,0.9872218429871472,0.38192209340492583,0.4673392536493934,0.4011178206134413,0.15087728866430236,0.6483605197009159,0.8150709898137748,0.574564084366201,0.3521963368838183,28.0,10.0,38.0,5.806206345529784,random,"[0.09229285625402923, 0.18752252743871797, 0.07254600042405082, 0.08877096737495839, 0.0761922237199953, 0.028659100995802583, 0.12315590888661014, 0.15482251850240564, 0.10913829555254838, 0.06689960085088152]"
376,COMPLETE,[0.02913749391174945],2025-09-19T12:48:48.461511,2025-09-19T12:57:49.261789,540.800278,0.04651807413740052,0.2,0.044753296292126224,50.0,3,2.9981141941944127,0.015373277456125113,0.5067404729057757,0.36134127849623116,,,,,,,,32.0,7.0,39.0,5.603733199323923,random,"[0.01740131297457791, 0.573589437326243, 0.40900924969917907]"
377,COMPLETE,[0.037323372242415595],2025-09-19T12:57:49.277805,2025-09-19T13:07:44.906444,595.628639,0.048338958209422224,0.2,0.04725970481008928,50.0,4,2.7155431837828368,0.3023215012236252,0.7623743527304436,0.6710670712020479,0.8017232255971146,,,,,,,29.0,6.0,35.0,5.443494128711631,random,"[0.11914212857236033, 0.3004447344487532, 0.26446137292329547, 0.3159517640555909]"
378,COMPLETE,[0.02486454560895574],2025-09-19T13:07:44.922331,2025-09-19T13:20:52.327202,787.404871,0.04755039729124149,0.2,0.04638967325319644,50.0,9,1.2010270311756541,0.8749870010008594,0.38289006426357336,0.9989924533575539,0.5336675433976708,0.39452699725257506,0.7604391618540581,0.8178042948628779,0.3453748193724914,0.24132785324111872,,31.0,7.0,38.0,5.592510095188844,random,"[0.16354866068570478, 0.07156810001581881, 0.18672720576976193, 0.09975075272464941, 0.0737432235349837, 0.1421378904051501, 0.15286032475322398, 0.06455591806315612, 0.0451079240475511]"
379,COMPLETE,[0.03465141132958881],2025-09-19T13:20:52.343545,2025-09-19T13:31:12.698860,620.355315,0.04521379459311546,0.2,0.04986162897578297,50.0,5,2.7527947218607927,0.2407413791032688,0.4770468190940986,0.5050135573135471,0.24267113206081403,0.7441268078708575,,,,,,25.0,6.0,31.0,5.561645632615215,random,"[0.10895248564697504, 0.21589739538706146, 0.22855432065598297, 0.1098258352231564, 0.3367699630868241]"
380,COMPLETE,[0.09901832971166358],2025-09-19T13:31:12.715239,2025-09-19T13:42:03.439591,650.724352,0.05236708886247201,0.2,0.05372864746001736,50.0,6,2.899431794376623,0.3139272150115381,0.38065332709792676,0.4301104798848973,0.692741873054891,0.7977159501148507,0.8884961936860707,,,,,36.0,9.0,45.0,5.106508147095002,random,"[0.08960017682457999, 0.10864494629936869, 0.1227608605083039, 0.19772033564285804, 0.22768172610791787, 0.2535919546169714]"
381,COMPLETE,[0.03138282731399131],2025-09-19T13:42:03.455604,2025-09-19T13:52:26.219445,622.763841,0.04594082313539959,0.2,0.041498997195237856,50.0,5,1.1935127477677456,0.40064186712136546,0.7673006163474005,0.04948514343786251,0.1428435945661424,0.6645621520866314,,,,,,28.0,7.0,35.0,5.810728128540687,random,"[0.1978641167974664, 0.3789450659826802, 0.024439118835182898, 0.07054585154088079, 0.3282058468437898]"
382,COMPLETE,[0.03814801493787227],2025-09-19T13:52:26.235061,2025-09-19T14:04:46.110987,739.875926,0.050369606605233444,0.2,0.036035929033459015,50.0,8,2.9335251114731835,0.7753752575416627,0.13869237276955657,0.01377336957548918,0.646603500522285,0.38806589138626646,0.07608861482223038,0.15508889493939826,0.014776054017665755,,,28.0,10.0,38.0,5.4733680136114975,random,"[0.3510925571524399, 0.0628003787064183, 0.006236628648940706, 0.2927842670423229, 0.1757175571766609, 0.03445318391100259, 0.0702247797832183, 0.006690647578996423]"
383,COMPLETE,[0.03237566413291999],2025-09-19T14:04:46.128004,2025-09-19T14:17:06.215025,740.087021,0.04982728538848727,0.2,0.04322107038743265,50.0,8,1.9032842832349726,0.24313340485608373,0.2158828866563271,0.898519337721015,0.9213213287347763,0.07206690013034778,0.6642225005554366,0.5538348465771201,0.30089593513591867,,,31.0,8.0,39.0,5.5054649224781524,random,"[0.06282716376701937, 0.055785462645424555, 0.2321829104982382, 0.2380750848972422, 0.018622529221564082, 0.17163917004673712, 0.14311432288121517, 0.07775335604255933]"
384,COMPLETE,[0.04527672274227499],2025-09-19T14:17:06.231489,2025-09-19T14:31:07.777758,841.546269,0.04723807083177224,0.2,0.05460893512932462,50.0,10,0.1630196479277508,0.7725687492209667,0.8034913413647394,0.4272275196791058,0.07305963686401355,0.38307425942822393,0.17889695433248828,0.36587027154202245,0.08996527188178799,0.5387263625276913,0.17771444399327105,38.0,8.0,46.0,5.5299051598143265,random,"[0.20274229813791636, 0.21085719717043835, 0.11211570394847793, 0.019172764487132, 0.1005287306693077, 0.04694725186310735, 0.09601395312400507, 0.023609246416333243, 0.14137592404103966, 0.04663693014224238]"
385,COMPLETE,[0.03241003715845458],2025-09-19T14:31:07.793398,2025-09-19T14:41:35.900873,628.107475,0.04733656664662309,0.2,0.05035258860380361,50.0,5,1.4055859178970818,0.9669083304992755,0.7888941887456955,0.08191563879555111,0.984440060963206,0.48122161146433184,,,,,,32.0,7.0,39.0,5.536333729160127,random,"[0.29270274086594306, 0.23881425365302786, 0.02479752344553862, 0.29800995086408805, 0.1456755311714024]"
386,COMPLETE,[0.02949178025408023],2025-09-19T14:41:35.917793,2025-09-19T14:55:39.016114,843.098321,0.05144357510229015,0.2,0.032714489449805734,50.0,10,0.6329934521056065,0.8666124842248494,0.4122074199224585,0.37484846036523656,0.7276576003928533,0.9249227633272594,0.9912563971408286,0.802737909228086,0.5468790560994584,0.9990996697492605,0.5642356478710745,25.0,11.0,36.0,5.8603631881022356,random,"[0.12018828142923621, 0.05716799872456673, 0.05198677963656447, 0.10091698198689673, 0.12827518574062094, 0.1374748287115392, 0.11132967907163158, 0.07584526544298317, 0.1385625922422384, 0.07825240701372255]"
387,COMPLETE,[0.029491434827602962],2025-09-19T14:55:39.033104,2025-09-19T15:06:48.512412,669.479308,0.047472881972238215,0.2,0.03641625903429214,50.0,7,0.3429476594665638,0.7300514372846512,0.8455532094609972,0.13723975890011053,0.5067012458831249,0.6295396848741132,0.499554338982089,0.9545026010701443,,,,27.0,9.0,36.0,5.798711212558519,random,"[0.169655426286774, 0.19649668896319475, 0.03189291686938215, 0.11775145076089064, 0.1462976691053554, 0.11609059308018126, 0.22181525493422174]"
388,COMPLETE,[0.05694046285279053],2025-09-19T15:06:48.528151,2025-09-19T15:19:03.734416,735.206265,0.04589604518083715,0.2,0.042345302456365724,50.0,8,0.4209756527742544,0.6384053863276756,0.22770873287271887,0.24716020560355056,0.7736861253197838,0.7045559834204654,0.1585348519816537,0.6313837199672975,0.6458311142896589,,,31.0,7.0,38.0,5.824484829656567,random,"[0.15852078490460067, 0.05654176458669175, 0.06137170930658048, 0.1921119941687662, 0.17494646801698396, 0.03936537771936554, 0.1567772531509164, 0.16036464814609505]"
389,COMPLETE,[0.026937368488846297],2025-09-19T15:19:03.750725,2025-09-19T15:29:49.561558,645.810833,0.052272574290372034,0.2,0.040947269772717516,50.0,7,1.4358530177024948,0.557523081381404,0.8557678963770277,0.6468186872939804,0.8223166800354923,0.8875669869710268,0.809941827780785,0.42856646883182564,,,,30.0,10.0,40.0,5.495918868228772,random,"[0.1113153439323692, 0.170863056423526, 0.12914415033654345, 0.1641841694386359, 0.17721207913562076, 0.16171340010038382, 0.0855678006329208]"
390,COMPLETE,[0.03719274250491213],2025-09-19T15:29:49.577570,2025-09-19T15:40:39.465055,649.887485,0.04975928352539568,0.2,0.052257993626407165,50.0,7,2.1503726459694454,0.7368942186625176,0.46133015836275676,0.43827798893410364,0.7978537308410631,0.026879313154192286,0.3056071514597244,0.7935672412565737,,,,34.0,8.0,42.0,5.320255404696138,random,"[0.20696893321373225, 0.12957220767583502, 0.12309762449404513, 0.22409042078317304, 0.0075494998171356815, 0.08583482475260726, 0.22288648926347163]"
391,COMPLETE,[0.03299205833720652],2025-09-19T15:40:39.480696,2025-09-19T15:49:32.614372,533.133676,0.046954873400086174,0.2,0.030633505631228443,50.0,3,2.45276030264975,0.3006358821935297,0.7163167466062149,0.6623659162556053,,,,,,,,24.0,7.0,31.0,5.7444641240541685,random,"[0.1790225464244015, 0.4265520372625941, 0.39442541631300443]"
392,COMPLETE,[0.03370965637023935],2025-09-19T15:49:32.630892,2025-09-19T15:59:19.555187,586.924295,0.045965128491170446,0.2,0.03744584709476036,50.0,5,2.32716070794458,0.9849112749610408,0.8977775518905293,0.2968010222884769,0.9313979777737051,0.7406818146737678,,,,,,24.0,6.0,30.0,5.647013781142576,random,"[0.25571685484442785, 0.23309394232334016, 0.07705975742558376, 0.24182296166136732, 0.1923064837452809]"
393,COMPLETE,[0.04769208811389992],2025-09-19T15:59:19.571466,2025-09-19T16:08:11.678890,532.107424,0.04570192906440656,0.2,0.048990577259647686,50.0,3,0.8434995831353166,0.31955818922038254,0.8434058527996392,0.07038754676091384,,,,,,,,37.0,7.0,44.0,5.6514361337009476,random,"[0.25909739941733806, 0.6838324614583543, 0.05707013912430762]"
394,COMPLETE,[0.1938325915559675],2025-09-19T16:08:11.693904,2025-09-19T16:18:57.736439,646.042535,0.046483307651040855,0.2,0.03770852734622124,50.0,7,0.06330072433107181,0.05985983565616182,0.9897530738085965,0.8396267550766102,0.5996869532115422,0.46011553060822424,0.0821164000329288,0.2592315965169276,,,,49.0,8.0,57.0,5.784682270979812,random,"[0.018192321584947217, 0.30080113002385933, 0.25517544063131853, 0.18225405705734765, 0.13983616238331242, 0.024956432646728022, 0.07878445567248686]"
395,COMPLETE,[0.06223020130932423],2025-09-19T16:18:57.752173,2025-09-19T16:29:11.185796,613.433623,0.052799210166387334,0.2,0.04777418584964173,50.0,6,1.5323302804718133,0.6723229393216931,0.16870213555614041,0.9357844329404058,0.7679730075471758,0.14971049764675282,0.5035515071583678,,,,,37.0,9.0,46.0,5.338540404148224,random,"[0.2102293870774011, 0.05275165323437848, 0.29261144647558096, 0.24013831036543032, 0.04681313743523793, 0.15745606541197116]"
396,COMPLETE,[0.05071184425335032],2025-09-19T16:29:11.202812,2025-09-19T16:42:16.910440,785.707628,0.05118120792576415,0.2,0.053717730782545936,50.0,9,1.0613326913606698,0.36425712572809993,0.7120259901340882,0.09886072637709702,0.32690100828091934,0.3478679441957791,0.34146491246069355,0.3313952154848281,0.9795365291037088,0.6008303924822262,,35.0,9.0,44.0,5.423669767696078,random,"[0.08877521594560922, 0.1735319821312796, 0.02409392078500535, 0.07967093998495595, 0.08478091349566999, 0.08322039350899137, 0.0807662492784497, 0.23872852651537307, 0.14643185835466568]"
397,COMPLETE,[0.0734758634240817],2025-09-19T16:42:16.926454,2025-09-19T16:51:40.492318,563.565864,0.045652465656307484,0.2,0.04376815039049741,50.0,4,2.078763193970674,0.6653871300063335,0.3229959463735037,0.9072603054373004,0.5856473451728165,,,,,,,26.0,6.0,32.0,5.3264168826741916,random,"[0.26816169615622293, 0.13017255207547931, 0.3656404691190278, 0.23602528264926997]"
398,COMPLETE,[0.10407744651832293],2025-09-19T16:51:40.508829,2025-09-19T17:01:52.356428,611.847599,0.05238425774690055,0.2,0.030704075788281538,50.0,6,2.260458156343554,0.579154553273301,0.4136196571265673,0.6794321496101726,0.893052466343445,0.9879376053276491,0.5128019349331974,,,,,20.0,12.0,32.0,5.465807215130653,random,"[0.14243846186184042, 0.10172646908143726, 0.16710094012554189, 0.21963916013253842, 0.24297540634535056, 0.12611956245329148]"
399,COMPLETE,[0.02683187415433209],2025-09-19T17:01:52.371904,2025-09-19T17:10:44.218669,531.846765,0.04604211805108692,0.2,0.05166245942149565,50.0,3,1.2955413840657062,0.2111048652999671,0.6287966729479054,0.27199614754981083,,,,,,,,34.0,7.0,41.0,5.564253070225257,random,"[0.18985997362564788, 0.5655166666677628, 0.24462335970658922]"
