number,state,values,datetime_start,datetime_complete,duration,param_gamma,param_theta,param_m0,param_beta_prime,param_n_instances,param_beta_range_delta,param_weight_0,param_weight_1,attr_CQ,attr_GR,attr_KR,attr_MC,attr_morph_type,attr_weights
0,COMPLETE,[2.0],2025-09-20T01:44:56.890433,2025-09-20T01:53:32.189202,515.298769,0.0499639727309692,0.2,0.03098978946758187,50.0,2,2.485833072776857,0.2894702098725854,0.37760084866436566,28.0,11.0,39.0,5.554732516856374,random,"[0.43394209082832036, 0.5660579091716798]"
1,COMPLETE,[2.0],2025-09-20T01:53:32.206988,2025-09-20T02:01:57.959614,505.752626,0.04641885117759634,0.2,0.03277714870536677,50.0,2,0.5623755390041105,0.19548739908734541,0.12763826145931936,29.0,10.0,39.0,5.8636199682229115,random,"[0.6049887797726102, 0.39501122022738966]"
2,COMPLETE,[2.0],2025-09-20T02:01:57.974194,2025-09-20T02:10:23.832310,505.858116,0.05180996540975248,0.2,0.05147400807405632,50.0,2,0.4846543603337117,0.5289275100687932,0.5525145742442322,42.0,11.0,53.0,5.480035167542683,random,"[0.48909462442899915, 0.5109053755710008]"
3,COMPLETE,[2.0],2025-09-20T02:10:23.846322,2025-09-20T02:18:49.569548,505.723226,0.04944724780753148,0.2,0.041974082919512594,50.0,2,1.1015754881693194,0.6224817178724766,0.1982455907371651,42.0,10.0,52.0,5.617169683062619,random,"[0.7584513288914386, 0.24154867110856137]"
4,COMPLETE,[2.0],2025-09-20T02:18:49.584075,2025-09-20T02:27:15.491992,505.907917,0.04770009288537457,0.2,0.050415685705789505,50.0,2,0.29272671479132084,0.6813237916362419,0.3362458092463901,39.0,9.0,48.0,5.612824438852938,random,"[0.6695598915742637, 0.33044010842573623]"
5,COMPLETE,[2.0],2025-09-20T02:27:15.506745,2025-09-20T02:35:44.658010,509.151265,0.050202656811909205,0.2,0.034357217263204606,50.0,2,2.7980183364376248,0.9583436794067774,0.1454691650902532,53.0,10.0,63.0,5.428169861156064,random,"[0.8682121105806316, 0.13178788941936845]"
6,COMPLETE,[2.0],2025-09-20T02:35:44.673244,2025-09-20T02:44:12.352543,507.679299,0.052505861757490925,0.2,0.03309931030644864,50.0,2,2.4156549902290765,0.6934531570610061,0.4418623968648043,33.0,14.0,47.0,5.488710788544322,random,"[0.6108021286796546, 0.38919787132034545]"
7,COMPLETE,[2.0],2025-09-20T02:44:12.367657,2025-09-20T02:52:40.273763,507.906106,0.049011285979865725,0.2,0.03717237881353365,50.0,2,1.9439757335585408,0.22457762596875372,0.7519278817709285,38.0,11.0,49.0,5.785461463031416,random,"[0.2299809106951006, 0.7700190893048994]"
8,COMPLETE,[2.0],2025-09-20T02:52:40.288700,2025-09-20T03:01:11.154009,510.865309,0.04838455298775653,0.2,0.03656489922759304,50.0,2,0.858065677805451,0.43614005844770004,0.6369398729470211,29.0,11.0,40.0,5.817219559002416,random,"[0.4064376247171381, 0.5935623752828618]"
9,COMPLETE,[2.0],2025-09-20T03:01:11.168745,2025-09-20T03:09:38.171155,507.00241,0.049105476269754304,0.2,0.0379554002736256,50.0,2,0.4081454416753456,0.41581073590018025,0.5744926127913176,32.0,11.0,43.0,5.801365525488956,random,"[0.41988218705874014, 0.5801178129412599]"
10,COMPLETE,[2.0],2025-09-20T03:09:38.186852,2025-09-20T03:18:05.940867,507.754015,0.04731654676149331,0.2,0.0415052062832605,50.0,2,0.4425705315485735,0.6315069528765256,0.8413408663010205,34.0,9.0,43.0,5.834375199480193,random,"[0.4287659218106904, 0.5712340781893096]"
11,COMPLETE,[2.0],2025-09-20T03:18:05.956881,2025-09-20T03:26:33.508418,507.551537,0.04751932696933148,0.2,0.03179397327160075,50.0,2,0.7269689071245029,0.8570763992134612,0.48165349590623746,30.0,10.0,40.0,5.884320382124992,random,"[0.6402160752052439, 0.3597839247947562]"
12,COMPLETE,[2.0],2025-09-20T03:26:33.523506,2025-09-20T03:35:00.191559,506.668053,0.04682585999228781,0.2,0.03171067783551826,50.0,2,2.7354979686699847,0.8961319969389216,0.954365399529598,30.0,7.0,37.0,5.680569465187952,random,"[0.4842654729745071, 0.5157345270254929]"
13,COMPLETE,[2.0],2025-09-20T03:35:00.206574,2025-09-20T03:43:27.882288,507.675714,0.04667317866949049,0.2,0.03287500180550789,50.0,2,1.720645454511235,0.1966920466055523,0.6388806307345749,36.0,9.0,45.0,5.880765639439203,random,"[0.23539789169708225, 0.7646021083029177]"
14,COMPLETE,[2.0],2025-09-20T03:43:27.896301,2025-09-20T03:51:55.414791,507.51849,0.05197508270475906,0.2,0.03188484302171814,50.0,2,2.413439383223857,0.7239822140283214,0.317982188967405,37.0,13.0,50.0,5.4952308417880085,random,"[0.6948243260007902, 0.3051756739992097]"
15,COMPLETE,[0.9693071245313579],2025-09-20T03:51:55.430217,2025-09-20T04:00:24.363744,508.933527,0.05111575298554198,0.2,0.047473974152787535,50.0,2,1.6946732347706353,0.5495119760356822,0.08912407974022636,58.0,9.0,67.0,5.417301554645778,random,"[0.8604462135606399, 0.13955378643936]"
16,COMPLETE,[0.7430491827901214],2025-09-20T04:00:24.380759,2025-09-20T04:08:54.360261,509.979502,0.05035186065033973,0.2,0.05472450415007282,50.0,2,1.2432226943403304,0.2311008063925404,0.0981540444604535,48.0,7.0,55.0,5.313074195559819,random,"[0.7018903618088913, 0.2981096381911088]"
17,COMPLETE,[0.39603317465082033],2025-09-20T04:08:54.376275,2025-09-20T04:17:25.377310,511.001035,0.048819315596488146,0.2,0.04274985288013471,50.0,2,1.5690216161423813,0.14250466889148106,0.6727513344293201,42.0,11.0,53.0,5.7007405501850315,random,"[0.17479744805437003, 0.82520255194563]"
18,COMPLETE,[0.3201254516102361],2025-09-20T04:17:25.393326,2025-09-20T04:25:53.684802,508.291476,0.0452949166670604,0.2,0.032670646463686615,50.0,2,2.744440105319512,0.4672422381477583,0.9776554370550612,32.0,7.0,39.0,5.825607752913394,random,"[0.32337392894079625, 0.6766260710592037]"
19,COMPLETE,[0.5531040016413326],2025-09-20T04:25:53.700816,2025-09-20T04:34:20.491144,506.790328,0.052934970740843364,0.2,0.0478744936592895,50.0,2,2.765072149811398,0.06941140818598932,0.93296471703625,52.0,15.0,67.0,5.636949739568661,random,"[0.06924686895410637, 0.9307531310458937]"
20,COMPLETE,[0.3869965029873063],2025-09-20T04:34:20.508159,2025-09-20T04:42:47.157509,506.64935,0.05273539263112745,0.2,0.04127466729712275,50.0,2,0.07134746576400208,0.7148764411995487,0.3975556579435159,45.0,14.0,59.0,5.6435144684211265,random,"[0.6426247873917309, 0.3573752126082692]"
21,COMPLETE,[0.2826547638128176],2025-09-20T04:42:47.172522,2025-09-20T04:51:14.056749,506.884227,0.045078461201255866,0.2,0.03723737103159787,50.0,2,1.067071265289056,0.2469491258664414,0.2836603472348778,31.0,7.0,38.0,5.713760461900995,random,"[0.4654065530022808, 0.5345934469977192]"
22,COMPLETE,[0.40701428587758876],2025-09-20T04:51:14.071763,2025-09-20T04:59:41.848897,507.777134,0.04539738622866561,0.2,0.05460695073514496,50.0,2,0.3130111458580823,0.20688277301391395,0.7318049873387168,48.0,7.0,55.0,5.515383498363828,random,"[0.22039572875244015, 0.7796042712475599]"
23,COMPLETE,[0.26171071726594014],2025-09-20T04:59:41.863910,2025-09-20T05:08:08.193467,506.329557,0.04577515919356224,0.2,0.043693478438021835,50.0,2,0.6226685217034207,0.6854156650547932,0.6001417731477956,36.0,7.0,43.0,5.700789331196777,random,"[0.5331661150925407, 0.46683388490745936]"
24,COMPLETE,[0.29861074199658083],2025-09-20T05:08:08.208480,2025-09-20T05:16:37.122509,508.914029,0.05071446681729817,0.2,0.03814303122854244,50.0,2,2.3115429892963357,0.1144240176807437,0.6398753027185314,40.0,14.0,54.0,5.828175912929571,random,"[0.15169577193861894, 0.8483042280613811]"
25,COMPLETE,[0.23280692011666523],2025-09-20T05:16:37.138523,2025-09-20T05:25:03.777594,506.639071,0.04581308950516436,0.2,0.03438973052869532,50.0,2,2.27296034688553,0.4209465857810523,0.8300031642358249,33.0,8.0,41.0,5.860648374824572,random,"[0.3365015947086389, 0.6634984052913612]"
26,COMPLETE,[0.6233981763571966],2025-09-20T05:25:03.793609,2025-09-20T05:33:30.818326,507.024717,0.048565774045110324,0.2,0.051007452607852985,50.0,2,0.004129716944131667,0.18259517114692067,0.6463466963411626,64.0,10.0,74.0,5.562208410684532,random,"[0.22027500155135502, 0.779724998448645]"
27,COMPLETE,[0.2160590109174517],2025-09-20T05:33:30.833341,2025-09-20T05:41:57.759255,506.925914,0.04745363675918041,0.2,0.034992203627948595,50.0,2,1.0998003097353881,0.35710802938134084,0.2153625113742062,33.0,9.0,42.0,5.700953832711543,random,"[0.6238015827155566, 0.3761984172844433]"
28,COMPLETE,[0.23013436987932073],2025-09-20T05:41:57.775269,2025-09-20T05:50:24.393317,506.618048,0.049533562480523166,0.2,0.03361959311494854,50.0,2,2.668332400820509,0.6801953883575229,0.35932596142617257,37.0,9.0,46.0,5.6123231628971455,random,"[0.6543351788773348, 0.34566482112266517]"
29,COMPLETE,[0.31928169063078554],2025-09-20T05:50:24.408332,2025-09-20T05:58:52.973218,508.564886,0.04669519491168962,0.2,0.04318573610847123,50.0,2,1.2252825519073403,0.04395441960117871,0.3397292510731151,48.0,10.0,58.0,5.694974545083373,random,"[0.11455900514069908, 0.885440994859301]"
30,COMPLETE,[0.5191106138513291],2025-09-20T05:58:52.989234,2025-09-20T06:07:21.197402,508.208168,0.047079548648471546,0.2,0.054307877445293126,50.0,2,2.2074298661024696,0.9963677483641998,0.655540229340008,42.0,7.0,49.0,5.260083952280785,random,"[0.6031617752394016, 0.3968382247605984]"
31,COMPLETE,[0.3807425919457165],2025-09-20T06:07:21.212417,2025-09-20T06:15:48.991038,507.778621,0.051800047486494534,0.2,0.040337300933450546,50.0,2,2.562037627881007,0.5124290533962343,0.1895422122627961,44.0,12.0,56.0,5.341117863806724,random,"[0.7299857963775077, 0.27001420362249234]"
32,COMPLETE,[0.32748431546263407],2025-09-20T06:15:49.006052,2025-09-20T06:24:15.602931,506.596879,0.050155131899834435,0.2,0.04182835687890753,50.0,2,0.04625778011639903,0.3176551341378843,0.841811362948819,50.0,12.0,62.0,5.721959267214046,random,"[0.273966634599646, 0.726033365400354]"
33,COMPLETE,[0.17484264603806046],2025-09-20T06:24:15.618578,2025-09-20T06:32:42.439141,506.820563,0.047398789285634055,0.2,0.030670418671792727,50.0,2,1.1691872934025103,0.39636578641482334,0.629802214083641,30.0,9.0,39.0,5.845735733285941,random,"[0.3862581821127607, 0.6137418178872394]"
34,COMPLETE,[0.4297559602335629],2025-09-20T06:32:42.455070,2025-09-20T06:41:10.233094,507.778024,0.048826966116998535,0.2,0.05120607048119552,50.0,2,1.5496326816442672,0.01883063876413614,0.9122294911092396,60.0,10.0,70.0,5.601440199333618,random,"[0.020224943760288727, 0.9797750562397113]"
35,COMPLETE,[0.3396224844082323],2025-09-20T06:41:10.249089,2025-09-20T06:49:37.760060,507.510971,0.04968911542938632,0.2,0.05271497880678136,50.0,2,1.3034706899518382,0.6208233443992025,0.25728466577713144,47.0,7.0,54.0,5.35334022299349,random,"[0.7070011174075661, 0.29299888259243395]"
36,COMPLETE,[0.1786444625281067],2025-09-20T06:49:37.776323,2025-09-20T06:58:04.767433,506.99111,0.05021353052546526,0.2,0.031762775553333504,50.0,2,0.21510504862417534,0.7091019496801126,0.8630811307457755,30.0,11.0,41.0,5.884703597412269,random,"[0.45103013669885333, 0.5489698633011467]"
37,COMPLETE,[0.37748978991966997],2025-09-20T06:58:04.782692,2025-09-20T07:06:32.774083,507.991391,0.05017383821938222,0.2,0.04190506232583672,50.0,2,2.773151254387267,0.45936434348495253,0.40645275180669616,38.0,10.0,48.0,5.3162056817638055,random,"[0.5305558714224933, 0.4694441285775068]"
38,COMPLETE,[0.2558942557066993],2025-09-20T07:06:32.789587,2025-09-20T07:15:02.306257,509.51667,0.04642547721847132,0.2,0.04441565445103669,50.0,2,0.0637588944891685,0.7996100573294775,0.7702898155083704,49.0,8.0,57.0,5.676188195410202,random,"[0.5093382521804101, 0.4906617478195899]"
39,COMPLETE,[0.28460317713987926],2025-09-20T07:15:02.321610,2025-09-20T07:23:28.930908,506.609298,0.04742711144028071,0.2,0.05021082381118601,50.0,2,1.4877079882667295,0.037734022630847665,0.460301998982596,54.0,9.0,63.0,5.640081240070251,random,"[0.0757656494576518, 0.9242343505423481]"
40,COMPLETE,[0.2872554534961725],2025-09-20T07:23:28.947043,2025-09-20T07:31:57.579241,508.632198,0.0491197632191217,0.2,0.03730749565579566,50.0,2,0.9358064026651569,0.047284239918265566,0.565065131748941,49.0,12.0,61.0,5.7817292645988,random,"[0.07721774873309273, 0.9227822512669073]"
41,COMPLETE,[0.36060122350179813],2025-09-20T07:31:57.593954,2025-09-20T07:40:24.915742,507.321788,0.05156643197606367,0.2,0.048478813631030765,50.0,2,0.9151715985835728,0.654395701508143,0.04652591854803743,60.0,12.0,72.0,5.477772868870651,random,"[0.9336217956234417, 0.06637820437655821]"
42,COMPLETE,[0.20161306463302744],2025-09-20T07:40:24.930748,2025-09-20T07:48:52.838748,507.908,0.05148928884533536,0.2,0.031467525783008904,50.0,2,0.6632511043577578,0.8795088813908463,0.168017929445675,40.0,15.0,55.0,5.7688353087764925,random,"[0.8396051273270025, 0.16039487267299754]"
43,COMPLETE,[0.24607385250528813],2025-09-20T07:48:52.853331,2025-09-20T07:57:21.796199,508.942868,0.050343313936977704,0.2,0.05375395014279054,50.0,2,0.4684776845239823,0.8874849287910548,0.6130390684590503,44.0,9.0,53.0,5.482267993339554,random,"[0.5914500070758483, 0.4085499929241518]"
44,COMPLETE,[0.47293233227522413],2025-09-20T07:57:21.810211,2025-09-20T08:05:49.246353,507.436142,0.04514771144587931,0.2,0.05459086457184681,50.0,2,2.5923900777982647,0.2074774749708333,0.05235675392452322,53.0,6.0,59.0,5.159219647138492,random,"[0.7984993965302049, 0.20150060346979515]"
45,COMPLETE,[0.23143259955125592],2025-09-20T08:05:49.261761,2025-09-20T08:14:17.372133,508.110372,0.051474185389385745,0.2,0.05363782427491146,50.0,2,0.30944838608601644,0.16125807478963303,0.8295081786996908,51.0,12.0,63.0,5.469531354860477,random,"[0.1627609683128662, 0.8372390316871338]"
46,COMPLETE,[0.16992279421302217],2025-09-20T08:14:17.386947,2025-09-20T08:22:45.687915,508.300968,0.05246705334006205,0.2,0.036904177110576884,50.0,2,0.8192964134751176,0.19100338797038288,0.7658032996789823,40.0,15.0,55.0,5.70935568517115,random,"[0.19962589145319465, 0.8003741085468054]"
47,COMPLETE,[0.261860583107758],2025-09-20T08:22:45.702734,2025-09-20T08:31:13.701446,507.998712,0.050937688300265724,0.2,0.04758986386560383,50.0,2,1.3293870328682886,0.3559045914153808,0.4988277289402274,36.0,11.0,47.0,5.41831191086529,random,"[0.4163930425227257, 0.5836069574772743]"
48,COMPLETE,[0.18544425923893393],2025-09-20T08:31:13.716458,2025-09-20T08:39:42.302206,508.585748,0.05008638707219272,0.2,0.04590632242638476,50.0,2,1.4053624083972514,0.31744620622800385,0.942792163898763,40.0,11.0,51.0,5.550279242262717,random,"[0.25189377958399417, 0.7481062204160058]"
49,COMPLETE,[0.19908023388080123],2025-09-20T08:39:42.317673,2025-09-20T08:48:09.566165,507.248492,0.05031150176722447,0.2,0.038374610072250404,50.0,2,2.3159590749487027,0.7548526423165538,0.6328738224652014,33.0,11.0,44.0,5.57533765684034,random,"[0.5439491581903844, 0.4560508418096157]"
50,COMPLETE,[0.21435704058477298],2025-09-20T08:48:09.581115,2025-09-20T08:56:36.734378,507.153263,0.05297545746136055,0.2,0.03750045423859015,50.0,2,1.4764166142987494,0.2810025844174797,0.3189070679775518,33.0,13.0,46.0,5.485939805514444,random,"[0.4684081732901402, 0.5315918267098597]"
51,COMPLETE,[0.1557162838681239],2025-09-20T08:56:36.749454,2025-09-20T09:05:03.750950,507.001496,0.04681964203170835,0.2,0.03941630580004273,50.0,2,1.5992444845310219,0.6146238694710806,0.37688662059835215,36.0,7.0,43.0,5.617496755168799,random,"[0.6198864012301476, 0.3801135987698525]"
52,COMPLETE,[0.1498138237065322],2025-09-20T09:05:03.765964,2025-09-20T09:13:30.664650,506.898686,0.05063922970805658,0.2,0.03876947658522422,50.0,2,0.3405177692796375,0.5433848796868317,0.15390674529085902,40.0,12.0,52.0,5.724486428157624,random,"[0.779279228693184, 0.22072077130681605]"
53,COMPLETE,[0.189088906545155],2025-09-20T09:13:30.679135,2025-09-20T09:21:56.819236,506.140101,0.05219106074285888,0.2,0.03655296101180992,50.0,2,2.895678939229416,0.41680004218161204,0.9807595165946594,30.0,15.0,45.0,5.626866014338296,random,"[0.2982341894227175, 0.7017658105772825]"
54,COMPLETE,[0.16561607488330013],2025-09-20T09:21:56.834219,2025-09-20T09:30:23.763315,506.929096,0.04794699112606467,0.2,0.03696848910643423,50.0,2,1.108638713666482,0.150235824961415,0.7113517932875092,41.0,11.0,52.0,5.7858550048483774,random,"[0.17437091919537062, 0.8256290808046294]"
55,COMPLETE,[0.18150300978168624],2025-09-20T09:30:23.779329,2025-09-20T09:38:51.334563,507.555234,0.045016852588895505,0.2,0.03985193054734312,50.0,2,1.9164936700059307,0.9464957747730903,0.30051010773549963,44.0,5.0,49.0,5.534471670519837,random,"[0.7590146831296688, 0.24098531687033128]"
56,COMPLETE,[0.23945927353684604],2025-09-20T09:38:51.349543,2025-09-20T09:47:19.592759,508.243216,0.0491410111635969,0.2,0.05490481192391704,50.0,2,1.5163295679548052,0.1330576457286523,0.23349938518676414,41.0,9.0,50.0,5.311082298608806,random,"[0.36299302565923375, 0.6370069743407661]"
57,COMPLETE,[0.1906876193095958],2025-09-20T09:47:19.608768,2025-09-20T09:55:47.451026,507.842258,0.047628621065359616,0.2,0.03394767156206315,50.0,2,0.4674607725460783,0.5850194245761955,0.4459917102154779,29.0,10.0,39.0,5.924806276089347,random,"[0.5674229936366351, 0.4325770063633651]"
58,COMPLETE,[0.14699574997991108],2025-09-20T09:55:47.466214,2025-09-20T10:04:14.933148,507.466934,0.04535310743530697,0.2,0.04084520923058772,50.0,2,2.371250722626597,0.37595534461438695,0.4177472761805047,34.0,6.0,40.0,5.550792851951973,random,"[0.47367280233731424, 0.5263271976626859]"
59,COMPLETE,[0.13424143977504613],2025-09-20T10:04:14.948657,2025-09-20T10:12:42.033078,507.084421,0.05077041602620037,0.2,0.04872238349413387,50.0,2,0.265411945429473,0.9924152784117549,0.8601576202890208,41.0,10.0,51.0,5.599462718677975,random,"[0.5356956690383109, 0.46430433096168916]"
60,COMPLETE,[0.17420755924859158],2025-09-20T10:12:42.050093,2025-09-20T10:21:09.498882,507.448789,0.048678010675425966,0.2,0.054500933943957795,50.0,2,2.894248520459295,0.267533490591209,0.6993424507816222,42.0,9.0,51.0,5.405410532586824,random,"[0.27669888053202374, 0.7233011194679763]"
61,COMPLETE,[0.25373825960917834],2025-09-20T10:21:09.513679,2025-09-20T10:29:38.655944,509.142265,0.05003379158928807,0.2,0.03387643500985869,50.0,2,0.02234817105084641,0.8874657434337581,0.37610888755034627,51.0,13.0,64.0,5.80698398799059,random,"[0.7023453317850937, 0.2976546682149063]"
62,COMPLETE,[0.1366338860533455],2025-09-20T10:29:38.670462,2025-09-20T10:38:06.888440,508.217978,0.048239657565754386,0.2,0.05138176712312102,50.0,2,0.680743678730202,0.7017557573989663,0.5491578357875955,41.0,8.0,49.0,5.522338945787167,random,"[0.5609945892516224, 0.43900541074837757]"
63,COMPLETE,[0.1162919096446308],2025-09-20T10:38:06.903453,2025-09-20T10:46:35.158120,508.254667,0.05010034258060909,0.2,0.04449007131478834,50.0,2,1.6327105242503204,0.22207279399573907,0.6662827737400179,40.0,11.0,51.0,5.57561049904521,random,"[0.24998187894714138, 0.7500181210528586]"
64,COMPLETE,[0.13873915274495416],2025-09-20T10:46:35.173133,2025-09-20T10:55:05.111173,509.93804,0.052604379680901564,0.2,0.04467997375545392,50.0,2,0.9330325386562163,0.8060399851985233,0.6973219239554646,38.0,12.0,50.0,5.4736876491653605,random,"[0.536158313105139, 0.46384168689486105]"
65,COMPLETE,[0.35750913242731225],2025-09-20T10:55:05.126932,2025-09-20T11:03:33.119347,507.992415,0.046816993662423444,0.2,0.04891210401538254,50.0,2,2.7674264169965883,0.6075537982699978,0.10934638018047545,56.0,7.0,63.0,5.233315352564857,random,"[0.8474733533797975, 0.1525266466202025]"
66,COMPLETE,[0.1697925405566527],2025-09-20T11:03:33.133597,2025-09-20T11:12:01.029957,507.89636,0.04615028057595967,0.2,0.05190856673150303,50.0,2,1.433574338025271,0.6255029145539659,0.8148776476886326,38.0,6.0,44.0,5.37314894397784,random,"[0.43426225745513397, 0.5657377425448661]"
67,COMPLETE,[0.10966545387770092],2025-09-20T11:12:01.045199,2025-09-20T11:20:27.674797,506.629598,0.05185583164501949,0.2,0.04282967850590913,50.0,2,0.7321190274516626,0.3633504704212257,0.17658916732658916,38.0,12.0,50.0,5.5949772101738695,random,"[0.6729464647878525, 0.3270535352121476]"
68,COMPLETE,[0.11204975633965551],2025-09-20T11:20:27.690791,2025-09-20T11:28:54.688890,506.998099,0.05261356978877316,0.2,0.038790251650464624,50.0,2,1.1048912236587511,0.12396156958475874,0.26244507448207827,36.0,13.0,49.0,5.594887205650673,random,"[0.32080599929673315, 0.6791940007032669]"
69,COMPLETE,[0.17306165234172177],2025-09-20T11:28:54.703786,2025-09-20T11:37:22.152714,507.448928,0.045479489830619856,0.2,0.05219979928532941,50.0,2,1.7087033568205787,0.12143067553207981,0.09349363827919058,39.0,5.0,44.0,5.325277528468835,random,"[0.5649927333894418, 0.4350072666105582]"
70,COMPLETE,[0.11354592992281234],2025-09-20T11:37:22.168729,2025-09-20T11:45:50.425735,508.257006,0.05299427354026689,0.2,0.047977623140741,50.0,2,0.23636016523996606,0.9495566001231353,0.6389387098831769,41.0,12.0,53.0,5.499822647980125,random,"[0.5977711071236099, 0.40222889287639]"
71,COMPLETE,[0.12262655012793199],2025-09-20T11:45:50.440748,2025-09-20T11:54:18.256316,507.815568,0.04675209225221814,0.2,0.03906955134832085,50.0,2,1.1378530473117545,0.2965909306211857,0.3985891243842713,33.0,8.0,41.0,5.623715279383655,random,"[0.42663901026167605, 0.573360989738324]"
72,COMPLETE,[0.10310781759906738],2025-09-20T11:54:18.270808,2025-09-20T12:02:48.678470,510.407662,0.05158006132338003,0.2,0.03691675924358039,50.0,2,2.1650815878234524,0.385182656162026,0.26059773596928737,35.0,12.0,47.0,5.557943543893209,random,"[0.5964607486622212, 0.4035392513377787]"
73,COMPLETE,[0.15880365005128116],2025-09-20T12:02:48.693331,2025-09-20T12:11:16.768301,508.07497,0.04727160886089795,0.2,0.03586059523040111,50.0,2,0.8805098543111077,0.5775710547227891,0.630998041609335,29.0,9.0,38.0,5.70195156687086,random,"[0.4778965939768396, 0.5221034060231603]"
74,COMPLETE,[0.5329298392493086],2025-09-20T12:11:16.784314,2025-09-20T12:19:44.870420,508.086106,0.04562687518096082,0.2,0.052925217567149185,50.0,2,2.476487328677141,0.5544052083484735,0.016339395216614358,67.0,5.0,72.0,5.178260119790431,random,"[0.9713717920159871, 0.028628207984012957]"
75,COMPLETE,[0.24792622202254846],2025-09-20T12:19:44.885758,2025-09-20T12:28:11.712252,506.826494,0.048995945160659485,0.2,0.04156755751938281,50.0,2,2.64350956156226,0.048343071884306116,0.7980734073456204,50.0,12.0,62.0,5.855935134951212,random,"[0.05711499370651297, 0.942885006293487]"
76,COMPLETE,[0.22605965801268957],2025-09-20T12:28:11.727720,2025-09-20T12:36:38.759648,507.031928,0.049911552629302275,0.2,0.04969198193881725,50.0,2,1.91955903946279,0.4027415804178761,0.10903952133304891,52.0,8.0,60.0,5.316585201456683,random,"[0.7869410946203391, 0.21305890537966082]"
77,COMPLETE,[0.10371343962446625],2025-09-20T12:36:38.774661,2025-09-20T12:45:05.904170,507.129509,0.04713831336051857,0.2,0.0334732154718226,50.0,2,1.4209260965587251,0.29749387029345453,0.7240717889528812,32.0,9.0,41.0,5.802392427753606,random,"[0.29121365582407294, 0.7087863441759272]"
78,COMPLETE,[0.09196901308561449],2025-09-20T12:45:05.919183,2025-09-20T12:53:33.446486,507.527303,0.047501304694546005,0.2,0.03936070160768293,50.0,2,1.315901136493429,0.33196134061124977,0.26954916988911126,35.0,7.0,42.0,5.544755402710607,random,"[0.5518795346320894, 0.44812046536791056]"
79,COMPLETE,[0.10411759934115934],2025-09-20T12:53:33.461457,2025-09-20T13:02:01.296858,507.835401,0.04565038216106329,0.2,0.032609312265129246,50.0,2,1.7943637485557908,0.4594637733991791,0.9881485054142735,32.0,7.0,39.0,5.877524872085873,random,"[0.31739422228152303, 0.6826057777184769]"
80,COMPLETE,[0.15406446063257814],2025-09-20T13:02:01.311751,2025-09-20T13:10:28.717180,507.405429,0.045695842134984864,0.2,0.04839635033277449,50.0,2,2.1478718630306286,0.3258043594001677,0.3889807789560564,35.0,6.0,41.0,5.395879403171198,random,"[0.45580740549448595, 0.544192594505514]"
81,COMPLETE,[0.13680944733274805],2025-09-20T13:10:28.733194,2025-09-20T13:18:55.099258,506.366064,0.052672483041795254,0.2,0.04818038803041254,50.0,2,1.3687215784428934,0.4193895522208509,0.6079387887145853,38.0,12.0,50.0,5.349205175720547,random,"[0.4082332157204724, 0.5917667842795277]"
82,COMPLETE,[0.12294966324066088],2025-09-20T13:18:55.114155,2025-09-20T13:27:23.792927,508.678772,0.04966991278170346,0.2,0.04126976872903813,50.0,2,0.17124362566372897,0.7023689980566513,0.6396151056298219,35.0,12.0,47.0,5.723306909638152,random,"[0.5233810118370413, 0.4766189881629587]"
83,COMPLETE,[0.19253888361656504],2025-09-20T13:27:23.808544,2025-09-20T13:35:50.646691,506.838147,0.05297942940064872,0.2,0.04000742072067225,50.0,2,2.9189729863188076,0.5475187049617262,0.49359742697828485,36.0,13.0,49.0,5.2789505263484315,random,"[0.5258958997604641, 0.47410410023953586]"
84,COMPLETE,[0.286502710136303],2025-09-20T13:35:50.662085,2025-09-20T13:44:18.690369,508.028284,0.049629378902214916,0.2,0.04956737822702297,50.0,2,2.146156293277784,0.32083040801876633,0.04591919000154533,59.0,8.0,67.0,5.30017223727571,random,"[0.8747941640579462, 0.12520583594205384]"
85,COMPLETE,[0.08459883930883219],2025-09-20T13:44:18.705356,2025-09-20T13:52:47.139184,508.433828,0.04748619897812745,0.2,0.03581308449902513,50.0,2,1.5489912366754548,0.20524483564987292,0.08632860170863665,38.0,8.0,46.0,5.611414948151311,random,"[0.7039215832185367, 0.2960784167814632]"
86,COMPLETE,[0.10586670123449458],2025-09-20T13:52:47.153739,2025-09-20T14:01:15.070314,507.916575,0.04686841429394499,0.2,0.05189656992822402,50.0,2,0.7873151505420545,0.11740625994772821,0.29366603525918006,43.0,7.0,50.0,5.522803447689317,random,"[0.2856097609026004, 0.7143902390973997]"
87,COMPLETE,[0.2360720477262715],2025-09-20T14:01:15.086328,2025-09-20T14:09:42.198430,507.112102,0.048643214825751235,0.2,0.05235571686873767,50.0,2,2.3984032605759515,0.9831475002497619,0.9622041145811837,41.0,8.0,49.0,5.189623721304155,random,"[0.5053829306509194, 0.49461706934908056]"
88,COMPLETE,[0.14727043656458771],2025-09-20T14:09:42.213135,2025-09-20T14:18:11.431401,509.218266,0.05245129136031005,0.2,0.042804856080584826,50.0,2,2.0887638487227695,0.986727792416847,0.30654930045806034,45.0,13.0,58.0,5.388087242372464,random,"[0.7629670376542335, 0.23703296234576654]"
89,COMPLETE,[0.144049543084366],2025-09-20T14:18:11.446047,2025-09-20T14:26:39.283067,507.83702,0.04857648722001646,0.2,0.05101145203218726,50.0,2,0.1175373131533638,0.7429001523834551,0.3095471524191489,47.0,10.0,57.0,5.564985905022174,random,"[0.7058787162011809, 0.294121283798819]"
90,COMPLETE,[0.09717773330199493],2025-09-20T14:26:39.298099,2025-09-20T14:35:06.618344,507.320245,0.05070497565659459,0.2,0.04426338255878593,50.0,2,0.49733798240096827,0.5683416985664849,0.928641832779146,36.0,12.0,48.0,5.655115654791026,random,"[0.37965794991452273, 0.6203420500854774]"
91,COMPLETE,[0.0910242950827626],2025-09-20T14:35:06.634333,2025-09-20T14:43:33.152006,506.517673,0.05181409384057213,0.2,0.04277462093131965,50.0,2,0.1685480080946058,0.13328178406719485,0.11650646422496705,37.0,12.0,49.0,5.66529503447585,random,"[0.5335790813957884, 0.46642091860421164]"
92,COMPLETE,[0.11355849175018622],2025-09-20T14:43:33.166873,2025-09-20T14:52:00.017073,506.8502,0.04765571355854562,0.2,0.054293516097285215,50.0,2,1.12045776390074,0.16903743456046283,0.29694208732616323,41.0,7.0,48.0,5.433384335146736,random,"[0.36275721704695435, 0.6372427829530456]"
93,COMPLETE,[0.145404759675088],2025-09-20T14:52:00.031085,2025-09-20T15:00:27.822959,507.791874,0.04977353170457087,0.2,0.05353580726526695,50.0,2,0.6183514502869327,0.18400527693876723,0.7344815963612548,48.0,10.0,58.0,5.502637054037688,random,"[0.2003352277400074, 0.7996647722599926]"
94,COMPLETE,[0.11390221871661535],2025-09-20T15:00:27.838469,2025-09-20T15:08:56.202531,508.364062,0.04947751883404366,0.2,0.04010811108797091,50.0,2,1.7027265658133368,0.03197420398399463,0.023507677291811982,34.0,9.0,43.0,5.484084707038146,random,"[0.5762999243851754, 0.4237000756148246]"
95,COMPLETE,[0.10568421566592426],2025-09-20T15:08:56.217933,2025-09-20T15:17:23.472023,507.25409,0.047116837098493396,0.2,0.05158889013290949,50.0,2,1.1021921163496984,0.9366036239950083,0.6608675633991025,40.0,7.0,47.0,5.39546733235615,random,"[0.5863039229664301, 0.4136960770335699]"
96,COMPLETE,[0.08264020239172137],2025-09-20T15:17:23.486855,2025-09-20T15:25:51.987391,508.500536,0.04725364004232811,0.2,0.035497237414121384,50.0,2,2.352209325128988,0.8924259085902516,0.5503376804508612,34.0,8.0,42.0,5.550897834968083,random,"[0.6185531124911284, 0.38144688750887157]"
97,COMPLETE,[0.10974831439542435],2025-09-20T15:25:52.002404,2025-09-20T15:34:19.378164,507.37576,0.05204512789863116,0.2,0.04463990606434289,50.0,2,2.1773427218546892,0.14610551846651168,0.06271964668011372,43.0,12.0,55.0,5.3720186737716835,random,"[0.6996547488130778, 0.3003452511869222]"
98,COMPLETE,[0.09427004742240032],2025-09-20T15:34:19.393698,2025-09-20T15:42:48.128393,508.734695,0.04644163571305571,0.2,0.04171430377150502,50.0,2,0.864709742697209,0.6773384910082537,0.32390765696158325,38.0,7.0,45.0,5.69635920444089,random,"[0.6764954775423105, 0.3235045224576895]"
99,COMPLETE,[0.1037414589237045],2025-09-20T15:42:48.144407,2025-09-20T15:51:14.723036,506.578629,0.04700677032875903,0.2,0.03973324543799191,50.0,2,0.7387815243642053,0.5788199336923382,0.7771366201832471,32.0,9.0,41.0,5.762512680543841,random,"[0.4268720351238092, 0.5731279648761908]"
100,COMPLETE,[0.35434252645902287],2025-09-20T15:51:14.738049,2025-09-20T15:59:41.100095,506.362046,0.05052006034366556,0.2,0.047623757286421514,50.0,2,2.4368771843312644,0.3822593277760428,0.027978993907564684,64.0,9.0,73.0,5.245695661828144,random,"[0.9317981952716177, 0.0682018047283823]"
101,COMPLETE,[0.09712908606298565],2025-09-20T15:59:41.115096,2025-09-20T16:08:09.078662,507.963566,0.04758576428905253,0.2,0.05416030726403016,50.0,2,1.5826977755358527,0.17742453121309584,0.6123824424054491,44.0,9.0,53.0,5.50198177825914,random,"[0.2246429028098035, 0.7753570971901965]"
102,COMPLETE,[0.08539415165923575],2025-09-20T16:08:09.093675,2025-09-20T16:16:38.474760,509.381085,0.05032333658930844,0.2,0.04748985615129957,50.0,2,1.6953377332466817,0.18779682492535926,0.5976678550508925,40.0,11.0,51.0,5.5134844827144125,random,"[0.23909009496268788, 0.7609099050373122]"
103,COMPLETE,[0.11230007181891971],2025-09-20T16:16:38.489774,2025-09-20T16:25:05.779057,507.289283,0.0450649565224973,0.2,0.054474297870034896,50.0,2,1.4122017299535323,0.23123362447767384,0.2665026056961166,38.0,6.0,44.0,5.308732763393207,random,"[0.464570610817171, 0.535429389182829]"
104,COMPLETE,[0.17904785688407998],2025-09-20T16:25:05.793571,2025-09-20T16:33:35.410327,509.616756,0.0454405392060529,0.2,0.03448113573470981,50.0,2,1.2783804096909268,0.09150007434637103,0.7119128758423564,46.0,8.0,54.0,5.825640774017975,random,"[0.11388922013875555, 0.8861107798612444]"
105,COMPLETE,[0.10127293732525175],2025-09-20T16:33:35.425341,2025-09-20T16:42:02.352457,506.927116,0.04853557924089404,0.2,0.0364277749477633,50.0,2,2.617562229977776,0.22176502261695044,0.718549169192906,34.0,11.0,45.0,5.872720932252986,random,"[0.235841407636432, 0.7641585923635681]"
106,COMPLETE,[0.10033806796590687],2025-09-20T16:42:02.367822,2025-09-20T16:50:30.340513,507.972691,0.04799651434616102,0.2,0.052121797411448435,50.0,2,1.2559818635104014,0.6244629158883127,0.2851090993044053,43.0,7.0,50.0,5.345181669826292,random,"[0.6865458759260562, 0.3134541240739438]"
107,COMPLETE,[0.2379759453254098],2025-09-20T16:50:30.355494,2025-09-20T16:58:58.330415,507.974921,0.050250998028973044,0.2,0.03691805097492951,50.0,2,0.021398820789688577,0.3141534700189566,0.08237078302910063,55.0,13.0,68.0,5.773709934705554,random,"[0.7922679826116018, 0.2077320173883982]"
108,COMPLETE,[0.07062114210114115],2025-09-20T16:58:58.345175,2025-09-20T17:07:25.185105,506.83993,0.050941196492065965,0.2,0.04209587755825806,50.0,2,0.9942068492752094,0.6486777329008545,0.7907632665429972,35.0,11.0,46.0,5.560778311078677,random,"[0.45064558613481226, 0.5493544138651878]"
109,COMPLETE,[0.06502116832335417],2025-09-20T17:07:25.199847,2025-09-20T17:15:54.152257,508.95241,0.045284561602321714,0.2,0.04292409429198539,50.0,2,1.579503007428574,0.7306345808310074,0.5257414186318623,35.0,6.0,41.0,5.580374788932583,random,"[0.5815413388534729, 0.41845866114652713]"
110,COMPLETE,[0.09349689959499023],2025-09-20T17:15:54.167270,2025-09-20T17:24:22.336027,508.168757,0.048199484036183245,0.2,0.03742759787353222,50.0,2,0.7983217892095943,0.5159640374385998,0.3063791094254485,32.0,10.0,42.0,5.762874488555074,random,"[0.6274315526385729, 0.3725684473614271]"
111,COMPLETE,[0.12309941255071924],2025-09-20T17:24:22.350779,2025-09-20T17:32:49.422666,507.071887,0.05175309826210482,0.2,0.03488308724195087,50.0,2,0.4264729134160482,0.8080749353079753,0.16768181670612664,42.0,14.0,56.0,5.755522408301695,random,"[0.8281520303497697, 0.17184796965023025]"
112,COMPLETE,[0.09175735842441238],2025-09-20T17:32:49.441685,2025-09-20T17:41:17.706057,508.264372,0.05200437816191015,0.2,0.05035378194593272,50.0,2,1.7174380616053817,0.34420973385688874,0.639810232745439,38.0,12.0,50.0,5.325246313106815,random,"[0.3497995422241207, 0.6502004577758794]"
113,COMPLETE,[0.22004544606224669],2025-09-20T17:41:17.721070,2025-09-20T17:49:43.911239,506.190169,0.04538351172848937,0.2,0.030159255489785628,50.0,2,0.5324742431258991,0.08056357479006376,0.48993452178126345,43.0,8.0,51.0,5.919574595907202,random,"[0.14121620260303744, 0.8587837973969625]"
114,COMPLETE,[0.28277946414399097],2025-09-20T17:49:43.927229,2025-09-20T17:58:12.073481,508.146252,0.050107967008423224,0.2,0.05353894957000965,50.0,2,2.7998108236160992,0.574262366337794,0.541470475485256,43.0,9.0,52.0,5.092706118102737,random,"[0.5146952252471828, 0.4853047747528173]"
115,COMPLETE,[0.1782269568100284],2025-09-20T17:58:12.088495,2025-09-20T18:06:38.716083,506.627588,0.046025103929668916,0.2,0.036031035215157076,50.0,2,0.08589354824960926,0.09008061936973363,0.46800990540884546,51.0,9.0,60.0,5.830816133182891,random,"[0.16140861629118838, 0.8385913837088116]"
116,COMPLETE,[0.08842351350629842],2025-09-20T18:06:38.731943,2025-09-20T18:15:05.246691,506.514748,0.0522316236358634,0.2,0.03797329893965028,50.0,2,0.21083058425431822,0.4584592099855136,0.6862457234507859,33.0,14.0,47.0,5.737455821438821,random,"[0.4005042667277243, 0.5994957332722757]"
117,COMPLETE,[0.08423754318166829],2025-09-20T18:15:05.261693,2025-09-20T18:23:33.581283,508.31959,0.04753988411758547,0.2,0.03160220939631994,50.0,2,1.5270712416062509,0.815556203186485,0.40118091621413365,34.0,8.0,42.0,5.65915535443818,random,"[0.6702813534514663, 0.3297186465485337]"
118,COMPLETE,[0.08409562233013794],2025-09-20T18:23:33.596658,2025-09-20T18:32:00.349362,506.752704,0.05198995050650175,0.2,0.04424949826736725,50.0,2,2.4486038019987837,0.636849512128617,0.4598471218346598,41.0,11.0,52.0,5.315863615455996,random,"[0.5806979728087158, 0.41930202719128434]"
119,COMPLETE,[0.08633373394768892],2025-09-20T18:32:00.363355,2025-09-20T18:40:27.234661,506.871306,0.05002250089534134,0.2,0.047075853397884476,50.0,2,1.5622997690693832,0.48894240917088405,0.4626788670305992,37.0,9.0,46.0,5.368989805823084,random,"[0.5137993668264328, 0.48620063317356715]"
120,COMPLETE,[0.07229331786554215],2025-09-20T18:40:27.249692,2025-09-20T18:48:55.244214,507.994522,0.045540538105461305,0.2,0.05088547318339749,50.0,2,1.3784371953073842,0.6180666110380644,0.4260565881166843,41.0,5.0,46.0,5.340903171929212,random,"[0.5919479727472862, 0.4080520272527139]"
121,COMPLETE,[0.11472854294216876],2025-09-20T18:48:55.259023,2025-09-20T18:57:21.855157,506.596134,0.048915906393099506,0.2,0.03854527349340586,50.0,2,2.232248338745345,0.8100912828570147,0.20508656601483807,46.0,10.0,56.0,5.582893591561145,random,"[0.7979796680525025, 0.2020203319474974]"
122,COMPLETE,[0.0687352740935909],2025-09-20T18:57:21.870170,2025-09-20T19:05:48.929577,507.059407,0.047071761642486346,0.2,0.038600145435083916,50.0,2,1.6685410189869372,0.7206040929170832,0.3623177163523518,39.0,7.0,46.0,5.5953698347373875,random,"[0.6654257830518899, 0.33457421694811007]"
123,COMPLETE,[0.17337377776669874],2025-09-20T19:05:48.944590,2025-09-20T19:14:15.853481,506.908891,0.04523314214343139,0.2,0.04160745538685813,50.0,2,2.158462759134447,0.9045370993990194,0.1300561954517589,53.0,6.0,59.0,5.48551471858536,random,"[0.8742924431280823, 0.12570755687191765]"
124,COMPLETE,[0.1752663137724742],2025-09-20T19:14:15.868494,2025-09-20T19:22:42.539984,506.67149,0.052244414212192745,0.2,0.03135505702089876,50.0,2,1.489009701716007,0.6285517805740279,0.7267335128265159,26.0,14.0,40.0,5.6338050515037414,random,"[0.46377820495412436, 0.5362217950458757]"
125,COMPLETE,[0.07808762462886325],2025-09-20T19:22:42.554997,2025-09-20T19:31:09.923400,507.368403,0.05121030250351461,0.2,0.04332119412707661,50.0,2,1.6386283922005966,0.5186970102835825,0.39596132004651846,38.0,10.0,48.0,5.522476329792009,random,"[0.5670937366266421, 0.43290626337335786]"
126,COMPLETE,[0.16622139348376702],2025-09-20T19:31:09.938413,2025-09-20T19:39:37.849990,507.911577,0.05081810088851011,0.2,0.03868996311599597,50.0,2,0.029427897992456598,0.6532978108063711,0.17721060279900372,54.0,13.0,67.0,5.747840355342964,random,"[0.7866239523935669, 0.21337604760643317]"
127,COMPLETE,[0.07614857598838443],2025-09-20T19:39:37.864695,2025-09-20T19:48:04.421493,506.556798,0.05053343803811844,0.2,0.047174038422823555,50.0,2,1.2493780618976218,0.9069123406195051,0.9778869568415907,39.0,9.0,48.0,5.393422336594448,random,"[0.48117183715059436, 0.5188281628494056]"
128,COMPLETE,[0.07173821430128823],2025-09-20T19:48:04.436478,2025-09-20T19:56:31.506033,507.069555,0.04564163690334825,0.2,0.0461165920200662,50.0,2,1.5272134404418622,0.5941893750282847,0.749024124677639,36.0,6.0,42.0,5.5090727040562095,random,"[0.44236405840052495, 0.557635941599475]"
129,COMPLETE,[0.11407480789396583],2025-09-20T19:56:31.522012,2025-09-20T20:04:58.931916,507.409904,0.04676530986434791,0.2,0.04564054527172843,50.0,2,2.865286091788387,0.9290297043389362,0.5673118677029894,40.0,7.0,47.0,5.241744932433208,random,"[0.6208674020004478, 0.37913259799955223]"
130,COMPLETE,[0.09602797495803657],2025-09-20T20:04:58.946870,2025-09-20T20:13:26.075290,507.12842,0.04761953710879504,0.2,0.036718000223051925,50.0,2,0.48483270586107696,0.17145445885909602,0.27879801320265585,31.0,10.0,41.0,5.912552274078456,random,"[0.38079626320315046, 0.6192037367968495]"
131,COMPLETE,[0.10918112764475098],2025-09-20T20:13:26.090303,2025-09-20T20:21:52.264300,506.173997,0.051443209955889344,0.2,0.03487560509832361,50.0,2,2.5833394373573797,0.9428275363551363,0.17173493628334305,48.0,13.0,61.0,5.508418505532914,random,"[0.8459171733309855, 0.15408282666901452]"
132,COMPLETE,[0.08215315566866457],2025-09-20T20:21:52.280314,2025-09-20T20:30:18.885892,506.605578,0.0526336994390258,0.2,0.040840667604840585,50.0,2,2.70297406441997,0.5198099883111724,0.3697520380665073,38.0,13.0,51.0,5.282260667850895,random,"[0.5843437252238076, 0.4156562747761923]"
133,COMPLETE,[0.0700182962284336],2025-09-20T20:30:18.901034,2025-09-20T20:38:44.843059,505.942025,0.05167050710550356,0.2,0.04213156137156096,50.0,2,1.2067721064767158,0.1269993710502263,0.053107765090652764,42.0,11.0,53.0,5.4948284002850745,random,"[0.7051323660539909, 0.2948676339460092]"
134,COMPLETE,[0.06350886264436126],2025-09-20T20:38:44.858030,2025-09-20T20:47:11.741683,506.883653,0.04546124783723374,0.2,0.045885884075382605,50.0,2,0.8243775924272305,0.13483676673721726,0.20697679147517414,36.0,7.0,43.0,5.642637096683396,random,"[0.39447460025396136, 0.6055253997460386]"
135,COMPLETE,[0.07834095181952268],2025-09-20T20:47:11.756481,2025-09-20T20:55:38.936804,507.180323,0.04996423486253325,0.2,0.0530504620059632,50.0,2,1.829196739051834,0.9642969438144466,0.7892053724113383,40.0,9.0,49.0,5.271191114174675,random,"[0.549926244688394, 0.45007375531160604]"
136,COMPLETE,[0.05806048081011975],2025-09-20T20:55:38.951837,2025-09-20T21:04:07.319592,508.367755,0.04903111645717904,0.2,0.04472935332227568,50.0,2,0.9353067099836,0.3184703511121036,0.2537073717620271,36.0,9.0,45.0,5.54582623302424,random,"[0.5565934121174473, 0.4434065878825527]"
137,COMPLETE,[0.06446109252336714],2025-09-20T21:04:07.334450,2025-09-20T21:12:33.172817,505.838367,0.04625771634932176,0.2,0.03107072882730977,50.0,2,2.8990045561917537,0.3549161007608471,0.12302385714341915,40.0,8.0,48.0,5.540912332415512,random,"[0.7425955810791166, 0.25740441892088345]"
138,COMPLETE,[0.07918943349260936],2025-09-20T21:12:33.188104,2025-09-20T21:21:00.097728,506.909624,0.04971094391958023,0.2,0.047930487792540846,50.0,2,2.4002949319836477,0.7695485682063669,0.8655462356897344,38.0,9.0,47.0,5.264973496726514,random,"[0.4706446172862196, 0.5293553827137805]"
139,COMPLETE,[0.18765548869997642],2025-09-20T21:21:00.113743,2025-09-20T21:29:27.014762,506.901019,0.04816446465508584,0.2,0.04818051601410934,50.0,2,2.5728250968991784,0.561904686298158,0.11490845386990385,54.0,8.0,62.0,5.300000636465355,random,"[0.8302213017888947, 0.16977869821110522]"
140,COMPLETE,[0.08097966730701238],2025-09-20T21:29:27.029345,2025-09-20T21:37:53.095431,506.066086,0.051028308441598155,0.2,0.05275637978792545,50.0,2,1.804992935611425,0.6383264405700171,0.5195514293669907,42.0,10.0,52.0,5.27730606738083,random,"[0.5512899565173864, 0.44871004348261356]"
141,COMPLETE,[0.06403217774396448],2025-09-20T21:37:53.110417,2025-09-20T21:46:20.419061,507.308644,0.050038902076482455,0.2,0.04334104878391615,50.0,2,0.5562622521394064,0.9104945362776706,0.9337739736996152,35.0,11.0,46.0,5.646200962057774,random,"[0.4936887071226328, 0.5063112928773672]"
142,COMPLETE,[0.05297744221146532],2025-09-20T21:46:20.433548,2025-09-20T21:54:47.872615,507.439067,0.050351033682060835,0.2,0.042520478072620535,50.0,2,1.7731155639829017,0.1293752368992521,0.23625012775970958,34.0,11.0,45.0,5.545024572152193,random,"[0.3538464488642009, 0.6461535511357991]"
143,COMPLETE,[0.05322514373941509],2025-09-20T21:54:47.887350,2025-09-20T22:03:14.891196,507.003846,0.049936623152321745,0.2,0.04089660348592719,50.0,2,0.8581717962504689,0.7757771696934526,0.7076841961800681,35.0,11.0,46.0,5.602107939152633,random,"[0.5229507067321867, 0.47704929326781337]"
144,COMPLETE,[0.05252018136004478],2025-09-20T22:03:14.906226,2025-09-20T22:11:42.393990,507.487764,0.050364661866160204,0.2,0.050780215093177115,50.0,2,1.7579638430552205,0.9496870129352489,0.8717212046464443,39.0,10.0,49.0,5.317725072774068,random,"[0.5214026179129467, 0.47859738208705327]"
145,COMPLETE,[0.3261746507776064],2025-09-20T22:11:42.409003,2025-09-20T22:20:08.628938,506.219935,0.04996100357418424,0.2,0.044076882833269354,50.0,2,2.886909667403563,0.7850227725306402,0.019326045832196215,67.0,9.0,76.0,5.257823876382541,random,"[0.9759730537411216, 0.0240269462588784]"
146,COMPLETE,[0.09018149719805588],2025-09-20T22:20:08.643915,2025-09-20T22:28:35.873706,507.229791,0.04986301500174641,0.2,0.032935328016171536,50.0,2,0.3346934460770128,0.2707328343284506,0.9187915641647192,35.0,12.0,47.0,5.835997404749487,random,"[0.22759754627261233, 0.7724024537273876]"
147,COMPLETE,[0.07217670305857442],2025-09-20T22:28:35.888782,2025-09-20T22:37:02.296689,506.407907,0.04862064426130684,0.2,0.048860934157352966,50.0,2,2.5814454256245503,0.27817239758801754,0.5424832669078928,38.0,9.0,47.0,5.491825042531691,random,"[0.3389635990130959, 0.6610364009869041]"
148,COMPLETE,[0.14833821893277604],2025-09-20T22:37:02.311182,2025-09-20T22:45:29.176176,506.864994,0.047202579012636456,0.2,0.04196231948139651,50.0,2,0.0710498235854965,0.12189428487431143,0.9364250703237829,54.0,10.0,64.0,5.723302731525084,random,"[0.11517722346814255, 0.8848227765318575]"
149,COMPLETE,[0.09504147955232174],2025-09-20T22:45:29.190848,2025-09-20T22:53:56.552198,507.36135,0.05205149563818647,0.2,0.03138206549728287,50.0,2,2.6120920784189394,0.20508845602436926,0.04202877844154155,46.0,13.0,59.0,5.470126510939729,random,"[0.8299237261521745, 0.1700762738478255]"
150,COMPLETE,[0.07309975493266682],2025-09-20T22:53:56.567212,2025-09-20T23:02:23.830838,507.263626,0.051744798411816985,0.2,0.04036688253476033,50.0,2,2.285647305276849,0.23214652134277064,0.5772401448765638,34.0,13.0,47.0,5.709561691733454,random,"[0.28681782271893963, 0.7131821772810604]"
151,COMPLETE,[0.09237504377287979],2025-09-20T23:02:23.845355,2025-09-20T23:10:50.563983,506.718628,0.04740557564658093,0.2,0.036744288558823446,50.0,2,2.254847362792018,0.9619841286211283,0.29255664184255503,43.0,8.0,51.0,5.612296050070281,random,"[0.7668018061027821, 0.2331981938972178]"
152,COMPLETE,[0.1214676812348776],2025-09-20T23:10:50.579015,2025-09-20T23:19:19.095183,508.516168,0.046100494376106506,0.2,0.042563017551506675,50.0,2,0.4833596296841165,0.6665091432274821,0.1000452817409658,48.0,8.0,56.0,5.704135616287447,random,"[0.8694870468654802, 0.13051295313451977]"
153,COMPLETE,[0.1363598259979585],2025-09-20T23:19:19.110197,2025-09-20T23:27:46.451518,507.341321,0.05191290968458143,0.2,0.05477420679307882,50.0,2,1.8142518541020234,0.8862043885745142,0.878453580083274,41.0,11.0,52.0,5.176910152252763,random,"[0.5021961220329669, 0.497803877967033]"
154,COMPLETE,[0.05804913408184328],2025-09-20T23:27:46.466452,2025-09-20T23:36:13.212804,506.746352,0.045433884600048234,0.2,0.04142469546039815,50.0,2,1.3623264017767227,0.8570620546226325,0.443854284004605,39.0,6.0,45.0,5.569010119109828,random,"[0.6588141213808013, 0.3411858786191987]"
155,COMPLETE,[0.09314750253909322],2025-09-20T23:36:13.228299,2025-09-20T23:44:39.586274,506.357975,0.05108157356981869,0.2,0.03387431997146561,50.0,2,2.7862623136338365,0.3449266892838333,0.6256345651051518,31.0,12.0,43.0,5.62179123335353,random,"[0.35538889248260913, 0.6446111075173908]"
156,COMPLETE,[0.08508062104247127],2025-09-20T23:44:39.601621,2025-09-20T23:53:05.754651,506.15303,0.05062709901053552,0.2,0.030251983642022313,50.0,2,1.9951475417386981,0.6957346079586569,0.4849272312296033,31.0,11.0,42.0,5.638132685531529,random,"[0.5892750869605432, 0.4107249130394568]"
157,COMPLETE,[0.04298677670810588],2025-09-20T23:53:05.769482,2025-09-21T00:01:32.607108,506.837626,0.046268670810330335,0.2,0.04424116030152685,50.0,2,1.5649471763225333,0.2877001042883861,0.5469398103416377,35.0,8.0,43.0,5.549029065667851,random,"[0.34469967137375257, 0.6553003286262474]"
158,COMPLETE,[0.08705321865541849],2025-09-21T00:01:32.622576,2025-09-21T00:09:59.608367,506.985791,0.047439003582205895,0.2,0.032732338905721095,50.0,2,0.3630097322189897,0.0940509382812684,0.29023592635417067,35.0,11.0,46.0,5.867984442672427,random,"[0.2447414859482423, 0.7552585140517578]"
159,COMPLETE,[0.1400473550158349],2025-09-21T00:09:59.623051,2025-09-21T00:18:25.558745,505.935694,0.05082941439008016,0.2,0.049946149616487884,50.0,2,1.6984647112317213,0.06922428159405683,0.6759263562757943,52.0,13.0,65.0,5.552606278824527,random,"[0.0928997146026031, 0.907100285397397]"
160,COMPLETE,[0.12102317822634316],2025-09-21T00:18:25.574214,2025-09-21T00:26:51.480939,505.906725,0.045961063019022294,0.2,0.04724521448063393,50.0,2,1.7400122186960791,0.45042363097825683,0.12266664273996741,50.0,5.0,55.0,5.439189811971973,random,"[0.7859558112125982, 0.21404418878740192]"
161,COMPLETE,[0.07838077702711978],2025-09-21T00:26:51.495952,2025-09-21T00:35:18.099286,506.603334,0.05084767121172119,0.2,0.04796929099919588,50.0,2,1.1955227074362442,0.33865084764966535,0.42799233376600443,40.0,9.0,49.0,5.419751190275864,random,"[0.4417320284833404, 0.5582679715166596]"
162,COMPLETE,[0.07584001645896168],2025-09-21T00:35:18.114885,2025-09-21T00:43:43.775535,505.66065,0.05254458288371168,0.2,0.03422933641443333,50.0,2,0.5752444898219141,0.46874063784607756,0.7944087768860398,31.0,14.0,45.0,5.754887529224707,random,"[0.3710888295392084, 0.6289111704607916]"
163,COMPLETE,[0.0696202031475366],2025-09-21T00:43:43.790499,2025-09-21T00:52:09.871921,506.081422,0.05288477760472949,0.2,0.03238647600494185,50.0,2,2.2848708127662203,0.7934698562566753,0.3970085258781263,34.0,14.0,48.0,5.483741707070027,random,"[0.6665134522088517, 0.33348654779114817]"
164,COMPLETE,[0.09772514384396659],2025-09-21T00:52:09.886890,2025-09-21T01:00:35.080488,505.193598,0.047156925164002314,0.2,0.04923424892358085,50.0,2,0.9747830594614859,0.12937663008130112,0.6685307501282416,47.0,9.0,56.0,5.576220610984739,random,"[0.16214492219300547, 0.8378550778069946]"
165,COMPLETE,[0.07294469241386865],2025-09-21T01:00:35.095967,2025-09-21T01:09:03.238492,508.142525,0.04893311260917276,0.2,0.04217887639161791,50.0,2,0.2728072591010612,0.17644683435269445,0.17551331117882923,34.0,10.0,44.0,5.750118329756068,random,"[0.5013261773892829, 0.4986738226107172]"
166,COMPLETE,[0.05178367102560508],2025-09-21T01:09:03.254054,2025-09-21T01:17:28.858259,505.604205,0.04776542855900446,0.2,0.04836456733652577,50.0,2,0.5408816199546097,0.6006414749606959,0.6414414864811241,38.0,8.0,46.0,5.617305520317897,random,"[0.4835759716593056, 0.5164240283406945]"
167,COMPLETE,[0.18832665356098252],2025-09-21T01:17:28.873133,2025-09-21T01:25:55.362516,506.489383,0.046307573616029676,0.2,0.05328702862861189,50.0,2,2.876558673340671,0.8866912870577092,0.3493585089282444,49.0,5.0,54.0,5.197365997360941,random,"[0.7173588717357674, 0.28264112826423254]"
168,COMPLETE,[0.0595510759928212],2025-09-21T01:25:55.377770,2025-09-21T01:34:21.672273,506.294503,0.05027747050767382,0.2,0.05073552122527292,50.0,2,1.5376051758980773,0.12668698002246623,0.09072707850605065,40.0,10.0,50.0,5.270112120948967,random,"[0.5826991174347149, 0.41730088256528514]"
169,COMPLETE,[0.060266227079940345],2025-09-21T01:34:21.687734,2025-09-21T01:42:47.115260,505.427526,0.04725455432354457,0.2,0.038586791053786255,50.0,2,0.28720920757327284,0.897896438128365,0.8820676489450353,32.0,9.0,41.0,5.801326703469419,random,"[0.504446378805697, 0.49555362119430313]"
170,COMPLETE,[0.13629580799323618],2025-09-21T01:42:47.130274,2025-09-21T01:51:13.656798,506.526524,0.04955977054119733,0.2,0.032156925721015625,50.0,2,2.69914541071632,0.4283981872376053,0.04173670026808187,54.0,10.0,64.0,5.49949725260419,random,"[0.9112239883121268, 0.08877601168787327]"
171,COMPLETE,[0.09449267578469103],2025-09-21T01:51:13.671711,2025-09-21T01:59:39.811817,506.140106,0.0492612410792518,0.2,0.04912278482034155,50.0,2,1.3111909761300118,0.6622171763597988,0.3116615706955051,45.0,7.0,52.0,5.403652598984829,random,"[0.6799790819566919, 0.32002091804330823]"
172,COMPLETE,[0.16068187619932844],2025-09-21T01:59:39.826829,2025-09-21T02:08:05.657916,505.831087,0.04962944873679214,0.2,0.030319011946308337,50.0,2,0.681041224873695,0.8126688626327955,0.22364771831745248,39.0,11.0,50.0,5.929947727571458,random,"[0.7841897713222158, 0.2158102286777842]"
173,COMPLETE,[0.05420331238849612],2025-09-21T02:08:05.671928,2025-09-21T02:16:31.038234,505.366306,0.05168257647288992,0.2,0.034496673177194,50.0,2,0.1597684479395377,0.5540500353203527,0.6606698342670713,32.0,13.0,45.0,5.79865650090901,random,"[0.4561134210379996, 0.5438865789620004]"
174,COMPLETE,[0.10016329895751572],2025-09-21T02:16:31.054247,2025-09-21T02:24:56.798882,505.744635,0.05162698376299476,0.2,0.036861385362503524,50.0,2,2.3601918677958587,0.5359105493272278,0.4966186933411939,32.0,12.0,44.0,5.463313832942058,random,"[0.519026994278869, 0.4809730057211311]"
175,COMPLETE,[0.20888985741248517],2025-09-21T02:24:56.813935,2025-09-21T02:33:23.179795,506.36586,0.04873632151189204,0.2,0.04944181832553278,50.0,2,0.06519507268581681,0.9678963594217648,0.017523472600392095,61.0,10.0,71.0,5.574011698711055,random,"[0.9822172519458711, 0.01778274805412896]"
176,COMPLETE,[0.22891849817197393],2025-09-21T02:33:23.194650,2025-09-21T02:41:49.989077,506.794427,0.048361965256611184,0.2,0.051871047549113106,50.0,2,2.0697946684480035,0.2962730204544683,0.024213725715358184,63.0,7.0,70.0,5.296113268614268,random,"[0.9244470293865841, 0.07555297061341591]"
177,COMPLETE,[0.07286679957405054],2025-09-21T02:41:50.004091,2025-09-21T02:50:14.915367,504.911276,0.04776313678846872,0.2,0.043678145631012605,50.0,2,2.0305054024566997,0.9911635082388539,0.609884236349492,38.0,8.0,46.0,5.466999793379406,random,"[0.6190717994444928, 0.38092820055550725]"
178,COMPLETE,[0.06430321854035782],2025-09-21T02:50:14.931381,2025-09-21T02:58:41.395832,506.464451,0.05297114880066693,0.2,0.0409501247537904,50.0,2,1.060245343173523,0.9359946205565253,0.777563748716015,36.0,13.0,49.0,5.4768470048677536,random,"[0.546228618377257, 0.45377138162274294]"
179,COMPLETE,[0.07358301861073496],2025-09-21T02:58:41.410844,2025-09-21T03:07:06.603184,505.19234,0.05092614894161434,0.2,0.05206406479990383,50.0,2,1.0457986433762496,0.18400136696942915,0.5253348846647242,43.0,11.0,54.0,5.448524695053143,random,"[0.25939935615236187, 0.7406006438476381]"
180,COMPLETE,[0.10374300541595934],2025-09-21T03:07:06.618108,2025-09-21T03:15:35.423590,508.805482,0.04502233437546682,0.2,0.05339081406128035,50.0,2,1.3089386393970792,0.9398920593026333,0.3751062468087369,46.0,5.0,51.0,5.320715301846463,random,"[0.7147477338446334, 0.2852522661553667]"
181,COMPLETE,[0.055595655119402884],2025-09-21T03:15:35.439187,2025-09-21T03:24:00.410907,504.97172,0.045700603857693776,0.2,0.045169434324168235,50.0,2,1.9544392969853828,0.5135105142406596,0.27483342631544233,39.0,7.0,46.0,5.533834225938686,random,"[0.6513787800264269, 0.3486212199735732]"
182,COMPLETE,[0.11096438485195662],2025-09-21T03:24:00.425368,2025-09-21T03:32:26.847521,506.422153,0.046273272707756885,0.2,0.030091728744352612,50.0,2,0.45346558209458765,0.6213933917693774,0.3518841014427572,28.0,9.0,37.0,5.909637236193893,random,"[0.6384544963827075, 0.36154550361729254]"
183,COMPLETE,[0.09398324654670608],2025-09-21T03:32:26.862534,2025-09-21T03:40:53.311676,506.449142,0.05239314883018634,0.2,0.03348123807158062,50.0,2,1.0722830724797987,0.3408083221501456,0.6694992409096262,29.0,15.0,44.0,5.662517961226955,random,"[0.33733125892672616, 0.6626687410732739]"
184,COMPLETE,[0.04887818118543493],2025-09-21T03:40:53.326545,2025-09-21T03:49:19.691062,506.364517,0.04578762563062745,0.2,0.04045462522182426,50.0,2,1.3438398927221062,0.7962927832092849,0.5056998911659075,36.0,6.0,42.0,5.523410719970342,random,"[0.6115954404977081, 0.38840455950229186]"
185,COMPLETE,[0.12420256540852434],2025-09-21T03:49:19.706357,2025-09-21T03:57:44.748700,505.042343,0.051744721135397465,0.2,0.0435508550456654,50.0,2,0.11785553083030775,0.09754989989753957,0.7792834783056986,53.0,13.0,66.0,5.676344046079858,random,"[0.11125249371486497, 0.888747506285135]"
186,COMPLETE,[0.05635428374437838],2025-09-21T03:57:44.763713,2025-09-21T04:06:10.189951,505.426238,0.04504147496187052,0.2,0.03528182134415009,50.0,2,0.7360493944403684,0.6527920071154587,0.8548077261397089,31.0,7.0,38.0,5.804440846333414,random,"[0.4330008772991544, 0.5669991227008456]"
187,COMPLETE,[0.07233209603427637],2025-09-21T04:06:10.204965,2025-09-21T04:14:35.162565,504.9576,0.05082546070157717,0.2,0.04155581620933303,50.0,2,2.9428670082710973,0.23505706326170492,0.3841882942235113,35.0,11.0,46.0,5.443415322197977,random,"[0.37958631489185873, 0.6204136851081412]"
188,COMPLETE,[0.10601816640272475],2025-09-21T04:14:35.177577,2025-09-21T04:22:59.760274,504.582697,0.05063855701758779,0.2,0.04201886079377281,50.0,2,0.5823582297430842,0.29818896733057293,0.062073513157342185,47.0,12.0,59.0,5.660102277355566,random,"[0.8276992012233025, 0.17230079877669754]"
189,COMPLETE,[0.14860408658371071],2025-09-21T04:22:59.775418,2025-09-21T04:31:24.799282,505.023864,0.04598408062622613,0.2,0.05259686296975626,50.0,2,0.08355018766535072,0.8584723551688703,0.14205580546084787,57.0,7.0,64.0,5.542516635762466,random,"[0.8580191832167522, 0.1419808167832477]"
190,COMPLETE,[0.04557195001553744],2025-09-21T04:31:24.814333,2025-09-21T04:39:50.961273,506.14694,0.04806656403103459,0.2,0.048003196530832126,50.0,2,0.8388345071259659,0.7458072479779352,0.9173347963772642,38.0,8.0,46.0,5.60827103391191,random,"[0.4484326822890734, 0.5515673177109266]"
191,COMPLETE,[0.05356287063984566],2025-09-21T04:39:50.975800,2025-09-21T04:48:16.275262,505.299462,0.04974747324594826,0.2,0.05362238693683499,50.0,2,1.3278227657282682,0.5908153707772356,0.8541123047880136,40.0,9.0,49.0,5.3324210496977065,random,"[0.40888923422835766, 0.5911107657716423]"
192,COMPLETE,[0.11145727312034044],2025-09-21T04:48:16.291275,2025-09-21T04:56:41.965825,505.67455,0.05216279277605362,0.2,0.048254560443034764,50.0,2,2.183753904114498,0.055057080479258315,0.7273914863452519,51.0,15.0,66.0,5.601210260198084,random,"[0.07036511128482478, 0.9296348887151753]"
193,COMPLETE,[0.09128404647351333],2025-09-21T04:56:41.980838,2025-09-21T05:05:06.260156,504.279318,0.0526349686009351,0.2,0.05225943281653728,50.0,2,1.3900840263579979,0.4217214258954792,0.31048500342304897,42.0,11.0,53.0,5.229024864799201,random,"[0.5759597416919426, 0.42404025830805725]"
194,COMPLETE,[0.06941513212246778],2025-09-21T05:05:06.275169,2025-09-21T05:13:31.810969,505.5358,0.04621413581335574,0.2,0.03653938580753299,50.0,2,2.275556873542497,0.6286022138554969,0.6463650301079457,31.0,7.0,38.0,5.675703714138519,random,"[0.49303401074162884, 0.5069659892583711]"
195,COMPLETE,[0.14892329700891185],2025-09-21T05:13:31.826336,2025-09-21T05:21:56.282432,504.456096,0.049977941205981494,0.2,0.05389495341905573,50.0,2,1.3816585582291832,0.030026101625650142,0.9129723017780753,59.0,11.0,70.0,5.528216801413533,random,"[0.03184109487065068, 0.9681589051293493]"
196,COMPLETE,[0.0935191761134065],2025-09-21T05:21:56.297444,2025-09-21T05:30:21.441316,505.143872,0.04780589110662981,0.2,0.04816265677037959,50.0,2,0.5160879814826338,0.7983880754954725,0.21607122474803012,48.0,8.0,56.0,5.623034243416571,random,"[0.7870084835378155, 0.21299151646218445]"
197,COMPLETE,[0.14487419285207612],2025-09-21T05:30:21.456062,2025-09-21T05:38:46.601712,505.14565,0.05039066485021994,0.2,0.05485651652890626,50.0,2,1.9921886210018855,0.6696562540642286,0.6264051171789827,42.0,9.0,51.0,5.14521034691613,random,"[0.5166856052671944, 0.48331439473280563]"
198,COMPLETE,[0.19095613216251336],2025-09-21T05:38:46.617609,2025-09-21T05:47:13.882513,507.264904,0.045729052016572416,0.2,0.046658852910079956,50.0,2,0.017431303904347106,0.6356158893024263,0.7351374701832684,61.0,7.0,68.0,5.667726904675657,random,"[0.4636982174101027, 0.5363017825898974]"
199,COMPLETE,[0.06350325702787439],2025-09-21T05:47:13.898189,2025-09-21T05:55:39.096449,505.19826,0.04529430204476391,0.2,0.0325434667026297,50.0,2,0.8878809139781558,0.7435742369173306,0.4435065688610928,30.0,8.0,38.0,5.794997570512534,random,"[0.6263888972829738, 0.3736111027170262]"
200,COMPLETE,[0.12470449293982373],2025-09-21T05:55:39.111266,2025-09-21T06:04:05.119351,506.008085,0.051936746286095556,0.2,0.05368953357652128,50.0,2,0.8751662576339666,0.07021876376115088,0.880919271202584,56.0,13.0,69.0,5.489763159215524,random,"[0.07382604961626647, 0.9261739503837335]"
201,COMPLETE,[0.16612806795623128],2025-09-21T06:04:05.134354,2025-09-21T06:12:29.869745,504.735391,0.04863366154442206,0.2,0.0330445267692602,50.0,2,0.6205110522671121,0.3410532678257302,0.984936030201284,36.0,11.0,47.0,5.990751524358933,random,"[0.2572066519188317, 0.7427933480811684]"
202,COMPLETE,[0.06823603730804309],2025-09-21T06:12:29.885281,2025-09-21T06:20:56.084869,506.199588,0.04582796419794727,0.2,0.037668997797125944,50.0,2,0.21336089987520157,0.944241707059343,0.9625086938713835,34.0,8.0,42.0,5.879359174722676,random,"[0.4952099166196257, 0.5047900833803742]"
203,COMPLETE,[0.08013948270570531],2025-09-21T06:20:56.099698,2025-09-21T06:29:21.076817,504.977119,0.04900224162922347,0.2,0.04647405673403751,50.0,2,0.19482043083442313,0.5301397935766261,0.3633087601207899,40.0,9.0,49.0,5.689972240394969,random,"[0.5933635365827326, 0.40663646341726756]"
204,COMPLETE,[0.07927057747774187],2025-09-21T06:29:21.092235,2025-09-21T06:37:46.105494,505.013259,0.05216689028986899,0.2,0.04746445953433937,50.0,2,2.1450485939420734,0.21507858912053615,0.8180789641123982,44.0,12.0,56.0,5.5868707292613164,random,"[0.20817598288616954, 0.7918240171138304]"
205,COMPLETE,[0.0746871727416056],2025-09-21T06:37:46.120823,2025-09-21T06:46:10.986136,504.865313,0.04819505772769861,0.2,0.043103303748759564,50.0,2,0.667589751342677,0.3465859563241494,0.860676742073516,37.0,10.0,47.0,5.726863548239721,random,"[0.28708412575337106, 0.712915874246629]"
206,COMPLETE,[0.06511371537537722],2025-09-21T06:46:11.000516,2025-09-21T06:54:36.908957,505.908441,0.05112457688463776,0.2,0.03643737932489552,50.0,2,2.4823495457701257,0.2873221301022661,0.16019351934893905,38.0,11.0,49.0,5.435265509417741,random,"[0.642038173312181, 0.357961826687819]"
207,COMPLETE,[0.10167539200882635],2025-09-21T06:54:36.923971,2025-09-21T07:03:01.735971,504.812,0.047465787186127685,0.2,0.03462873210553656,50.0,2,0.7962737892304361,0.16295986204747825,0.793075176798363,39.0,11.0,50.0,5.8362810442390805,random,"[0.17045385935248678, 0.8295461406475132]"
208,COMPLETE,[0.056105730123290815],2025-09-21T07:03:01.751483,2025-09-21T07:11:27.334080,505.582597,0.0488274562546636,0.2,0.048634885300025785,50.0,2,1.6629762450215821,0.822608078081885,0.8724303875436625,38.0,8.0,46.0,5.380388082254689,random,"[0.4853034870676546, 0.5146965129323454]"
209,COMPLETE,[0.08030693204541546],2025-09-21T07:11:27.349562,2025-09-21T07:19:51.935191,504.585629,0.04576179947667529,0.2,0.039011441016187746,50.0,2,0.9354381357183498,0.8550004085685571,0.1588798748122048,47.0,8.0,55.0,5.6468860856116,random,"[0.8432952317778355, 0.15670476822216456]"
210,COMPLETE,[0.08311573733054338],2025-09-21T07:19:51.950205,2025-09-21T07:28:16.814538,504.864333,0.05179172058085241,0.2,0.04137910994618792,50.0,2,2.1965699424748735,0.5462033703425706,0.5777866307921103,34.0,12.0,46.0,5.41269174599012,random,"[0.4859503819350457, 0.5140496180649544]"
211,COMPLETE,[0.08562790016626717],2025-09-21T07:28:16.829310,2025-09-21T07:36:40.842047,504.012737,0.045766161669206204,0.2,0.04819298347736997,50.0,2,0.3157716216900309,0.331580115822894,0.12245253194096646,42.0,7.0,49.0,5.6986965523585,random,"[0.7303001611358723, 0.2696998388641278]"
212,COMPLETE,[0.17607551625840434],2025-09-21T07:36:40.858062,2025-09-21T07:45:05.673120,504.815058,0.04746045113545051,0.2,0.03044641878987964,50.0,2,0.9547628666775808,0.12860042557423787,0.9540005966343102,44.0,11.0,55.0,5.9353528746839075,random,"[0.11878838365761749, 0.8812116163423825]"
213,COMPLETE,[0.06328833633048213],2025-09-21T07:45:05.688382,2025-09-21T07:53:30.278287,504.589905,0.05068087934010205,0.2,0.03479492539618651,50.0,2,2.2178638219318056,0.4441245706179297,0.8496703221266598,30.0,12.0,42.0,5.755498189985133,random,"[0.3432727808005076, 0.6567272191994924]"
214,COMPLETE,[0.07310955675362926],2025-09-21T07:53:30.292910,2025-09-21T08:01:55.433761,505.140851,0.04785206540902575,0.2,0.04455083849479551,50.0,2,0.8997936212335361,0.15871845700875717,0.6057426081827708,41.0,11.0,52.0,5.668991184441911,random,"[0.20762137437175018, 0.7923786256282498]"
215,COMPLETE,[0.17026109361129466],2025-09-21T08:01:55.448758,2025-09-21T08:10:20.980593,505.531835,0.04984610139906931,0.2,0.031591083835087984,50.0,2,2.472480817549468,0.13011711633233666,0.9446584867877169,41.0,14.0,55.0,5.977446292867419,random,"[0.12106444913208776, 0.8789355508679123]"
216,COMPLETE,[0.06445409587679203],2025-09-21T08:10:20.995606,2025-09-21T08:18:47.426362,506.430756,0.04689830054038193,0.2,0.030066736350452886,50.0,2,1.7758689376980576,0.6139737185435028,0.560453074430711,30.0,7.0,37.0,5.724564398325058,random,"[0.5227858579321286, 0.4772141420678714]"
217,COMPLETE,[0.1632176234148282],2025-09-21T08:18:47.441374,2025-09-21T08:27:13.010770,505.569396,0.049064711553059394,0.2,0.036186429792475314,50.0,2,2.3768492157256986,0.07479393752281376,0.8958659278464954,47.0,12.0,59.0,5.9120008333867995,random,"[0.07705473378602785, 0.9229452662139722]"
218,COMPLETE,[0.070756626180296],2025-09-21T08:27:13.025410,2025-09-21T08:35:39.505136,506.479726,0.052563491608483795,0.2,0.0489484975736314,50.0,2,0.7449765841296455,0.7931777706374694,0.365113212934455,44.0,11.0,55.0,5.442590932784684,random,"[0.6847828239079242, 0.31521717609207583]"
219,COMPLETE,[0.09903992541248004],2025-09-21T08:35:39.519727,2025-09-21T08:44:04.509118,504.989391,0.05200390253986836,0.2,0.041978741959042665,50.0,2,1.6630929957614429,0.0192599742983298,0.5841041906732249,53.0,15.0,68.0,5.734060737518778,random,"[0.03192097810322859, 0.9680790218967714]"
220,COMPLETE,[0.14206180023020576],2025-09-21T08:44:04.524499,2025-09-21T08:52:28.841728,504.317229,0.0495729770425013,0.2,0.053444109047653426,50.0,2,0.1989550190478987,0.010785640138632119,0.3194282450361168,61.0,11.0,72.0,5.532208055853158,random,"[0.03266258816743689, 0.967337411832563]"
221,COMPLETE,[0.18428334432599694],2025-09-21T08:52:28.856249,2025-09-21T09:00:53.648224,504.791975,0.051049005350924756,0.2,0.049205387241598134,50.0,2,2.9146878654897326,0.9060735375140258,0.35902591363624903,49.0,10.0,59.0,5.145237964500961,random,"[0.7162073595796683, 0.2837926404203318]"
222,COMPLETE,[0.06250733365564493],2025-09-21T09:00:53.663156,2025-09-21T09:09:18.867104,505.203948,0.051882593200964035,0.2,0.04551871862167687,50.0,2,1.4509031980023934,0.6480759625891972,0.4564135624229915,41.0,10.0,51.0,5.3966348229450976,random,"[0.5867651506989578, 0.41323484930104226]"
223,COMPLETE,[0.2615581477186388],2025-09-21T09:09:18.881113,2025-09-21T09:17:43.914596,505.033483,0.05228749856175155,0.2,0.04712742942902667,50.0,2,2.9789147144617223,0.141519621608917,0.029618319010322636,56.0,11.0,67.0,5.0871510977846155,random,"[0.8269330640350543, 0.17306693596494574]"
224,COMPLETE,[0.09887621927927825],2025-09-21T09:17:43.929609,2025-09-21T09:26:09.753750,505.824141,0.051546515099849415,0.2,0.034034024929529866,50.0,2,1.9534221521070152,0.03319889566756405,0.19891357462250903,39.0,15.0,54.0,5.863234169136148,random,"[0.1430293496341454, 0.8569706503658545]"
225,COMPLETE,[0.06475862590998975],2025-09-21T09:26:09.769982,2025-09-21T09:34:33.603915,503.833933,0.05048818221632149,0.2,0.032245701413912746,50.0,2,1.8862767094736579,0.269439283215602,0.5466090485835089,29.0,12.0,41.0,5.794626572764928,random,"[0.33017564366755014, 0.6698243563324497]"
226,COMPLETE,[0.08363958903125557],2025-09-21T09:34:33.618928,2025-09-21T09:42:59.702815,506.083887,0.04641424463106331,0.2,0.03780984178310593,50.0,2,2.0471453901556806,0.8604890914821518,0.9505695742293305,31.0,7.0,38.0,5.556089310299136,random,"[0.47513043490731144, 0.5248695650926886]"
227,COMPLETE,[0.08863348849826778],2025-09-21T09:42:59.718092,2025-09-21T09:51:23.783047,504.064955,0.0524620351917096,0.2,0.037269782539567614,50.0,2,0.02382182006836553,0.22559045046391715,0.2471747684912549,53.0,14.0,67.0,5.736360077170222,random,"[0.47717226525775325, 0.5228277347422468]"
228,COMPLETE,[0.06754799050556065],2025-09-21T09:51:23.798541,2025-09-21T09:59:48.256759,504.458218,0.05167835556528607,0.2,0.04036142734135231,50.0,2,0.1712933108388901,0.16787376332361553,0.5917226642454263,41.0,14.0,55.0,5.709795944144584,random,"[0.22100388736801557, 0.7789961126319843]"
229,COMPLETE,[0.09414177053950357],2025-09-21T09:59:48.271416,2025-09-21T10:08:13.771252,505.499836,0.04792631619446835,0.2,0.04891902571666221,50.0,2,2.6698074873229976,0.8486744218037714,0.8094922905942493,38.0,8.0,46.0,5.210910555155551,random,"[0.5118148950031862, 0.48818510499681383]"
230,COMPLETE,[0.09563399017363432],2025-09-21T10:08:13.786398,2025-09-21T10:16:40.077415,506.291017,0.05159845650469856,0.2,0.03302066326626022,50.0,2,2.3832956220828985,0.28691780992673865,0.3426977685046823,30.0,12.0,42.0,5.525288228202295,random,"[0.4557031619858344, 0.5442968380141655]"
231,COMPLETE,[0.04781325288289688],2025-09-21T10:16:40.092354,2025-09-21T10:25:04.923972,504.831618,0.048805260662686284,0.2,0.045607400425852734,50.0,2,0.8676184703366135,0.6615509984062815,0.3575849337417095,40.0,9.0,49.0,5.560289460728894,random,"[0.6491293040879812, 0.3508706959120187]"
232,COMPLETE,[0.1541025026672708],2025-09-21T10:25:04.938732,2025-09-21T10:33:30.647014,505.708282,0.05036869432182644,0.2,0.03987755750439646,50.0,2,2.663984232133078,0.24249418489112587,0.24784272142574074,31.0,11.0,42.0,5.342764408748657,random,"[0.49454605959115944, 0.5054539404088406]"
233,COMPLETE,[0.04155521251938284],2025-09-21T10:33:30.662296,2025-09-21T10:41:55.992304,505.330008,0.048582150810151714,0.2,0.03764641749962482,50.0,2,0.7290397446301923,0.16647303596260649,0.16535566403851798,31.0,10.0,41.0,5.807736931541233,random,"[0.5016836577488396, 0.49831634225116045]"
234,COMPLETE,[0.0739195319619256],2025-09-21T10:41:56.007280,2025-09-21T10:50:21.899870,505.89259,0.04536434144151986,0.2,0.05278231631699494,50.0,2,1.446788402551134,0.09307923406553203,0.4327760130395098,47.0,7.0,54.0,5.529706374759585,random,"[0.177005429874391, 0.822994570125609]"
235,COMPLETE,[0.13697535760575782],2025-09-21T10:50:21.914857,2025-09-21T10:58:47.940503,506.025646,0.047912108924708034,0.2,0.049178128774932814,50.0,2,2.093941229584785,0.6721662930162092,0.1814968771433437,52.0,7.0,59.0,5.320229443960667,random,"[0.7873905265124402, 0.21260947348755976]"
236,COMPLETE,[0.13767154894740663],2025-09-21T10:58:47.956277,2025-09-21T11:07:13.750992,505.794715,0.04602798614521289,0.2,0.03755565034787192,50.0,2,1.7905587477829812,0.11408918279174914,0.8203614881817931,45.0,8.0,53.0,5.921513916785033,random,"[0.12209224770836449, 0.8779077522916354]"
237,COMPLETE,[0.08958027731394841],2025-09-21T11:07:13.766005,2025-09-21T11:15:38.892733,505.126728,0.04940723269661383,0.2,0.05193432347517132,50.0,2,1.5637001585874604,0.46337678099412544,0.24874437096520677,45.0,7.0,52.0,5.294765664132793,random,"[0.6506993644539124, 0.3493006355460876]"
238,COMPLETE,[0.07695864129767765],2025-09-21T11:15:38.907745,2025-09-21T11:24:04.834389,505.926644,0.05175666409920966,0.2,0.03624025873922546,50.0,2,0.2329642471801846,0.7793713626783066,0.2827484903385312,38.0,13.0,51.0,5.766943944287828,random,"[0.7337885272218437, 0.2662114727781562]"
239,COMPLETE,[0.057277871530386874],2025-09-21T11:24:04.849248,2025-09-21T11:32:29.682066,504.832818,0.0494237965267872,0.2,0.03574923081301698,50.0,2,0.20615328329008076,0.3168056273054944,0.6060935323375914,34.0,12.0,46.0,5.815291637522702,random,"[0.34327220259688296, 0.656727797403117]"
240,COMPLETE,[0.08062485730406994],2025-09-21T11:32:29.697099,2025-09-21T11:40:56.326116,506.629017,0.051464748764766956,0.2,0.03787533139554279,50.0,2,1.8900378511437357,0.8824695428387488,0.9795629461131736,30.0,12.0,42.0,5.584547071456052,random,"[0.47392811246567573, 0.5260718875343243]"
241,COMPLETE,[0.05176766932902049],2025-09-21T11:40:56.341655,2025-09-21T11:49:21.885916,505.544261,0.05235472403979377,0.2,0.051429120951888535,50.0,2,1.3422358320908572,0.3612544600607348,0.7907598520734405,41.0,12.0,53.0,5.32459692020102,random,"[0.3135850451297687, 0.6864149548702313]"
242,COMPLETE,[0.07185831340419066],2025-09-21T11:49:21.901361,2025-09-21T11:57:47.518957,505.617596,0.04997933575964295,0.2,0.03073680713622213,50.0,2,1.9802097625825685,0.8469128443976282,0.34880044931795307,36.0,11.0,47.0,5.749316714001925,random,"[0.7082908995399021, 0.29170910046009796]"
243,COMPLETE,[0.048121097933252324],2025-09-21T11:57:47.533861,2025-09-21T12:06:13.935899,506.402038,0.045228380975453314,0.2,0.054827504182641595,50.0,2,2.62203470802384,0.18229103875731564,0.535053481943304,41.0,7.0,48.0,5.525460312686629,random,"[0.25411923210799003, 0.74588076789201]"
244,COMPLETE,[0.057608534454547174],2025-09-21T12:06:13.950809,2025-09-21T12:14:39.333370,505.382561,0.0507119688562883,0.2,0.049494811437548164,50.0,2,2.056529021093645,0.23676484190814137,0.43261977047025246,38.0,11.0,49.0,5.423050073832831,random,"[0.3537052354204723, 0.6462947645795277]"
245,COMPLETE,[0.041544297586508856],2025-09-21T12:14:39.348626,2025-09-21T12:23:04.556918,505.208292,0.05122075920190035,0.2,0.04441472756358607,50.0,2,0.972457325403868,0.2823356621440849,0.6314129323602358,40.0,11.0,51.0,5.563243439383217,random,"[0.3089861520358813, 0.6910138479641187]"
246,COMPLETE,[0.07595430493457365],2025-09-21T12:23:04.571759,2025-09-21T12:31:30.595900,506.024141,0.04666772565202029,0.2,0.030655816677244315,50.0,2,2.6862732407860217,0.3404254517658177,0.3299665741468546,29.0,8.0,37.0,5.614307572758466,random,"[0.507800568335165, 0.49219943166483493]"
247,COMPLETE,[0.050862292538351485],2025-09-21T12:31:30.611915,2025-09-21T12:39:56.345159,505.733244,0.046557909257727396,0.2,0.05484404636604438,50.0,2,2.9965092047712805,0.5275362929529199,0.9014369585318694,39.0,8.0,47.0,5.273000306051279,random,"[0.3691715659511316, 0.6308284340488683]"
248,COMPLETE,[0.06270616324707261],2025-09-21T12:39:56.360050,2025-09-21T12:48:23.440742,507.080692,0.04535772990889293,0.2,0.03989598001256915,50.0,2,1.0726183399008002,0.3255483894801125,0.21300046850810433,33.0,7.0,40.0,5.663827814274863,random,"[0.6044918388578875, 0.3955081611421125]"
249,COMPLETE,[0.04897399474323511],2025-09-21T12:48:23.455755,2025-09-21T12:56:49.145409,505.689654,0.04762386017263178,0.2,0.051592551918576895,50.0,2,1.7899214607031144,0.6407655209370718,0.9076330058956393,39.0,7.0,46.0,5.386329784351679,random,"[0.4138246774541785, 0.5861753225458215]"
250,COMPLETE,[0.04564872889086779],2025-09-21T12:56:49.161059,2025-09-21T13:05:15.148637,505.987578,0.04894085966586313,0.2,0.0316421875529885,50.0,2,1.5092548121366152,0.05999155885178124,0.17039336033207975,33.0,11.0,44.0,5.783854205793829,random,"[0.2603970740111872, 0.7396029259888127]"
251,COMPLETE,[0.0367117795814724],2025-09-21T13:05:15.163650,2025-09-21T13:13:40.937406,505.773756,0.04837740711387845,0.2,0.051659512702057514,50.0,2,0.4788204578351075,0.9141888939732259,0.8327886965206915,40.0,9.0,49.0,5.561797268198075,random,"[0.5232974360677175, 0.4767025639322825]"
252,COMPLETE,[0.05296999345106023],2025-09-21T13:13:40.952464,2025-09-21T13:22:06.464151,505.511687,0.0495008029522527,0.2,0.03589435790559772,50.0,2,1.1725712611220431,0.3186480461250395,0.7145192727838541,33.0,11.0,44.0,5.726678255445414,random,"[0.30841862716056195, 0.6915813728394379]"
253,COMPLETE,[0.05264654293465596],2025-09-21T13:22:06.480036,2025-09-21T13:30:33.015742,506.535706,0.04530752551807504,0.2,0.05299794119306277,50.0,2,2.8071818557403434,0.46270683329818063,0.8182866192438085,37.0,7.0,44.0,5.373252205964165,random,"[0.36120936635545664, 0.6387906336445432]"
254,COMPLETE,[0.07979025971392442],2025-09-21T13:30:33.031756,2025-09-21T13:39:00.217781,507.186025,0.04795768942761485,0.2,0.04503410379301123,50.0,2,0.05856247473180809,0.17501475850333992,0.3647881945504931,52.0,9.0,61.0,5.698524452841584,random,"[0.3242197129771652, 0.6757802870228348]"
255,COMPLETE,[0.06517961313169132],2025-09-21T13:39:00.234047,2025-09-21T13:47:26.513307,506.27926,0.04755639014627172,0.2,0.03392894437839694,50.0,2,1.7376451734095046,0.14506529356494052,0.15392259466772637,29.0,9.0,38.0,5.658782799096058,random,"[0.4851878596903343, 0.5148121403096658]"
256,COMPLETE,[0.11454786358432176],2025-09-21T13:47:26.528320,2025-09-21T13:55:53.640589,507.112269,0.04521006545052534,0.2,0.035462433351530605,50.0,2,1.621338548177951,0.029516580778934202,0.17591781935090597,44.0,8.0,52.0,5.813644765363584,random,"[0.1436788617693965, 0.8563211382306034]"
257,COMPLETE,[0.061364794916024375],2025-09-21T13:55:53.656412,2025-09-21T14:04:20.159246,506.502834,0.047542691292853226,0.2,0.03820633856996764,50.0,2,2.940973608392486,0.8220266327596853,0.29212471607032314,43.0,8.0,51.0,5.3975125805655715,random,"[0.7378051766691403, 0.2621948233308597]"
258,COMPLETE,[0.08264977573328801],2025-09-21T14:04:20.174258,2025-09-21T14:12:46.744042,506.569784,0.051253466789702745,0.2,0.043675773337950516,50.0,2,2.772270393611269,0.31799643338664624,0.14559282251965633,43.0,11.0,54.0,5.232349392038787,random,"[0.68594435555883, 0.31405564444117]"
259,COMPLETE,[0.056101956464396426],2025-09-21T14:12:46.759055,2025-09-21T14:21:13.054533,506.295478,0.04586592067331005,0.2,0.030354634319777748,50.0,2,1.2667699739719627,0.5249317826551062,0.32906573429914454,33.0,6.0,39.0,5.667898879160313,random,"[0.6146760057655146, 0.3853239942344854]"
260,COMPLETE,[0.09515336129971315],2025-09-21T14:21:13.069546,2025-09-21T14:29:39.629729,506.560183,0.04867017669826023,0.2,0.04718869140885304,50.0,2,1.230368745905908,0.9714030664958302,0.2075292029171881,52.0,8.0,60.0,5.533156883256769,random,"[0.8239685109132561, 0.17603148908674404]"
261,COMPLETE,[0.06610255618984283],2025-09-21T14:29:39.645451,2025-09-21T14:38:06.621181,506.97573,0.052558035923649764,0.2,0.047907263013138884,50.0,2,1.0797655714389691,0.1807557099991914,0.938193659824035,47.0,13.0,60.0,5.532759654819219,random,"[0.16154056195388672, 0.8384594380461132]"
262,COMPLETE,[0.058203431088712745],2025-09-21T14:38:06.636195,2025-09-21T14:46:33.884607,507.248412,0.04527634072614645,0.2,0.05267952876700607,50.0,2,2.7189427598797264,0.2001155609064568,0.33508613928660874,36.0,7.0,43.0,5.381665954085635,random,"[0.37390681089814976, 0.6260931891018502]"
263,COMPLETE,[0.08481011452949863],2025-09-21T14:46:33.900594,2025-09-21T14:55:01.215299,507.314705,0.0456034800551041,0.2,0.038234435340922,50.0,2,1.0734963148165286,0.06146231856509314,0.7688055954577568,50.0,9.0,59.0,5.761828525448505,random,"[0.0740270911678295, 0.9259729088321705]"
264,COMPLETE,[0.03431548897336723],2025-09-21T14:55:01.230279,2025-09-21T15:03:31.381643,510.151364,0.04657695034171944,0.2,0.04547460728400293,50.0,2,1.9389625967477842,0.4716337204918226,0.6976282079757534,35.0,7.0,42.0,5.544182527040889,random,"[0.4033601958715456, 0.5966398041284544]"
265,COMPLETE,[0.18076412743426085],2025-09-21T15:03:31.396560,2025-09-21T15:11:58.448537,507.051977,0.046784581848738696,0.2,0.05257555967712388,50.0,2,2.222582494890084,0.8032295890570287,0.07599559775301543,61.0,6.0,67.0,5.261314928610483,random,"[0.9135652630371766, 0.08643473696282339]"
266,COMPLETE,[0.058720638072137045],2025-09-21T15:11:58.464551,2025-09-21T15:20:25.508394,507.043843,0.05153907421113642,0.2,0.05033140060245969,50.0,2,1.8538858100493558,0.23397213174539752,0.6559924232789537,41.0,12.0,53.0,5.468315898282167,random,"[0.26290050589598546, 0.7370994941040145]"
267,COMPLETE,[0.041109682027587205],2025-09-21T15:20:25.524112,2025-09-21T15:28:52.365638,506.841526,0.048053157474252005,0.2,0.05168367657362288,50.0,2,2.270080830460624,0.596228011788825,0.554275707138637,40.0,7.0,47.0,5.300703379616281,random,"[0.5182321464763701, 0.48176785352362994]"
268,COMPLETE,[0.05882809492935547],2025-09-21T15:28:52.380644,2025-09-21T15:37:19.171664,506.79102,0.050774760389491455,0.2,0.0521469829900872,50.0,2,2.80412995295347,0.08014185631917538,0.40495625494474563,46.0,12.0,58.0,5.535917176637152,random,"[0.1652075208257689, 0.8347924791742312]"
269,COMPLETE,[0.06205334243913126],2025-09-21T15:37:19.186359,2025-09-21T15:45:47.009439,507.82308,0.048822858164260574,0.2,0.050913627658517896,50.0,2,2.178328134748721,0.6796381027347409,0.4541332555850831,41.0,8.0,49.0,5.2238105214831325,random,"[0.5994489962613986, 0.40055100373860153]"
270,COMPLETE,[0.06808316761099621],2025-09-21T15:45:47.025414,2025-09-21T15:54:13.863949,506.838535,0.048672834418421615,0.2,0.032057846624320034,50.0,2,2.721266518343101,0.28789475221089017,0.7520375202730804,33.0,10.0,43.0,5.899094409467489,random,"[0.27683990566349864, 0.7231600943365013]"
271,COMPLETE,[0.050638319170242405],2025-09-21T15:54:13.879964,2025-09-21T16:02:39.379722,505.499758,0.04953023227750291,0.2,0.03251855553727098,50.0,2,2.1956458329577933,0.3217659317044264,0.24633315947041634,31.0,10.0,41.0,5.721503432720603,random,"[0.566390505992549, 0.433609494007451]"
272,COMPLETE,[0.05367790064780672],2025-09-21T16:02:39.394939,2025-09-21T16:11:05.772380,506.377441,0.05153073392257261,0.2,0.05336731748373057,50.0,2,0.566876279536564,0.560569465449097,0.9900178419061159,42.0,11.0,53.0,5.455576432770196,random,"[0.36152073655577793, 0.638479263444222]"
273,COMPLETE,[0.09887520127652258],2025-09-21T16:11:05.787447,2025-09-21T16:19:31.475611,505.688164,0.04907330355575739,0.2,0.054925526750658274,50.0,2,0.06647423108160255,0.4351099694587146,0.9584624089209349,54.0,9.0,63.0,5.538203992020226,random,"[0.312226315768852, 0.6877736842311479]"
274,COMPLETE,[0.09272228583335733],2025-09-21T16:19:31.490854,2025-09-21T16:27:58.323050,506.832196,0.04907172455897393,0.2,0.03589634240603811,50.0,2,0.1261585681019397,0.23201459562716467,0.7690683953074149,42.0,12.0,54.0,5.820698933608151,random,"[0.2317635977518339, 0.7682364022481661]"
275,COMPLETE,[0.06157441791415955],2025-09-21T16:27:58.339066,2025-09-21T16:36:25.682406,507.34334,0.04935445280543891,0.2,0.044306216991519314,50.0,2,1.535275655331164,0.8759941307888656,0.7963242301407958,35.0,9.0,44.0,5.419855285157796,random,"[0.5238201955170128, 0.4761798044829872]"
276,COMPLETE,[0.060289024407169364],2025-09-21T16:36:25.697438,2025-09-21T16:44:51.952867,506.255429,0.05145742186601194,0.2,0.030606120518012987,50.0,2,1.130497566989578,0.7563538475286087,0.23777002275736764,37.0,13.0,50.0,5.7131003363510064,random,"[0.760824551281553, 0.23917544871844706]"
277,COMPLETE,[0.10077767943916621],2025-09-21T16:44:51.967880,2025-09-21T16:53:19.027594,507.059714,0.050391398941264626,0.2,0.051845301611098606,50.0,2,0.7861655783643985,0.052007299925136585,0.5581475854504616,55.0,12.0,67.0,5.5785953141153355,random,"[0.08523622636098703, 0.9147637736390128]"
278,COMPLETE,[0.04456763745835355],2025-09-21T16:53:19.042607,2025-09-21T17:01:45.961025,506.918418,0.04602145844506239,0.2,0.05414673112849591,50.0,2,0.46123146573779816,0.9730044678426658,0.6561031157313555,40.0,7.0,47.0,5.5051918780325675,random,"[0.5972622542877357, 0.40273774571226423]"
279,COMPLETE,[0.11963764861659486],2025-09-21T17:01:45.976038,2025-09-21T17:10:13.570515,507.594477,0.05280149775995303,0.2,0.036686607072422925,50.0,2,2.533941907968392,0.8617918551637314,0.13233906051544483,51.0,14.0,65.0,5.342768221274285,random,"[0.8668796448956296, 0.1331203551043704]"
280,COMPLETE,[0.08285595271909206],2025-09-21T17:10:13.585528,2025-09-21T17:18:40.583794,506.998266,0.04529920914460284,0.2,0.04113679330446705,50.0,2,0.11478731280805499,0.2709057734726546,0.7886679523728928,49.0,7.0,56.0,5.7514267397431755,random,"[0.255674302660223, 0.744325697339777]"
281,COMPLETE,[0.04826346728691198],2025-09-21T17:18:40.598721,2025-09-21T17:27:06.755521,506.1568,0.04725897651895692,0.2,0.049489864179802195,50.0,2,0.7403224107544909,0.36775013269773243,0.4249807680220312,38.0,8.0,46.0,5.556342671323154,random,"[0.46390286081169796, 0.5360971391883022]"
282,COMPLETE,[0.05719364308308437],2025-09-21T17:27:06.770511,2025-09-21T17:35:33.425646,506.655135,0.049878991301201936,0.2,0.03869937633663692,50.0,2,0.9265103499608632,0.13187571153484637,0.47499309920499266,39.0,12.0,51.0,5.723336033181678,random,"[0.2173051394321543, 0.7826948605678458]"
283,COMPLETE,[0.08912845169784453],2025-09-21T17:35:33.440659,2025-09-21T17:43:59.865824,506.425165,0.05029309509382329,0.2,0.032214692014374616,50.0,2,0.5033557723065686,0.2720408540513995,0.10453257397260823,34.0,12.0,46.0,5.933934896443947,random,"[0.7224111788207639, 0.27758882117923617]"
284,COMPLETE,[0.07017269704614987],2025-09-21T17:43:59.880440,2025-09-21T17:52:26.709933,506.829493,0.048182526636186385,0.2,0.053747235052513734,50.0,2,1.5980673383041415,0.5911052376712684,0.29608355045138857,45.0,7.0,52.0,5.338051761755638,random,"[0.6662677048952359, 0.33373229510476404]"
285,COMPLETE,[0.13644524783435594],2025-09-21T17:52:26.724946,2025-09-21T18:00:55.015967,508.291021,0.04541621534844434,0.2,0.04621158392490855,50.0,2,0.06657053212053077,0.9724934783892585,0.028628699632003617,59.0,9.0,68.0,5.6673471394389425,random,"[0.9714033908542624, 0.02859660914573765]"
286,COMPLETE,[0.07940571581403895],2025-09-21T18:00:55.030980,2025-09-21T18:09:22.670305,507.639325,0.04661755035426675,0.2,0.044998637684941875,50.0,2,2.196115653194904,0.028567388173627424,0.9151562064027093,53.0,11.0,64.0,5.773035608557645,random,"[0.030270927142022026, 0.9697290728579779]"
287,COMPLETE,[0.062097104974801184],2025-09-21T18:09:22.685319,2025-09-21T18:17:49.205949,506.52063,0.052549211571807634,0.2,0.043594854747228476,50.0,2,1.9919677788215318,0.20892794008040322,0.785326674488849,40.0,14.0,54.0,5.64370610880024,random,"[0.21013524807316938, 0.7898647519268307]"
288,COMPLETE,[0.12292899383481792],2025-09-21T18:17:49.221972,2025-09-21T18:26:15.859658,506.637686,0.05130145624232382,0.2,0.047102258420060404,50.0,2,2.1840839116796125,0.18286873771070394,0.03681810858148759,54.0,10.0,64.0,5.343371734936374,random,"[0.8324064039204324, 0.16759359607956753]"
289,COMPLETE,[0.0440681329538049],2025-09-21T18:26:15.875659,2025-09-21T18:34:42.723319,506.84766,0.0457453048329881,0.2,0.05132307723988602,50.0,2,1.4782730533935768,0.6311543827315818,0.7094222945862575,37.0,7.0,44.0,5.374986504986853,random,"[0.47080811818564894, 0.5291918818143512]"
290,COMPLETE,[0.06107706022296126],2025-09-21T18:34:42.738261,2025-09-21T18:43:09.985510,507.247249,0.0487055604287837,0.2,0.03188523912214027,50.0,2,0.5716040825709566,0.957725747019159,0.6947213431381758,29.0,10.0,39.0,5.851736192120306,random,"[0.579580279891425, 0.4204197201085749]"
291,COMPLETE,[0.07797882586975784],2025-09-21T18:43:10.001149,2025-09-21T18:51:35.266481,505.265332,0.05233734269076507,0.2,0.04790582788000871,50.0,2,0.5532895994134783,0.051830860399136855,0.3949821930803063,50.0,14.0,64.0,5.555865891255826,random,"[0.11600122242516685, 0.8839987775748331]"
292,COMPLETE,[0.044981504225491416],2025-09-21T18:51:35.281494,2025-09-21T19:00:01.431496,506.150002,0.04530693872147939,0.2,0.05498363627086965,50.0,2,2.2567840244279624,0.2979773698034419,0.4333998013986542,37.0,6.0,43.0,5.348912510278575,random,"[0.40741956617771435, 0.5925804338222856]"
293,COMPLETE,[0.05102568518790092],2025-09-21T19:00:01.447550,2025-09-21T19:08:27.641308,506.193758,0.04703432176381172,0.2,0.04971045167689567,50.0,2,2.425279015012525,0.4944437675693468,0.35092505534225565,41.0,7.0,48.0,5.383174081582519,random,"[0.5848852644770993, 0.41511473552290057]"
294,COMPLETE,[0.05069969876215727],2025-09-21T19:08:27.656159,2025-09-21T19:16:53.074297,505.418138,0.052244546943019825,0.2,0.03797457663599419,50.0,2,0.4483907299270483,0.5547142160795878,0.394800308427529,34.0,13.0,47.0,5.686547970198933,random,"[0.5842082472277443, 0.41579175277225566]"
295,COMPLETE,[0.07425116390510561],2025-09-21T19:16:53.089000,2025-09-21T19:25:19.994180,506.90518,0.04642027618984311,0.2,0.03487920514894938,50.0,2,0.5948737434958059,0.2703730784670819,0.01638764994448253,54.0,9.0,63.0,5.752524051385864,random,"[0.9428525306262904, 0.057147469373709577]"
296,COMPLETE,[0.05742082106392719],2025-09-21T19:25:20.009193,2025-09-21T19:33:47.131410,507.122217,0.04718847723274891,0.2,0.047321423985880906,50.0,2,0.5659282214289264,0.2003027345405874,0.5987001871468011,41.0,10.0,51.0,5.673256281826195,random,"[0.2506908662080666, 0.7493091337919335]"
297,COMPLETE,[0.04868920553602293],2025-09-21T19:33:47.146974,2025-09-21T19:42:12.638094,505.49112,0.047479214400577244,0.2,0.045253532068766096,50.0,2,2.321515068105705,0.8711880571506541,0.39600535679433785,41.0,8.0,49.0,5.467290264537408,random,"[0.6874941485360907, 0.31250585146390936]"
298,COMPLETE,[0.048217471689051654],2025-09-21T19:42:12.653464,2025-09-21T19:50:38.697647,506.044183,0.04652993192130712,0.2,0.04511195421683954,50.0,2,1.501064608010899,0.10203147318723602,0.14334346224599612,35.0,7.0,42.0,5.615876652369515,random,"[0.4158186450750971, 0.5841813549249029]"
299,COMPLETE,[0.12832349467758475],2025-09-21T19:50:38.712403,2025-09-21T19:59:03.708421,504.996018,0.051402786344221886,0.2,0.045367282642572684,50.0,2,2.9262108192201004,0.777979986420874,0.3121424243812181,47.0,10.0,57.0,5.194548177305635,random,"[0.7136629599683678, 0.2863370400316323]"
300,COMPLETE,[0.11920098500245693],2025-09-21T19:59:03.723296,2025-09-21T20:07:29.594897,505.871601,0.051089754846646386,0.2,0.054915447392814544,50.0,2,1.5993247084218551,0.8436511136630649,0.46698731301852014,46.0,9.0,55.0,5.167626206086396,random,"[0.643694779954767, 0.35630522004523296]"
301,COMPLETE,[0.05086030781827875],2025-09-21T20:07:29.609930,2025-09-21T20:15:55.724089,506.114159,0.04535565758244753,0.2,0.03725156597081541,50.0,2,2.3444309067688667,0.511834051074809,0.40167811571495504,33.0,6.0,39.0,5.58024980623715,random,"[0.56029253871186, 0.43970746128814]"
302,COMPLETE,[0.0523580462478233],2025-09-21T20:15:55.738810,2025-09-21T20:24:22.276794,506.537984,0.050923658101942326,0.2,0.04877567180793251,50.0,2,1.1438470684444435,0.42818297408165634,0.7285422683195948,39.0,10.0,49.0,5.442696897424831,random,"[0.3701682632885139, 0.6298317367114862]"
303,COMPLETE,[0.08522332901313937],2025-09-21T20:24:22.291651,2025-09-21T20:32:49.202925,506.911274,0.050934631401344216,0.2,0.03989635602019883,50.0,2,0.740941322908997,0.6804122086354072,0.061806313027878236,54.0,12.0,66.0,5.663947241807833,random,"[0.9167276061915398, 0.08327239380846019]"
304,COMPLETE,[0.07347709453933148],2025-09-21T20:32:49.217891,2025-09-21T20:41:18.340832,509.122941,0.04729325531710426,0.2,0.0346810508191807,50.0,2,0.49752252175985956,0.4295763699195653,0.7050441408068036,29.0,10.0,39.0,5.908204990553175,random,"[0.37860797143932845, 0.6213920285606715]"
305,COMPLETE,[0.06544659397371201],2025-09-21T20:41:18.355845,2025-09-21T20:49:43.731980,505.376135,0.04799400103272,0.2,0.033908525200683916,50.0,2,2.806716052626858,0.22086741510365981,0.7838128020836295,35.0,11.0,46.0,5.89189259521618,random,"[0.21983852306956136, 0.7801614769304387]"
306,COMPLETE,[0.05588137605111113],2025-09-21T20:49:43.747924,2025-09-21T20:58:10.600310,506.852386,0.04821823993064115,0.2,0.031996544043484385,50.0,2,2.2341607095674085,0.981395351746803,0.3547691698590814,38.0,9.0,47.0,5.678456482473621,random,"[0.7344869107640293, 0.2655130892359708]"
307,COMPLETE,[0.1037486263633818],2025-09-21T20:58:10.615189,2025-09-21T21:06:36.620876,506.005687,0.048133140138378556,0.2,0.05296105673148009,50.0,2,1.1516327541225266,0.8224248820574508,0.2294320338897074,51.0,7.0,58.0,5.3921133525919736,random,"[0.781879046083837, 0.21812095391616296]"
308,COMPLETE,[0.07643094678820989],2025-09-21T21:06:36.635665,2025-09-21T21:15:02.560790,505.925125,0.04976378095385006,0.2,0.032179962611460056,50.0,2,2.4916271881637,0.5170089949251193,0.8446191103603208,28.0,12.0,40.0,5.706812002158957,random,"[0.3796991211610883, 0.6203008788389118]"
309,COMPLETE,[0.07021342181200343],2025-09-21T21:15:02.575959,2025-09-21T21:23:29.310155,506.734196,0.04826536535036705,0.2,0.03583673511615413,50.0,2,2.642389121837818,0.33345792899302124,0.08765032354367633,46.0,9.0,55.0,5.462972113220046,random,"[0.7918579770980906, 0.20814202290190933]"
310,COMPLETE,[0.07294426822352121],2025-09-21T21:23:29.325528,2025-09-21T21:31:55.955384,506.629856,0.05047357092008381,0.2,0.0350229170399281,50.0,2,0.41478248624811287,0.2068930135757255,0.7714314276032375,36.0,14.0,50.0,5.797543024667923,random,"[0.21147689341830414, 0.7885231065816959]"
311,COMPLETE,[0.03832875532402667],2025-09-21T21:31:55.970881,2025-09-21T21:40:21.942673,505.971792,0.04745814460309483,0.2,0.051024365248489426,50.0,2,1.0531001853842132,0.4299095449822959,0.9136338122794262,40.0,8.0,48.0,5.512104801788149,random,"[0.3199818916588559, 0.6800181083411441]"
312,COMPLETE,[0.03787792772012739],2025-09-21T21:40:21.958688,2025-09-21T21:48:49.048594,507.089906,0.046378866115199,0.2,0.0471687867246329,50.0,2,0.936954938904674,0.5050550933532562,0.9109270452012148,38.0,7.0,45.0,5.593446855965266,random,"[0.35668182500441004, 0.6433181749955899]"
313,COMPLETE,[0.150643214419361],2025-09-21T21:48:49.064607,2025-09-21T21:57:14.081597,505.01699,0.0465905551533446,0.2,0.0511530070884546,50.0,2,1.6975731352315981,0.9226261726658973,0.10417281598944153,60.0,6.0,66.0,5.387964374014025,random,"[0.8985460473370132, 0.10145395266298686]"
314,COMPLETE,[0.050706598057203046],2025-09-21T21:57:14.096611,2025-09-21T22:05:40.073267,505.976656,0.05108984475023929,0.2,0.030804735030104065,50.0,2,0.5249715503364272,0.6973823702030693,0.2965820583627486,34.0,12.0,46.0,5.79759169522414,random,"[0.7016170299065088, 0.2983829700934913]"
315,COMPLETE,[0.05531035845620604],2025-09-21T22:05:40.088281,2025-09-21T22:14:04.650733,504.562452,0.04848976223954071,0.2,0.03376265675219426,50.0,2,0.583004287784717,0.5276853433711265,0.6508700172164983,29.0,11.0,40.0,5.838492101891525,random,"[0.447739122842752, 0.5522608771572479]"
316,COMPLETE,[0.0457439168366659],2025-09-21T22:14:04.665705,2025-09-21T22:22:29.344976,504.679271,0.04839744917324102,0.2,0.034018686764653035,50.0,2,2.3804756934019817,0.802277692534004,0.5256137852786447,33.0,9.0,42.0,5.561611539204972,random,"[0.6041741406877204, 0.3958258593122797]"
317,COMPLETE,[0.08298799477465733],2025-09-21T22:22:29.359990,2025-09-21T22:30:55.476154,506.116164,0.05012512492339602,0.2,0.03127665264553005,50.0,2,0.793191161188291,0.15463154770213283,0.5536349903550072,38.0,12.0,50.0,5.878624218819659,random,"[0.21832394923852494, 0.7816760507614751]"
318,COMPLETE,[0.1218738451126837],2025-09-21T22:30:55.491117,2025-09-21T22:39:20.355630,504.864513,0.048755383298432924,0.2,0.04869540372939109,50.0,2,2.5973122393804564,0.9792936262726033,0.18819777340351165,55.0,8.0,63.0,5.286708834989563,random,"[0.838801576220843, 0.1611984237791571]"
319,COMPLETE,[0.07907154068182483],2025-09-21T22:39:20.370643,2025-09-21T22:47:44.669385,504.298742,0.04732567371881178,0.2,0.05368374435223039,50.0,2,2.8071907042123945,0.7737167614046359,0.9370391099181287,40.0,7.0,47.0,5.182820635078125,random,"[0.45226602718387543, 0.5477339728161247]"
320,COMPLETE,[0.0460031286538081],2025-09-21T22:47:44.685367,2025-09-21T22:56:10.764084,506.078717,0.045529062453128676,0.2,0.03564623966066631,50.0,2,2.939030371063873,0.968894391391701,0.3788775756156828,40.0,7.0,47.0,5.434192504345709,random,"[0.7188859948935211, 0.2811140051064789]"
321,COMPLETE,[0.053592110126826305],2025-09-21T22:56:10.779098,2025-09-21T23:04:35.118603,504.339505,0.04866920661778047,0.2,0.04155304784665258,50.0,2,2.9261827207710613,0.9430351904132456,0.9839741602458916,36.0,9.0,45.0,5.348832473514534,random,"[0.489377589211323, 0.510622410788677]"
322,COMPLETE,[0.05484410753049944],2025-09-21T23:04:35.133616,2025-09-21T23:13:01.095461,505.961845,0.05192074966403071,0.2,0.044102646156725774,50.0,2,2.746650121753337,0.8590919289048541,0.512393153671963,42.0,11.0,53.0,5.253649642094798,random,"[0.6263953868829165, 0.37360461311708343]"
323,COMPLETE,[0.05132434488046811],2025-09-21T23:13:01.110662,2025-09-21T23:21:26.264070,505.153408,0.05220776772084823,0.2,0.04337059035012462,50.0,2,0.1691423974216505,0.3310210643951541,0.6503218033456314,38.0,13.0,51.0,5.676760473787195,random,"[0.33731438346030845, 0.6626856165396915]"
324,COMPLETE,[0.06297613135020898],2025-09-21T23:21:26.279080,2025-09-21T23:29:50.121541,503.842461,0.050245439168483466,0.2,0.04695506389713537,50.0,2,0.34569109195202163,0.14805932177976638,0.40873962002500586,42.0,10.0,52.0,5.626881552173,random,"[0.26591164361745445, 0.7340883563825454]"
325,COMPLETE,[0.09182286901834356],2025-09-21T23:29:50.137556,2025-09-21T23:38:14.352832,504.215276,0.049608139536726034,0.2,0.03845413831183239,50.0,2,2.9771089861562867,0.9569092108171867,0.23382535853816921,49.0,10.0,59.0,5.333713847464501,random,"[0.8036293187786104, 0.1963706812213896]"
326,COMPLETE,[0.04738868722219805],2025-09-21T23:38:14.368828,2025-09-21T23:46:39.222588,504.85376,0.05037470245892625,0.2,0.04473948769667007,50.0,2,1.6503650262484197,0.38842289229658433,0.7590539538232727,36.0,11.0,47.0,5.495781648228478,random,"[0.3385017254248044, 0.6614982745751956]"
327,COMPLETE,[0.0989427084620078],2025-09-21T23:46:39.238237,2025-09-21T23:55:03.209351,503.971114,0.04845828214256632,0.2,0.05372159785201459,50.0,2,1.9105879156308472,0.9542474941762616,0.41135836587104235,46.0,7.0,53.0,5.210923767370932,random,"[0.698772260792149, 0.301227739207851]"
328,COMPLETE,[0.03450661842429634],2025-09-21T23:55:03.223868,2025-09-22T00:03:28.742114,505.518246,0.04535162676579511,0.2,0.05046276989970892,50.0,2,0.9126308131915167,0.43544697748569905,0.7957457107065642,39.0,7.0,46.0,5.560765319822647,random,"[0.35367898271476705, 0.646321017285233]"
329,COMPLETE,[0.03948278454553917],2025-09-22T00:03:28.757223,2025-09-22T00:11:52.758369,504.001146,0.04711590967656759,0.2,0.033948395379758314,50.0,2,2.729322635353733,0.6577211118370112,0.257437330525288,40.0,8.0,48.0,5.593481898080435,random,"[0.7186964370226813, 0.2813035629773188]"
330,COMPLETE,[0.04585084936977324],2025-09-22T00:11:52.773330,2025-09-22T00:20:17.591007,504.817677,0.05041797772440346,0.2,0.04363252158281648,50.0,2,1.480528225217519,0.40752171349732697,0.20843184057407416,42.0,8.0,50.0,5.433973730956133,random,"[0.6616111081811976, 0.3383888918188023]"
331,COMPLETE,[0.09050144235283461],2025-09-22T00:20:17.606021,2025-09-22T00:28:42.154257,504.548236,0.04592661122773685,0.2,0.05444376637801479,50.0,2,0.5793729407066868,0.0995805200695914,0.9624134376274687,56.0,7.0,63.0,5.531644112175907,random,"[0.09376750154542529, 0.9062324984545748]"
332,COMPLETE,[0.12474800456533396],2025-09-22T00:28:42.168677,2025-09-22T00:37:07.045449,504.876772,0.05250401130254874,0.2,0.033165549120865355,50.0,2,2.7185797611673044,0.6129132510889189,0.6041703667389039,30.0,14.0,44.0,5.406121045374612,random,"[0.5035917352850492, 0.4964082647149508]"
333,COMPLETE,[0.08209167438830134],2025-09-22T00:37:07.061463,2025-09-22T00:45:32.140036,505.078573,0.05161268162267535,0.2,0.030566640887212736,50.0,2,0.08309191539346461,0.5105809631820947,0.40577935331298226,40.0,13.0,53.0,5.857848340035445,random,"[0.5571836252523248, 0.44281637474767527]"
334,COMPLETE,[0.16745993219187608],2025-09-22T00:45:32.155280,2025-09-22T00:53:58.381115,506.225835,0.04776811604992221,0.2,0.05360855783619636,50.0,2,2.910579268173265,0.43285588770718025,0.15986840438151642,50.0,7.0,57.0,5.106928533905819,random,"[0.730282010514269, 0.26971798948573095]"
335,COMPLETE,[0.052255111328281735],2025-09-22T00:53:58.397128,2025-09-22T01:02:23.856565,505.459437,0.04657563892057102,0.2,0.052296896782324895,50.0,2,2.9546624209933463,0.44963306787839463,0.6542815725745352,38.0,8.0,46.0,5.262353189616909,random,"[0.40730782200144816, 0.5926921779985518]"
336,COMPLETE,[0.08141127300870793],2025-09-22T01:02:23.871579,2025-09-22T01:10:49.683949,505.81237,0.05127384671425192,0.2,0.049107859728875485,50.0,2,0.9231320176220043,0.9578432959064989,0.3622205472821524,47.0,9.0,56.0,5.433138831223359,random,"[0.725603765945745, 0.2743962340542549]"
337,COMPLETE,[0.045214961713739066],2025-09-22T01:10:49.714688,2025-09-22T01:19:13.636438,503.92175,0.05223064440810986,0.2,0.035105152430110476,50.0,2,2.6406528933449374,0.23495070851043387,0.6029462431844795,32.0,14.0,46.0,5.720031788660591,random,"[0.28040525512734144, 0.7195947448726586]"
338,COMPLETE,[0.10383318166039329],2025-09-22T01:19:13.651932,2025-09-22T01:27:39.503902,505.85197,0.04821071872206427,0.2,0.04685019835126353,50.0,2,1.8802437319627607,0.16689543314294017,0.02550854624265428,55.0,9.0,64.0,5.429991614051054,random,"[0.867421940418743, 0.13257805958125696]"
339,COMPLETE,[0.048233635279640835],2025-09-22T01:27:39.518969,2025-09-22T01:36:04.419734,504.900765,0.04552974860203033,0.2,0.032940623653623345,50.0,2,1.351892069917782,0.8415762308363949,0.9964189106515713,30.0,7.0,37.0,5.725254469914337,random,"[0.4578772880515283, 0.5421227119484718]"
340,COMPLETE,[0.06679775498266267],2025-09-22T01:36:04.435718,2025-09-22T01:44:28.706317,504.270599,0.052932517206449606,0.2,0.03580624368170135,50.0,2,0.02191942507473199,0.6299554536303956,0.33439161734105843,50.0,16.0,66.0,5.747552933762094,random,"[0.6532455716340773, 0.3467544283659227]"
341,COMPLETE,[0.0792123302573708],2025-09-22T01:44:28.721332,2025-09-22T01:52:53.385342,504.66401,0.05292343513080972,0.2,0.049575827713696466,50.0,2,1.1838191176812844,0.15829962179426216,0.8993642465623467,49.0,14.0,63.0,5.455227114130559,random,"[0.14966912128730187, 0.8503308787126982]"
342,COMPLETE,[0.04577111643254054],2025-09-22T01:52:53.400427,2025-09-22T02:01:18.919202,505.518775,0.05267041811032982,0.2,0.04547616875463017,50.0,2,1.7976899115325153,0.43850770499984487,0.3362367874053404,40.0,11.0,51.0,5.36629967480595,random,"[0.5660029975024446, 0.4339970024975553]"
343,COMPLETE,[0.049681860233048374],2025-09-22T02:01:18.934142,2025-09-22T02:09:43.409885,504.475743,0.04953831749556222,0.2,0.04465781272452393,50.0,2,1.714846154493964,0.5646911640314184,0.44763505602808673,37.0,9.0,46.0,5.4250584651368605,random,"[0.5578154085530113, 0.4421845914469888]"
344,COMPLETE,[0.10685548608270375],2025-09-22T02:09:43.424957,2025-09-22T02:18:10.065084,506.640127,0.046283598390585656,0.2,0.053839591227579475,50.0,2,2.6890103998858104,0.5751954573156052,0.5390383291655828,40.0,6.0,46.0,5.13519373490314,random,"[0.516225108495502, 0.4837748915044981]"
345,COMPLETE,[0.04559897586022124],2025-09-22T02:18:10.079755,2025-09-22T02:26:35.184322,505.104567,0.05272466543461871,0.2,0.03410651378794462,50.0,2,1.4128078363517598,0.9768930837437083,0.49036645772527976,35.0,13.0,48.0,5.657183292860674,random,"[0.665794330269384, 0.334205669730616]"
346,COMPLETE,[0.05640843318721784],2025-09-22T02:26:35.199336,2025-09-22T02:34:59.492380,504.293044,0.0517927286957306,0.2,0.04859220365258245,50.0,2,0.467028599934718,0.5687847292877419,0.2952765350277098,43.0,11.0,54.0,5.53183296589391,random,"[0.6582689825105849, 0.34173101748941515]"
347,COMPLETE,[0.037322438099514924],2025-09-22T02:34:59.507392,2025-09-22T02:43:23.728211,504.220819,0.04924581763458623,0.2,0.05086988744217566,50.0,2,1.824689274886659,0.47419051909522886,0.5047817955773288,40.0,8.0,48.0,5.301541558793423,random,"[0.4843758214488772, 0.5156241785511227]"
348,COMPLETE,[0.04291352552839714],2025-09-22T02:43:23.743151,2025-09-22T02:51:48.049896,504.306745,0.05004446176119766,0.2,0.04336595125382588,50.0,2,0.6311877271928062,0.32125906300416424,0.47354493811037435,37.0,11.0,48.0,5.644347376641365,random,"[0.4041991013553892, 0.5958008986446108]"
349,COMPLETE,[0.06044590633067711],2025-09-22T02:51:48.065017,2025-09-22T03:00:13.434828,505.369811,0.05266341306363417,0.2,0.052694831683330834,50.0,2,0.23893947197589982,0.9387880520695289,0.69609079516249,45.0,11.0,56.0,5.431138296211899,random,"[0.5742248446476462, 0.42577515535235383]"
350,COMPLETE,[0.04422054969861406],2025-09-22T03:00:13.449923,2025-09-22T03:08:38.732002,505.282079,0.04619889029755135,0.2,0.04631871324149803,50.0,2,1.4138537235988555,0.4069038594857061,0.48383801493408546,35.0,7.0,42.0,5.4987928228571095,random,"[0.4568145623003901, 0.5431854376996099]"
351,COMPLETE,[0.09998804329678762],2025-09-22T03:08:38.747234,2025-09-22T03:17:03.586887,504.839653,0.046333563134781035,0.2,0.03095825232860863,50.0,2,0.31715725233045555,0.1547510706476939,0.9188946138099228,44.0,9.0,53.0,5.895763291809688,random,"[0.1441360710408582, 0.8558639289591417]"
352,COMPLETE,[0.06962356718263091],2025-09-22T03:17:03.601745,2025-09-22T03:25:28.489280,504.887535,0.05222353289363561,0.2,0.0432717182131816,50.0,2,2.5104361738726113,0.17869839130865903,0.8502728190835227,43.0,14.0,57.0,5.695619043581816,random,"[0.1736670467588204, 0.8263329532411796]"
353,COMPLETE,[0.06180855489196332],2025-09-22T03:25:28.504235,2025-09-22T03:33:52.826610,504.322375,0.051589735716832646,0.2,0.03722962208532454,50.0,2,0.48014632662146006,0.02350357130105993,0.3576967175457034,50.0,15.0,65.0,5.758381580110537,random,"[0.061656751027562844, 0.938343248972437]"
354,COMPLETE,[0.044047972129759576],2025-09-22T03:33:52.841687,2025-09-22T03:42:18.132671,505.290984,0.048161393494131136,0.2,0.05241123872027921,50.0,2,0.7518845621234004,0.7868813761073892,0.5716000866577888,42.0,8.0,50.0,5.52845968560203,random,"[0.5792360055511531, 0.42076399444884693]"
355,COMPLETE,[0.044425346055935906],2025-09-22T03:42:18.147695,2025-09-22T03:50:42.288896,504.141201,0.04578826164280687,0.2,0.04350151882532025,50.0,2,1.6655418327584406,0.7351370127261697,0.40708350028908874,38.0,6.0,44.0,5.536766681013099,random,"[0.6436034061282432, 0.35639659387175676]"
356,COMPLETE,[0.0456904031251162],2025-09-22T03:50:42.304599,2025-09-22T03:59:06.274854,503.970255,0.05160717902712758,0.2,0.05184340367632442,50.0,2,0.4584640204900041,0.46820879507231544,0.3716130271103431,43.0,10.0,53.0,5.46924888465473,random,"[0.5575096796787945, 0.44249032032120555]"
357,COMPLETE,[0.06809386451476081],2025-09-22T03:59:06.289867,2025-09-22T04:07:34.245298,507.955431,0.048146979613000275,0.2,0.047373760275288695,50.0,2,2.659788228310861,0.20981622141322018,0.2783194358909566,35.0,9.0,44.0,5.336411859344092,random,"[0.4298317860489248, 0.5701682139510752]"
358,COMPLETE,[0.044619567418250176],2025-09-22T04:07:34.261558,2025-09-22T04:15:59.087082,504.825524,0.04530471959357083,0.2,0.04819318957680857,50.0,2,1.7615267962451033,0.8518565232682175,0.6511127937174072,37.0,6.0,43.0,5.473478880560914,random,"[0.5667823778177403, 0.4332176221822596]"
359,COMPLETE,[0.09359082052166333],2025-09-22T04:15:59.101678,2025-09-22T04:24:22.555135,503.453457,0.04870545795213825,0.2,0.03964379718513552,50.0,2,0.7893574039182418,0.21361525161085437,0.01131637190003056,56.0,10.0,66.0,5.673540441103769,random,"[0.9496897247110166, 0.050310275288983256]"
360,COMPLETE,[0.08572603825367077],2025-09-22T04:24:22.571148,2025-09-22T04:32:48.221772,505.650624,0.05147494322245863,0.2,0.03196358538777215,50.0,2,0.3598967922162324,0.8680878419011563,0.0200570761609978,53.0,16.0,69.0,5.818361775733545,random,"[0.9774168879953055, 0.022583112004694445]"
361,COMPLETE,[0.045923543980707165],2025-09-22T04:32:48.237232,2025-09-22T04:41:12.361956,504.124724,0.04518604081273561,0.2,0.04383383934889528,50.0,2,2.909013133697976,0.32852806851043076,0.9799425731131307,38.0,6.0,44.0,5.699955794129633,random,"[0.25107790580825745, 0.7489220941917426]"
362,COMPLETE,[0.06355145080669228],2025-09-22T04:41:12.376926,2025-09-22T04:49:37.957488,505.580562,0.04868480472646219,0.2,0.03183144371980693,50.0,2,1.1644540444258014,0.5737103621735071,0.12754294996218998,42.0,11.0,53.0,5.748016922641169,random,"[0.818121429510611, 0.18187857048938913]"
363,COMPLETE,[0.042047354926495854],2025-09-22T04:49:37.973227,2025-09-22T04:58:02.910561,504.937334,0.04868162132225564,0.2,0.053513401874841875,50.0,2,1.1746261635388278,0.7100647872606061,0.9586392031149564,40.0,8.0,48.0,5.3535725832041345,random,"[0.4255187207293711, 0.574481279270629]"
364,COMPLETE,[0.041220205384526774],2025-09-22T04:58:02.926574,2025-09-22T05:06:27.442709,504.516135,0.04915567306580541,0.2,0.03377756889115987,50.0,2,1.5596480133415258,0.9152785761457912,0.4462839393581589,35.0,9.0,44.0,5.595875363447555,random,"[0.6722266261913229, 0.32777337380867705]"
365,COMPLETE,[0.04212800036738854],2025-09-22T05:06:27.457721,2025-09-22T05:14:52.527415,505.069694,0.04931178284750556,0.2,0.04000586888190022,50.0,2,0.27787728786863375,0.5837411292398533,0.6884388270858908,33.0,12.0,45.0,5.741902576773759,random,"[0.45885106610686555, 0.5411489338931345]"
366,COMPLETE,[0.04252441734584257],2025-09-22T05:14:52.542358,2025-09-22T05:23:17.275674,504.733316,0.04646418056945478,0.2,0.04326896586079607,50.0,2,0.272495358367452,0.052516399945682385,0.11856503905644904,37.0,9.0,46.0,5.6935494623307195,random,"[0.3069672563662976, 0.6930327436337025]"
367,COMPLETE,[0.0564599365448432],2025-09-22T05:23:17.290416,2025-09-22T05:31:41.804422,504.514006,0.052888433799991405,0.2,0.039065003054161954,50.0,2,1.3157895924749925,0.8386522900297712,0.9944499906651653,33.0,13.0,46.0,5.478739871792512,random,"[0.45750436233805497, 0.542495637661945]"
368,COMPLETE,[0.04436298283622312],2025-09-22T05:31:41.819241,2025-09-22T05:40:07.738579,505.919338,0.04936928115748638,0.2,0.0434180705167837,50.0,2,2.3817694371514095,0.5552190659200744,0.34384934607162404,39.0,9.0,48.0,5.482468365926358,random,"[0.6175492971553771, 0.38245070284462285]"
369,COMPLETE,[0.03751973801220327],2025-09-22T05:40:07.753592,2025-09-22T05:48:31.323734,503.570142,0.04723371748571075,0.2,0.0408968683945111,50.0,2,2.240571786423391,0.48304374130400884,0.8698461333788939,33.0,9.0,42.0,5.7269974725655555,random,"[0.3570458692487643, 0.6429541307512356]"
370,COMPLETE,[0.04884842102540679],2025-09-22T05:48:31.338746,2025-09-22T05:56:55.472603,504.133857,0.04643368922320089,0.2,0.03971498965587866,50.0,2,0.5050437724664998,0.626117336094115,0.7533298298857812,32.0,9.0,41.0,5.847125555455515,random,"[0.45389004489298423, 0.5461099551070157]"
371,COMPLETE,[0.0851061999586964],2025-09-22T05:56:55.487244,2025-09-22T06:05:19.369041,503.881797,0.050877751807523325,0.2,0.04589266775148173,50.0,2,1.9355220178575507,0.1803806865357671,0.04201265092813559,50.0,11.0,61.0,5.4150597704006795,random,"[0.8110885361619488, 0.18891146383805127]"
372,COMPLETE,[0.04450197274568972],2025-09-22T06:05:19.384250,2025-09-22T06:13:43.247350,503.8631,0.04716052240084663,0.2,0.04045268356047311,50.0,2,2.8760989900344116,0.8718893325954375,0.9473074641241529,34.0,8.0,42.0,5.477506073910332,random,"[0.47927158522246993, 0.52072841477753]"
373,COMPLETE,[0.08640988295328676],2025-09-22T06:13:43.262364,2025-09-22T06:22:06.542446,503.280082,0.05207820997875749,0.2,0.046612933144375424,50.0,2,2.83055587432964,0.8792764409944195,0.5296183748386892,44.0,11.0,55.0,5.166551570995649,random,"[0.6240894856827798, 0.3759105143172203]"
374,COMPLETE,[0.04584229048167968],2025-09-22T06:22:06.558395,2025-09-22T06:30:33.137487,506.579092,0.049159547964470814,0.2,0.05118895400355748,50.0,2,2.275164589870061,0.3988305952774881,0.30393148578904844,40.0,9.0,49.0,5.248141893314701,random,"[0.5675186610413139, 0.4324813389586861]"
375,COMPLETE,[0.0669328755635053],2025-09-22T06:30:33.153416,2025-09-22T06:38:57.857674,504.704258,0.046251786580324084,0.2,0.030015738858825927,50.0,2,2.7419438929902555,0.3463858328398124,0.33248648890152077,29.0,7.0,36.0,5.6039042949730415,random,"[0.5102370825066481, 0.4897629174933519]"
376,COMPLETE,[0.0679010221340628],2025-09-22T06:38:57.873689,2025-09-22T06:47:23.361204,505.487515,0.046919009795118816,0.2,0.03822395576594271,50.0,2,0.3818182526072932,0.30406582011827593,0.9755888291467905,38.0,10.0,48.0,5.810716871981727,random,"[0.23761553188816026, 0.7623844681118397]"
377,COMPLETE,[0.035701378819912796],2025-09-22T06:47:23.376237,2025-09-22T06:55:47.237321,503.861084,0.047124454701158364,0.2,0.051628354901008436,50.0,2,2.210756438585069,0.3837734278539559,0.3880823758910168,39.0,7.0,46.0,5.28460627193034,random,"[0.4972087091810709, 0.502791290818929]"
378,COMPLETE,[0.05556633048244559],2025-09-22T06:55:47.252334,2025-09-22T07:04:11.042353,503.790019,0.04753230735940073,0.2,0.04284682026103627,50.0,2,1.55943625060991,0.6345668948328201,0.9782927786703657,32.0,9.0,41.0,5.551759837816805,random,"[0.3934420986883002, 0.6065579013116997]"
379,COMPLETE,[0.0803094855352697],2025-09-22T07:04:11.056932,2025-09-22T07:12:33.848193,502.791261,0.05283346226636799,0.2,0.04967690229178072,50.0,2,0.42387693693712347,0.8986613654668326,0.16974763794436115,54.0,12.0,66.0,5.466156860926201,random,"[0.841121108674305, 0.158878891325695]"
380,COMPLETE,[0.07151971575670711],2025-09-22T07:12:33.864255,2025-09-22T07:20:57.168307,503.304052,0.046453092900432445,0.2,0.03541758952101291,50.0,2,1.1770561564290993,0.17974457348770856,0.03759861290303164,44.0,9.0,53.0,5.6651121569777825,random,"[0.8270080901665041, 0.172991909833496]"
381,COMPLETE,[0.05417078534557131],2025-09-22T07:20:57.183320,2025-09-22T07:29:21.052052,503.868732,0.04595656032761233,0.2,0.0443039947316094,50.0,2,1.522504683209419,0.34849983135378515,0.11843822028846698,45.0,5.0,50.0,5.425184963110775,random,"[0.7463513203263005, 0.25364867967369953]"
382,COMPLETE,[0.048118794777844566],2025-09-22T07:29:21.067066,2025-09-22T07:37:45.711181,504.644115,0.04957897445565696,0.2,0.04591799238595372,50.0,2,0.1402163483987,0.6248589076769557,0.8418740671283964,40.0,10.0,50.0,5.66949288005782,random,"[0.42602090387984887, 0.5739790961201511]"
383,COMPLETE,[0.038332202325787684],2025-09-22T07:37:45.726168,2025-09-22T07:46:08.949258,503.22309,0.05102398511244825,0.2,0.03477733969216137,50.0,2,1.8076028539773024,0.2963207488770036,0.8618912493855729,33.0,13.0,46.0,5.764192384521402,random,"[0.25584327335713297, 0.744156726642867]"
384,COMPLETE,[0.08507480044136755],2025-09-22T07:46:08.965154,2025-09-22T07:54:33.581168,504.616014,0.04767543487964146,0.2,0.03191001749894122,50.0,2,0.9535110815996062,0.11896736555718802,0.8894637634004142,43.0,11.0,54.0,5.860526037992646,random,"[0.11797272232181341, 0.8820272776781866]"
385,COMPLETE,[0.08075027373171717],2025-09-22T07:54:33.596918,2025-09-22T08:02:57.302356,503.705438,0.04950273114575531,0.2,0.03201052387015787,50.0,2,2.469062511550874,0.37062165392304913,0.9766684895943424,33.0,11.0,44.0,5.942204752913177,random,"[0.2750867403775859, 0.7249132596224142]"
386,COMPLETE,[0.07700313215942071],2025-09-22T08:02:57.318371,2025-09-22T08:11:20.961495,503.643124,0.04916542106949092,0.2,0.03151495935124992,50.0,2,1.2225991026307423,0.08558868553307318,0.39117737665648517,38.0,12.0,50.0,5.896574966802671,random,"[0.17951924920999054, 0.8204807507900094]"
387,COMPLETE,[0.04599716468125883],2025-09-22T08:11:20.976508,2025-09-22T08:19:44.537993,503.561485,0.045979477219793646,0.2,0.046820536994510324,50.0,2,2.808772566214999,0.6357397497400112,0.30800389721860455,42.0,6.0,48.0,5.399048162679758,random,"[0.673636057618822, 0.32636394238117805]"
388,COMPLETE,[0.03775823011603707],2025-09-22T08:19:44.552964,2025-09-22T08:28:09.168416,504.615452,0.04984840122258586,0.2,0.04213885425161508,50.0,2,0.8703929657347478,0.9322577785352054,0.7808859050188797,36.0,10.0,46.0,5.597761318759009,random,"[0.5441795615188243, 0.45582043848117576]"
389,COMPLETE,[0.05998090899487095],2025-09-22T08:28:09.183638,2025-09-22T08:36:34.404640,505.221002,0.04855487928366665,0.2,0.039567006618497505,50.0,2,1.84051416821874,0.18773125462071397,0.8631842994088721,41.0,11.0,52.0,5.770468932054636,random,"[0.17863590837616325, 0.8213640916238368]"
390,COMPLETE,[0.11197041835297178],2025-09-22T08:36:34.419852,2025-09-22T08:45:01.242969,506.823117,0.04821841040067305,0.2,0.04993602318421111,50.0,2,0.0022421199817165283,0.2621775245178882,0.039852327331641325,60.0,11.0,71.0,5.626739365962255,random,"[0.8680516939382016, 0.1319483060617983]"
391,COMPLETE,[0.029342329695487477],2025-09-22T08:45:01.259002,2025-09-22T08:53:26.100409,504.841407,0.04604139608271862,0.2,0.053680144327043655,50.0,2,0.3713217560406694,0.8942007218475986,0.6435165442283202,40.0,7.0,47.0,5.537298556357567,random,"[0.5815117912602348, 0.41848820873976517]"
392,COMPLETE,[0.28539725491215295],2025-09-22T08:53:26.115422,2025-09-22T09:01:55.173138,509.057716,0.0518797084003783,0.2,0.05150911749744429,50.0,2,2.8740053423038217,0.6989799851729593,0.09243388007418837,64.0,9.0,73.0,5.057148105784508,random,"[0.883204118435147, 0.11679588156485297]"
393,COMPLETE,[0.13212881575528515],2025-09-22T09:01:55.188048,2025-09-22T09:10:20.704190,505.516142,0.04678738187281435,0.2,0.053386724197202376,50.0,2,1.8787290382798307,0.47237176562574856,0.06716533378188588,60.0,5.0,65.0,5.297314104664396,random,"[0.8755130391299732, 0.12448696087002667]"
394,COMPLETE,[0.04935077359437207],2025-09-22T09:10:20.720204,2025-09-22T09:18:45.312606,504.592402,0.04597640311241095,0.2,0.04107753701738461,50.0,2,0.4321584630855264,0.2774157229979843,0.5350978271169872,35.0,8.0,43.0,5.751102394551019,random,"[0.34142904196333673, 0.6585709580366633]"
395,COMPLETE,[0.03990752047223623],2025-09-22T09:18:45.327873,2025-09-22T09:27:09.822296,504.494423,0.046593219964214866,0.2,0.045270167787437636,50.0,2,2.5590559165731586,0.29778123219392516,0.9057326299205148,39.0,8.0,47.0,5.703037245142815,random,"[0.24742650796789054, 0.7525734920321095]"
396,COMPLETE,[0.07636594602074989],2025-09-22T09:27:09.837292,2025-09-22T09:35:34.496951,504.659659,0.04764011674144572,0.2,0.05210211850254651,50.0,2,1.9876477698997217,0.06635593334232723,0.6119108228729776,50.0,10.0,60.0,5.6395041800081245,random,"[0.09783161674116253, 0.9021683832588374]"
397,COMPLETE,[0.0924697453317164],2025-09-22T09:35:34.512007,2025-09-22T09:44:00.610786,506.098779,0.04554194620939176,0.2,0.034707506807779495,50.0,2,0.7134367103212346,0.10649933892889549,0.8721891543644047,47.0,9.0,56.0,5.822187289351859,random,"[0.10881842349093505, 0.8911815765090649]"
398,COMPLETE,[0.07338425406872],2025-09-22T09:44:00.625786,2025-09-22T09:52:26.512440,505.886654,0.04676759692281915,0.2,0.04343641830720059,50.0,2,2.455436531263463,0.2991464413416099,0.07063800889780177,49.0,7.0,56.0,5.424067692923021,random,"[0.8089751776959031, 0.1910248223040969]"
399,COMPLETE,[0.044437704228203194],2025-09-22T09:52:26.528618,2025-09-22T10:00:51.506460,504.977842,0.051907394842203164,0.2,0.05258658354079844,50.0,2,0.6523418085188794,0.35923585282325937,0.9454435509622867,44.0,12.0,56.0,5.445702919237485,random,"[0.27534415871127527, 0.7246558412887247]"
